[
    {
        "name": "Environmental Design",
        "trans": [
            "环境设计"
        ]
    },
    {
        "name": "Architecture",
        "trans": [
            "建筑学"
        ]
    },
    {
        "name": "Urban and Regional Planning",
        "trans": [
            "城市和区域规划 ，社区和区域规划，城市规划"
        ]
    },
    {
        "name": "Community and Regional Planning",
        "trans": [
            "城市和区域规划 ，社区和区域规划，城市规划"
        ]
    },
    {
        "name": "city planning",
        "trans": [
            "城市和区域规划 ，社区和区域规划，城市规划"
        ]
    },
    {
        "name": "Landscape architecture",
        "trans": [
            "风景园林"
        ]
    },
    {
        "name": "Urban Design",
        "trans": [
            "城市设计"
        ]
    },
    {
        "name": "related consultant and engineer",
        "trans": [
            "相关顾问和工程师"
        ]
    },
    {
        "name": "Architecture Aesthetics",
        "trans": [
            "建筑美学"
        ]
    },
    {
        "name": "Sustainable Architecture and passive solar design",
        "trans": [
            "可持续建筑与被动式太阳能设计"
        ]
    },
    {
        "name": "undergraduate student",
        "trans": [
            "本科生"
        ]
    },
    {
        "name": "freshman",
        "trans": [
            "大一学生"
        ],
        "usphone": "'frɛʃmən",
        "ukphone": "'freʃmən"
    },
    {
        "name": "sophomore",
        "trans": [
            "大二学生"
        ],
        "usphone": "'sɑfəmɔr",
        "ukphone": "'sɒfəmɔː"
    },
    {
        "name": "junior",
        "trans": [
            "大三学生"
        ],
        "usphone": "'dʒunɪɚ",
        "ukphone": "'dʒuːnɪə"
    },
    {
        "name": "senior",
        "trans": [
            "大四学生"
        ],
        "usphone": "'sinɪɚ",
        "ukphone": "'siːniər"
    },
    {
        "name": "School",
        "trans": [
            "学院"
        ]
    },
    {
        "name": "Department",
        "trans": [
            "系"
        ]
    },
    {
        "name": "Post-graduate student",
        "trans": [
            "研究生"
        ]
    },
    {
        "name": "professor/associate professor",
        "trans": [
            "教授/副教授"
        ]
    },
    {
        "name": "lecturer/senior lecturer",
        "trans": [
            "讲师 ，高级讲师"
        ]
    },
    {
        "name": "assistant professor",
        "trans": [
            "助理教授"
        ]
    },
    {
        "name": "graduate school admission",
        "trans": [
            "研究生录取"
        ]
    },
    {
        "name": "master's and doctoral degrees",
        "trans": [
            "硕士和博士学位"
        ]
    },
    {
        "name": "undergraduate (bachelor's) degree",
        "trans": [
            "本科学位"
        ]
    },
    {
        "name": "grade point average(GPA)",
        "trans": [
            "平均绩点"
        ]
    },
    {
        "name": "Graphic Design",
        "trans": [
            "平面设计"
        ]
    },
    {
        "name": "Industrial Design",
        "trans": [
            "工业设计"
        ]
    },
    {
        "name": "Interior Design",
        "trans": [
            "室内设计"
        ]
    },
    {
        "name": "Architecture",
        "trans": [
            "建筑"
        ]
    },
    {
        "name": "Landscape Architecture",
        "trans": [
            "风景园林"
        ]
    },
    {
        "name": "Urban Design",
        "trans": [
            "城市设计"
        ]
    },
    {
        "name": "Planning",
        "trans": [
            "规划"
        ]
    },
    {
        "name": "term",
        "trans": [
            "术语"
        ],
        "usphone": "tɝm",
        "ukphone": "tɜːm"
    },
    {
        "name": "freeway",
        "trans": [
            "高速公路"
        ],
        "usphone": "'friwe",
        "ukphone": "'friːweɪ"
    },
    {
        "name": "consultants",
        "trans": [
            "顾问 ，咨询人员"
        ]
    },
    {
        "name": "profession",
        "trans": [
            "专业 ，行业"
        ],
        "usphone": "prə'fɛʃən",
        "ukphone": "prə'feʃn"
    },
    {
        "name": "health, safety and welfare",
        "trans": [
            "幸福 ，福利"
        ]
    },
    {
        "name": "license",
        "trans": [
            "执照"
        ],
        "usphone": "'laɪsns",
        "ukphone": "'laɪsns"
    },
    {
        "name": "developers",
        "trans": [
            "开发商"
        ]
    },
    {
        "name": "studio",
        "trans": [
            "工作室"
        ],
        "usphone": "'studɪo",
        "ukphone": "'stjuːdɪəʊ"
    },
    {
        "name": "Structural Engineer",
        "trans": [
            "结构工程师"
        ]
    },
    {
        "name": "Lighting Designer",
        "trans": [
            "灯光设计师"
        ]
    },
    {
        "name": "Mechanical Engineer",
        "trans": [
            "机械工程师"
        ]
    },
    {
        "name": "Architect",
        "trans": [
            "建筑师"
        ]
    },
    {
        "name": "Drafting Technician",
        "trans": [
            "绘图技术员"
        ]
    },
    {
        "name": "Interior Designer",
        "trans": [
            "室内设计师"
        ]
    },
    {
        "name": "Fire Protection Consultant",
        "trans": [
            "消防顾问"
        ]
    },
    {
        "name": "Electrical Engineer",
        "trans": [
            "电气工程师"
        ]
    },
    {
        "name": "inclusive design",
        "trans": [
            "包容性设计"
        ]
    },
    {
        "name": "universal design",
        "trans": [
            "通用设计"
        ]
    },
    {
        "name": "interact with the public",
        "trans": [
            "参与公众互动"
        ]
    },
    {
        "name": "participatory planning",
        "trans": [
            "参与式规划"
        ]
    },
    {
        "name": "residential density",
        "trans": [
            "居住密度"
        ]
    },
    {
        "name": "set-back of structures from the property line",
        "trans": [
            "(用地红线) 建筑退线"
        ]
    },
    {
        "name": "land-use planning",
        "trans": [
            "土地利用规划"
        ]
    },
    {
        "name": "environmental planning",
        "trans": [
            "环境规划"
        ]
    },
    {
        "name": "transportation planning",
        "trans": [
            "交通规划"
        ]
    },
    {
        "name": "comprehensive planning",
        "trans": [
            "总体规划"
        ]
    },
    {
        "name": "regional planning",
        "trans": [
            "区域规划"
        ]
    },
    {
        "name": "city planning",
        "trans": [
            "城市规划"
        ]
    },
    {
        "name": "historic preservation",
        "trans": [
            "保护规划"
        ]
    },
    {
        "name": "neighborhood planning",
        "trans": [
            "小区规划"
        ]
    },
    {
        "name": "infrastructure",
        "trans": [
            "基础设施"
        ],
        "usphone": "'ɪnfrə'strʌktʃɚ",
        "ukphone": "'ɪnfrəˌstrʌktʃər"
    },
    {
        "name": "transportation hub",
        "trans": [
            "交通枢纽"
        ]
    },
    {
        "name": "resilient",
        "trans": [
            "有弹性的"
        ],
        "usphone": "rɪ'zɪlɪənt",
        "ukphone": "rɪ'zɪlɪənt"
    },
    {
        "name": "urban comprehensive planning",
        "trans": [
            "城市总体规划"
        ]
    },
    {
        "name": "urban detailed planning",
        "trans": [
            "城市详细规划"
        ]
    },
    {
        "name": "constructive-detailed plan",
        "trans": [
            "修建性详细规划"
        ]
    },
    {
        "name": "regulatory detailed planning",
        "trans": [
            "控制性详细规划"
        ]
    },
    {
        "name": "utility",
        "trans": [
            "公共设施"
        ],
        "usphone": "ju'tɪləti",
        "ukphone": "juː'tɪləti"
    },
    {
        "name": "sidewalk",
        "trans": [
            "人行道"
        ],
        "usphone": "'saɪdwɔk",
        "ukphone": "'saɪdwɔːk"
    },
    {
        "name": "zoning",
        "trans": [
            "分区"
        ]
    },
    {
        "name": "amenity",
        "trans": [
            "便利设施"
        ],
        "usphone": "ə'mɛnəti",
        "ukphone": "ə'menəti"
    },
    {
        "name": "pedestrian",
        "trans": [
            "行人"
        ],
        "usphone": "pə'dɛstrɪən",
        "ukphone": "pə'destriən"
    },
    {
        "name": "transit system",
        "trans": [
            "交通运输线"
        ]
    },
    {
        "name": "highway",
        "trans": [
            "公路"
        ],
        "usphone": "'haɪwe",
        "ukphone": "'haɪweɪ"
    },
    {
        "name": "bike lane",
        "trans": [
            "自行车道"
        ]
    },
    {
        "name": "freeway",
        "trans": [
            "高速公路"
        ],
        "usphone": "'friwe",
        "ukphone": "'friːweɪ"
    },
    {
        "name": "express highway",
        "trans": [
            "高速公路"
        ]
    },
    {
        "name": "intersection",
        "trans": [
            "交叉口"
        ],
        "usphone": ",ɪntɚ'sɛkʃən",
        "ukphone": "ˌɪntər'sekʃn"
    },
    {
        "name": "interstate highway",
        "trans": [
            "州际公路"
        ]
    },
    {
        "name": "housing complex",
        "trans": [
            "综合住宅区/楼"
        ]
    },
    {
        "name": "participatory planning",
        "trans": [
            "参与式规划"
        ]
    },
    {
        "name": "human scale",
        "trans": [
            "人类尺度"
        ]
    },
    {
        "name": "context",
        "trans": [
            "背景"
        ],
        "usphone": "'kɑntɛkst",
        "ukphone": "'kɑːntekst"
    },
    {
        "name": "structure integrity",
        "trans": [
            "结构完整性"
        ]
    },
    {
        "name": "accessible",
        "trans": [
            "可进入的"
        ],
        "usphone": "ək'sɛsəbl",
        "ukphone": "ək'sesəbl"
    },
    {
        "name": "evacuation",
        "trans": [
            "疏散"
        ],
        "usphone": "ɪ,vækjʊ'eʃən",
        "ukphone": "ɪˌvækju'eɪʃn"
    },
    {
        "name": "egress",
        "trans": [
            "安全出口"
        ],
        "usphone": "'iɡrɛs",
        "ukphone": "'iːgres"
    },
    {
        "name": "residential architecture",
        "trans": [
            "住宅建筑"
        ]
    },
    {
        "name": "commercial architecture",
        "trans": [
            "商业建筑"
        ]
    },
    {
        "name": "institutional architecture",
        "trans": [
            "公共设施类建筑"
        ]
    },
    {
        "name": "industrial architecture",
        "trans": [
            "工业建筑"
        ]
    },
    {
        "name": "single family home",
        "trans": [
            "独栋别墅"
        ]
    },
    {
        "name": "client",
        "trans": [
            "客户"
        ],
        "usphone": "'klaɪənt",
        "ukphone": "'klaɪənt"
    },
    {
        "name": "townhouse",
        "trans": [
            "联排别墅"
        ]
    },
    {
        "name": "downtown",
        "trans": [
            "市中心"
        ],
        "usphone": "'daʊn'taʊn",
        "ukphone": "ˌdaun'taun"
    },
    {
        "name": "suburban",
        "trans": [
            "郊外的"
        ],
        "usphone": "sə'bɝbən",
        "ukphone": "sə'bɜːb(ə)n"
    },
    {
        "name": "historic renovation",
        "trans": [
            "历史建筑翻新"
        ]
    },
    {
        "name": "re-use/conversion",
        "trans": [
            "转换"
        ]
    },
    {
        "name": "recycling",
        "trans": [
            "回收"
        ],
        "usphone": ",ri'saɪklɪŋ",
        "ukphone": "riː'saɪklɪŋ"
    },
    {
        "name": "historic preservation",
        "trans": [
            "历史性保护"
        ]
    },
    {
        "name": "restoration",
        "trans": [
            "修复"
        ],
        "usphone": "'rɛstə'reʃən",
        "ukphone": "ˌrestə'reɪʃn"
    },
    {
        "name": "adaptive reuse",
        "trans": [
            "适应性再利用"
        ]
    },
    {
        "name": "multi-family residential building",
        "trans": [
            "多户住宅"
        ]
    },
    {
        "name": "condominium",
        "trans": [
            "公寓 (个人财产)"
        ],
        "usphone": ",kɑndə'mɪnɪəm",
        "ukphone": "ˌkɑːndə'mɪniəm"
    },
    {
        "name": "apartment",
        "trans": [
            "公寓 (出租)"
        ],
        "usphone": "ə'pɑrtmənt",
        "ukphone": "ə'pɑːrtmənt"
    },
    {
        "name": "low-income housing",
        "trans": [
            "低收入保障房"
        ]
    },
    {
        "name": "high-rise residential tower",
        "trans": [
            "高层住宅"
        ]
    },
    {
        "name": "retail store",
        "trans": [
            "零售商店"
        ]
    },
    {
        "name": "skyscraper",
        "trans": [
            "摩天大楼"
        ],
        "usphone": "'skaɪ'skrepɚ",
        "ukphone": "'skaɪskreɪpər"
    },
    {
        "name": "high-rise",
        "trans": [
            "高层建筑"
        ],
        "usphone": "'hai'raiz",
        "ukphone": "'hai'raiz"
    },
    {
        "name": "historic restoration",
        "trans": [
            "古建修复"
        ]
    },
    {
        "name": "concert hall",
        "trans": [
            "音乐厅"
        ]
    },
    {
        "name": "form, space, and order",
        "trans": [
            "形式 ，空间和秩序"
        ]
    },
    {
        "name": "architectural component",
        "trans": [
            "建筑构件"
        ]
    },
    {
        "name": "roof",
        "trans": [
            "屋面"
        ],
        "usphone": "ruf",
        "ukphone": "ruːf"
    },
    {
        "name": "ceiling",
        "trans": [
            "吊顶"
        ],
        "usphone": "'silɪŋ",
        "ukphone": "'siːlɪŋ"
    },
    {
        "name": "wall",
        "trans": [
            "墙"
        ],
        "usphone": "wɔl",
        "ukphone": "wɔːl"
    },
    {
        "name": "window",
        "trans": [
            "窗户"
        ],
        "usphone": "'wɪndo",
        "ukphone": "'wɪndəʊ"
    },
    {
        "name": "floor",
        "trans": [
            "地板"
        ],
        "usphone": "flɔr",
        "ukphone": "flɔː"
    },
    {
        "name": "mechanical system",
        "trans": [
            "机械系统"
        ]
    },
    {
        "name": "structure",
        "trans": [
            "结构"
        ],
        "usphone": "'strʌktʃɚ",
        "ukphone": "'strʌktʃə"
    },
    {
        "name": "foundation",
        "trans": [
            "基础"
        ],
        "usphone": "faʊn'deʃən",
        "ukphone": "faʊn'deɪʃ(ə)n"
    },
    {
        "name": "site",
        "trans": [
            "场地"
        ],
        "usphone": "saɪt",
        "ukphone": "saɪt"
    },
    {
        "name": "flat roof",
        "trans": [
            "平屋顶"
        ]
    },
    {
        "name": "gable wall",
        "trans": [
            "山墙"
        ]
    },
    {
        "name": "pitched roof",
        "trans": [
            "坡屋面"
        ]
    },
    {
        "name": "ridge",
        "trans": [
            "屋脊"
        ],
        "usphone": "rɪdʒ",
        "ukphone": "rɪdʒ"
    },
    {
        "name": "hip",
        "trans": [
            "斜脊"
        ],
        "usphone": "hɪp",
        "ukphone": "hɪp"
    },
    {
        "name": "valley",
        "trans": [
            "屋面排水沟"
        ],
        "usphone": "'væli",
        "ukphone": "'vælɪ"
    },
    {
        "name": "dormer",
        "trans": [
            "老虎窗"
        ]
    },
    {
        "name": "truss",
        "trans": [
            "桁架"
        ]
    },
    {
        "name": "bearing wall",
        "trans": [
            "承重墙"
        ]
    },
    {
        "name": "pilaster",
        "trans": [
            "壁柱"
        ]
    },
    {
        "name": "interior wall",
        "trans": [
            "内墙"
        ]
    },
    {
        "name": "exterior wall",
        "trans": [
            "外墙"
        ]
    },
    {
        "name": "party wall",
        "trans": [
            "共用墙"
        ]
    },
    {
        "name": "shell",
        "trans": [
            "表皮"
        ],
        "usphone": "ʃɛl",
        "ukphone": "ʃel"
    },
    {
        "name": "envelope",
        "trans": [
            "表皮"
        ]
    },
    {
        "name": "stud",
        "trans": [
            "立柱"
        ],
        "usphone": "stʌd",
        "ukphone": "stʌd"
    },
    {
        "name": "curtain wall",
        "trans": [
            "幕墙"
        ]
    },
    {
        "name": "panel",
        "trans": [
            "嵌板"
        ],
        "usphone": "'pænl",
        "ukphone": "'pænl"
    },
    {
        "name": "mullion",
        "trans": [
            "横柜 ，竖柜"
        ]
    },
    {
        "name": "facade",
        "trans": [
            "立面"
        ]
    },
    {
        "name": "fenestration",
        "trans": [
            "开洞"
        ]
    },
    {
        "name": "mortar",
        "trans": [
            "砂浆"
        ],
        "usphone": "'mɔrtɚ",
        "ukphone": "'mɔːtə"
    },
    {
        "name": "gypsum/plaster",
        "trans": [
            "石膏"
        ]
    },
    {
        "name": "gravel",
        "trans": [
            "碎石"
        ],
        "usphone": "'ɡrævl",
        "ukphone": "'grævl"
    },
    {
        "name": "adobe",
        "trans": [
            "土坯"
        ],
        "usphone": "'ədobɪ",
        "ukphone": "ə'doubi"
    },
    {
        "name": "structural clay tile",
        "trans": [
            "空心黏土砖"
        ]
    },
    {
        "name": "cement",
        "trans": [
            "水泥"
        ],
        "usphone": "sə'mɛnt",
        "ukphone": "sɪ'ment"
    },
    {
        "name": "aggregate",
        "trans": [
            "骨料"
        ],
        "usphone": "'æɡrɪɡət; (for v.) æɡrɪˌɡet",
        "ukphone": "'ægrɪgət; (for v.) ˈægrɪgeɪt"
    },
    {
        "name": "rammed earth",
        "trans": [
            "夯土"
        ]
    },
    {
        "name": "terra cotta",
        "trans": [
            "陶"
        ]
    },
    {
        "name": "concrete",
        "trans": [
            "混凝土"
        ],
        "usphone": "'kɑŋkrit",
        "ukphone": "'kɑːŋkriːt"
    },
    {
        "name": "right of way",
        "trans": [
            "先行权/路权"
        ]
    },
    {
        "name": "publicly-accessible open space",
        "trans": [
            "公共开发空间"
        ]
    },
    {
        "name": "civic building",
        "trans": [
            "民用房屋"
        ]
    },
    {
        "name": "urban sprawl",
        "trans": [
            "城市蔓延"
        ]
    },
    {
        "name": "smart growth",
        "trans": [
            "精明增长"
        ]
    },
    {
        "name": "compact city",
        "trans": [
            "紧凑城市"
        ]
    },
    {
        "name": "public space",
        "trans": [
            "公共空间"
        ]
    },
    {
        "name": "livability",
        "trans": [
            "宜居性"
        ]
    },
    {
        "name": "sense of community",
        "trans": [
            "社区感"
        ]
    },
    {
        "name": "urbanity",
        "trans": [
            "城市性"
        ],
        "usphone": "ɝ'bænəti",
        "ukphone": "ɜː'bænɪtɪ"
    },
    {
        "name": "sense of place",
        "trans": [
            "场所感"
        ]
    },
    {
        "name": "typology",
        "trans": [
            "类型"
        ]
    },
    {
        "name": "private space",
        "trans": [
            "私人空间"
        ]
    },
    {
        "name": "back yard",
        "trans": [
            "后院"
        ]
    },
    {
        "name": "alley",
        "trans": [
            "小巷"
        ],
        "usphone": "'æli",
        "ukphone": "'æli"
    },
    {
        "name": "entrance",
        "trans": [
            "入口"
        ],
        "usphone": "'ɛntrəns",
        "ukphone": "'entr(ə)ns"
    },
    {
        "name": "front yard",
        "trans": [
            "前院"
        ]
    },
    {
        "name": "sidewalk",
        "trans": [
            "人行道"
        ],
        "usphone": "'saɪdwɔk",
        "ukphone": "'saɪdwɔːk"
    },
    {
        "name": "parking lot",
        "trans": [
            "停车场"
        ]
    },
    {
        "name": "plaza/square",
        "trans": [
            "广场"
        ]
    },
    {
        "name": "pocket park",
        "trans": [
            "街心花园"
        ]
    },
    {
        "name": "street",
        "trans": [
            "街道"
        ],
        "usphone": "strit",
        "ukphone": "striːt"
    },
    {
        "name": "park",
        "trans": [
            "公园"
        ],
        "usphone": "pɑrk",
        "ukphone": "pɑːk"
    },
    {
        "name": "neighborhood",
        "trans": [
            "邻里"
        ],
        "usphone": "'nebɚ,hʊd",
        "ukphone": "'neɪbə,hʊd"
    },
    {
        "name": "CBD(Central Business District)",
        "trans": [
            "中央商务中心"
        ]
    },
    {
        "name": "automobile",
        "trans": [
            "汽车"
        ],
        "usphone": ",ɔtəmə'bil",
        "ukphone": "'ɔːtəməbiːl"
    },
    {
        "name": "suburban",
        "trans": [
            "郊区的"
        ],
        "usphone": "sə'bɝbən",
        "ukphone": "sə'bɜːb(ə)n"
    },
    {
        "name": "storage",
        "trans": [
            "存储"
        ],
        "usphone": "'stɔrɪdʒ",
        "ukphone": "'stɔːrɪdʒ"
    },
    {
        "name": "walkable city/community",
        "trans": [
            "步行城市/社区"
        ]
    },
    {
        "name": "residential density",
        "trans": [
            "居住密度"
        ]
    },
    {
        "name": "street frontage",
        "trans": [
            "临街门面"
        ]
    },
    {
        "name": "placemaking",
        "trans": [
            "场所营造"
        ]
    },
    {
        "name": "floor area ratio",
        "trans": [
            "容积率"
        ]
    },
    {
        "name": "urban renewal",
        "trans": [
            "城市更新"
        ]
    },
    {
        "name": "modernist",
        "trans": [
            "现代主义者"
        ]
    },
    {
        "name": "architectural language",
        "trans": [
            "建筑语言"
        ]
    },
    {
        "name": "modernism",
        "trans": [
            "现代主义"
        ],
        "usphone": "'mɑdɚnɪzəm",
        "ukphone": "'mɒd(ə)nɪz(ə)m"
    },
    {
        "name": "physically",
        "trans": [
            "生理地"
        ],
        "usphone": "'fɪzɪkli",
        "ukphone": "'fɪzɪkəllɪ"
    },
    {
        "name": "psychologically",
        "trans": [
            "心理地"
        ],
        "usphone": "saɪkə'lɑdʒɪkli",
        "ukphone": "saɪ'kɒlədʒɪklɪ"
    },
    {
        "name": "shopping mall",
        "trans": [
            "大商场"
        ]
    },
    {
        "name": "pedestrian zones/auto-free zones/car-free zones",
        "trans": [
            "步行区"
        ]
    },
    {
        "name": "morphology",
        "trans": [
            "形态学"
        ],
        "usphone": "mɔr'fɑlədʒi",
        "ukphone": "mɔːr'fɑːlədʒi"
    },
    {
        "name": "accessibility",
        "trans": [
            "可达性"
        ],
        "usphone": "æk,sɛsə'bɪləti",
        "ukphone": "ək,sesə'bɪlətɪ"
    },
    {
        "name": "mixed use",
        "trans": [
            "混合使用"
        ]
    },
    {
        "name": "city block",
        "trans": [
            "城市街区"
        ]
    },
    {
        "name": "intimate space",
        "trans": [
            "私密空间"
        ]
    },
    {
        "name": "sustainability",
        "trans": [
            "可持续发展"
        ],
        "usphone": "sə,stenə'bɪlɪti",
        "ukphone": "sə,stenə'bɪlɪti"
    },
    {
        "name": "socialize",
        "trans": [
            "社交"
        ],
        "usphone": "'soʃəlaɪz",
        "ukphone": "ˈsəʊʃəlaɪz"
    },
    {
        "name": "active participant",
        "trans": [
            "积极参与者"
        ]
    },
    {
        "name": "agricultural land",
        "trans": [
            "农业用地"
        ]
    },
    {
        "name": "habitable",
        "trans": [
            "宜居的"
        ],
        "usphone": "'hæbɪtəbl",
        "ukphone": "'hæbitəbl"
    },
    {
        "name": "natural light",
        "trans": [
            "自然光"
        ]
    },
    {
        "name": "mixed use",
        "trans": [
            "混合使用"
        ]
    },
    {
        "name": "citizen",
        "trans": [
            "市民"
        ],
        "usphone": "'sɪtɪzn",
        "ukphone": "'sɪtɪz(ə)n"
    },
    {
        "name": "single family home",
        "trans": [
            "独栋别墅"
        ]
    },
    {
        "name": "pedestrian",
        "trans": [
            "行人"
        ],
        "usphone": "pə'dɛstrɪən",
        "ukphone": "pə'destriən"
    },
    {
        "name": "transit system",
        "trans": [
            "公共交通"
        ]
    },
    {
        "name": "privacy",
        "trans": [
            "私密性"
        ],
        "usphone": "'praɪvəsi",
        "ukphone": "'privəsi"
    },
    {
        "name": "civil engineer",
        "trans": [
            "土木工程师"
        ]
    },
    {
        "name": "structural engineer",
        "trans": [
            "结构工程师"
        ]
    },
    {
        "name": "mechanical engineer",
        "trans": [
            "机械工程师"
        ]
    },
    {
        "name": "electrical engineer",
        "trans": [
            "电子工程师"
        ]
    },
    {
        "name": "environmental engineer",
        "trans": [
            "环境工程师"
        ]
    },
    {
        "name": "geotechnical engineer",
        "trans": [
            "岩石工程师"
        ]
    },
    {
        "name": "acoustical engineer",
        "trans": [
            "声学工程师"
        ]
    },
    {
        "name": "civil engineering",
        "trans": [
            "土木工程"
        ]
    },
    {
        "name": "infrastructure",
        "trans": [
            "基础设施"
        ],
        "usphone": "'ɪnfrə'strʌktʃɚ",
        "ukphone": "'ɪnfrəˌstrʌktʃər"
    },
    {
        "name": "sewer",
        "trans": [
            "排水 (污水)"
        ],
        "usphone": "'suɚ",
        "ukphone": "'suːə; 'sjuːə"
    },
    {
        "name": "power",
        "trans": [
            "电力"
        ],
        "usphone": "'paʊɚ",
        "ukphone": "'paʊə"
    },
    {
        "name": "drainage",
        "trans": [
            "排水 (过量的水)"
        ],
        "usphone": "'drenɪdʒ",
        "ukphone": "'dreɪnɪdʒ"
    },
    {
        "name": "surveying",
        "trans": [
            "测绘"
        ]
    },
    {
        "name": "foundation",
        "trans": [
            "基础"
        ],
        "usphone": "faʊn'deʃən",
        "ukphone": "faʊn'deɪʃ(ə)n"
    },
    {
        "name": "shallow/deep/pile foundation",
        "trans": [
            "浅/深/桩基础"
        ]
    },
    {
        "name": "column",
        "trans": [
            "柱子"
        ],
        "usphone": "'kɑləm",
        "ukphone": "'kɑːləm"
    },
    {
        "name": "beam",
        "trans": [
            "梁"
        ],
        "usphone": "bim",
        "ukphone": "biːm"
    },
    {
        "name": "concrete",
        "trans": [
            "混凝土"
        ],
        "usphone": "'kɑŋkrit",
        "ukphone": "'kɑːŋkriːt"
    },
    {
        "name": "steel",
        "trans": [
            "钢"
        ],
        "usphone": "stil",
        "ukphone": "stiːl"
    },
    {
        "name": "wood",
        "trans": [
            "木头"
        ],
        "usphone": "wʊd",
        "ukphone": "wʊd"
    },
    {
        "name": "cantilever/overhang",
        "trans": [
            "悬挑"
        ]
    },
    {
        "name": "dead load",
        "trans": [
            "恒载 ；静负荷"
        ]
    },
    {
        "name": "live load",
        "trans": [
            "活载荷 ；活负载；动荷"
        ]
    },
    {
        "name": "environmental load",
        "trans": [
            "环境负载"
        ]
    },
    {
        "name": "compression",
        "trans": [
            "压"
        ],
        "usphone": "kəm'prɛʃən",
        "ukphone": "kəm'preʃ(ə)n"
    },
    {
        "name": "tension",
        "trans": [
            "拉"
        ],
        "usphone": "'tɛnʃən",
        "ukphone": "'tenʃn"
    },
    {
        "name": "bending",
        "trans": [
            "弯"
        ]
    },
    {
        "name": "torsion",
        "trans": [
            "扭"
        ],
        "usphone": "'tɔrʃən",
        "ukphone": "'tɔːʃ(ə)n"
    },
    {
        "name": "shear",
        "trans": [
            "剪 (shear wall) 剪力墙"
        ],
        "usphone": "ʃɪr",
        "ukphone": "ʃɪr"
    },
    {
        "name": "trabeated structure",
        "trans": [
            "梁柱结构"
        ]
    },
    {
        "name": "post",
        "trans": [
            "柱子"
        ],
        "usphone": "post",
        "ukphone": "pəʊst"
    },
    {
        "name": "lintel",
        "trans": [
            "梁"
        ],
        "usphone": "'lɪntl",
        "ukphone": "'lɪnt(ə)l"
    },
    {
        "name": "trabeated system",
        "trans": [
            "横梁系统"
        ]
    },
    {
        "name": "vertical",
        "trans": [
            "垂直的"
        ],
        "usphone": "'vɝtɪkl",
        "ukphone": "'vɜːrtɪkl"
    },
    {
        "name": "horizontal",
        "trans": [
            "水平的"
        ],
        "usphone": "'hɔrə'zɑntl",
        "ukphone": "ˌhɔːrə'zɑːntl"
    },
    {
        "name": "beam",
        "trans": [
            "梁"
        ],
        "usphone": "bim",
        "ukphone": "biːm"
    },
    {
        "name": "columns,pillars,or posts",
        "trans": [
            "柱"
        ]
    },
    {
        "name": "capitals",
        "trans": [
            "柱头"
        ]
    },
    {
        "name": "load",
        "trans": [
            "荷载"
        ],
        "usphone": "lod",
        "ukphone": "loud"
    },
    {
        "name": "truss",
        "trans": [
            "桁架"
        ]
    },
    {
        "name": "timber framing",
        "trans": [
            "木屋架"
        ]
    },
    {
        "name": "arcuated structure",
        "trans": [
            "拱式结构"
        ]
    },
    {
        "name": "tensile structure",
        "trans": [
            "张拉结构"
        ]
    },
    {
        "name": "arch",
        "trans": [
            "券"
        ],
        "usphone": "ɑrtʃ",
        "ukphone": "ɑːtʃ"
    },
    {
        "name": "vault",
        "trans": [
            "拱顶"
        ],
        "usphone": "vɔlt",
        "ukphone": "vɔːlt"
    },
    {
        "name": "barrel vault",
        "trans": [
            "筒形拱"
        ]
    },
    {
        "name": "dome",
        "trans": [
            "穹顶"
        ],
        "usphone": "dom",
        "ukphone": "dəʊm"
    },
    {
        "name": "spring line",
        "trans": [
            "拱脚线"
        ]
    },
    {
        "name": "key stone",
        "trans": [
            "拱顶石"
        ]
    },
    {
        "name": "geothermal",
        "trans": [
            "地热的"
        ],
        "usphone": ",dʒio'θɝml",
        "ukphone": "dʒiːə(ʊ)'θɜːm(ə)l"
    },
    {
        "name": "plumbing",
        "trans": [
            "管道工程"
        ]
    },
    {
        "name": "potable water",
        "trans": [
            "饮用水"
        ]
    },
    {
        "name": "sewage",
        "trans": [
            "污水"
        ],
        "usphone": "'sʊɪdʒ",
        "ukphone": "'suːɪdʒ"
    },
    {
        "name": "water treatment",
        "trans": [
            "水处理"
        ]
    },
    {
        "name": "heating,ventilating,air conditioning(HVAC)",
        "trans": [
            "采暖 ，通风，空调"
        ]
    },
    {
        "name": "temperature",
        "trans": [
            "温度"
        ],
        "usphone": "ˈtemprətʃʊər; tɛmpɚ-ˌtʃʊr",
        "ukphone": "temprətʃə(r)"
    },
    {
        "name": "humidity",
        "trans": [
            "湿度"
        ],
        "usphone": "hju'mɪdəti",
        "ukphone": "hjuː'mɪdəti"
    },
    {
        "name": "exhaust pollutant",
        "trans": [
            "排出污染物"
        ]
    },
    {
        "name": "passive system",
        "trans": [
            "被动系统"
        ]
    },
    {
        "name": "ventilate",
        "trans": [
            "通风"
        ],
        "usphone": "'vɛntɪlet",
        "ukphone": "'ventɪleɪt"
    },
    {
        "name": "interior",
        "trans": [
            "室内"
        ],
        "usphone": "ɪn'tɪrɪɚ",
        "ukphone": "ɪn'tɪriər"
    },
    {
        "name": "exterior",
        "trans": [
            "室外"
        ],
        "usphone": "ɪk'stɪrɪɚ",
        "ukphone": "ɪk'stɪriər"
    },
    {
        "name": "active system",
        "trans": [
            "主动式系统"
        ]
    },
    {
        "name": "interior wall",
        "trans": [
            "内墙"
        ]
    },
    {
        "name": "exterior wall",
        "trans": [
            "外墙"
        ]
    },
    {
        "name": "natural ventilation",
        "trans": [
            "自然通风"
        ]
    },
    {
        "name": "natural lighting",
        "trans": [
            "自然照明"
        ]
    },
    {
        "name": "sun shading device",
        "trans": [
            "遮阳装置"
        ]
    },
    {
        "name": "green roof/rain garden",
        "trans": [
            "绿色屋面/雨水花园"
        ]
    },
    {
        "name": "sun room/greenhouse",
        "trans": [
            "阳光房/温室"
        ]
    },
    {
        "name": "building orientation/air sealing",
        "trans": [
            "建筑朝向/气密性"
        ]
    },
    {
        "name": "solar panel",
        "trans": [
            "太阳能板"
        ]
    },
    {
        "name": "wind turbine",
        "trans": [
            "风力涡轮机"
        ]
    },
    {
        "name": "south facade",
        "trans": [
            "南立面"
        ]
    },
    {
        "name": "structure engineer",
        "trans": [
            "结构工程师"
        ]
    },
    {
        "name": "mechanical engineer",
        "trans": [
            "机械工程师"
        ]
    },
    {
        "name": "elevator",
        "trans": [
            "电梯"
        ],
        "usphone": "'ɛlɪvetɚ",
        "ukphone": "'elɪveɪtə"
    },
    {
        "name": "pagoda",
        "trans": [
            "宝塔"
        ],
        "usphone": "pə'ɡodə",
        "ukphone": "pə'gəʊdə"
    },
    {
        "name": "escalator",
        "trans": [
            "自动扶梯"
        ],
        "usphone": "'ɛskə'letɚ",
        "ukphone": "'eskəleɪtə"
    },
    {
        "name": "horticultural",
        "trans": [
            "园艺"
        ],
        "usphone": ",hɔrtɪ'kʌltʃərəl",
        "ukphone": ",hɔːtɪ'kʌltʃərəl"
    },
    {
        "name": "orchard",
        "trans": [
            "果园"
        ],
        "usphone": "'ɔrtʃɚd",
        "ukphone": "'ɔːtʃəd"
    },
    {
        "name": "lodge",
        "trans": [
            "乡间小屋"
        ],
        "usphone": "lɑdʒ",
        "ukphone": "lɑːdʒ"
    },
    {
        "name": "term",
        "trans": [
            "术语"
        ],
        "usphone": "tɝm",
        "ukphone": "tɜːm"
    },
    {
        "name": "client",
        "trans": [
            "客户"
        ],
        "usphone": "'klaɪənt",
        "ukphone": "'klaɪənt"
    },
    {
        "name": "healing landscape",
        "trans": [
            "康复性景观"
        ]
    },
    {
        "name": "restorative landscape",
        "trans": [
            "恢复性景观"
        ]
    },
    {
        "name": "sewage",
        "trans": [
            "下水道"
        ],
        "usphone": "'sʊɪdʒ",
        "ukphone": "'suːɪdʒ"
    },
    {
        "name": "cloister",
        "trans": [
            "修道院回廊"
        ],
        "usphone": "'klɔɪstɚ",
        "ukphone": "'klɒɪstə"
    },
    {
        "name": "front yard",
        "trans": [
            "前院"
        ]
    },
    {
        "name": "back yard",
        "trans": [
            "后院"
        ]
    },
    {
        "name": "allee",
        "trans": [
            "林荫小径"
        ]
    },
    {
        "name": "alley",
        "trans": [
            "小巷"
        ],
        "usphone": "'æli",
        "ukphone": "'æli"
    },
    {
        "name": "orchard",
        "trans": [
            "果园"
        ],
        "usphone": "'ɔrtʃɚd",
        "ukphone": "'ɔːtʃəd"
    },
    {
        "name": "bosque",
        "trans": [
            "树丛"
        ]
    },
    {
        "name": "trail",
        "trans": [
            "足迹"
        ],
        "usphone": "trel",
        "ukphone": "treɪl"
    },
    {
        "name": "waterfront park",
        "trans": [
            "滨水公园"
        ]
    },
    {
        "name": "residence hall",
        "trans": [
            "学生宿舍"
        ]
    },
    {
        "name": "courtyard",
        "trans": [
            "庭院"
        ],
        "usphone": "'kɔrtjɑrd",
        "ukphone": "'kɔːtjɑːd"
    },
    {
        "name": "runoff",
        "trans": [
            "径流"
        ],
        "usphone": "'rʌnɔf",
        "ukphone": "'rʌnɒf"
    },
    {
        "name": "marsh",
        "trans": [
            "湿地"
        ],
        "usphone": "mɑrʃ",
        "ukphone": "mɑːrʃ"
    },
    {
        "name": "memorial",
        "trans": [
            "纪念碑"
        ],
        "usphone": "mə'morɪəl",
        "ukphone": "mə'mɔːrɪəl"
    },
    {
        "name": "axis",
        "trans": [
            "市政轴线"
        ],
        "usphone": "'æksɪs",
        "ukphone": "'æksɪs"
    },
    {
        "name": "renovate",
        "trans": [
            "更新"
        ],
        "usphone": "'rɛnəvet",
        "ukphone": "'renəveɪt"
    },
    {
        "name": "urban revitalization",
        "trans": [
            "城市更新"
        ]
    },
    {
        "name": "drainage",
        "trans": [
            "排水"
        ],
        "usphone": "'drenɪdʒ",
        "ukphone": "'dreɪnɪdʒ"
    },
    {
        "name": "native material",
        "trans": [
            "本地材料"
        ]
    },
    {
        "name": "acre",
        "trans": [
            "英亩"
        ],
        "usphone": "'ekɚ",
        "ukphone": "'eɪkə"
    },
    {
        "name": "restored",
        "trans": [
            "恢复修复"
        ],
        "usphone": "ri'stɔ:d",
        "ukphone": "rɪ'stɔːrd"
    },
    {
        "name": "transportation corridor",
        "trans": [
            "交通走廊"
        ]
    },
    {
        "name": "linear",
        "trans": [
            "线性"
        ],
        "usphone": "'lɪnɪɚ",
        "ukphone": "'lɪniər"
    },
    {
        "name": "master plan",
        "trans": [
            "总平面"
        ]
    },
    {
        "name": "site inventory and analysis",
        "trans": [
            "场地清点分析"
        ]
    },
    {
        "name": "drainage",
        "trans": [
            "排水"
        ],
        "usphone": "'drenɪdʒ",
        "ukphone": "'dreɪnɪdʒ"
    },
    {
        "name": "existing vegetation",
        "trans": [
            "现有植被"
        ]
    },
    {
        "name": "bubble diagram",
        "trans": [
            "泡泡图"
        ]
    },
    {
        "name": "topography",
        "trans": [
            "地势"
        ],
        "usphone": "tə'pɑgrəfi",
        "ukphone": "tə'pɑːgrəfi"
    },
    {
        "name": "blend with",
        "trans": [
            "混合 ，融为一体"
        ]
    },
    {
        "name": "integrate",
        "trans": [
            "整合"
        ],
        "usphone": "'ɪntɪɡret",
        "ukphone": "'ɪntɪgreɪt"
    },
    {
        "name": "layout",
        "trans": [
            "布局"
        ],
        "usphone": "'leaʊt",
        "ukphone": "'leɪaut"
    },
    {
        "name": "enclose",
        "trans": [
            "围合"
        ],
        "usphone": "ɪn'kloz",
        "ukphone": "ɪn'klouz"
    },
    {
        "name": "shelter",
        "trans": [
            "庇护所"
        ],
        "usphone": "'ʃɛltɚ",
        "ukphone": "'ʃeltər"
    },
    {
        "name": "circulation",
        "trans": [
            "流线"
        ],
        "usphone": ",sɝkjə'leʃən",
        "ukphone": "sɜːkjʊ'leɪʃ(ə)n"
    },
    {
        "name": "step",
        "trans": [
            "踏步/台阶"
        ],
        "usphone": "stɛp",
        "ukphone": "step"
    },
    {
        "name": "shrub/bush",
        "trans": [
            "灌木"
        ]
    },
    {
        "name": "groundcover plant",
        "trans": [
            "地被植物"
        ]
    },
    {
        "name": "arbor",
        "trans": [
            "藤架"
        ],
        "usphone": "'ɑrbɚ",
        "ukphone": "'ɑːbə"
    },
    {
        "name": "retaining wall",
        "trans": [
            "挡土墙"
        ]
    },
    {
        "name": "canopy",
        "trans": [
            "雨棚 ，天棚"
        ],
        "usphone": "'kænəpi",
        "ukphone": "'kænəpi"
    },
    {
        "name": "shade structure",
        "trans": [
            "遮阳构筑物"
        ]
    },
    {
        "name": "coarse, medium and fine",
        "trans": [
            "粗糙的 ，中等的，好的"
        ]
    },
    {
        "name": "belvedere",
        "trans": [
            "观景台"
        ]
    },
    {
        "name": "contour",
        "trans": [
            "等高线"
        ],
        "usphone": "'kɑntʊr",
        "ukphone": "'kɑːntur"
    },
    {
        "name": "boulevard",
        "trans": [
            "林荫大道"
        ],
        "usphone": "ˈbʊləˌvɑrd",
        "ukphone": "'buːləvɑːd"
    },
    {
        "name": "artificial lighting",
        "trans": [
            "人造灯光"
        ]
    },
    {
        "name": "land form",
        "trans": [
            "地形地貌"
        ]
    },
    {
        "name": "concrete",
        "trans": [
            "混凝土"
        ],
        "usphone": "'kɑŋkrit",
        "ukphone": "'kɑːŋkriːt"
    },
    {
        "name": "deflection",
        "trans": [
            "偏斜"
        ],
        "usphone": "dɪ'flɛkʃən",
        "ukphone": "dɪ'flekʃ(ə)n"
    },
    {
        "name": "water infiltration",
        "trans": [
            "渗水试验"
        ]
    },
    {
        "name": "construction managers",
        "trans": [
            "项目经理"
        ]
    },
    {
        "name": "estimator",
        "trans": [
            "估算师"
        ]
    },
    {
        "name": "comitas (utilitas)",
        "trans": [
            "实用"
        ]
    },
    {
        "name": "firmitas",
        "trans": [
            "坚固"
        ]
    },
    {
        "name": "venustas",
        "trans": [
            "美观"
        ]
    },
    {
        "name": "commodity",
        "trans": [
            "有益 ，适用，有价值"
        ],
        "usphone": "kə'mɑdəti",
        "ukphone": "kə'mɑːdəti"
    },
    {
        "name": "firmness",
        "trans": [
            "坚固"
        ],
        "usphone": "'fɝmnɪs",
        "ukphone": "'fɜ:mnɪs"
    },
    {
        "name": "delight",
        "trans": [
            "使 ...快乐，乐趣"
        ],
        "usphone": "dɪ'laɪt",
        "ukphone": "dɪ'laɪt"
    },
    {
        "name": "problem identification",
        "trans": [
            "问题识别"
        ]
    },
    {
        "name": "programming",
        "trans": [
            "编制任务书"
        ],
        "usphone": "'proɡræmɪŋ",
        "ukphone": "'prəugræmiŋ"
    },
    {
        "name": "research",
        "trans": [
            "研究"
        ],
        "usphone": "'risɝtʃ",
        "ukphone": "rɪ'sɜːtʃ; 'riːsɜːtʃ"
    },
    {
        "name": "concept generation",
        "trans": [
            "概念生成"
        ]
    },
    {
        "name": "schematic design",
        "trans": [
            "方案设计"
        ]
    },
    {
        "name": "design development",
        "trans": [
            "设计深化"
        ]
    },
    {
        "name": "bidding/negotiation",
        "trans": [
            "投标/谈判"
        ]
    },
    {
        "name": "construction documents",
        "trans": [
            "施工图"
        ]
    },
    {
        "name": "construction",
        "trans": [
            "建设"
        ],
        "usphone": "kən'strʌkʃən",
        "ukphone": "kən'strʌkʃn"
    },
    {
        "name": "project evaluation",
        "trans": [
            "项目评估"
        ]
    },
    {
        "name": "post occupation evaluation",
        "trans": [
            "使用后评价"
        ]
    },
    {
        "name": "building performance",
        "trans": [
            "性能"
        ]
    },
    {
        "name": "interaction",
        "trans": [
            "互动 ，交流"
        ]
    },
    {
        "name": "axonometric drawing",
        "trans": [
            "轴测图"
        ]
    },
    {
        "name": "isometric",
        "trans": [
            "正等测"
        ]
    },
    {
        "name": "site plan",
        "trans": [
            "总平面"
        ]
    },
    {
        "name": "elevation",
        "trans": [
            "立面图"
        ],
        "usphone": ",ɛlɪ'veʃən",
        "ukphone": ",elɪ'veɪʃ(ə)n"
    },
    {
        "name": "floor plan",
        "trans": [
            "平面图"
        ]
    },
    {
        "name": "section",
        "trans": [
            "剖面图"
        ],
        "usphone": "'sɛkʃən",
        "ukphone": "'sekʃn"
    },
    {
        "name": "analysis drawing",
        "trans": [
            "分析图"
        ]
    },
    {
        "name": "perspective drawing",
        "trans": [
            "透视图"
        ]
    },
    {
        "name": "two-point perspective",
        "trans": [
            "两点透视"
        ]
    },
    {
        "name": "length, breadth, width",
        "trans": [
            "广度 ，宽度，宽度"
        ]
    },
    {
        "name": "position",
        "trans": [
            "位置"
        ],
        "usphone": "pə'zɪʃən",
        "ukphone": "pə'zɪʃn"
    },
    {
        "name": "motion",
        "trans": [
            "移动"
        ],
        "usphone": "'moʃən",
        "ukphone": "'mouʃn"
    },
    {
        "name": "width",
        "trans": [
            "宽度 (具体)"
        ],
        "usphone": "wɪdθ",
        "ukphone": "wɪtθ; wɪdθ"
    },
    {
        "name": "three dimensional",
        "trans": [
            "三维的"
        ]
    },
    {
        "name": "length, width, depth and height",
        "trans": [
            "长度 、宽度、深度、高度"
        ]
    },
    {
        "name": "non-dimensional element (point)",
        "trans": [
            "无维度元素 (点)"
        ]
    },
    {
        "name": "two dimensional element(line and plane)",
        "trans": [
            "二维元素 (直线和平面)"
        ]
    },
    {
        "name": "three dimensional element (volume and space)",
        "trans": [
            "三维元素 (体积和空间)"
        ]
    },
    {
        "name": "four dimension (time and motion)",
        "trans": [
            "四维 (时间和运动)"
        ]
    },
    {
        "name": "visual focus",
        "trans": [
            "视觉焦点"
        ]
    },
    {
        "name": "intersection",
        "trans": [
            "交叉口 ，十字路口"
        ],
        "usphone": ",ɪntɚ'sɛkʃən",
        "ukphone": "ˌɪntər'sekʃn"
    },
    {
        "name": "static",
        "trans": [
            "静态的"
        ],
        "usphone": "'stætɪk",
        "ukphone": "'stætɪk"
    },
    {
        "name": "tension",
        "trans": [
            "张力"
        ],
        "usphone": "'tɛnʃən",
        "ukphone": "'tenʃn"
    },
    {
        "name": "array",
        "trans": [
            "阵列"
        ],
        "usphone": "ə're",
        "ukphone": "ə'reɪ"
    },
    {
        "name": "straight",
        "trans": [
            "直的"
        ],
        "usphone": "stret",
        "ukphone": "streɪt"
    },
    {
        "name": "curved",
        "trans": [
            "弯曲的"
        ]
    },
    {
        "name": "bent",
        "trans": [
            "弯曲的"
        ],
        "usphone": "bɛnt",
        "ukphone": "bent"
    },
    {
        "name": "irregular",
        "trans": [
            "不规则的"
        ],
        "usphone": "ɪ'rɛɡjəlɚ",
        "ukphone": "ɪ'regjələr"
    },
    {
        "name": "horizontally",
        "trans": [
            "水平地"
        ]
    },
    {
        "name": "vertically",
        "trans": [
            "竖直地"
        ],
        "usphone": "'vɝtɪkli",
        "ukphone": "'və:tikəli"
    },
    {
        "name": "perpendicular",
        "trans": [
            "垂直的"
        ],
        "usphone": "'pɝpən'dɪkjəlɚ",
        "ukphone": "ˌpɜːrpən'dɪkjələr"
    },
    {
        "name": "triangle",
        "trans": [
            "三角形"
        ],
        "usphone": "'traɪæŋɡl",
        "ukphone": "'traɪæŋgl"
    },
    {
        "name": "square",
        "trans": [
            "正方形"
        ],
        "usphone": "skwɛr",
        "ukphone": "skweə"
    },
    {
        "name": "circle",
        "trans": [
            "圆形"
        ],
        "usphone": "'sɝkl",
        "ukphone": "'sɜːk(ə)l"
    },
    {
        "name": "cube",
        "trans": [
            "立方"
        ],
        "usphone": "kjʊb",
        "ukphone": "kjuːb"
    },
    {
        "name": "cylinder",
        "trans": [
            "圆柱"
        ],
        "usphone": "'sɪlɪndɚ",
        "ukphone": "'sɪlɪndər"
    },
    {
        "name": "sphere",
        "trans": [
            "圆球"
        ],
        "usphone": "sfɪr",
        "ukphone": "sfɪr"
    },
    {
        "name": "hemisphere",
        "trans": [
            "半球"
        ],
        "usphone": "'hɛmɪsfɪr",
        "ukphone": "'hemɪsfɪr"
    },
    {
        "name": "cone",
        "trans": [
            "圆锥"
        ],
        "usphone": "kon",
        "ukphone": "kəʊn"
    },
    {
        "name": "pyramid",
        "trans": [
            "金字塔"
        ],
        "usphone": "'pɪrəmɪd",
        "ukphone": "'pɪrəmɪd"
    },
    {
        "name": "texture",
        "trans": [
            "纹理质地"
        ],
        "usphone": "'tɛkstʃɚ",
        "ukphone": "'tekstʃər"
    },
    {
        "name": "orientation",
        "trans": [
            "方向"
        ],
        "usphone": "orɪɛn'teʃən",
        "ukphone": "ˌɔːriən'teɪʃn"
    },
    {
        "name": "The Forbidden City",
        "trans": [
            "故宫"
        ]
    },
    {
        "name": "axis",
        "trans": [
            "轴线"
        ],
        "usphone": "'æksɪs",
        "ukphone": "'æksɪs"
    },
    {
        "name": "overcast sky",
        "trans": [
            "阴天"
        ]
    },
    {
        "name": "built environment",
        "trans": [
            "建成环境"
        ]
    },
    {
        "name": "perspective",
        "trans": [
            "透视图"
        ],
        "usphone": "pɚ'spɛktɪv",
        "ukphone": "pər'spektɪv"
    },
    {
        "name": "additive principle",
        "trans": [
            "附加原则"
        ]
    },
    {
        "name": "subtractive principle",
        "trans": [
            "减法原则"
        ]
    },
    {
        "name": "transformation principle",
        "trans": [
            "变形原则"
        ]
    },
    {
        "name": "balance",
        "trans": [
            "平衡"
        ],
        "usphone": "'bæləns",
        "ukphone": "'bæləns"
    },
    {
        "name": "symmetry",
        "trans": [
            "对称"
        ],
        "usphone": "'sɪmətri",
        "ukphone": "'sɪmətri"
    },
    {
        "name": "architectural composition",
        "trans": [
            "建筑构图"
        ]
    },
    {
        "name": "asymmetry",
        "trans": [
            "不对称"
        ],
        "usphone": "e'sɪmɪtri",
        "ukphone": "ˌ3ɪ'sɪmətri"
    },
    {
        "name": "hierarchy",
        "trans": [
            "层级"
        ],
        "usphone": "'haɪərɑrki",
        "ukphone": "'haɪərɑːrki"
    },
    {
        "name": "repetition",
        "trans": [
            "重复"
        ],
        "usphone": "'rɛpə'tɪʃən",
        "ukphone": "ˌrepə'tɪʃn"
    },
    {
        "name": "rhythm",
        "trans": [
            "韵律"
        ],
        "usphone": "'rɪðəm",
        "ukphone": "'rɪðəm"
    },
    {
        "name": "bay",
        "trans": [
            "开间"
        ]
    },
    {
        "name": "layering",
        "trans": [
            "分层"
        ]
    },
    {
        "name": "reinforce",
        "trans": [
            "加强"
        ],
        "usphone": ",riɪn'fɔrs",
        "ukphone": "ˌriːɪn'fɔːrs"
    },
    {
        "name": "hallway",
        "trans": [
            "走廊"
        ],
        "usphone": "'hɔlwe",
        "ukphone": "'hɔːlweɪ"
    },
    {
        "name": "form",
        "trans": [
            "形式"
        ],
        "usphone": "fɔrm",
        "ukphone": "fɔːm"
    },
    {
        "name": "orientation",
        "trans": [
            "方向"
        ],
        "usphone": "orɪɛn'teʃən",
        "ukphone": "ˌɔːriən'teɪʃn"
    },
    {
        "name": "circulation",
        "trans": [
            "流通"
        ],
        "usphone": ",sɝkjə'leʃən",
        "ukphone": "sɜːkjʊ'leɪʃ(ə)n"
    },
    {
        "name": "linear",
        "trans": [
            "直线的"
        ],
        "usphone": "'lɪnɪɚ",
        "ukphone": "'lɪniər"
    },
    {
        "name": "topography",
        "trans": [
            "地形学"
        ],
        "usphone": "tə'pɑgrəfi",
        "ukphone": "tə'pɑːgrəfi"
    },
    {
        "name": "slope",
        "trans": [
            "斜坡"
        ],
        "usphone": "slop",
        "ukphone": "sloup"
    },
    {
        "name": "demolition = demolishment",
        "trans": [
            "拆除"
        ]
    },
    {
        "name": "proportion",
        "trans": [
            "比例"
        ],
        "usphone": "prə'pɔrʃən",
        "ukphone": "prə'pɔːrʃn"
    },
    {
        "name": "deconstruction",
        "trans": [
            "解构"
        ]
    },
    {
        "name": "postmodern",
        "trans": [
            "后现代主义"
        ],
        "usphone": ",post'mɑdɚn",
        "ukphone": "pəʊst'mɒdn"
    },
    {
        "name": "appearance",
        "trans": [
            "外貌"
        ],
        "usphone": "ə'pɪrəns",
        "ukphone": "ə'pɪər(ə)ns"
    },
    {
        "name": "proportioning",
        "trans": [
            "使匀称"
        ]
    },
    {
        "name": "The Golden Section",
        "trans": [
            "黄金分割"
        ]
    },
    {
        "name": "regulating line",
        "trans": [
            "控制线"
        ]
    },
    {
        "name": "lintel",
        "trans": [
            "过梁"
        ],
        "usphone": "'lɪntl",
        "ukphone": "'lɪnt(ə)l"
    },
    {
        "name": "beam",
        "trans": [
            "横梁"
        ],
        "usphone": "bim",
        "ukphone": "biːm"
    },
    {
        "name": "vernacular design",
        "trans": [
            "乡土设计"
        ]
    },
    {
        "name": "vernacular",
        "trans": [
            "本地的"
        ],
        "usphone": "vɚ'nækjəlɚ",
        "ukphone": "və'nækjulə"
    },
    {
        "name": "granite",
        "trans": [
            "花岗岩"
        ],
        "usphone": "'grænɪt",
        "ukphone": "'grænɪt"
    },
    {
        "name": "limestone",
        "trans": [
            "石灰岩"
        ],
        "usphone": "'laɪmston",
        "ukphone": "'laɪmstoun"
    },
    {
        "name": "mortar",
        "trans": [
            "砂浆"
        ],
        "usphone": "'mɔrtɚ",
        "ukphone": "'mɔːtə"
    },
    {
        "name": "arch",
        "trans": [
            "券"
        ],
        "usphone": "ɑrtʃ",
        "ukphone": "ɑːtʃ"
    },
    {
        "name": "vault",
        "trans": [
            "拱"
        ],
        "usphone": "vɔlt",
        "ukphone": "vɔːlt"
    },
    {
        "name": "barrel vault",
        "trans": [
            "筒形拱"
        ]
    },
    {
        "name": "dome",
        "trans": [
            "穹顶"
        ],
        "usphone": "dom",
        "ukphone": "dəʊm"
    },
    {
        "name": "spring line",
        "trans": [
            "拱脚线"
        ]
    },
    {
        "name": "secular",
        "trans": [
            "世俗的"
        ],
        "usphone": "'sɛkjəlɚ",
        "ukphone": "'sekjələr"
    },
    {
        "name": "castle",
        "trans": [
            "城堡"
        ],
        "usphone": "'kæsl",
        "ukphone": "'kɑːs(ə)l"
    },
    {
        "name": "cable",
        "trans": [
            "电缆"
        ],
        "usphone": "'kebl",
        "ukphone": "'keɪbl"
    },
    {
        "name": "cathedral",
        "trans": [
            "教堂"
        ],
        "usphone": "kə'θidrəl",
        "ukphone": "kə'θiːdr(ə)l"
    },
    {
        "name": "Renaissance",
        "trans": [
            "文艺复兴"
        ]
    },
    {
        "name": "baroque",
        "trans": [
            "巴洛克风格"
        ]
    },
    {
        "name": "Neo-Classicism",
        "trans": [
            "新古典主义"
        ]
    },
    {
        "name": "prefabricated",
        "trans": [
            "预制的"
        ],
        "usphone": ",pri'fæbrɪketɪd",
        "ukphone": "ˌpriː'fæbrɪkeɪtɪd"
    },
    {
        "name": "parameter",
        "trans": [
            "参数"
        ],
        "usphone": "pə'ræmɪtɚ",
        "ukphone": "pə'ræmɪtər"
    },
    {
        "name": "axis",
        "trans": [
            "轴线"
        ],
        "usphone": "'æksɪs",
        "ukphone": "'æksɪs"
    },
    {
        "name": "courtyard",
        "trans": [
            "庭院"
        ],
        "usphone": "'kɔrtjɑrd",
        "ukphone": "'kɔːtjɑːd"
    },
    {
        "name": "hierarchy",
        "trans": [
            "等级"
        ],
        "usphone": "'haɪərɑrki",
        "ukphone": "'haɪərɑːrki"
    },
    {
        "name": "site selection",
        "trans": [
            "选址"
        ]
    },
    {
        "name": "pavilion",
        "trans": [
            "亭"
        ],
        "usphone": "pə'vɪlɪən",
        "ukphone": "pə'vɪljən"
    },
    {
        "name": "pagoda",
        "trans": [
            "塔"
        ],
        "usphone": "pə'ɡodə",
        "ukphone": "pə'gəʊdə"
    },
    {
        "name": "scale",
        "trans": [
            "规模"
        ],
        "usphone": "skel",
        "ukphone": "skeɪl"
    },
    {
        "name": "The Forbidden City",
        "trans": [
            "紫禁城"
        ]
    },
    {
        "name": "720,000 square meters 720000",
        "trans": [
            "平方米"
        ]
    },
    {
        "name": "secular",
        "trans": [
            "世俗的"
        ],
        "usphone": "'sɛkjəlɚ",
        "ukphone": "'sekjələr"
    },
    {
        "name": "pavilion",
        "trans": [
            "亭"
        ],
        "usphone": "pə'vɪlɪən",
        "ukphone": "pə'vɪljən"
    },
    {
        "name": "square",
        "trans": [
            "正方形"
        ],
        "usphone": "skwɛr",
        "ukphone": "skweə"
    },
    {
        "name": "triangle",
        "trans": [
            "三角形"
        ],
        "usphone": "'traɪæŋɡl",
        "ukphone": "'traɪæŋgl"
    },
    {
        "name": "column",
        "trans": [
            "圆柱"
        ],
        "usphone": "'kɑləm",
        "ukphone": "'kɑːləm"
    },
    {
        "name": "waterfront",
        "trans": [
            "滨水区"
        ],
        "usphone": "'wɔtɚfrʌnt",
        "ukphone": "'wɔːtəfrʌnt"
    },
    {
        "name": "kiosk",
        "trans": [
            "凉亭"
        ],
        "usphone": "'kiɑsk",
        "ukphone": "'kiːɒsk"
    },
    {
        "name": "dormer window",
        "trans": [
            "老虎窗"
        ]
    },
    {
        "name": "elevated",
        "trans": [
            "抬高的"
        ],
        "usphone": "'ɛlɪvetɪd",
        "ukphone": "'eliveitid"
    },
    {
        "name": "belvedere",
        "trans": [
            "观景台"
        ]
    },
    {
        "name": "ruin",
        "trans": [
            "遗迹"
        ],
        "usphone": "'ruɪn",
        "ukphone": "'ruːɪn"
    },
    {
        "name": "main ridge",
        "trans": [
            "正脊"
        ]
    },
    {
        "name": "bell and drum tower",
        "trans": [
            "钟鼓楼"
        ]
    },
    {
        "name": "overhanging eave",
        "trans": [
            "挑檐"
        ]
    },
    {
        "name": "handrail",
        "trans": [
            "扶手/栏杆"
        ]
    },
    {
        "name": "railing",
        "trans": [
            "扶手/栏杆"
        ]
    },
    {
        "name": "Confucius Temple",
        "trans": [
            "孔庙"
        ]
    },
    {
        "name": "pagoda",
        "trans": [
            "宝塔"
        ],
        "usphone": "pə'ɡodə",
        "ukphone": "pə'gəʊdə"
    },
    {
        "name": "metaphor",
        "trans": [
            "暗喻"
        ],
        "usphone": "'mɛtəfɚ",
        "ukphone": "'metəfər"
    },
    {
        "name": "cottage",
        "trans": [
            "小别墅"
        ],
        "usphone": "'kɑtɪdʒ",
        "ukphone": "'kɒtɪdʒ"
    },
    {
        "name": "intimacy",
        "trans": [
            "隐私"
        ],
        "usphone": "'ɪntɪməsi",
        "ukphone": "'ɪntɪməsɪ"
    },
    {
        "name": "permeable",
        "trans": [
            "有渗透性的"
        ],
        "usphone": "'pɝmɪəbl",
        "ukphone": "'pɜːmɪəb(ə)l"
    },
    {
        "name": "explicit",
        "trans": [
            "明确的"
        ],
        "usphone": "ɪk'splɪsɪt",
        "ukphone": "ɪk'splɪsɪt"
    },
    {
        "name": "realm",
        "trans": [
            "领域"
        ],
        "usphone": "rɛlm",
        "ukphone": "relm"
    },
    {
        "name": "adjacent",
        "trans": [
            "邻近的"
        ],
        "usphone": "ə'dʒesnt",
        "ukphone": "ə'dʒeɪsnt"
    },
    {
        "name": "sidewalk",
        "trans": [
            "人行道"
        ],
        "usphone": "'saɪdwɔk",
        "ukphone": "'saɪdwɔːk"
    },
    {
        "name": "awning",
        "trans": [
            "遮阳棚"
        ],
        "usphone": "'ɔnɪŋ",
        "ukphone": "'ɔːnɪŋ"
    },
    {
        "name": "trellis",
        "trans": [
            "植物棚架"
        ]
    },
    {
        "name": "canopy/arbor",
        "trans": [
            "树冠"
        ]
    },
    {
        "name": "client",
        "trans": [
            "客户"
        ],
        "usphone": "'klaɪənt",
        "ukphone": "'klaɪənt"
    },
    {
        "name": "mortar",
        "trans": [
            "灰浆"
        ],
        "usphone": "'mɔrtɚ",
        "ukphone": "'mɔːtə"
    },
    {
        "name": "potted plant",
        "trans": [
            "盆栽"
        ]
    },
    {
        "name": "transit stop",
        "trans": [
            "公共交通停车点"
        ]
    },
    {
        "name": "pedestrian",
        "trans": [
            "行人"
        ],
        "usphone": "pə'dɛstrɪən",
        "ukphone": "pə'destriən"
    },
    {
        "name": "kiosk",
        "trans": [
            "公用电话亭"
        ],
        "usphone": "'kiɑsk",
        "ukphone": "'kiːɒsk"
    },
    {
        "name": "linger",
        "trans": [
            "徘徊"
        ],
        "usphone": "'lɪŋɡɚ",
        "ukphone": "'lɪŋgər"
    },
    {
        "name": "permeable",
        "trans": [
            "有渗透性"
        ],
        "usphone": "'pɝmɪəbl",
        "ukphone": "'pɜːmɪəb(ə)l"
    },
    {
        "name": "retrofit",
        "trans": [
            "翻新"
        ]
    },
    {
        "name": "townhouse",
        "trans": [
            "联排住宅"
        ]
    },
    {
        "name": "context",
        "trans": [
            "文脉"
        ],
        "usphone": "'kɑntɛkst",
        "ukphone": "'kɑːntekst"
    },
    {
        "name": "permeable",
        "trans": [
            "渗透的"
        ],
        "usphone": "'pɝmɪəbl",
        "ukphone": "'pɜːmɪəb(ə)l"
    },
    {
        "name": "pedestrian-oriented",
        "trans": [
            "以行人为导向"
        ]
    },
    {
        "name": "blind",
        "trans": [
            "百叶窗"
        ],
        "usphone": "blaɪnd",
        "ukphone": "blaɪnd"
    },
    {
        "name": "visibility",
        "trans": [
            "可见性"
        ],
        "usphone": "'vɪzə'bɪləti",
        "ukphone": "vɪzɪ'bɪlɪtɪ"
    },
    {
        "name": "mixed-use building",
        "trans": [
            "多功能住宅"
        ]
    },
    {
        "name": "urban arterial",
        "trans": [
            "城市主干道"
        ]
    },
    {
        "name": "auto-oriented",
        "trans": [
            "汽车导向的"
        ]
    },
    {
        "name": "contextualizm",
        "trans": [
            "文脉主义"
        ]
    },
    {
        "name": "traffic calming",
        "trans": [
            "交通稳静化"
        ]
    },
    {
        "name": "geometry",
        "trans": [
            "几何学"
        ],
        "usphone": "dʒɪ'ɑmətri",
        "ukphone": "dʒi'ɑːmətri"
    },
    {
        "name": "dimension",
        "trans": [
            "维度"
        ],
        "usphone": "dəˈmɛnʃən, daɪ-",
        "ukphone": "dɪ'menʃn"
    },
    {
        "name": "pedestrian",
        "trans": [
            "行人"
        ],
        "usphone": "pə'dɛstrɪən",
        "ukphone": "pə'destriən"
    },
    {
        "name": "curd",
        "trans": [
            "路边石"
        ],
        "usphone": "kɝd",
        "ukphone": "kɜːd"
    },
    {
        "name": "street grid",
        "trans": [
            "街道方格网"
        ]
    },
    {
        "name": "block",
        "trans": [
            "街区"
        ],
        "usphone": "blɑk",
        "ukphone": "blɑːk"
    },
    {
        "name": "short block",
        "trans": [
            "小街区"
        ]
    },
    {
        "name": "superblock",
        "trans": [
            "超级街区"
        ]
    },
    {
        "name": "cul-de-sacs",
        "trans": [
            "尽端路"
        ]
    },
    {
        "name": "turning radius",
        "trans": [
            "转弯半径"
        ]
    },
    {
        "name": "feet",
        "trans": [
            "英尺"
        ]
    },
    {
        "name": "intersection",
        "trans": [
            "交叉口"
        ],
        "usphone": ",ɪntɚ'sɛkʃən",
        "ukphone": "ˌɪntər'sekʃn"
    },
    {
        "name": "roundabout",
        "trans": [
            "环岛"
        ],
        "usphone": "'raʊndəbaʊt",
        "ukphone": "'raʊndəbaʊt"
    },
    {
        "name": "crosswalk",
        "trans": [
            "人行横道"
        ]
    },
    {
        "name": "inch",
        "trans": [
            "英寸"
        ],
        "usphone": "ɪntʃ",
        "ukphone": "ɪn(t)ʃ"
    },
    {
        "name": "pavement",
        "trans": [
            "铺装"
        ],
        "usphone": "'pevmənt",
        "ukphone": "'peɪvm(ə)nt"
    },
    {
        "name": "speed hump",
        "trans": [
            "减速丘"
        ]
    },
    {
        "name": "transportation corridor",
        "trans": [
            "交通走廊"
        ]
    },
    {
        "name": "on-street parking",
        "trans": [
            "沿街停车"
        ]
    },
    {
        "name": "vehicle",
        "trans": [
            "车辆"
        ],
        "usphone": "ˈviəkəl",
        "ukphone": "'viːəkl"
    },
    {
        "name": "buffer",
        "trans": [
            "缓冲"
        ],
        "usphone": "'bʌfɚ",
        "ukphone": "'bʌfə"
    },
    {
        "name": "loading",
        "trans": [
            "卸货"
        ]
    },
    {
        "name": "steep",
        "trans": [
            "陡峭的"
        ],
        "usphone": "stip",
        "ukphone": "stiːp"
    },
    {
        "name": "topography",
        "trans": [
            "地形"
        ],
        "usphone": "tə'pɑgrəfi",
        "ukphone": "tə'pɑːgrəfi"
    },
    {
        "name": "mass transit",
        "trans": [
            "公共交通"
        ]
    },
    {
        "name": "universal design",
        "trans": [
            "通用设计"
        ]
    },
    {
        "name": "ramp",
        "trans": [
            "斜坡"
        ],
        "usphone": "ræmp",
        "ukphone": "ræmp"
    },
    {
        "name": "universal access",
        "trans": [
            "无障碍设计"
        ]
    },
    {
        "name": "porch",
        "trans": [
            "门廊"
        ],
        "usphone": "pɔrtʃ",
        "ukphone": "pɔːtʃ"
    },
    {
        "name": "street vendor",
        "trans": [
            "街头小贩"
        ]
    },
    {
        "name": "node",
        "trans": [
            "节点"
        ],
        "usphone": "nod",
        "ukphone": "nəʊd"
    },
    {
        "name": "stairwell",
        "trans": [
            "楼梯间"
        ]
    },
    {
        "name": "code",
        "trans": [
            "代码"
        ],
        "usphone": "kod",
        "ukphone": "koud"
    },
    {
        "name": "adjacent",
        "trans": [
            "邻近的"
        ],
        "usphone": "ə'dʒesnt",
        "ukphone": "ə'dʒeɪsnt"
    },
    {
        "name": "elevator core",
        "trans": [
            "电梯核心"
        ]
    },
    {
        "name": "energy efficient building",
        "trans": [
            "节能建筑"
        ]
    },
    {
        "name": "green building",
        "trans": [
            "绿色建筑"
        ]
    },
    {
        "name": "sustainable building",
        "trans": [
            "可持续建筑"
        ]
    },
    {
        "name": "net-zero building",
        "trans": [
            "净零建筑"
        ]
    },
    {
        "name": "passive house/building",
        "trans": [
            "被动房屋/建筑物"
        ]
    },
    {
        "name": "demolition",
        "trans": [
            "拆除"
        ],
        "usphone": ",dɛmə'lɪʃən; ,dimə'lɪʃən",
        "ukphone": "demə'lɪʃn"
    },
    {
        "name": "walkable community",
        "trans": [
            "步行社区"
        ]
    },
    {
        "name": "recreation",
        "trans": [
            "娱乐"
        ],
        "usphone": ",rɛkrɪ'eʃən",
        "ukphone": "ˌrekri'eɪʃn"
    },
    {
        "name": "daylight",
        "trans": [
            "日光"
        ],
        "usphone": "'delaɪt",
        "ukphone": "'deɪlaɪt"
    },
    {
        "name": "artificial lighting",
        "trans": [
            "人造灯光"
        ]
    },
    {
        "name": "natural ventilation",
        "trans": [
            "自然通风"
        ]
    },
    {
        "name": "grey water",
        "trans": [
            "灰水 (生活用水中污染较轻可再次利 用的水)"
        ]
    },
    {
        "name": "potable water",
        "trans": [
            "饮用水"
        ]
    },
    {
        "name": "recycling",
        "trans": [
            "回收"
        ],
        "usphone": ",ri'saɪklɪŋ",
        "ukphone": "riː'saɪklɪŋ"
    },
    {
        "name": "historic preservation",
        "trans": [
            "历史性保护"
        ]
    },
    {
        "name": "restoration",
        "trans": [
            "修复"
        ],
        "usphone": "'rɛstə'reʃən",
        "ukphone": "ˌrestə'reɪʃn"
    },
    {
        "name": "adaptive reuse",
        "trans": [
            "适应性"
        ]
    },
    {
        "name": "intimate",
        "trans": [
            "私密性"
        ],
        "usphone": "ˈɪntəmɪt",
        "ukphone": "'ɪntɪmət"
    },
    {
        "name": "human scale",
        "trans": [
            "人体尺度"
        ]
    },
    {
        "name": "interstate",
        "trans": [
            "州际的"
        ],
        "usphone": "'ɪntɚstet",
        "ukphone": "'ɪntərsteɪt"
    },
    {
        "name": "convention center",
        "trans": [
            "会展中心"
        ]
    },
    {
        "name": "air well",
        "trans": [
            "通风井"
        ]
    },
    {
        "name": "mechanical ventilation",
        "trans": [
            "机械通风"
        ]
    },
    {
        "name": "right-of-way",
        "trans": [
            "路权"
        ]
    },
    {
        "name": "backfill",
        "trans": [
            "回填"
        ]
    },
    {
        "name": "insulation",
        "trans": [
            "保温"
        ],
        "usphone": ",ɪnsə'leʃən",
        "ukphone": "ɪnsjʊ'leɪʃ(ə)n"
    },
    {
        "name": "R-value",
        "trans": [
            "热阻"
        ]
    },
    {
        "name": "air tightness",
        "trans": [
            "密封性"
        ]
    },
    {
        "name": "passive heating, passive cooling, passive lighting",
        "trans": [
            "被动加热 、被动冷却、被动照明"
        ]
    },
    {
        "name": "regionalism",
        "trans": [
            "地区主义"
        ]
    },
    {
        "name": "mild",
        "trans": [
            "温和的"
        ],
        "usphone": "maɪld",
        "ukphone": "maɪld"
    },
    {
        "name": "massive",
        "trans": [
            "厚重的"
        ],
        "usphone": "'mæsɪv",
        "ukphone": "'mæsɪv"
    },
    {
        "name": "time-lag effect",
        "trans": [
            "时滞效应"
        ]
    },
    {
        "name": "solar radiation",
        "trans": [
            "太阳辐射"
        ]
    },
    {
        "name": "diffuse",
        "trans": [
            "弥漫的"
        ],
        "usphone": "dɪ'fjus",
        "ukphone": "dɪ'fjuːz"
    },
    {
        "name": "flat",
        "trans": [
            "公寓"
        ],
        "usphone": "flæt",
        "ukphone": "flæt"
    },
    {
        "name": "clustered",
        "trans": [
            "组团的"
        ]
    },
    {
        "name": "humid",
        "trans": [
            "潮湿的"
        ],
        "usphone": "'hjumɪd",
        "ukphone": "'hjuːmɪd"
    },
    {
        "name": "evaporative cooling",
        "trans": [
            "蒸发冷却"
        ]
    },
    {
        "name": "direct solar radiation",
        "trans": [
            "直接太阳辐射"
        ]
    },
    {
        "name": "ventilation",
        "trans": [
            "通风"
        ],
        "usphone": ",vɛntl'eʃən",
        "ukphone": "ˌventɪ'leɪʃn"
    },
    {
        "name": "winds scoop",
        "trans": [
            "招风斗"
        ]
    },
    {
        "name": "overhang",
        "trans": [
            "悬挑"
        ],
        "usphone": ",ovɚ'hæŋ",
        "ukphone": "əʊvə'hæŋ"
    },
    {
        "name": "shutter",
        "trans": [
            "百叶窗"
        ],
        "usphone": "'ʃʌtɚ",
        "ukphone": "'ʃʌtə"
    },
    {
        "name": "ceiling",
        "trans": [
            "天花板"
        ],
        "usphone": "'silɪŋ",
        "ukphone": "'siːlɪŋ"
    },
    {
        "name": "clerestory window",
        "trans": [
            "高侧窗"
        ]
    },
    {
        "name": "gabled roof",
        "trans": [
            "人字形坡屋顶"
        ]
    },
    {
        "name": "bay window",
        "trans": [
            "飘窗"
        ]
    },
    {
        "name": "surface-area-to-volume ratio",
        "trans": [
            "体形系数"
        ]
    },
    {
        "name": "thermal resistance",
        "trans": [
            "热阻"
        ]
    },
    {
        "name": "greenhouse effect",
        "trans": [
            "温室效应"
        ]
    },
    {
        "name": "villa",
        "trans": [
            "别墅"
        ],
        "usphone": "'vɪlə",
        "ukphone": "'vɪlə"
    },
    {
        "name": "conservatory",
        "trans": [
            "温室暖房"
        ],
        "usphone": "kən'sɝvətɔri",
        "ukphone": "kən'sɜːvət(ə)rɪ"
    },
    {
        "name": "glazing",
        "trans": [
            "玻璃"
        ]
    },
    {
        "name": "thermal mass",
        "trans": [
            "蓄热体"
        ]
    },
    {
        "name": "floor slab",
        "trans": [
            "楼板"
        ]
    },
    {
        "name": "cavity wall",
        "trans": [
            "空心墙"
        ]
    },
    {
        "name": "cross-ventilation",
        "trans": [
            "穿堂风"
        ]
    },
    {
        "name": "active solar",
        "trans": [
            "主动式太阳能"
        ]
    },
    {
        "name": "phase change material",
        "trans": [
            "相变材料"
        ]
    },
    {
        "name": "latent heat",
        "trans": [
            "潜热"
        ]
    },
    {
        "name": "convection",
        "trans": [
            "对流"
        ],
        "usphone": "kən'vɛkʃən",
        "ukphone": "kən'vekʃn"
    },
    {
        "name": "clerestory window",
        "trans": [
            "天窗"
        ]
    },
    {
        "name": "trombe wall",
        "trans": [
            "龙骨墙 ，特隆布墙"
        ]
    },
    {
        "name": "coating",
        "trans": [
            "涂层"
        ],
        "usphone": "'kotɪŋ",
        "ukphone": "'kəʊtɪŋ"
    },
    {
        "name": "parapet wall",
        "trans": [
            "矮墙 ，女儿墙"
        ]
    },
    {
        "name": "awning",
        "trans": [
            "遮阳棚"
        ],
        "usphone": "'ɔnɪŋ",
        "ukphone": "'ɔːnɪŋ"
    },
    {
        "name": "operable window",
        "trans": [
            "可操作窗口"
        ]
    }
]