[
    {
        "name": "weight-training",
        "trans": [
            "举重运动"
        ],
        "usphone": "",
        "ukphone": ""
    },
    {
        "name": "body-building",
        "trans": [
            "健身运动"
        ],
        "usphone": "",
        "ukphone": ""
    },
    {
        "name": "come down with",
        "trans": [
            "染上(病)"
        ],
        "usphone": "",
        "ukphone": ""
    },
    {
        "name": "acupressure",
        "trans": [
            "指压按摩（疗法）"
        ],
        "usphone": "'ækjuprɛʃɚ",
        "ukphone": ""
    },
    {
        "name": "massage",
        "trans": [
            "按摩"
        ],
        "usphone": "mə'sɑʒ",
        "ukphone": "'mæsɑːʒ; mə'sɑːʒ; -dʒ"
    },
    {
        "name": "prone",
        "trans": [
            "易于发生（不愉快事）的"
        ],
        "usphone": "pron",
        "ukphone": "prəʊn"
    },
    {
        "name": "picky",
        "trans": [
            "好挑剔的"
        ],
        "usphone": "'pɪki",
        "ukphone": "'pɪkɪ"
    },
    {
        "name": "out of breath",
        "trans": [
            "上气不接下气的"
        ],
        "usphone": "",
        "ukphone": ""
    },
    {
        "name": "stress sb. out",
        "trans": [
            "使某人紧张、焦虑"
        ],
        "usphone": "",
        "ukphone": ""
    },
    {
        "name": "lose one's appetite",
        "trans": [
            "没有食欲"
        ],
        "usphone": "",
        "ukphone": ""
    },
    {
        "name": "acupuncture",
        "trans": [
            "针灸"
        ],
        "usphone": "'ækjupʌŋktʃɚ",
        "ukphone": "'ækjʊ,pʌŋ(k)tʃə"
    },
    {
        "name": "well-liked",
        "trans": [
            "漂亮的"
        ],
        "usphone": "",
        "ukphone": ""
    },
    {
        "name": "sleepless",
        "trans": [
            "失眠的"
        ],
        "usphone": "'slipləs",
        "ukphone": "'sliːplɪs"
    },
    {
        "name": "laid-back",
        "trans": [
            "自在的，从容的"
        ],
        "usphone": "'leidbæk",
        "ukphone": "'leidbæk"
    },
    {
        "name": "forgetfulness",
        "trans": [
            "健忘"
        ],
        "usphone": "",
        "ukphone": ""
    },
    {
        "name": "stress-reducing",
        "trans": [
            "减轻压力的"
        ],
        "usphone": "",
        "ukphone": ""
    },
    {
        "name": "energise",
        "trans": [
            "激励，激发"
        ],
        "usphone": "'enədʒaiz",
        "ukphone": "'enədʒaɪz"
    },
    {
        "name": "disorganisation",
        "trans": [
            "计划不周，混乱"
        ],
        "usphone": "",
        "ukphone": ""
    },
    {
        "name": "unreasonable",
        "trans": [
            "不合理的，不讲道理的"
        ],
        "usphone": "ʌn'riznəbl",
        "ukphone": "ʌn'riːz(ə)nəb(ə)l"
    },
    {
        "name": "achievable",
        "trans": [
            "可完成的，可有成就的"
        ],
        "usphone": "ə'tʃivəbl",
        "ukphone": "ə'tʃi:vəbəl"
    },
    {
        "name": "credit",
        "trans": [
            "赞扬，荣誉，功劳"
        ],
        "usphone": "'krɛdɪt",
        "ukphone": "'kredɪt"
    },
    {
        "name": "yoga",
        "trans": [
            "瑜伽，瑜伽术"
        ],
        "usphone": "'joɡə",
        "ukphone": "'jəʊgə"
    },
    {
        "name": "relieve",
        "trans": [
            "减轻，解除"
        ],
        "usphone": "rɪ'liv",
        "ukphone": "rɪ'liːv"
    },
    {
        "name": "muscle",
        "trans": [
            "肌肉"
        ],
        "usphone": "'mʌsl",
        "ukphone": "'mʌs(ə)l"
    },
    {
        "name": "unblock",
        "trans": [
            "除去障碍"
        ],
        "usphone": "'ʌn'blɑk",
        "ukphone": "ʌn'blɒk"
    },
    {
        "name": "filter",
        "trans": [
            "过滤"
        ],
        "usphone": "'fɪltɚ",
        "ukphone": "'fɪltə"
    },
    {
        "name": "peacefulness",
        "trans": [
            "和平，平静，安宁"
        ],
        "usphone": "",
        "ukphone": ""
    },
    {
        "name": "soothing",
        "trans": [
            "抚慰的，使人宽心的"
        ],
        "usphone": "'sʊðɪŋ",
        "ukphone": "'suːðɪŋ"
    },
    {
        "name": "unwanted",
        "trans": [
            "不必要的，多余的"
        ],
        "usphone": "",
        "ukphone": ""
    },
    {
        "name": "overflow",
        "trans": [
            "（使）泛滥，（使）溢出"
        ],
        "usphone": ",ovɚ'flo",
        "ukphone": "əʊvə'fləʊ"
    },
    {
        "name": "visualise",
        "trans": [
            "使显现，使形象化"
        ],
        "usphone": "",
        "ukphone": ""
    },
    {
        "name": "smooth",
        "trans": [
            "平滑的，平坦的，平稳的"
        ],
        "usphone": "smʊð",
        "ukphone": "smuːð"
    },
    {
        "name": "ruffle",
        "trans": [
            "扰乱，使烦恼"
        ],
        "usphone": "'rʌfl",
        "ukphone": "'rʌf(ə)l"
    },
    {
        "name": "drain",
        "trans": [
            "排出，流掉"
        ],
        "usphone": "dren",
        "ukphone": "dreɪn"
    },
    {
        "name": "facilitator",
        "trans": [
            "促进者，推动者"
        ],
        "usphone": "fə'siliteitə",
        "ukphone": "fə'sɪlɪteɪtə"
    },
    {
        "name": "impractical",
        "trans": [
            "不切实际的，不现实的"
        ],
        "usphone": "ɪm'præktɪkl",
        "ukphone": "ɪm'præktɪk(ə)l"
    },
    {
        "name": "infinite",
        "trans": [
            "无穷的，无限的"
        ],
        "usphone": "'ɪnfɪnət",
        "ukphone": "'ɪnfɪnət"
    },
    {
        "name": "rumble",
        "trans": [
            "隆隆声，辘辘声，吵嚷声"
        ],
        "usphone": "'rʌmbl",
        "ukphone": "'rʌmb(ə)l"
    },
    {
        "name": "clutter",
        "trans": [
            "混乱"
        ],
        "usphone": "'klʌtɚ",
        "ukphone": "'klʌtə"
    },
    {
        "name": "dispose",
        "trans": [
            "处理（尤指难处理的东西）"
        ],
        "usphone": "dɪ'spoz",
        "ukphone": "dɪ'spəʊz"
    },
    {
        "name": "herbal",
        "trans": [
            "草药的"
        ],
        "usphone": "'ɝbl",
        "ukphone": "'hɜːb(ə)l"
    },
    {
        "name": "organic",
        "trans": [
            "有机的；器官的"
        ],
        "usphone": "ɔr'gænɪk",
        "ukphone": "ɔː'gænɪk"
    },
    {
        "name": "desktop",
        "trans": [
            "台式电脑"
        ],
        "usphone": "'dɛsk'tɑp",
        "ukphone": "'desktɒp"
    },
    {
        "name": "icepack",
        "trans": [
            "冰袋"
        ],
        "usphone": "",
        "ukphone": ""
    },
    {
        "name": "balmy",
        "trans": [
            "温和的，令人愉快的"
        ],
        "usphone": "'bɑmi",
        "ukphone": "'bɑːmɪ"
    },
    {
        "name": "bearable",
        "trans": [
            "可忍受的，支持得住的"
        ],
        "usphone": "'bɛrəbl",
        "ukphone": "'beərəb(ə)l"
    },
    {
        "name": "mauve",
        "trans": [
            "紫红色的"
        ],
        "usphone": "mov",
        "ukphone": "məʊv"
    },
    {
        "name": "bathe",
        "trans": [
            "沐浴，洗"
        ],
        "usphone": "beð",
        "ukphone": "beɪð"
    },
    {
        "name": "break through",
        "trans": [
            "突围，突破"
        ],
        "usphone": "",
        "ukphone": ""
    },
    {
        "name": "obese",
        "trans": [
            "肥胖的，肥大的"
        ],
        "usphone": "o'bis",
        "ukphone": "ə(ʊ)'biːs"
    },
    {
        "name": "excess",
        "trans": [
            "过度的，额外的"
        ],
        "usphone": "'ɛk'sɛs",
        "ukphone": "ɪk'ses; ek-; 'ekses"
    },
    {
        "name": "naive",
        "trans": [
            "天真的"
        ],
        "usphone": "naɪ'iv",
        "ukphone": "naɪ'iːv; nɑː'iːv"
    },
    {
        "name": "exceptional",
        "trans": [
            "杰出的；不寻常的"
        ],
        "usphone": "ɪk'sɛpʃənl",
        "ukphone": "ɪk'sepʃ(ə)n(ə)l; ek-"
    },
    {
        "name": "poll",
        "trans": [
            "投票，民意测验"
        ],
        "usphone": "pol",
        "ukphone": "pəʊl"
    },
    {
        "name": "finalist",
        "trans": [
            "参加决赛的选手"
        ],
        "usphone": "'faɪnəlɪst",
        "ukphone": "'faɪn(ə)lɪst"
    },
    {
        "name": "endure",
        "trans": [
            "忍耐，忍受"
        ],
        "usphone": "ɪn'dʊr",
        "ukphone": "ɪn'djʊə; en-; -'djɔː"
    },
    {
        "name": "refuge",
        "trans": [
            "避难处，藏身处"
        ],
        "usphone": "'rɛfjʊdʒ",
        "ukphone": "'refjuːdʒ"
    },
    {
        "name": "overrun",
        "trans": [
            "泛滥；横行"
        ],
        "usphone": "'ovərʌn",
        "ukphone": "əʊvə'rʌn"
    },
    {
        "name": "teenage",
        "trans": [
            "十几岁的"
        ],
        "usphone": "",
        "ukphone": ""
    },
    {
        "name": "gang",
        "trans": [
            "(一)伙，（一）群"
        ],
        "usphone": "ɡæŋ",
        "ukphone": "gæŋ"
    },
    {
        "name": "courageous",
        "trans": [
            "勇敢的，有胆量的"
        ],
        "usphone": "kə'redʒəs",
        "ukphone": "kə'reɪdʒəs"
    },
    {
        "name": "ex-gangster",
        "trans": [
            "有前科的歹徒，强盗"
        ],
        "usphone": "",
        "ukphone": ""
    },
    {
        "name": "dealer",
        "trans": [
            "经销商，商人"
        ],
        "usphone": "'dilɚ",
        "ukphone": "'diːlə"
    },
    {
        "name": "coexist",
        "trans": [
            "共存"
        ],
        "usphone": ",koɪɡ'zɪst",
        "ukphone": ",kəʊɪg'zɪst"
    },
    {
        "name": "disarm",
        "trans": [
            "解除武装，放下武器"
        ],
        "usphone": "dɪs'ɑrm",
        "ukphone": "dɪs'ɑːm"
    },
    {
        "name": "sandbank",
        "trans": [
            "沙洲，沙丘"
        ],
        "usphone": "'sændbæŋk",
        "ukphone": "'sæn(d)bæŋk"
    },
    {
        "name": "incoming",
        "trans": [
            "正到达的，正来临的"
        ],
        "usphone": "'ɪnkʌmɪŋ",
        "ukphone": "'ɪnkʌmɪŋ"
    },
    {
        "name": "tide",
        "trans": [
            "潮，潮汐；潮流"
        ],
        "usphone": "taɪd",
        "ukphone": "taɪd"
    },
    {
        "name": "coastguard",
        "trans": [
            "海岸警卫队，水上警察"
        ],
        "usphone": "'kəustga:d",
        "ukphone": ""
    },
    {
        "name": "quicksand",
        "trans": [
            "流沙"
        ],
        "usphone": "'kwɪksænd",
        "ukphone": "'kwɪksænd"
    },
    {
        "name": "wade",
        "trans": [
            "趟水，涉水"
        ],
        "usphone": "wed",
        "ukphone": "weɪd"
    },
    {
        "name": "prompt",
        "trans": [
            "敏捷的，迅速的"
        ],
        "usphone": "prɑmpt",
        "ukphone": "prɒm(p)t"
    },
    {
        "name": "nominee",
        "trans": [
            "被提名者，被推荐者"
        ],
        "usphone": ",nɑmɪ'ni",
        "ukphone": "nɒmɪ'niː"
    },
    {
        "name": "layout",
        "trans": [
            "(文章的)版式，版面设计"
        ],
        "usphone": "'leaʊt",
        "ukphone": "'leɪaʊt"
    },
    {
        "name": "prose",
        "trans": [
            "散文"
        ],
        "usphone": "proz",
        "ukphone": "prəʊz"
    },
    {
        "name": "illustration",
        "trans": [
            "插图，图解"
        ],
        "usphone": ",ɪlə'streʃən",
        "ukphone": "ɪlə'streɪʃ(ə)n"
    },
    {
        "name": "individualised",
        "trans": [
            "个性化的"
        ],
        "usphone": "",
        "ukphone": ""
    },
    {
        "name": "qualified",
        "trans": [
            "有资格的，合格的"
        ],
        "usphone": "'kwɑlə'faɪd",
        "ukphone": "'kwɒlɪfaɪd"
    },
    {
        "name": "ease",
        "trans": [
            "使顺利"
        ],
        "usphone": "iz",
        "ukphone": "iːz"
    },
    {
        "name": "gently",
        "trans": [
            "和缓地；轻轻地"
        ],
        "usphone": "'dʒɛntli",
        "ukphone": "'dʒentlɪ"
    },
    {
        "name": "dietary",
        "trans": [
            "饭食的",
            "规定的食物"
        ],
        "usphone": "'daɪə,tɛri",
        "ukphone": "'daɪət(ə)rɪ"
    },
    {
        "name": "aerobics",
        "trans": [
            "有氧运动法，增氧健身法"
        ],
        "usphone": "ɛ'robɪks",
        "ukphone": "eə'rəʊbɪks"
    },
    {
        "name": "physiotherapy",
        "trans": [
            "物理疗法"
        ],
        "usphone": ",fɪzɪo'θɛrəpi",
        "ukphone": ",fɪzɪə(ʊ)'θerəpɪ"
    },
    {
        "name": "sauna",
        "trans": [
            "桑拿浴，蒸汽浴"
        ],
        "usphone": "'sɔnə",
        "ukphone": "'sɔːnə"
    },
    {
        "name": "refreshment",
        "trans": [
            "精力恢复"
        ],
        "usphone": "ri'frɛʃmənt",
        "ukphone": "rɪ'freʃm(ə)nt"
    },
    {
        "name": "membership",
        "trans": [
            "成员资格，会员资格"
        ],
        "usphone": "'mɛmbɚʃɪp",
        "ukphone": "'membəʃɪp"
    },
    {
        "name": "counsel",
        "trans": [
            "劝告，忠告"
        ],
        "usphone": "'kaʊnsl",
        "ukphone": "'kaʊns(ə)l"
    },
    {
        "name": "clinical",
        "trans": [
            "临床的，病房用的"
        ],
        "usphone": "'klɪnɪkl",
        "ukphone": "'klɪnɪk(ə)l"
    },
    {
        "name": "consultation",
        "trans": [
            "（专业人士的）建议；咨询"
        ],
        "usphone": ",kɑnsl'teʃən",
        "ukphone": "kɒnsəl'teɪʃ(ə)n"
    },
    {
        "name": "adore",
        "trans": [
            "喜爱；崇拜"
        ],
        "usphone": "ə'dɔr",
        "ukphone": "ə'dɔː"
    },
    {
        "name": "harsh",
        "trans": [
            "无情的；粗糙的"
        ],
        "usphone": "hɑrʃ",
        "ukphone": "hɑːʃ"
    },
    {
        "name": "distress",
        "trans": [
            "使痛苦，使忧伤"
        ],
        "usphone": "dɪ'strɛs",
        "ukphone": "dɪ'stres"
    },
    {
        "name": "meow",
        "trans": [
            "猫叫声",
            "猫叫"
        ],
        "usphone": "mɪ'aʊ",
        "ukphone": "mi'au"
    },
    {
        "name": "innermost",
        "trans": [
            "内心的；最里面的"
        ],
        "usphone": "'ɪnɚmost",
        "ukphone": "'ɪnəməʊst"
    },
    {
        "name": "chase",
        "trans": [
            "追赶，追逐"
        ],
        "usphone": "tʃeis",
        "ukphone": "tʃeɪs"
    },
    {
        "name": "trigger",
        "trans": [
            "引发，引起，触发"
        ],
        "usphone": "'trɪɡɚ",
        "ukphone": "'trɪgə"
    },
    {
        "name": "exasperate",
        "trans": [
            "激怒，触怒"
        ],
        "usphone": "ɪɡ'zæspəret",
        "ukphone": "ɪg'zæsp(ə)reɪt; eg-"
    },
    {
        "name": "derange",
        "trans": [
            "使错乱，扰乱"
        ],
        "usphone": "di'reindʒ",
        "ukphone": "dɪ'reɪn(d)ʒ"
    },
    {
        "name": "prescribe",
        "trans": [
            "开药方，处方"
        ],
        "usphone": "prɪ'skraɪb",
        "ukphone": "prɪ'skraɪb"
    },
    {
        "name": "sibling",
        "trans": [
            "兄弟，姐妹，同胞"
        ],
        "usphone": "'sɪblɪŋ",
        "ukphone": "'sɪblɪŋ"
    },
    {
        "name": "companionship",
        "trans": [
            "友谊，交谊"
        ],
        "usphone": "kəm'pænjən'ʃɪp",
        "ukphone": "kəm'pænjənʃɪp"
    },
    {
        "name": "psychologically",
        "trans": [
            "心理上地"
        ],
        "usphone": "saɪkə'lɑdʒɪkli",
        "ukphone": "saɪ'kɒlədʒɪklɪ"
    },
    {
        "name": "tertiary",
        "trans": [
            "第三级的"
        ],
        "usphone": "'tɝʃɪ'ɛri",
        "ukphone": "'tɜːʃ(ə)rɪ"
    },
    {
        "name": "undergraduate",
        "trans": [
            "大学生"
        ],
        "usphone": ",ʌndɚ'ɡrædʒuət",
        "ukphone": "ʌndə'grædjʊət"
    },
    {
        "name": "vocational",
        "trans": [
            "职业的"
        ],
        "usphone": "vo'keʃənl",
        "ukphone": "və(ʊ)'keɪʃ(ə)n(ə)l"
    },
    {
        "name": "zoology",
        "trans": [
            "动物学"
        ],
        "usphone": "zəu'ɔlədʒi, zu:-",
        "ukphone": "zuː'ɒlədʒɪ; zəʊ-"
    },
    {
        "name": "gown",
        "trans": [
            "长袍，礼服"
        ],
        "usphone": "ɡaʊn",
        "ukphone": "gaʊn"
    },
    {
        "name": "prestigious",
        "trans": [
            "享有声望的"
        ],
        "usphone": "prɛ'stɪdʒəs",
        "ukphone": "pre'stɪdʒəs"
    },
    {
        "name": "interconnect",
        "trans": [
            "使互相连接"
        ],
        "usphone": ",ɪntɚkə'nɛkt",
        "ukphone": "ɪntəkə'nekt"
    },
    {
        "name": "postgraduate",
        "trans": [
            "研究生"
        ],
        "usphone": "post'ɡrædjet",
        "ukphone": "pəʊs(t)'grædjʊət"
    },
    {
        "name": "secondary",
        "trans": [
            "中等教育的；次要的"
        ],
        "usphone": "'sɛkəndɛri",
        "ukphone": "'sek(ə)nd(ə)rɪ"
    },
    {
        "name": "fountain",
        "trans": [
            "泉水，喷泉"
        ],
        "usphone": "'faʊntn",
        "ukphone": "ˈfaʊntən"
    },
    {
        "name": "refresher course",
        "trans": [
            "进修课程"
        ],
        "usphone": "",
        "ukphone": ""
    },
    {
        "name": "myth",
        "trans": [
            "神话，虚构的故事"
        ],
        "usphone": "mɪθ",
        "ukphone": "mɪθ"
    },
    {
        "name": "toddler",
        "trans": [
            "初学走路的孩子"
        ],
        "usphone": "'tɑdlɚ",
        "ukphone": "'tɒdlə"
    },
    {
        "name": "inheritance",
        "trans": [
            "遗传，遗产"
        ],
        "usphone": "ɪn'hɛrɪtəns",
        "ukphone": "ɪn'herɪt(ə)ns"
    },
    {
        "name": "inability",
        "trans": [
            "无能"
        ],
        "usphone": ",ɪnə'bɪləti",
        "ukphone": "ɪnə'bɪlɪtɪ"
    },
    {
        "name": "dubious",
        "trans": [
            "可疑的，不确定的"
        ],
        "usphone": "'dubɪəs",
        "ukphone": "'djuːbɪəs"
    },
    {
        "name": "derive",
        "trans": [
            "得到，获得；起源"
        ],
        "usphone": "dɪ'raɪv",
        "ukphone": "dɪ'raɪv"
    },
    {
        "name": "sustain",
        "trans": [
            "长期保持"
        ],
        "usphone": "sə'sten",
        "ukphone": "sə'steɪn"
    },
    {
        "name": "questionnaire",
        "trans": [
            "调查表，问卷"
        ],
        "usphone": "ˌkwɛstʃənˈɛr",
        "ukphone": "ˌkwestʃəˈneə(r)"
    },
    {
        "name": "subject",
        "trans": [
            "使遭受（某种经历）"
        ],
        "usphone": "ˈsʌbdʒɪkt;(for adj.)ˈsʌbdʒɪkt;(for v.)səbˈdʒɛkt",
        "ukphone": "ˈsʌbdʒɪkt;(for adj.)ˈsʌbdʒɪkt;(for v.)səbˈdʒekt"
    },
    {
        "name": "agility",
        "trans": [
            "敏捷，活泼"
        ],
        "usphone": "ə'dʒiləti",
        "ukphone": "ə'dʒɪlətɪ"
    },
    {
        "name": "significantly",
        "trans": [
            "意味深长地，值得注目地"
        ],
        "usphone": "sɪg'nɪfɪkəntli",
        "ukphone": "sɪg'nɪfɪk(ə)ntlɪ"
    },
    {
        "name": "nocturnal",
        "trans": [
            "夜间发生的"
        ],
        "usphone": "nɑk'tɝnl",
        "ukphone": "nɒk'tɜːn(ə)l"
    },
    {
        "name": "predator",
        "trans": [
            "食肉动物"
        ],
        "usphone": "'prɛdətɚ",
        "ukphone": "'predətə"
    },
    {
        "name": "pushy",
        "trans": [
            "执意强求的；死缠硬磨的"
        ],
        "usphone": "'pʊʃi",
        "ukphone": "'pʊʃɪ"
    },
    {
        "name": "overstimulate",
        "trans": [
            "过度刺激，过度激励"
        ],
        "usphone": "",
        "ukphone": ""
    },
    {
        "name": "self-esteem",
        "trans": [
            "自尊"
        ],
        "usphone": "ˌsɛlfəˈstim",
        "ukphone": "self ɪ'sti:m"
    },
    {
        "name": "rife",
        "trans": [
            "普遍的"
        ],
        "usphone": "raɪf",
        "ukphone": "raɪf"
    },
    {
        "name": "expectant",
        "trans": [
            "期待的，预期的"
        ],
        "usphone": "ɪk'spɛktənt",
        "ukphone": "ɪk'spekt(ə)nt; ek-"
    },
    {
        "name": "self respect",
        "trans": [
            "自尊，自重"
        ],
        "usphone": "",
        "ukphone": ""
    },
    {
        "name": "enrolment",
        "trans": [
            "入学，登记"
        ],
        "usphone": "ɪn'rolmənt",
        "ukphone": "ɪn'rəʊlm(ə)nt"
    },
    {
        "name": "plethora",
        "trans": [
            "过多，过剩"
        ],
        "usphone": "'plɛθərə",
        "ukphone": "'pleθ(ə)rə"
    },
    {
        "name": "arithmetic",
        "trans": [
            "算术，算法"
        ],
        "usphone": "ə'rɪθmətɪk",
        "ukphone": "ə'rɪθmətɪk"
    },
    {
        "name": "psychiatric",
        "trans": [
            "精神病学的，精神病治疗的"
        ],
        "usphone": ",saɪkɪ'ætrɪk",
        "ukphone": ",saɪkɪ'ætrɪk"
    },
    {
        "name": "Dutch",
        "trans": [
            "荷兰的，荷兰人的"
        ],
        "usphone": "dʌtʃ",
        "ukphone": "dʌtʃ"
    },
    {
        "name": "beset",
        "trans": [
            "困扰"
        ],
        "usphone": "bɪ'sɛt",
        "ukphone": "bɪ'set"
    },
    {
        "name": "interact",
        "trans": [
            "交流；交往；互相作用"
        ],
        "usphone": ",ɪntɚ'ækt",
        "ukphone": "ɪntər'ækt"
    },
    {
        "name": "peer",
        "trans": [
            "同龄人，同辈"
        ],
        "usphone": "pɪr",
        "ukphone": "pɪə"
    },
    {
        "name": "internalise",
        "trans": [
            "使……内在化"
        ],
        "usphone": "",
        "ukphone": ""
    },
    {
        "name": "speculate",
        "trans": [
            "推测"
        ],
        "usphone": "'spɛkjə'let",
        "ukphone": "'spekjʊleɪt"
    },
    {
        "name": "psychiatrist",
        "trans": [
            "精神病医师，精神病学家"
        ],
        "usphone": "saɪ'kaɪətrɪst",
        "ukphone": "saɪ'kaɪətrɪst"
    },
    {
        "name": "idiot",
        "trans": [
            "白痴，傻瓜"
        ],
        "usphone": "'ɪdɪət",
        "ukphone": "'ɪdɪət"
    },
    {
        "name": "savant",
        "trans": [
            "博学之士"
        ],
        "usphone": "sæ'vɑnt",
        "ukphone": "'sævənt"
    },
    {
        "name": "depict",
        "trans": [
            "描述，描写"
        ],
        "usphone": "dɪ'pɪkt",
        "ukphone": "dɪ'pɪkt"
    },
    {
        "name": "conscious",
        "trans": [
            "有意识的，有知觉的"
        ],
        "usphone": "'kɑnʃəs",
        "ukphone": "'kɒnʃəs"
    },
    {
        "name": "zap",
        "trans": [
            "毁坏；打击；快速度换频道"
        ],
        "usphone": "zæp",
        "ukphone": "zæp"
    },
    {
        "name": "zapper",
        "trans": [
            "遥控器；灭杀器"
        ],
        "usphone": "",
        "ukphone": ""
    },
    {
        "name": "magnetic",
        "trans": [
            "磁的，有磁性的"
        ],
        "usphone": "mæg'nɛtɪk",
        "ukphone": "mæg'netɪk"
    },
    {
        "name": "stimulation",
        "trans": [
            "刺激；激励；鼓舞"
        ],
        "usphone": "ˌstɪmjʊ'leʃn",
        "ukphone": ""
    },
    {
        "name": "recruit",
        "trans": [
            "劝说；招聘"
        ],
        "usphone": "rɪ'krut",
        "ukphone": "rɪ'kruːt"
    },
    {
        "name": "inactivity",
        "trans": [
            "静止，休止状态"
        ],
        "usphone": ",ɪnæk'tɪvəti",
        "ukphone": ",ɪnæk'tɪvɪtɪ"
    },
    {
        "name": "citizenship",
        "trans": [
            "公民权利，公民身份"
        ],
        "usphone": "'sɪtɪzənʃɪp",
        "ukphone": "'sɪtɪzən,ʃɪp"
    },
    {
        "name": "cookery",
        "trans": [
            "烹调术"
        ],
        "usphone": "'kukəri",
        "ukphone": "'kʊk(ə)rɪ"
    },
    {
        "name": "DIY",
        "trans": [
            "自己动手做"
        ],
        "usphone": "",
        "ukphone": ""
    },
    {
        "name": "incompetent",
        "trans": [
            "不合格的，不胜任的"
        ],
        "usphone": "ɪn'kɑmpɪtənt",
        "ukphone": "ɪn'kɒmpɪt(ə)nt"
    },
    {
        "name": "assembly",
        "trans": [
            "集会"
        ],
        "usphone": "ə'sɛmbli",
        "ukphone": "ə'semblɪ"
    },
    {
        "name": "fundamentally",
        "trans": [
            "根本上，基本上"
        ],
        "usphone": ",fʌndə'mɛntəli",
        "ukphone": "fʌndə'mentəlɪ"
    },
    {
        "name": "flourish",
        "trans": [
            "繁荣；兴旺；茁壮成长"
        ],
        "usphone": "ˈflɜːrɪʃ",
        "ukphone": "'flʌrɪʃ"
    },
    {
        "name": "undue",
        "trans": [
            "不适当的"
        ],
        "usphone": ",ʌn'du",
        "ukphone": "ʌn'djuː"
    },
    {
        "name": "essentially",
        "trans": [
            "本质上，本来"
        ],
        "usphone": "ɪ'sɛnʃəli",
        "ukphone": "ɪ'senʃ(ə)lɪ"
    },
    {
        "name": "empathy",
        "trans": [
            "同情，同感"
        ],
        "usphone": "'ɛmpəθi",
        "ukphone": "'empəθɪ"
    },
    {
        "name": "tolerance",
        "trans": [
            "宽容，忍受，容忍"
        ],
        "usphone": "'tɑlərəns",
        "ukphone": "'tɒl(ə)r(ə)ns"
    },
    {
        "name": "viewpoint",
        "trans": [
            "观点"
        ],
        "usphone": "'vjupɔɪnt",
        "ukphone": "'vjuːpɒɪnt"
    },
    {
        "name": "weave",
        "trans": [
            "编；织；编造"
        ],
        "usphone": "wiv",
        "ukphone": "wiːv"
    },
    {
        "name": "overt",
        "trans": [
            "明显的，公然的"
        ],
        "usphone": "o'vɝt",
        "ukphone": "əʊ'vɜːt; 'əʊvət"
    },
    {
        "name": "interpersonal",
        "trans": [
            "人与人之间的"
        ],
        "usphone": "'ɪntɚ'pɝsnl",
        "ukphone": "ɪntə'pɜːs(ə)n(ə)l"
    },
    {
        "name": "entity",
        "trans": [
            "独立存在体"
        ],
        "usphone": "'ɛntəti",
        "ukphone": "'entɪtɪ"
    },
    {
        "name": "interteam",
        "trans": [
            "团队间的"
        ],
        "usphone": "",
        "ukphone": ""
    },
    {
        "name": "intolerance",
        "trans": [
            "不能容忍"
        ],
        "usphone": "ɪn'tɑlərəns",
        "ukphone": "ɪn'tɒl(ə)r(ə)ns; ɪn'tɒl(ə)rəns"
    },
    {
        "name": "homophobia",
        "trans": [
            "对同性恋的憎恶"
        ],
        "usphone": "'homə'fobɪə",
        "ukphone": ",hɒmə'fəʊbɪə; ,həʊmə-"
    },
    {
        "name": "sexism",
        "trans": [
            "性别歧视"
        ],
        "usphone": "'sɛk'sɪzəm",
        "ukphone": "'seksɪz(ə)m"
    },
    {
        "name": "expertise",
        "trans": [
            "专门技能（知识）"
        ],
        "usphone": "'ɛkspɝ'tiz",
        "ukphone": ",ekspɜː'tiːz"
    },
    {
        "name": "articulate",
        "trans": [
            "清晰地表达"
        ],
        "usphone": "ɑr'tɪkjulet",
        "ukphone": "ɑ:'tɪkjʊleɪt"
    },
    {
        "name": "tickle",
        "trans": [
            "使发痒"
        ],
        "usphone": "'tɪkl",
        "ukphone": "'tɪk(ə)l"
    },
    {
        "name": "intake",
        "trans": [
            "吸气"
        ],
        "usphone": "'ɪn'tek",
        "ukphone": "'ɪnteɪk"
    },
    {
        "name": "nostril",
        "trans": [
            "鼻孔"
        ],
        "usphone": "'nɑstrəl",
        "ukphone": "'nɒstr(ə)l"
    },
    {
        "name": "seal",
        "trans": [
            "封，密封"
        ],
        "usphone": "sil",
        "ukphone": "sil"
    },
    {
        "name": "chin",
        "trans": [
            "下巴，下颚"
        ],
        "usphone": "tʃɪn",
        "ukphone": "tʃɪn"
    },
    {
        "name": "resuscitate",
        "trans": [
            "使恢复知觉；使苏醒"
        ],
        "usphone": "rɪ'sʌsɪtet",
        "ukphone": "rɪ'sʌsɪteɪt"
    },
    {
        "name": "self-preservation",
        "trans": [
            "自卫本能"
        ],
        "usphone": "'self,prezə'veiʃən",
        "ukphone": "'self,prezə'veiʃən"
    },
    {
        "name": "irreparable",
        "trans": [
            "不能挽回的"
        ],
        "usphone": "ɪ'rɛpərəbl",
        "ukphone": "ɪ'rep(ə)rəb(ə)l"
    },
    {
        "name": "straighten",
        "trans": [
            "(使)弄直，伸直"
        ],
        "usphone": "'stretn",
        "ukphone": "'streɪt(ə)n"
    },
    {
        "name": "pinch",
        "trans": [
            "捏，拧，掐"
        ],
        "usphone": "pɪntʃ",
        "ukphone": "pɪn(t)ʃ"
    },
    {
        "name": "exhale",
        "trans": [
            "呼气"
        ],
        "usphone": "ɛks'hel",
        "ukphone": "ɪks'heɪl; eks-"
    },
    {
        "name": "cardiac",
        "trans": [
            "心脏的"
        ],
        "usphone": "'kɑrdɪæk",
        "ukphone": "'kɑːdɪæk"
    },
    {
        "name": "irrelevant",
        "trans": [
            "不相关的，不切题的"
        ],
        "usphone": "ɪ'rɛləvənt",
        "ukphone": "ɪ'relɪv(ə)nt"
    },
    {
        "name": "literacy",
        "trans": [
            "读写能力"
        ],
        "usphone": "'lɪtərəsi",
        "ukphone": "'lɪt(ə)rəsɪ"
    },
    {
        "name": "performance-related pay",
        "trans": [
            "与工作表现挂钩的工资"
        ],
        "usphone": "",
        "ukphone": ""
    },
    {
        "name": "cramming",
        "trans": [
            "填鸭式教学"
        ],
        "usphone": "",
        "ukphone": ""
    },
    {
        "name": "mockery",
        "trans": [
            "嘲笑"
        ],
        "usphone": "'mɑkəri",
        "ukphone": "'mɒk(ə)rɪ"
    },
    {
        "name": "tuition",
        "trans": [
            "学费"
        ],
        "usphone": "tʊ'ɪʃən",
        "ukphone": "tjuː'ɪʃ(ə)n"
    },
    {
        "name": "chatty",
        "trans": [
            "饶舌的，爱讲闲话的"
        ],
        "usphone": "'tʃæti",
        "ukphone": "'tʃætɪ"
    },
    {
        "name": "grumpy",
        "trans": [
            "脾气坏的，性情乖戾的"
        ],
        "usphone": "'ɡrʌmpi",
        "ukphone": "'grʌmpɪ"
    },
    {
        "name": "irritable",
        "trans": [
            "易怒的，急躁的"
        ],
        "usphone": "'ɪrɪtəbl",
        "ukphone": "'ɪrɪtəb(ə)l"
    },
    {
        "name": "fussy",
        "trans": [
            "爱挑剔的，过于讲究的，难以取悦的"
        ],
        "usphone": "'fʌsi",
        "ukphone": "'fʌsɪ"
    },
    {
        "name": "sulk",
        "trans": [
            "生闷气，愠怒"
        ],
        "usphone": "sʌlk",
        "ukphone": "sʌlk"
    },
    {
        "name": "breezy",
        "trans": [
            "有微风的"
        ],
        "usphone": "'brizi",
        "ukphone": "'briːzɪ"
    },
    {
        "name": "loathe",
        "trans": [
            "厌恶，憎恨"
        ],
        "usphone": "loð",
        "ukphone": "ləʊð"
    },
    {
        "name": "growl",
        "trans": [
            "发牢骚地说"
        ],
        "usphone": "ɡraʊl",
        "ukphone": "graʊl"
    },
    {
        "name": "tidiness",
        "trans": [
            "整齐，整洁"
        ],
        "usphone": "",
        "ukphone": ""
    },
    {
        "name": "fanatically",
        "trans": [
            "（对某种事物或活动）入迷地"
        ],
        "usphone": "",
        "ukphone": ""
    },
    {
        "name": "tut",
        "trans": [
            "啧啧（表示不赞同）"
        ],
        "usphone": "tʌt",
        "ukphone": "tʌt"
    },
    {
        "name": "moan",
        "trans": [
            "抱怨；呻吟，呜咽"
        ],
        "usphone": "mon",
        "ukphone": "məʊn"
    },
    {
        "name": "drive sb.mad",
        "trans": [
            "使……发疯"
        ],
        "usphone": "",
        "ukphone": ""
    },
    {
        "name": "despise",
        "trans": [
            "鄙视"
        ],
        "usphone": "dɪ'spaɪz",
        "ukphone": "dɪ'spaɪz"
    },
    {
        "name": "intrude",
        "trans": [
            "打扰，干涉，侵扰"
        ],
        "usphone": "ɪn'trʊd",
        "ukphone": "ɪn'truːd"
    },
    {
        "name": "extrovert",
        "trans": [
            "性格外向者"
        ],
        "usphone": ",ɛkstrə'vɝt",
        "ukphone": "'ekstrəvɜːt"
    },
    {
        "name": "pry",
        "trans": [
            "探查"
        ],
        "usphone": "praɪ",
        "ukphone": "praɪ"
    },
    {
        "name": "suspicious",
        "trans": [
            "可疑的，怀疑的"
        ],
        "usphone": "sə'spɪʃəs",
        "ukphone": "sə'spɪʃəs"
    },
    {
        "name": "childishly",
        "trans": [
            "天真地，幼稚地"
        ],
        "usphone": "",
        "ukphone": ""
    },
    {
        "name": "go against",
        "trans": [
            "反对，违反"
        ],
        "usphone": "",
        "ukphone": ""
    },
    {
        "name": "shipwreck",
        "trans": [
            "海难，船只失事",
            "使遭海难"
        ],
        "usphone": "'ʃɪprɛk",
        "ukphone": "'ʃɪprek"
    },
    {
        "name": "cameraman",
        "trans": [
            "照相师，摄影师"
        ],
        "usphone": "'kæmrəmən",
        "ukphone": "'kæmrəmən"
    },
    {
        "name": "call for",
        "trans": [
            "需要，要求"
        ],
        "usphone": "",
        "ukphone": ""
    },
    {
        "name": "shortlist",
        "trans": [
            "(从初选名单再筛选出的)决选名单"
        ],
        "usphone": "'ʃɔ:tlist",
        "ukphone": "ˈʃɔ:tlɪst"
    },
    {
        "name": "bear in mind",
        "trans": [
            "记住"
        ],
        "usphone": "",
        "ukphone": ""
    },
    {
        "name": "rating",
        "trans": [
            "(电影、电视节目的)排行榜"
        ],
        "usphone": "'retɪŋ",
        "ukphone": "'reɪtɪŋ"
    },
    {
        "name": "prime",
        "trans": [
            "最重要的，首要的"
        ],
        "usphone": "praɪm",
        "ukphone": "praɪm"
    },
    {
        "name": "stiff",
        "trans": [
            "艰难的；严厉的"
        ],
        "usphone": "stɪf",
        "ukphone": "stɪf"
    },
    {
        "name": "irresponsible",
        "trans": [
            "不负责任的，不可靠的"
        ],
        "usphone": ",ɪrɪ'spɑnsəbl",
        "ukphone": "ˌɪrɪˈspɒnsəbl"
    },
    {
        "name": "swimsuit",
        "trans": [
            "(女)游泳衣"
        ],
        "usphone": "ˈswɪmˌsut",
        "ukphone": "'swɪmsuːt; -sjuːt"
    },
    {
        "name": "interaction",
        "trans": [
            "交互作用，互动"
        ],
        "usphone": ",ɪntə'rækʃən",
        "ukphone": "ɪntər'ækʃ(ə)n"
    },
    {
        "name": "overbearing",
        "trans": [
            "专横的，飞扬跋扈的"
        ],
        "usphone": ",ovɚ'bɛrɪŋ",
        "ukphone": "əʊvə'beərɪŋ"
    },
    {
        "name": "loner",
        "trans": [
            "孤独的人，喜欢独处的人"
        ],
        "usphone": "'lonɚ",
        "ukphone": "'ləʊnə"
    },
    {
        "name": "upgrade",
        "trans": [
            "提高级别，提升"
        ],
        "usphone": ",ʌp'ɡred",
        "ukphone": "ʌp'greɪd"
    },
    {
        "name": "distracted",
        "trans": [
            "心烦意乱的"
        ],
        "usphone": "dɪ'stræktɪd",
        "ukphone": "dɪ'stræktɪd"
    },
    {
        "name": "campus",
        "trans": [
            "大学校园"
        ],
        "usphone": "'kæmpəs",
        "ukphone": "'kæmpəs"
    },
    {
        "name": "pros and cons",
        "trans": [
            "赞成与反对"
        ],
        "usphone": "",
        "ukphone": ""
    },
    {
        "name": "make use of",
        "trans": [
            "利用"
        ],
        "usphone": "",
        "ukphone": ""
    },
    {
        "name": "meet up with",
        "trans": [
            "偶遇"
        ],
        "usphone": "",
        "ukphone": ""
    },
    {
        "name": "powder",
        "trans": [
            "粉，粉末"
        ],
        "usphone": "'paʊdɚ",
        "ukphone": "'paʊdə"
    },
    {
        "name": "untidy",
        "trans": [
            "不整洁的，凌乱的"
        ],
        "usphone": "ʌn'taɪdi",
        "ukphone": "ʌn'taɪdɪ"
    },
    {
        "name": "hassle",
        "trans": [
            "烦扰，不断打扰"
        ],
        "usphone": "'hæsl",
        "ukphone": "'hæs(ə)l"
    },
    {
        "name": "unfriendly",
        "trans": [
            "不友善地，不利地"
        ],
        "usphone": "ʌn'frɛndli",
        "ukphone": "ʌn'fren(d)lɪ"
    },
    {
        "name": "rejection",
        "trans": [
            "拒绝"
        ],
        "usphone": "rɪ'dʒɛkʃən",
        "ukphone": "rɪ'dʒekʃ(ə)n"
    },
    {
        "name": "reassurance",
        "trans": [
            "放心"
        ],
        "usphone": ",riə'ʃʊrəns",
        "ukphone": "riːə'ʃʊərəns"
    },
    {
        "name": "frustration",
        "trans": [
            "挫折，受挫"
        ],
        "usphone": "frʌ'streʃən",
        "ukphone": "frʌ'streɪʃn"
    },
    {
        "name": "enormous",
        "trans": [
            "巨大的，庞大的"
        ],
        "usphone": "ɪ'nɔrməs",
        "ukphone": "ɪ'nɔːməs"
    },
    {
        "name": "unhappiness",
        "trans": [
            "忧愁，苦恼"
        ],
        "usphone": "ʌn'hæpinis",
        "ukphone": ""
    },
    {
        "name": "overhear",
        "trans": [
            "无意中听到，偷听"
        ],
        "usphone": ",ovɚ'hɪr",
        "ukphone": "əʊvə'hɪə"
    },
    {
        "name": "rumour",
        "trans": [
            "谣言，传闻"
        ],
        "usphone": "'ru:mə",
        "ukphone": "'ruːmə"
    },
    {
        "name": "turn against",
        "trans": [
            "(使)与……为敌"
        ],
        "usphone": "",
        "ukphone": ""
    },
    {
        "name": "syndrome",
        "trans": [
            "综合病症"
        ],
        "usphone": "'sɪndrəm",
        "ukphone": "'sɪndrəʊm"
    },
    {
        "name": "swing",
        "trans": [
            "摇摆，摆动"
        ],
        "usphone": "swɪŋ",
        "ukphone": "swɪŋ"
    },
    {
        "name": "hormonal",
        "trans": [
            "荷尔蒙的，激素的"
        ],
        "usphone": "hɔr'monl",
        "ukphone": "hɔː'məʊn(ə)l"
    },
    {
        "name": "on the heels of",
        "trans": [
            "紧接着"
        ],
        "usphone": "",
        "ukphone": ""
    },
    {
        "name": "conception",
        "trans": [
            "构思；理解；怀孕"
        ],
        "usphone": "kən'sɛpʃən",
        "ukphone": "kən'sepʃ(ə)n"
    },
    {
        "name": "endurance",
        "trans": [
            "忍耐（力），持久（力），耐久（性）"
        ],
        "usphone": "ɪn'dʊrəns",
        "ukphone": "ɪn'djʊər(ə)ns; en-"
    },
    {
        "name": "gender",
        "trans": [
            "性别，性"
        ],
        "usphone": "'dʒɛndɚ",
        "ukphone": "'dʒendə"
    },
    {
        "name": "roughly",
        "trans": [
            "概略地，粗糙地"
        ],
        "usphone": "'rʌfli",
        "ukphone": "'rʌflɪ"
    },
    {
        "name": "hip",
        "trans": [
            "臀部"
        ],
        "usphone": "hɪp",
        "ukphone": "hɪp"
    },
    {
        "name": "cosmetic",
        "trans": [
            "化妆品"
        ],
        "usphone": "kɑz'mɛtɪk",
        "ukphone": "kɒz'metɪk"
    },
    {
        "name": "client",
        "trans": [
            "顾客，客户"
        ],
        "usphone": "'klaɪənt",
        "ukphone": "'klaɪənt"
    },
    {
        "name": "youthful",
        "trans": [
            "年轻的，青年的"
        ],
        "usphone": "'juθfl",
        "ukphone": "'juːθfʊl; -f(ə)l"
    },
    {
        "name": "anthropologist",
        "trans": [
            "人类学家"
        ],
        "usphone": ",ænθrə'pɑlədʒɪst",
        "ukphone": ",ænθrə'pɒlədʒɪst"
    },
    {
        "name": "outstrip",
        "trans": [
            "超过"
        ],
        "usphone": ",aʊt'strɪp",
        "ukphone": "aʊt'strɪp"
    },
    {
        "name": "antisocial",
        "trans": [
            "反社会的"
        ],
        "usphone": "'æntɪ'soʃəl",
        "ukphone": "æntɪ'səʊʃ(ə)l"
    },
    {
        "name": "susceptible",
        "trans": [
            "易受影响的"
        ],
        "usphone": "sə'sɛptəbl",
        "ukphone": "sə'septɪb(ə)l"
    },
    {
        "name": "infectious",
        "trans": [
            "易传染的"
        ],
        "usphone": "ɪn'fɛkʃəs",
        "ukphone": "ɪn'fekʃəs"
    },
    {
        "name": "side effect",
        "trans": [
            "(药物等的)副作用"
        ],
        "usphone": "",
        "ukphone": ""
    },
    {
        "name": "bowel",
        "trans": [
            "肠，内部"
        ],
        "usphone": "'baʊəl",
        "ukphone": "'baʊəl"
    },
    {
        "name": "motherhood",
        "trans": [
            "母性；母亲身份"
        ],
        "usphone": "'mʌðɚhʊd",
        "ukphone": "'mʌðəhʊd"
    },
    {
        "name": "evolve",
        "trans": [
            "发展"
        ],
        "usphone": "ɪ'vɑlv",
        "ukphone": "ɪ'vɒlv"
    },
    {
        "name": "rear",
        "trans": [
            "培养，饲养"
        ],
        "usphone": "rɪr",
        "ukphone": "rɪə"
    },
    {
        "name": "parenthood",
        "trans": [
            "父母身份"
        ],
        "usphone": "'pɛrənthʊd",
        "ukphone": "'peər(ə)nthʊd"
    }
]