[
    {
        "name": "likely",
        "trans": [
            "有可能的",
            "可能"
        ],
        "usphone": "'laɪkli",
        "ukphone": "'laɪklɪ"
    },
    {
        "name": "concept",
        "trans": [
            "概念"
        ],
        "usphone": "'kɑnsɛpt",
        "ukphone": "'kɒnsept"
    },
    {
        "name": "chart",
        "trans": [
            "表格，图表"
        ],
        "usphone": "tʃɑrt",
        "ukphone": "tʃɑːt"
    },
    {
        "name": "focus",
        "trans": [
            "集中注意"
        ],
        "usphone": "'fokəs",
        "ukphone": "'fəʊkəs"
    },
    {
        "name": "skip",
        "trans": [
            "跳过"
        ],
        "usphone": "skɪp",
        "ukphone": "skɪp"
    },
    {
        "name": "fist",
        "trans": [
            "拳头"
        ],
        "usphone": "fɪst",
        "ukphone": "fɪst"
    },
    {
        "name": "waist",
        "trans": [
            "腰"
        ],
        "usphone": "west",
        "ukphone": "weɪst"
    },
    {
        "name": "nail",
        "trans": [
            "指甲；趾甲"
        ],
        "usphone": "nel",
        "ukphone": "neɪl"
    },
    {
        "name": "gallery",
        "trans": [
            "画廊"
        ],
        "usphone": "'gæləri",
        "ukphone": "'gæl(ə)rɪ"
    },
    {
        "name": "cyberspace",
        "trans": [
            "网络空间"
        ],
        "usphone": "'saɪbɚspes",
        "ukphone": "'saɪbəspeɪs"
    },
    {
        "name": "come ture",
        "trans": [
            "(愿望、梦想等)实现"
        ],
        "usphone": "",
        "ukphone": ""
    },
    {
        "name": "artificial",
        "trans": [
            "人造的"
        ],
        "usphone": ",ɑrtɪ'fɪʃl",
        "ukphone": "ɑːtɪ'fɪʃ(ə)l"
    },
    {
        "name": "climate",
        "trans": [
            "气候"
        ],
        "usphone": "ˈklaɪmət",
        "ukphone": "ˈklaɪmɪt"
    },
    {
        "name": "global",
        "trans": [
            "全球的，全世界的"
        ],
        "usphone": "'ɡlobl",
        "ukphone": "'gləʊb(ə)l"
    },
    {
        "name": "flood",
        "trans": [
            "洪水，水灾",
            "淹没"
        ],
        "usphone": "flʌd",
        "ukphone": "flʌd"
    },
    {
        "name": "virtual",
        "trans": [
            "虚拟的"
        ],
        "usphone": "ˈvɝ​tʃʊəl",
        "ukphone": "ˈvɜ:tʃuəl"
    },
    {
        "name": "reality",
        "trans": [
            "真实，现实"
        ],
        "usphone": "rɪ'æləti",
        "ukphone": "rɪ'ælɪtɪ"
    },
    {
        "name": "virus",
        "trans": [
            "病毒"
        ],
        "usphone": "'vaɪrəs",
        "ukphone": "'vaɪrəs"
    },
    {
        "name": "affect",
        "trans": [
            "影响"
        ],
        "usphone": "ə'fɛkt",
        "ukphone": "ə'fekt"
    },
    {
        "name": "rapidly",
        "trans": [
            "快，迅速地"
        ],
        "usphone": "'ræpɪdli",
        "ukphone": "'ræpɪdlɪ"
    },
    {
        "name": "growth",
        "trans": [
            "增长；生长"
        ],
        "usphone": "ɡroθ",
        "ukphone": "grəʊθ"
    },
    {
        "name": "pessimistic",
        "trans": [
            "悲观的，厌世的"
        ],
        "usphone": ",pɛsɪ'mɪstɪk",
        "ukphone": ",pesɪ'mɪstɪk"
    },
    {
        "name": "crime",
        "trans": [
            "犯罪；罪行"
        ],
        "usphone": "kraɪm",
        "ukphone": "kraɪm"
    },
    {
        "name": "hacker",
        "trans": [
            "电脑黑客"
        ],
        "usphone": "'hækɚ",
        "ukphone": "'hækə"
    },
    {
        "name": "terrorist",
        "trans": [
            "恐怖分子"
        ],
        "usphone": "'tɛrərɪst",
        "ukphone": "'terərɪst"
    },
    {
        "name": "attack",
        "trans": [
            "攻击，进攻；袭击"
        ],
        "usphone": "ə'tæk",
        "ukphone": "ə'tæk"
    },
    {
        "name": "chaos",
        "trans": [
            "混乱，无秩序"
        ],
        "usphone": "'keɑs",
        "ukphone": "'keɪɒs"
    },
    {
        "name": "crash",
        "trans": [
            "(汽车、飞机等)撞毁；坠毁"
        ],
        "usphone": "kræʃ",
        "ukphone": "kræʃ"
    },
    {
        "name": "optimistic",
        "trans": [
            "乐观的"
        ],
        "usphone": ",ɑptɪ'mɪstɪk",
        "ukphone": "ɒptɪ'mɪstɪk"
    },
    {
        "name": "entertainment",
        "trans": [
            "娱乐；款待"
        ],
        "usphone": "ˌɛntɚ'tenmənt",
        "ukphone": "ˌentə'teɪnmənt"
    },
    {
        "name": "disappear",
        "trans": [
            "消失"
        ],
        "usphone": "'dɪsə'pɪr",
        "ukphone": "dɪsə'pɪə"
    },
    {
        "name": "as if",
        "trans": [
            "好像，仿佛"
        ],
        "usphone": "",
        "ukphone": ""
    },
    {
        "name": "harm",
        "trans": [
            "伤害，损害"
        ],
        "usphone": "hɑrm",
        "ukphone": "hɑːm"
    },
    {
        "name": "obvious",
        "trans": [
            "明显的，显而易见的"
        ],
        "usphone": "'ɑbvɪəs",
        "ukphone": "'ɒbvɪəs"
    },
    {
        "name": "destruction",
        "trans": [
            "破坏，毁灭"
        ],
        "usphone": "dɪ'strʌkʃən",
        "ukphone": "dɪ'strʌkʃ(ə)n"
    },
    {
        "name": "military",
        "trans": [
            "军事的，军用的"
        ],
        "usphone": "'mɪlətɛri",
        "ukphone": "'mɪlɪt(ə)rɪ"
    },
    {
        "name": "scientific",
        "trans": [
            "科学的"
        ],
        "usphone": ",saɪən'tɪfɪk",
        "ukphone": "saɪən'tɪfɪk"
    },
    {
        "name": "the Pentagon",
        "trans": [
            "(美国)五角大楼"
        ],
        "usphone": "",
        "ukphone": ""
    },
    {
        "name": "nuclear",
        "trans": [
            "原子能的"
        ],
        "usphone": "'nuklɪɚ",
        "ukphone": "'njuːklɪə"
    },
    {
        "name": "network",
        "trans": [
            "网络"
        ],
        "usphone": "'nɛtwɝk",
        "ukphone": "'netwɜːk"
    },
    {
        "name": "project",
        "trans": [
            "课题；方案；工程"
        ],
        "usphone": "prəˈdʒɛkt; prɑdʒɛkt",
        "ukphone": "prəˈdʒekt; ˈprɒdʒekt"
    },
    {
        "name": "get in touch",
        "trans": [
            "取得联系"
        ],
        "usphone": "",
        "ukphone": ""
    },
    {
        "name": "hang on",
        "trans": [
            "(电话用语)别挂断"
        ],
        "usphone": "",
        "ukphone": ""
    },
    {
        "name": "be up to",
        "trans": [
            "做，从事于"
        ],
        "usphone": "",
        "ukphone": ""
    },
    {
        "name": "fashion",
        "trans": [
            "时髦，时尚"
        ],
        "usphone": "'fæʃən",
        "ukphone": "'fæʃ(ə)n"
    },
    {
        "name": "fancy",
        "trans": [
            "想要做；幻想"
        ],
        "usphone": "'fænsi",
        "ukphone": "'fænsɪ"
    },
    {
        "name": "suggestion",
        "trans": [
            "建议，提议"
        ],
        "usphone": "sə'dʒɛstʃən",
        "ukphone": "sə'dʒestʃ(ə)n"
    },
    {
        "name": "reject",
        "trans": [
            "拒绝，不接受"
        ],
        "usphone": "(for v.)rɪˈdʒɛkt; (for n.)ˈriːdʒɛkt",
        "ukphone": "(for v.)rɪˈdʒɛkt; (for n.)ˈriːdʒɛkt"
    },
    {
        "name": "arrangement",
        "trans": [
            "安排"
        ],
        "usphone": "ə'rendʒmənt",
        "ukphone": "ə'reɪn(d)ʒm(ə)nt"
    },
    {
        "name": "title",
        "trans": [
            "标题，题目"
        ],
        "usphone": "'taɪtl",
        "ukphone": "'taɪt(ə)l"
    },
    {
        "name": "destination",
        "trans": [
            "目的地"
        ],
        "usphone": ",dɛstɪ'neʃən",
        "ukphone": ",destɪ'neɪʃ(ə)n"
    },
    {
        "name": "flesh",
        "trans": [
            "肉，肉体"
        ],
        "usphone": "flɛʃ",
        "ukphone": "fleʃ"
    },
    {
        "name": "exit",
        "trans": [
            "出，离开"
        ],
        "usphone": "'ɛɡzɪt",
        "ukphone": "'eksɪt; 'egzɪt"
    },
    {
        "name": "historical",
        "trans": [
            "历史的，有关历史的"
        ],
        "usphone": "hɪ'stɔrɪkl",
        "ukphone": "hɪ'stɒrɪk(ə)l"
    },
    {
        "name": "site",
        "trans": [
            "（事物或事件发生的）场所，位置"
        ],
        "usphone": "saɪt",
        "ukphone": "saɪt"
    },
    {
        "name": "pack",
        "trans": [
            "收拾（行李），打包"
        ],
        "usphone": "pæk",
        "ukphone": "pæk"
    },
    {
        "name": "dip",
        "trans": [
            "浸"
        ],
        "usphone": "dɪp",
        "ukphone": "dɪp"
    },
    {
        "name": "toe",
        "trans": [
            "脚趾"
        ],
        "usphone": "to",
        "ukphone": "təʊ"
    },
    {
        "name": "millionaire",
        "trans": [
            "百万富翁"
        ],
        "usphone": ",mɪljə'nɛr",
        "ukphone": "mɪljə'neə"
    },
    {
        "name": "smoker",
        "trans": [
            "吸烟者"
        ],
        "usphone": "'smokɚ",
        "ukphone": "'sməʊkə"
    },
    {
        "name": "tourism",
        "trans": [
            "观光，游览"
        ],
        "usphone": "'tʊrɪzəm",
        "ukphone": "'tʊərɪz(ə)m"
    },
    {
        "name": "guide",
        "trans": [
            "指南；导游，向导"
        ],
        "usphone": "ɡaɪd",
        "ukphone": "gaɪd"
    },
    {
        "name": "locate",
        "trans": [
            "坐落于；位于"
        ],
        "usphone": "ˈloˌket; loˈket",
        "ukphone": "lə(ʊ)'keɪt"
    },
    {
        "name": "seaside",
        "trans": [
            "海滨，海边"
        ],
        "usphone": "'sisaɪd",
        "ukphone": "'siːsaɪd"
    },
    {
        "name": "Maori",
        "trans": [
            "（新西兰）毛利人"
        ],
        "usphone": "'mauri",
        "ukphone": "'mauri"
    },
    {
        "name": "settle",
        "trans": [
            "定居"
        ],
        "usphone": "'sɛtl",
        "ukphone": "'set(ə)l"
    },
    {
        "name": "settlement",
        "trans": [
            "（新）定居地"
        ],
        "usphone": "'sɛtlmənt",
        "ukphone": "'set(ə)lm(ə)nt"
    },
    {
        "name": "central",
        "trans": [
            "中央的，中心的"
        ],
        "usphone": "'sɛntrəl",
        "ukphone": "'sentr(ə)l"
    },
    {
        "name": "suburb",
        "trans": [
            "市郊，郊区"
        ],
        "usphone": "'sʌbɝb",
        "ukphone": "'sʌbɜːb"
    },
    {
        "name": "zone",
        "trans": [
            "地域，地区"
        ],
        "usphone": "zon",
        "ukphone": "zəʊn"
    },
    {
        "name": "volcano",
        "trans": [
            "火山"
        ],
        "usphone": "vɑl'keno",
        "ukphone": "vɒl'keɪnəʊ"
    },
    {
        "name": "as well as",
        "trans": [
            "也，又"
        ],
        "usphone": "",
        "ukphone": ""
    },
    {
        "name": "harbour",
        "trans": [
            "海港"
        ],
        "usphone": "hɑrbɚ",
        "ukphone": "ˈhɑ:bə(r)"
    },
    {
        "name": "view",
        "trans": [
            "景色，风景，视野"
        ],
        "usphone": "vju",
        "ukphone": "vjuː"
    },
    {
        "name": "sunshine",
        "trans": [
            "阳光"
        ],
        "usphone": "'sʌnʃaɪn",
        "ukphone": "'sʌnʃaɪn"
    },
    {
        "name": "average",
        "trans": [
            "平均的",
            "平均数"
        ],
        "usphone": "'ævərɪdʒ",
        "ukphone": "'æv(ə)rɪdʒ"
    },
    {
        "name": "surfing",
        "trans": [
            "冲浪"
        ],
        "usphone": "'sɝfɪŋ",
        "ukphone": "'sɜːfɪŋ"
    },
    {
        "name": "regular",
        "trans": [
            "定期的；规则的"
        ],
        "usphone": "'rɛgjəlɚ",
        "ukphone": "'regjʊlə"
    },
    {
        "name": "location",
        "trans": [
            "位置，场所"
        ],
        "usphone": "lo'keʃən",
        "ukphone": "lə(ʊ)'keɪʃ(ə)n"
    },
    {
        "name": "steel",
        "trans": [
            "钢，钢铁"
        ],
        "usphone": "stil",
        "ukphone": "stiːl"
    },
    {
        "name": "material",
        "trans": [
            "材料，原料"
        ],
        "usphone": "mə'tɪrɪəl",
        "ukphone": "mə'tɪərɪəl"
    },
    {
        "name": "be known as",
        "trans": [
            "被认为是，以……知名"
        ],
        "usphone": "",
        "ukphone": ""
    },
    {
        "name": "Chinatown",
        "trans": [
            "唐人街"
        ],
        "usphone": "'tʃaɪnə,taʊn",
        "ukphone": "'tʃaɪnə,taʊn"
    },
    {
        "name": "officially",
        "trans": [
            "正式地"
        ],
        "usphone": "ə'fɪʃəli",
        "ukphone": "ə'fɪʃəlɪ"
    },
    {
        "name": "scenery",
        "trans": [
            "风景，景色"
        ],
        "usphone": "'sinəri",
        "ukphone": "'siːn(ə)rɪ"
    },
    {
        "name": "cuisine",
        "trans": [
            "烹饪"
        ],
        "usphone": "kwɪ'zin",
        "ukphone": "kwɪ'ziːn"
    },
    {
        "name": "attractive",
        "trans": [
            "吸引人的，有魅力的"
        ],
        "usphone": "ə'træktɪv",
        "ukphone": "ə'træktɪv"
    },
    {
        "name": "spider",
        "trans": [
            "蜘蛛"
        ],
        "usphone": "'spaɪdɚ",
        "ukphone": "'spaɪdə"
    },
    {
        "name": "web",
        "trans": [
            "蜘蛛网；网状物"
        ],
        "usphone": "wɛb",
        "ukphone": "web"
    },
    {
        "name": "folk",
        "trans": [
            "民间的"
        ],
        "usphone": "fok",
        "ukphone": "fəʊk"
    },
    {
        "name": "jazz",
        "trans": [
            "爵士乐"
        ],
        "usphone": "dʒæz",
        "ukphone": "dʒæz"
    },
    {
        "name": "rock 'n' roll",
        "trans": [
            "摇滚乐"
        ],
        "usphone": "",
        "ukphone": ""
    },
    {
        "name": "disco",
        "trans": [
            "迪斯科舞"
        ],
        "usphone": "'dɪsko",
        "ukphone": "'dɪskəʊ"
    },
    {
        "name": "ballet",
        "trans": [
            "芭蕾舞"
        ],
        "usphone": "bæ'le",
        "ukphone": "'bæleɪ; -lɪ"
    },
    {
        "name": "effect",
        "trans": [
            "效果，作用"
        ],
        "usphone": "ɪ'fɛkt",
        "ukphone": "ɪ'fekt"
    },
    {
        "name": "disappoint",
        "trans": [
            "使失望"
        ],
        "usphone": "'dɪsə'pɔɪnt",
        "ukphone": "dɪsə'pɒɪnt"
    },
    {
        "name": "extraordinary",
        "trans": [
            "非凡的，特别的"
        ],
        "usphone": "ɪkˈstrɔrdənerɪ; ɪkˈstrɔrdnˌɛrɪ",
        "ukphone": "ɪkˈstrɔ:dnrɪ"
    },
    {
        "name": "unclear",
        "trans": [
            "不清楚的"
        ],
        "usphone": ",ʌn'klɪr",
        "ukphone": "ʌn'klɪə"
    },
    {
        "name": "be used to",
        "trans": [
            "习惯于"
        ],
        "usphone": "",
        "ukphone": ""
    },
    {
        "name": "album",
        "trans": [
            "唱片；相册；集邮册"
        ],
        "usphone": "'ælbəm",
        "ukphone": "'ælbəm"
    },
    {
        "name": "performance",
        "trans": [
            "表演；演奏；表现"
        ],
        "usphone": "pɚ'fɔrməns",
        "ukphone": "pə'fɔːm(ə)ns"
    },
    {
        "name": "perform",
        "trans": [
            "表演；做"
        ],
        "usphone": "pɚ'fɔrm",
        "ukphone": "pə'fɔːm"
    },
    {
        "name": "award",
        "trans": [
            "奖，奖品"
        ],
        "usphone": "ə'wɔrd",
        "ukphone": "ə'wɔːd"
    },
    {
        "name": "base",
        "trans": [
            "基地，基础"
        ],
        "usphone": "bes",
        "ukphone": "beɪs"
    },
    {
        "name": "extremely",
        "trans": [
            "极端地，非常地"
        ],
        "usphone": "ɪk'strimli",
        "ukphone": "ɪk'striːmlɪ; ek-"
    },
    {
        "name": "creative",
        "trans": [
            "有创造力的，创造性的"
        ],
        "usphone": "krɪ'etɪv",
        "ukphone": "kriː'eɪtɪv"
    },
    {
        "name": "powerful",
        "trans": [
            "强大的，有力的"
        ],
        "usphone": "'paʊɚfl",
        "ukphone": "'paʊəfʊl; -f(ə)l"
    },
    {
        "name": "anger",
        "trans": [
            "气愤，愤怒"
        ],
        "usphone": "'æŋɡɚ",
        "ukphone": "'æŋgə"
    },
    {
        "name": "system",
        "trans": [
            "系统"
        ],
        "usphone": "'sɪstəm",
        "ukphone": "'sɪstəm"
    },
    {
        "name": "audience",
        "trans": [
            "听众；观众"
        ],
        "usphone": "'ɔdɪəns",
        "ukphone": "'ɔːdɪəns"
    },
    {
        "name": "throughout",
        "trans": [
            "贯穿，遍及"
        ],
        "usphone": "θrʊ'aʊt",
        "ukphone": "θruː'aʊt"
    },
    {
        "name": "impress",
        "trans": [
            "使（人）印象深刻"
        ],
        "usphone": "ɪm'prɛs",
        "ukphone": "ɪm'pres"
    },
    {
        "name": "performer",
        "trans": [
            "表演者"
        ],
        "usphone": "pɚ'fɔrmɚ",
        "ukphone": "pə'fɔːmə(r)"
    },
    {
        "name": "instrument",
        "trans": [
            "乐器；工具"
        ],
        "usphone": "'ɪnstrəmənt",
        "ukphone": "'ɪnstrʊm(ə)nt"
    },
    {
        "name": "male",
        "trans": [
            "男性的"
        ],
        "usphone": "mel",
        "ukphone": "meɪl"
    },
    {
        "name": "female",
        "trans": [
            "女性的"
        ],
        "usphone": "'fimel",
        "ukphone": "'fiːmeɪl"
    },
    {
        "name": "clown",
        "trans": [
            "小丑"
        ],
        "usphone": "klaʊn",
        "ukphone": "klaʊn"
    },
    {
        "name": "carriage",
        "trans": [
            "马车"
        ],
        "usphone": "'kærɪdʒ",
        "ukphone": "'kærɪdʒ"
    },
    {
        "name": "treasure",
        "trans": [
            "财宝，财富"
        ],
        "usphone": "'trɛʒɚ",
        "ukphone": "'treʒə"
    },
    {
        "name": "combine",
        "trans": [
            "（使）结合，（使）联合"
        ],
        "usphone": "kəm'baɪn",
        "ukphone": "kəm'baɪn"
    },
    {
        "name": "mask",
        "trans": [
            "面具，面罩；伪装，掩饰"
        ],
        "usphone": "mæsk",
        "ukphone": "mɑːsk"
    },
    {
        "name": "acrobatics",
        "trans": [
            "杂技"
        ],
        "usphone": ",ækrə'bætɪks",
        "ukphone": "ækrə'bætɪks"
    },
    {
        "name": "costume",
        "trans": [
            "戏装；服装"
        ],
        "usphone": "ˈkɑsˌtum",
        "ukphone": "kɒstjuːm"
    },
    {
        "name": "represent",
        "trans": [
            "代表"
        ],
        "usphone": ",rɛprɪ'zɛnt",
        "ukphone": "reprɪ'zent"
    },
    {
        "name": "general",
        "trans": [
            "将军"
        ],
        "usphone": "'dʒɛnrəl",
        "ukphone": "'dʒen(ə)r(ə)l"
    },
    {
        "name": "in other words",
        "trans": [
            "换句话说"
        ],
        "usphone": "",
        "ukphone": ""
    },
    {
        "name": "pianist",
        "trans": [
            "钢琴家，钢琴演奏者"
        ],
        "usphone": "'pɪənɪst",
        "ukphone": "'pɪənɪst"
    },
    {
        "name": "musician",
        "trans": [
            "音乐家"
        ],
        "usphone": "mjʊ'zɪʃən",
        "ukphone": "mjuː'zɪʃ(ə)n"
    },
    {
        "name": "at times",
        "trans": [
            "有时，不时"
        ],
        "usphone": "",
        "ukphone": ""
    },
    {
        "name": "quit",
        "trans": [
            "(quitted,quitted;quit,quit)停止；辞职"
        ],
        "usphone": "kwɪt",
        "ukphone": "kwɪt"
    },
    {
        "name": "talent",
        "trans": [
            "才干，才能；天才，天赋"
        ],
        "usphone": "'tælənt",
        "ukphone": "'tælənt"
    },
    {
        "name": "worldwide",
        "trans": [
            "在全世界"
        ],
        "usphone": "'wɝldwaɪd",
        "ukphone": "'wɜːl(d)waɪd; wɜːl(d)'waɪd"
    },
    {
        "name": "in some ways",
        "trans": [
            "在某些方面"
        ],
        "usphone": "",
        "ukphone": ""
    },
    {
        "name": "identity",
        "trans": [
            "身份；特性"
        ],
        "usphone": "aɪ'dɛntəti",
        "ukphone": "aɪ'dentɪtɪ"
    },
    {
        "name": "root",
        "trans": [
            "根"
        ],
        "usphone": "rut",
        "ukphone": "ruːt"
    },
    {
        "name": "rediscover",
        "trans": [
            "重新发现"
        ],
        "usphone": ",ridɪ'skʌvɚ",
        "ukphone": "riːdɪ'skʌvə"
    },
    {
        "name": "beauty",
        "trans": [
            "美；美貌；美人"
        ],
        "usphone": "'bjuti",
        "ukphone": "'bjuːtɪ"
    },
    {
        "name": "appearance",
        "trans": [
            "外貌，外观"
        ],
        "usphone": "ə'pɪrəns",
        "ukphone": "ə'pɪər(ə)ns"
    },
    {
        "name": "shave",
        "trans": [
            "剃，刮"
        ],
        "usphone": "ʃev",
        "ukphone": "ʃeɪv"
    },
    {
        "name": "hairstyle",
        "trans": [
            "发型"
        ],
        "usphone": "'hɛr'staɪl",
        "ukphone": "'heəstaɪl"
    },
    {
        "name": "transform",
        "trans": [
            "转换，转化"
        ],
        "usphone": "træns'fɔrm",
        "ukphone": "træns'fɔːm; trɑːns-; -nz-"
    },
    {
        "name": "waltz",
        "trans": [
            "华尔兹舞"
        ],
        "usphone": "wɔlts",
        "ukphone": "wɔːl(t)s; wɒl-"
    },
    {
        "name": "breakdance",
        "trans": [
            "霹雳舞"
        ],
        "usphone": "",
        "ukphone": ""
    },
    {
        "name": "encyclopedia",
        "trans": [
            "百科全书"
        ],
        "usphone": "ɪnˌsaɪkləˈpidiɚ",
        "ukphone": "ɪnˌsaɪkləˈpiːdiə"
    },
    {
        "name": "sword",
        "trans": [
            "剑"
        ],
        "usphone": "sɔrd",
        "ukphone": "sɔːd"
    },
    {
        "name": "peacock",
        "trans": [
            "孔雀"
        ],
        "usphone": "'pikɑk",
        "ukphone": "'piːkɒk"
    },
    {
        "name": "Swan Lake",
        "trans": [
            "（芭蕾舞剧）天鹅湖"
        ],
        "usphone": "",
        "ukphone": ""
    },
    {
        "name": "ordinary",
        "trans": [
            "普通的;平常的"
        ],
        "usphone": "'ɔrdnɛri",
        "ukphone": "'ɔːdɪn(ə)rɪ; -d(ə)n-"
    },
    {
        "name": "generation",
        "trans": [
            "代，一代"
        ],
        "usphone": "'dʒɛnə'reʃən",
        "ukphone": "dʒenə'reɪʃ(ə)n"
    },
    {
        "name": "type",
        "trans": [
            "类型，种类"
        ],
        "usphone": "taɪp",
        "ukphone": "taɪp"
    },
    {
        "name": "skip.",
        "trans": [
            "跳，蹦"
        ],
        "usphone": "skɪp",
        "ukphone": "skɪp"
    },
    {
        "name": "back and forth",
        "trans": [
            "往返，来回"
        ],
        "usphone": "",
        "ukphone": ""
    },
    {
        "name": "unique",
        "trans": [
            "独特的，唯一的"
        ],
        "usphone": "jʊ'nik",
        "ukphone": "juː'niːk"
    },
    {
        "name": "noble",
        "trans": [
            "贵族的;高尚的，高贵的",
            "贵族"
        ],
        "usphone": "'nobl",
        "ukphone": "'nəʊb(ə)l"
    },
    {
        "name": "ballroom",
        "trans": [
            "舞厅，跳舞场"
        ],
        "usphone": "'bɔl'rʊm",
        "ukphone": "'bɔːlruːm; -rʊm"
    },
    {
        "name": "immigrant",
        "trans": [
            "移民的，移居的"
        ],
        "usphone": "'ɪmɪɡrənt",
        "ukphone": "'ɪmɪgr(ə)nt"
    },
    {
        "name": "tap dancing",
        "trans": [
            "踢踏舞"
        ],
        "usphone": "",
        "ukphone": ""
    },
    {
        "name": "tango",
        "trans": [
            "探戈舞"
        ],
        "usphone": "'tæŋɡo",
        "ukphone": "'tæŋgəʊ"
    },
    {
        "name": "reaction",
        "trans": [
            "反应"
        ],
        "usphone": "rɪ'ækʃən",
        "ukphone": "rɪ'ækʃ(ə)n"
    },
    {
        "name": "responsible",
        "trans": [
            "有责任的，应负责任的"
        ],
        "usphone": "rɪˈspɑnsəbəl",
        "ukphone": "rɪ'spɒnsɪb(ə)l"
    },
    {
        "name": "permission",
        "trans": [
            "允许，许可"
        ],
        "usphone": "pɚ'mɪʃən",
        "ukphone": "pə'mɪʃ(ə)n"
    },
    {
        "name": "realistic",
        "trans": [
            "现实（主义）的"
        ],
        "usphone": ",riə'lɪstɪk",
        "ukphone": "rɪə'lɪstɪk"
    },
    {
        "name": "abstract",
        "trans": [
            "抽象的，深奥的"
        ],
        "usphone": "'æbstrækt",
        "ukphone": "'æbstrækt"
    },
    {
        "name": "straight",
        "trans": [
            "直的",
            "直，直接"
        ],
        "usphone": "stret",
        "ukphone": "streɪt"
    },
    {
        "name": "wavy",
        "trans": [
            "波状的"
        ],
        "usphone": "'wevi",
        "ukphone": "'weɪvɪ"
    },
    {
        "name": "imagination",
        "trans": [
            "想象；想象力"
        ],
        "usphone": "ɪ,mædʒɪ'neʃən",
        "ukphone": "ɪ,mædʒɪ'neɪʃ(ə)n"
    },
    {
        "name": "painter",
        "trans": [
            "画家；油漆匠"
        ],
        "usphone": "'pentɚ",
        "ukphone": "'peɪntə"
    },
    {
        "name": "pain",
        "trans": [
            "痛苦；疼，痛"
        ],
        "usphone": "pen",
        "ukphone": "peɪn"
    },
    {
        "name": "exhibition",
        "trans": [
            "展览会"
        ],
        "usphone": "ˌɛksəˈbɪʃən",
        "ukphone": "ˌeksɪˈbɪʃn"
    },
    {
        "name": "poetry",
        "trans": [
            "诗（总称）"
        ],
        "usphone": "'poətri",
        "ukphone": "'pəʊɪtrɪ"
    },
    {
        "name": "missile",
        "trans": [
            "导弹"
        ],
        "usphone": "'mɪsl",
        "ukphone": "'mɪsaɪl"
    },
    {
        "name": "mane",
        "trans": [
            "鬃毛"
        ],
        "usphone": "men",
        "ukphone": "meɪn"
    },
    {
        "name": "shade",
        "trans": [
            "(色彩的)浓淡；阴影"
        ],
        "usphone": "ʃed",
        "ukphone": "ʃeɪd"
    },
    {
        "name": "sweat",
        "trans": [
            "汗"
        ],
        "usphone": "swɛt",
        "ukphone": "swet"
    },
    {
        "name": "youth",
        "trans": [
            "青春；年轻人"
        ],
        "usphone": "jʊθ",
        "ukphone": "juːθ"
    },
    {
        "name": "insect",
        "trans": [
            "昆虫"
        ],
        "usphone": "'ɪnsɛkt",
        "ukphone": "'ɪnsekt"
    },
    {
        "name": "fix one's eyes on",
        "trans": [
            "注视，凝视"
        ],
        "usphone": "",
        "ukphone": ""
    },
    {
        "name": "creature",
        "trans": [
            "动物；（有特性或特质的）人"
        ],
        "usphone": "'kritʃɚ",
        "ukphone": "'kriːtʃə"
    },
    {
        "name": "artist",
        "trans": [
            "画家；艺术家"
        ],
        "usphone": "'ɑrtɪst",
        "ukphone": "'ɑːtɪst"
    },
    {
        "name": "valuable",
        "trans": [
            "贵重的，有价值的"
        ],
        "usphone": "ˈvæljuəbəl; ˈvæljə-",
        "ukphone": "'væljʊəb(ə)l"
    },
    {
        "name": "typical",
        "trans": [
            "典型的"
        ],
        "usphone": "'tɪpɪkl",
        "ukphone": "'tɪpɪk(ə)l"
    },
    {
        "name": "elegantly",
        "trans": [
            "优雅地"
        ],
        "usphone": "",
        "ukphone": ""
    },
    {
        "name": "emphasize",
        "trans": [
            "强调"
        ],
        "usphone": "'ɛmfəsaɪz",
        "ukphone": "'emfəsaɪz"
    },
    {
        "name": "detail",
        "trans": [
            "细节，详情"
        ],
        "usphone": "dɪˈtel",
        "ukphone": "'diːteɪl"
    },
    {
        "name": "cloth",
        "trans": [
            "布，布料"
        ],
        "usphone": "klɔθ",
        "ukphone": "klɒθ"
    },
    {
        "name": "fold",
        "trans": [
            "皱褶"
        ],
        "usphone": "fold",
        "ukphone": "fəʊld"
    },
    {
        "name": "shallow",
        "trans": [
            "浅的"
        ],
        "usphone": "'ʃælo",
        "ukphone": "'ʃæləʊ"
    },
    {
        "name": "shore",
        "trans": [
            "岸边"
        ],
        "usphone": "ʃɔr",
        "ukphone": "ʃɔː"
    },
    {
        "name": "eyesight",
        "trans": [
            "视力"
        ],
        "usphone": "'aɪsaɪt",
        "ukphone": "'aɪsaɪt"
    },
    {
        "name": "marble",
        "trans": [
            "大理石"
        ],
        "usphone": "'mɑrbl",
        "ukphone": "'mɑːb(ə)l"
    },
    {
        "name": "concrete",
        "trans": [
            "混凝土"
        ],
        "usphone": "'kɑŋkrit",
        "ukphone": "'kɒŋkriːt"
    },
    {
        "name": "feature",
        "trans": [
            "特征，特色"
        ],
        "usphone": "'fitʃɚ",
        "ukphone": "'fiːtʃə"
    },
    {
        "name": "balcony",
        "trans": [
            "阳台"
        ],
        "usphone": "'bælkənɪ",
        "ukphone": "'bælkənɪ"
    },
    {
        "name": "roof",
        "trans": [
            "房顶"
        ],
        "usphone": "ruf",
        "ukphone": "ruːf"
    },
    {
        "name": "statue",
        "trans": [
            "雕像"
        ],
        "usphone": "'stætʃu",
        "ukphone": "ˈstætʃu:"
    },
    {
        "name": "castle",
        "trans": [
            "城堡"
        ],
        "usphone": "'kæsl",
        "ukphone": "'kɑːs(ə)l"
    },
    {
        "name": "skyscraper",
        "trans": [
            "摩天大楼"
        ],
        "usphone": "'skaɪ'skrepɚ",
        "ukphone": "'skaɪskreɪpə"
    },
    {
        "name": "angel",
        "trans": [
            "天使"
        ],
        "usphone": "'endʒl",
        "ukphone": "'eɪndʒ(ə)l"
    },
    {
        "name": "architect",
        "trans": [
            "建筑师"
        ],
        "usphone": "'ɑrkɪtɛkt",
        "ukphone": "'ɑːkɪtekt"
    },
    {
        "name": "ruin",
        "trans": [
            "毁坏，毁灭"
        ],
        "usphone": "'ruɪn",
        "ukphone": "'ruːɪn"
    },
    {
        "name": "loch",
        "trans": [
            "湖；海湾"
        ],
        "usphone": "lɑk",
        "ukphone": "lɒk"
    },
    {
        "name": "fairytale",
        "trans": [
            "童话"
        ],
        "usphone": "'fɛrɪ,tel",
        "ukphone": "ˈfeəriteil"
    },
    {
        "name": "granite",
        "trans": [
            "花岗岩"
        ],
        "usphone": "'grænɪt",
        "ukphone": "'grænɪt"
    },
    {
        "name": "sort of",
        "trans": [
            "有几分地"
        ],
        "usphone": "",
        "ukphone": ""
    },
    {
        "name": "cafe",
        "trans": [
            "咖啡馆"
        ],
        "usphone": "kæ'fe",
        "ukphone": "'kæfeɪ; 'kæfɪ"
    },
    {
        "name": "phoenix",
        "trans": [
            "凤凰"
        ],
        "usphone": "'finɪks",
        "ukphone": "'fiːnɪks"
    },
    {
        "name": "rooster",
        "trans": [
            "雄鸡，公鸡"
        ],
        "usphone": "'rustɚ",
        "ukphone": "'ruːstə"
    },
    {
        "name": "bat",
        "trans": [
            "蝙蝠"
        ],
        "usphone": "bæt",
        "ukphone": "bæt"
    },
    {
        "name": "tomb",
        "trans": [
            "坟墓"
        ],
        "usphone": "tum",
        "ukphone": "tuːm"
    },
    {
        "name": "date back to",
        "trans": [
            "追溯到"
        ],
        "usphone": "",
        "ukphone": ""
    },
    {
        "name": "dynasty",
        "trans": [
            "朝代，王朝"
        ],
        "usphone": "'daɪnəsti",
        "ukphone": "'dɪnəstɪ"
    },
    {
        "name": "religious",
        "trans": [
            "宗教的；虔诚的"
        ],
        "usphone": "rɪ'lɪdʒəs",
        "ukphone": "rɪ'lɪdʒəs"
    },
    {
        "name": "purpose",
        "trans": [
            "目的，意图"
        ],
        "usphone": "'pɝpəs",
        "ukphone": "'pɜːpəs"
    },
    {
        "name": "pattern",
        "trans": [
            "式样，模式"
        ],
        "usphone": "ˈpætərn",
        "ukphone": "'pæt(ə)n"
    },
    {
        "name": "character",
        "trans": [
            "(书写或印刷的)字，字体"
        ],
        "usphone": "'kærɪktɚ",
        "ukphone": "'kærəktə"
    },
    {
        "name": "happiness",
        "trans": [
            "幸福，快乐"
        ],
        "usphone": "'hæpɪnəs",
        "ukphone": "'hæpɪnəs"
    },
    {
        "name": "temple",
        "trans": [
            "庙宇，寺庙"
        ],
        "usphone": "'tɛmpl",
        "ukphone": "ˈtempl"
    },
    {
        "name": "offering",
        "trans": [
            "供品，祭品"
        ],
        "usphone": "'ɔfərɪŋ",
        "ukphone": "'ɒf(ə)rɪŋ"
    },
    {
        "name": "relate",
        "trans": [
            "把……与……联系起来"
        ],
        "usphone": "rɪ'let",
        "ukphone": "rɪ'leɪt"
    },
    {
        "name": "jewellery",
        "trans": [
            "（总称）珠宝"
        ],
        "usphone": "'dʒu:əlri",
        "ukphone": "'dʒuːəlrɪ"
    },
    {
        "name": "try out",
        "trans": [
            "试用，试验"
        ],
        "usphone": "",
        "ukphone": ""
    },
    {
        "name": "cottage",
        "trans": [
            "村舍，小屋"
        ],
        "usphone": "'kɑtɪdʒ",
        "ukphone": "'kɒtɪdʒ"
    },
    {
        "name": "rent",
        "trans": [
            "租金"
        ],
        "usphone": "rɛnt",
        "ukphone": "rent"
    },
    {
        "name": "landlord",
        "trans": [
            "房东"
        ],
        "usphone": "'lændlɔrd",
        "ukphone": "'læn(d)lɔːd"
    },
    {
        "name": "worm",
        "trans": [
            "虫，小虫"
        ],
        "usphone": "wɝm",
        "ukphone": "wɜːm"
    },
    {
        "name": "pipe",
        "trans": [
            "管子"
        ],
        "usphone": "paɪp",
        "ukphone": "paɪp"
    },
    {
        "name": "mercy",
        "trans": [
            "慈悲，怜悯，同情心"
        ],
        "usphone": "'mɝsi",
        "ukphone": "'mɜːsɪ"
    },
    {
        "name": "washroom",
        "trans": [
            "盥洗室"
        ],
        "usphone": "'wɑʃrum",
        "ukphone": "'wɒʃruːm; -rʊm"
    },
    {
        "name": "damp",
        "trans": [
            "潮湿的"
        ],
        "usphone": "dæmp",
        "ukphone": "dæmp"
    },
    {
        "name": "bathtub",
        "trans": [
            "浴缸，澡盆"
        ],
        "usphone": "bæθtʌb",
        "ukphone": "'bɑːθtʌb"
    },
    {
        "name": "basement",
        "trans": [
            "地下室"
        ],
        "usphone": "'besmənt",
        "ukphone": "'beɪsm(ə)nt"
    },
    {
        "name": "bathe",
        "trans": [
            "洗澡；沐浴"
        ],
        "usphone": "beð",
        "ukphone": "beɪð"
    },
    {
        "name": "fence",
        "trans": [
            "栅栏，围墙"
        ],
        "usphone": "fɛns",
        "ukphone": "fens"
    },
    {
        "name": "narrow",
        "trans": [
            "狭窄的"
        ],
        "usphone": "'næro",
        "ukphone": "'nærəʊ"
    },
    {
        "name": "hold one's breath",
        "trans": [
            "屏住呼吸"
        ],
        "usphone": "",
        "ukphone": ""
    },
    {
        "name": "garage",
        "trans": [
            "车库"
        ],
        "usphone": "gəˈrɑ:ʒ; ɡəˈrɑʒ",
        "ukphone": "ˈgærɑ:ʒ, ˈgærɪdʒ;"
    },
    {
        "name": "garbage",
        "trans": [
            "垃圾，废物"
        ],
        "usphone": "'ɡɑrbɪdʒ",
        "ukphone": "'gɑːbɪdʒ"
    },
    {
        "name": "apartment",
        "trans": [
            "公寓住宅"
        ],
        "usphone": "ə'pɑrtmənt",
        "ukphone": "ə'pɑːtm(ə)nt"
    },
    {
        "name": "subway",
        "trans": [
            "地铁"
        ],
        "usphone": "'sʌbwe",
        "ukphone": "'sʌbweɪ"
    },
    {
        "name": "downtown",
        "trans": [
            "在市区，往市区",
            "市区的"
        ],
        "usphone": "'daʊn'taʊn",
        "ukphone": "'daʊntaʊn"
    },
    {
        "name": "lorry",
        "trans": [
            "卡车，载重汽车"
        ],
        "usphone": "'lɔri",
        "ukphone": "'lɒrɪ"
    },
    {
        "name": "curtain",
        "trans": [
            "窗帘"
        ],
        "usphone": "ˈkɜrtən",
        "ukphone": "'kɜːt(ə)n"
    },
    {
        "name": "air conditioner",
        "trans": [
            "空调"
        ],
        "usphone": "",
        "ukphone": ""
    },
    {
        "name": "conclusion",
        "trans": [
            "结论；结束"
        ],
        "usphone": "kən'kluʒn",
        "ukphone": "kən'kluːʒ(ə)n"
    }
]