[
    {
        "name": "biography",
        "trans": [
            "传记"
        ],
        "usphone": "baɪ'ɑɡrəfi",
        "ukphone": "baɪ'ɒgrəfɪ"
    },
    {
        "name": "fantasy",
        "trans": [
            "想象(幻想)物"
        ],
        "usphone": "'fæntəsi",
        "ukphone": "'fæntəsɪ; -zɪ"
    },
    {
        "name": "horror",
        "trans": [
            "惊恐，恐惧"
        ],
        "usphone": "'hɔrɚ",
        "ukphone": "'hɒrə"
    },
    {
        "name": "abandon",
        "trans": [
            "放弃，遗弃"
        ],
        "usphone": "ə'bændən",
        "ukphone": "ə'bænd(ə)n"
    },
    {
        "name": "come into view",
        "trans": [
            "出现"
        ],
        "usphone": "",
        "ukphone": ""
    },
    {
        "name": "knock sb. over",
        "trans": [
            "撞倒某人"
        ],
        "usphone": "",
        "ukphone": ""
    },
    {
        "name": "victim",
        "trans": [
            "受害者"
        ],
        "usphone": "'vɪktɪm",
        "ukphone": "'vɪktɪm"
    },
    {
        "name": "once upon a time",
        "trans": [
            "从前"
        ],
        "usphone": "",
        "ukphone": ""
    },
    {
        "name": "princess",
        "trans": [
            "公主，王妃"
        ],
        "usphone": "prɪnˌsɛs",
        "ukphone": "prɪn'ses"
    },
    {
        "name": "criteria",
        "trans": [
            ")(评判的)标准"
        ],
        "usphone": "kraɪ'tɪrɪə",
        "ukphone": "kraɪ'tɪərɪə"
    },
    {
        "name": "novelist",
        "trans": [
            "(长篇)小说家"
        ],
        "usphone": "'nɑvlɪst",
        "ukphone": "'nɒv(ə)lɪst"
    },
    {
        "name": "volcanic eruption",
        "trans": [
            "火山爆发"
        ],
        "usphone": "",
        "ukphone": ""
    },
    {
        "name": "preserve",
        "trans": [
            "保护，保存"
        ],
        "usphone": "prɪ'zɝv",
        "ukphone": "prɪ'zɜːv"
    },
    {
        "name": "capsule",
        "trans": [
            "胶囊；太空舱"
        ],
        "usphone": "ˈkæpsl;",
        "ukphone": "ˈkæpsju:l"
    },
    {
        "name": "witness",
        "trans": [
            "目击"
        ],
        "usphone": "ˈwɪtnɪs",
        "ukphone": "ˈwɪtnɪs"
    },
    {
        "name": "occur",
        "trans": [
            "发生"
        ],
        "usphone": "ə'kɝ",
        "ukphone": "ə'kɜː"
    },
    {
        "name": "tremble",
        "trans": [
            "颤抖，发抖"
        ],
        "usphone": "'trɛmbl",
        "ukphone": "'tremb(ə)l"
    },
    {
        "name": "block out",
        "trans": [
            "堵住"
        ],
        "usphone": "",
        "ukphone": ""
    },
    {
        "name": "particularly",
        "trans": [
            "特别地；特定地"
        ],
        "usphone": "pɚ'tɪkjəlɚlɪ",
        "ukphone": "pə'tɪkjʊləlɪ"
    },
    {
        "name": "loss",
        "trans": [
            "遗失，丢失"
        ],
        "usphone": "lɔs",
        "ukphone": "lɒs"
    },
    {
        "name": "awesome",
        "trans": [
            "令人敬畏的"
        ],
        "usphone": "'ɔsəm",
        "ukphone": "'ɔːs(ə)m"
    },
    {
        "name": "in a way",
        "trans": [
            "从某种程度上说"
        ],
        "usphone": "",
        "ukphone": ""
    },
    {
        "name": "rewind",
        "trans": [
            "(rewound,rewound)倒回"
        ],
        "usphone": ",ri'waɪnd",
        "ukphone": "riː'waɪnd"
    },
    {
        "name": "architecture",
        "trans": [
            "建筑"
        ],
        "usphone": "'ɑrkə'tɛktʃɚ",
        "ukphone": "'ɑːkɪtektʃə"
    },
    {
        "name": "authentic",
        "trans": [
            "原作的；真正的"
        ],
        "usphone": "ɔ'θɛntɪk",
        "ukphone": "ɔː'θentɪk"
    },
    {
        "name": "characteristic",
        "trans": [
            "典型的"
        ],
        "usphone": ",kærəktə'rɪstɪk",
        "ukphone": "kærəktə'rɪstɪk"
    },
    {
        "name": "monument",
        "trans": [
            "纪念碑，纪念堂"
        ],
        "usphone": "'mɑnjumənt",
        "ukphone": "'mɒnjʊm(ə)nt"
    },
    {
        "name": "gather",
        "trans": [
            "聚集"
        ],
        "usphone": "'ɡæðɚ",
        "ukphone": "'gæðə"
    },
    {
        "name": "on one's side",
        "trans": [
            "侧身"
        ],
        "usphone": "",
        "ukphone": ""
    },
    {
        "name": "sorrow",
        "trans": [
            "悲伤，难过"
        ],
        "usphone": "sɑro",
        "ukphone": "'sɒrəʊ"
    },
    {
        "name": "sympathy",
        "trans": [
            "同情"
        ],
        "usphone": "'sɪmpəθi",
        "ukphone": "'sɪmpəθɪ"
    },
    {
        "name": "burst",
        "trans": [
            "爆炸；冲，闯"
        ],
        "usphone": "bɝst",
        "ukphone": "bɜːst"
    },
    {
        "name": "split up",
        "trans": [
            "（使）解散；决裂"
        ],
        "usphone": "",
        "ukphone": ""
    },
    {
        "name": "on the way to",
        "trans": [
            "在去……的路上"
        ],
        "usphone": "",
        "ukphone": ""
    },
    {
        "name": "pay rise",
        "trans": [
            "增加工资"
        ],
        "usphone": "",
        "ukphone": ""
    },
    {
        "name": "specific",
        "trans": [
            "详细的；特定的"
        ],
        "usphone": "spɪ'sɪfɪk",
        "ukphone": "spə'sɪfɪk"
    },
    {
        "name": "significance",
        "trans": [
            "重要性；意义"
        ],
        "usphone": "sɪɡ'nɪfɪkəns",
        "ukphone": "sɪg'nɪfɪk(ə)ns"
    },
    {
        "name": "abnormal",
        "trans": [
            "反常的，不正常的"
        ],
        "usphone": "æbˈnɔrməl",
        "ukphone": "æb'nɔːml"
    },
    {
        "name": "vivid",
        "trans": [
            "生动的，逼真的；丰富的"
        ],
        "usphone": "'vɪvɪd",
        "ukphone": "'vɪvɪd"
    },
    {
        "name": "hardship",
        "trans": [
            "艰苦，困苦"
        ],
        "usphone": "'hɑrdʃɪp",
        "ukphone": "'hɑːdʃɪp"
    },
    {
        "name": "pillar",
        "trans": [
            "支柱"
        ],
        "usphone": "'pɪlɚ",
        "ukphone": "'pɪlə"
    },
    {
        "name": "violinist",
        "trans": [
            "小提琴家"
        ],
        "usphone": ",vaɪə'lɪnɪst",
        "ukphone": ",vaɪə'lɪnɪst"
    },
    {
        "name": "name... after",
        "trans": [
            "以……的名字给某人某物命名"
        ],
        "usphone": "",
        "ukphone": ""
    },
    {
        "name": "come across",
        "trans": [
            "偶然遇见"
        ],
        "usphone": "",
        "ukphone": ""
    },
    {
        "name": "hold up",
        "trans": [
            "支撑起"
        ],
        "usphone": "",
        "ukphone": ""
    },
    {
        "name": "count on",
        "trans": [
            "依靠"
        ],
        "usphone": "",
        "ukphone": ""
    },
    {
        "name": "origin",
        "trans": [
            "起源，开端；出身"
        ],
        "usphone": "'ɔrɪdʒɪn",
        "ukphone": "'ɒrɪdʒɪn"
    },
    {
        "name": "figure out",
        "trans": [
            "理解"
        ],
        "usphone": "",
        "ukphone": ""
    },
    {
        "name": "heather",
        "trans": [
            "石楠属植物"
        ],
        "usphone": "'hɛðɚ",
        "ukphone": "'heðə"
    },
    {
        "name": "discourage",
        "trans": [
            "使泄气，使灰心"
        ],
        "usphone": "dɪs'kɝɪdʒ",
        "ukphone": "dɪs'kʌrɪdʒ"
    },
    {
        "name": "end up",
        "trans": [
            "以……结束，以……告终"
        ],
        "usphone": "",
        "ukphone": ""
    },
    {
        "name": "put up with",
        "trans": [
            "容忍，忍受"
        ],
        "usphone": "",
        "ukphone": ""
    },
    {
        "name": "suffering",
        "trans": [
            "痛苦，困难"
        ],
        "usphone": "'sʌfərɪŋ",
        "ukphone": "'sʌf(ə)rɪŋ"
    },
    {
        "name": "musical",
        "trans": [
            "音乐的",
            "音乐剧，音乐片"
        ],
        "usphone": "'mjuzɪkl",
        "ukphone": "'mjuːzɪk(ə)l"
    },
    {
        "name": "admirable",
        "trans": [
            "令人钦佩的"
        ],
        "usphone": "'ædmərəbl",
        "ukphone": "'ædm(ə)rəb(ə)l"
    },
    {
        "name": "tease",
        "trans": [
            "嘲笑，取笑"
        ],
        "usphone": "tiz",
        "ukphone": "tiːz"
    },
    {
        "name": "suspension bridge",
        "trans": [
            "吊桥"
        ],
        "usphone": "",
        "ukphone": ""
    },
    {
        "name": "videophone",
        "trans": [
            "可视电话"
        ],
        "usphone": "'vɪdɪofon",
        "ukphone": "'vɪdɪə(ʊ)fəʊn"
    },
    {
        "name": "in particular",
        "trans": [
            "特别，尤其"
        ],
        "usphone": "",
        "ukphone": ""
    },
    {
        "name": "superb",
        "trans": [
            "出色的，卓越的"
        ],
        "usphone": "suːˈpɜːrb",
        "ukphone": "suː'pɜːb; sjuː-"
    },
    {
        "name": "severe",
        "trans": [
            "严重的；严厉的"
        ],
        "usphone": "səˈvɪr",
        "ukphone": "sɪ'vɪə"
    },
    {
        "name": "restriction",
        "trans": [
            "限制，约束"
        ],
        "usphone": "rɪ'strɪkʃən",
        "ukphone": "rɪ'strɪkʃ(ə)n"
    },
    {
        "name": "unbearable",
        "trans": [
            "不能忍受的"
        ],
        "usphone": "ʌn'bɛrəbl",
        "ukphone": "ʌn'beərəb(ə)l"
    },
    {
        "name": "stubborn",
        "trans": [
            "倔强的，固执的"
        ],
        "usphone": "'stʌbɚn",
        "ukphone": "'stʌbən"
    },
    {
        "name": "former",
        "trans": [
            "以前的"
        ],
        "usphone": "'fɔrmɚ",
        "ukphone": "'fɔːmə"
    },
    {
        "name": "troublesome",
        "trans": [
            "引起麻烦的"
        ],
        "usphone": "'trʌblsəm",
        "ukphone": "'trʌb(ə)ls(ə)m"
    },
    {
        "name": "straightforward",
        "trans": [
            "直接的；坦率的"
        ],
        "usphone": ",stret'fɔrwɚd",
        "ukphone": "streɪt'fɔːwəd"
    },
    {
        "name": "precise",
        "trans": [
            "准确的，精确的"
        ],
        "usphone": "prɪ'saɪs",
        "ukphone": "prɪ'saɪs"
    },
    {
        "name": "imitation",
        "trans": [
            "模仿"
        ],
        "usphone": ",ɪmɪ'teʃən",
        "ukphone": "ɪmɪ'teɪʃ(ə)n"
    },
    {
        "name": "precious",
        "trans": [
            "宝贵的，珍贵的"
        ],
        "usphone": "'prɛʃəs",
        "ukphone": "'preʃəs"
    },
    {
        "name": "now that",
        "trans": [
            "既然，由于"
        ],
        "usphone": "",
        "ukphone": ""
    },
    {
        "name": "eager",
        "trans": [
            "渴望的，热衷的"
        ],
        "usphone": "'igɚ",
        "ukphone": "'iːgə"
    },
    {
        "name": "gradual",
        "trans": [
            "逐渐的"
        ],
        "usphone": "'ɡrædʒuəl",
        "ukphone": "'grædʒʊəl"
    },
    {
        "name": "expand",
        "trans": [
            "扩大，扩充"
        ],
        "usphone": "ɪk'spænd",
        "ukphone": "ɪk'spænd; ek-"
    },
    {
        "name": "complex",
        "trans": [
            "复杂的"
        ],
        "usphone": "ˈkɑmplɛks;kəmˈplɛks",
        "ukphone": "'kɒmpleks"
    },
    {
        "name": "apparent",
        "trans": [
            "明显的，显而易见的"
        ],
        "usphone": "ə'pærənt",
        "ukphone": "ə'pær(ə)nt"
    },
    {
        "name": "violet",
        "trans": [
            "紫罗兰"
        ],
        "usphone": "'vaɪələt",
        "ukphone": "'vaɪələt"
    },
    {
        "name": "sweetness",
        "trans": [
            "甜蜜，温柔"
        ],
        "usphone": "'switnəs",
        "ukphone": ""
    },
    {
        "name": "warmth",
        "trans": [
            "温暖"
        ],
        "usphone": "wɔrmθ",
        "ukphone": "wɔːmθ"
    },
    {
        "name": "breakthrough",
        "trans": [
            "突破，重大发现"
        ],
        "usphone": "'brek'θrʊ",
        "ukphone": "'breɪkθruː"
    },
    {
        "name": "uncertain",
        "trans": [
            "不确定的"
        ],
        "usphone": "ʌn'sɝtn",
        "ukphone": "ʌn'sɜːt(ə)n; -tɪn"
    },
    {
        "name": "tiresome",
        "trans": [
            "讨厌的，令人厌倦的"
        ],
        "usphone": "'taɪɚsəm",
        "ukphone": "'taɪəs(ə)m"
    },
    {
        "name": "awkward",
        "trans": [
            "笨拙的；令人不舒服的"
        ],
        "usphone": "'ɔkwɚd",
        "ukphone": "'ɔːkwəd"
    },
    {
        "name": "spill",
        "trans": [
            "洒出，溅出"
        ],
        "usphone": "spɪl",
        "ukphone": "spɪl"
    },
    {
        "name": "nasty",
        "trans": [
            "令人不愉快的;不善良的"
        ],
        "usphone": "'næsti",
        "ukphone": "'nɑːstɪ"
    },
    {
        "name": "tense",
        "trans": [
            "紧张的"
        ],
        "usphone": "tɛns",
        "ukphone": "tens"
    },
    {
        "name": "dizzy",
        "trans": [
            "头晕目眩的"
        ],
        "usphone": "'dɪzi",
        "ukphone": "'dɪzɪ"
    },
    {
        "name": "applaud",
        "trans": [
            "鼓掌",
            "称赞"
        ],
        "usphone": "ə'plɔd",
        "ukphone": "ə'plɔːd"
    },
    {
        "name": "clumsy",
        "trans": [
            "笨拙的，不得体的"
        ],
        "usphone": "'klʌmzi",
        "ukphone": "'klʌmzɪ"
    },
    {
        "name": "harp",
        "trans": [
            "竖琴"
        ],
        "usphone": "hɑrp",
        "ukphone": "hɑːp"
    },
    {
        "name": "fairy",
        "trans": [
            "小仙子，小精灵"
        ],
        "usphone": "'fɛri",
        "ukphone": "'feərɪ"
    },
    {
        "name": "amuse",
        "trans": [
            "逗乐，使(某人)笑"
        ],
        "usphone": "ə'mjuz",
        "ukphone": "ə'mjuːz"
    },
    {
        "name": "burst out laughing",
        "trans": [
            "突然笑起来"
        ],
        "usphone": "",
        "ukphone": ""
    },
    {
        "name": "giggle",
        "trans": [
            "咯咯地傻笑"
        ],
        "usphone": "'ɡɪɡl",
        "ukphone": "'gɪg(ə)l"
    },
    {
        "name": "anecdote",
        "trans": [
            "轶事，趣闻"
        ],
        "usphone": "'ænɪkdot",
        "ukphone": "'ænɪkdəʊt"
    },
    {
        "name": "ridiculous",
        "trans": [
            "荒谬的，可笑的"
        ],
        "usphone": "rɪ'dɪkjələs",
        "ukphone": "rɪ'dɪkjʊləs"
    },
    {
        "name": "politician",
        "trans": [
            "政治家"
        ],
        "usphone": ",pɑlə'tɪʃən",
        "ukphone": "pɒlɪ'tɪʃ(ə)n"
    },
    {
        "name": "response",
        "trans": [
            "回答"
        ],
        "usphone": "rɪ'spɑns",
        "ukphone": "rɪ'spɒns"
    },
    {
        "name": "unbelievable",
        "trans": [
            "不可置信的，极其惊人的"
        ],
        "usphone": ",ʌnbɪ'livəbl",
        "ukphone": "ʌnbɪ'liːvəb(ə)l"
    },
    {
        "name": "agency",
        "trans": [
            "代理处，经销处"
        ],
        "usphone": "'edʒənsi",
        "ukphone": "'eɪdʒ(ə)nsɪ"
    },
    {
        "name": "visa",
        "trans": [
            "签证"
        ],
        "usphone": "'vizə",
        "ukphone": "'viːzə"
    },
    {
        "name": "my goodness",
        "trans": [
            "天哪，哎呀"
        ],
        "usphone": "",
        "ukphone": ""
    },
    {
        "name": "harmony",
        "trans": [
            "协调，和谐"
        ],
        "usphone": "'hɑrməni",
        "ukphone": "'hɑːmənɪ"
    },
    {
        "name": "cash a cheque",
        "trans": [
            "兑现支票"
        ],
        "usphone": "",
        "ukphone": ""
    },
    {
        "name": "withdraw",
        "trans": [
            "（withdrew,withdrawn）提取；撤退"
        ],
        "usphone": "wɪð'drɔ",
        "ukphone": "wɪð'drɔː"
    },
    {
        "name": "forgetful",
        "trans": [
            "健忘的"
        ],
        "usphone": "fɚ'gɛtfəl",
        "ukphone": "fə'getfʊl; -f(ə)l"
    },
    {
        "name": "mature",
        "trans": [
            "成熟的"
        ],
        "usphone": "mə'tʃʊr",
        "ukphone": "mə'tʃʊə"
    },
    {
        "name": "overlook",
        "trans": [
            "忽视"
        ],
        "usphone": ",ovɚ'lʊk",
        "ukphone": "əʊvə'lʊk"
    },
    {
        "name": "clarify",
        "trans": [
            "澄清，讲清楚"
        ],
        "usphone": "'klærəfaɪ",
        "ukphone": "'klærɪfaɪ"
    },
    {
        "name": "delay",
        "trans": [
            "延误，延期"
        ],
        "usphone": "dɪ'le",
        "ukphone": "dɪ'leɪ"
    },
    {
        "name": "counter",
        "trans": [
            "柜台"
        ],
        "usphone": "'kaʊntɚ",
        "ukphone": "'kaʊntə"
    },
    {
        "name": "agent",
        "trans": [
            "代理人，经销商"
        ],
        "usphone": "'edʒənt",
        "ukphone": "'eɪdʒ(ə)nt"
    },
    {
        "name": "queue",
        "trans": [
            "排队"
        ],
        "usphone": "kju",
        "ukphone": "kjuː"
    },
    {
        "name": "yell",
        "trans": [
            "叫喊，叫嚷"
        ],
        "usphone": "jɛl",
        "ukphone": "jel"
    },
    {
        "name": "wait in line",
        "trans": [
            "排队"
        ],
        "usphone": "",
        "ukphone": ""
    },
    {
        "name": "identification",
        "trans": [
            "身份"
        ],
        "usphone": "aɪˌdentɪfɪ'keʃn",
        "ukphone": "aɪ,dentɪfɪ'keɪʃ(ə)n"
    },
    {
        "name": "sunburnt",
        "trans": [
            "晒黑的"
        ],
        "usphone": "'sʌn,bɝnt",
        "ukphone": "'sʌnbɜːnt"
    },
    {
        "name": "messy",
        "trans": [
            "凌乱的，肮脏的"
        ],
        "usphone": "'mɛsi",
        "ukphone": "'mesɪ"
    },
    {
        "name": "scared",
        "trans": [
            "惊恐的，担惊受怕的"
        ],
        "usphone": "skɛrd",
        "ukphone": "skeəd"
    },
    {
        "name": "thriller",
        "trans": [
            "惊险小说(戏剧、电影)"
        ],
        "usphone": "'θrɪlɚ",
        "ukphone": "'θrɪlə"
    },
    {
        "name": "swiftly",
        "trans": [
            "迅速地"
        ],
        "usphone": "'swɪftli",
        "ukphone": "'swiftli"
    },
    {
        "name": "black eye",
        "trans": [
            "打得鼻青脸肿"
        ],
        "usphone": "",
        "ukphone": ""
    },
    {
        "name": "pool",
        "trans": [
            "台球"
        ],
        "usphone": "pul",
        "ukphone": "puːl"
    },
    {
        "name": "tournament",
        "trans": [
            "锦标赛，联赛"
        ],
        "usphone": "ˈtɝ​nəmənt",
        "ukphone": "ˈtɔ:nəmənt"
    },
    {
        "name": "nap",
        "trans": [
            "小睡，打盹"
        ],
        "usphone": "næp",
        "ukphone": "næp"
    },
    {
        "name": "border",
        "trans": [
            "国界，边境"
        ],
        "usphone": "'bɔrdɚ",
        "ukphone": "'bɔːdə"
    },
    {
        "name": "psychology",
        "trans": [
            "心理学"
        ],
        "usphone": "saɪ'kɑlədʒi",
        "ukphone": "saɪ'kɒlədʒɪ"
    },
    {
        "name": "acknowledge",
        "trans": [
            "认可，承认"
        ],
        "usphone": "ək'nɑlɪdʒ",
        "ukphone": "ək'nɒlɪdʒ"
    },
    {
        "name": "being",
        "trans": [
            "人；物；生物"
        ],
        "usphone": "'biɪŋ",
        "ukphone": "'biːɪŋ"
    },
    {
        "name": "get rid of",
        "trans": [
            "处理掉，摆脱"
        ],
        "usphone": "",
        "ukphone": ""
    },
    {
        "name": "profession",
        "trans": [
            "职业，专业"
        ],
        "usphone": "prə'fɛʃən",
        "ukphone": "prə'feʃ(ə)n"
    },
    {
        "name": "fool around",
        "trans": [
            "胡闹，瞎弄"
        ],
        "usphone": "",
        "ukphone": ""
    },
    {
        "name": "from time to time",
        "trans": [
            "不时地"
        ],
        "usphone": "",
        "ukphone": ""
    },
    {
        "name": "authority",
        "trans": [
            "权威；权力"
        ],
        "usphone": "ə'θɔrəti",
        "ukphone": "ɔː'θɒrɪtɪ"
    },
    {
        "name": "figure",
        "trans": [
            "人物"
        ],
        "usphone": "'fɪɡjɚ",
        "ukphone": "'fɪgə"
    },
    {
        "name": "campaign",
        "trans": [
            "运动"
        ],
        "usphone": "kæm'pen",
        "ukphone": "kæm'peɪn"
    },
    {
        "name": "result in",
        "trans": [
            "导致，造成"
        ],
        "usphone": "",
        "ukphone": ""
    },
    {
        "name": "alongside",
        "trans": [
            "在……旁边，与……并排"
        ],
        "usphone": "ə'lɔŋ'saɪd",
        "ukphone": "əlɒŋ'saɪd"
    },
    {
        "name": "resist",
        "trans": [
            "抵抗，抵制"
        ],
        "usphone": "rɪ'zɪst",
        "ukphone": "rɪ'zɪst"
    },
    {
        "name": "tension",
        "trans": [
            "紧张，焦虑"
        ],
        "usphone": "'tɛnʃən",
        "ukphone": "'tenʃ(ə)n"
    },
    {
        "name": "caution",
        "trans": [
            "谨慎，小心"
        ],
        "usphone": "'kɔʃən",
        "ukphone": "'kɔːʃ(ə)n"
    },
    {
        "name": "scratch",
        "trans": [
            "痕迹或划伤",
            "划(破)"
        ],
        "usphone": "skrætʃ",
        "ukphone": "skrætʃ"
    },
    {
        "name": "scold",
        "trans": [
            "骂，责骂"
        ],
        "usphone": "skold",
        "ukphone": "skəʊld"
    },
    {
        "name": "forbid",
        "trans": [
            "(forbade,forbidden)禁止，不准"
        ],
        "usphone": "fɚ'bɪd",
        "ukphone": "fə'bɪd"
    },
    {
        "name": "run into",
        "trans": [
            "撞上"
        ],
        "usphone": "",
        "ukphone": ""
    },
    {
        "name": "comedy",
        "trans": [
            "喜剧"
        ],
        "usphone": "'kɑmədi",
        "ukphone": "'kɒmɪdɪ"
    },
    {
        "name": "comedian",
        "trans": [
            "喜剧演员"
        ],
        "usphone": "kə'midɪən",
        "ukphone": "kə'miːdɪən"
    },
    {
        "name": "imitate",
        "trans": [
            "模仿"
        ],
        "usphone": "'ɪmɪtet",
        "ukphone": "'ɪmɪteɪt"
    },
    {
        "name": "put on",
        "trans": [
            "假装"
        ],
        "usphone": "pʊt ɑn",
        "ukphone": "pʊt ɒn"
    },
    {
        "name": "turn sb. off",
        "trans": [
            "令人讨厌"
        ],
        "usphone": "",
        "ukphone": ""
    },
    {
        "name": "regardless of",
        "trans": [
            "不管，不顾"
        ],
        "usphone": "",
        "ukphone": ""
    },
    {
        "name": "purely",
        "trans": [
            "完全地，仅仅"
        ],
        "usphone": "'pjʊrli",
        "ukphone": "'pjʊəlɪ"
    },
    {
        "name": "universal",
        "trans": [
            "通用的，普遍的；全世界的"
        ],
        "usphone": "'jʊnə'vɝsl",
        "ukphone": "juːnɪ'vɜːs(ə)l"
    },
    {
        "name": "seal",
        "trans": [
            "封，密封"
        ],
        "usphone": "sil",
        "ukphone": "sil"
    },
    {
        "name": "astonish",
        "trans": [
            "使惊讶，使惊骇"
        ],
        "usphone": "ə'stɑnɪʃ",
        "ukphone": "ə'stɒnɪʃ"
    },
    {
        "name": "saucer",
        "trans": [
            "茶托，茶杯碟"
        ],
        "usphone": "'sɔsɚ",
        "ukphone": "'sɔːsə"
    },
    {
        "name": "steak tartare",
        "trans": [
            "鞑靼牛肉末"
        ],
        "usphone": "",
        "ukphone": ""
    },
    {
        "name": "raw",
        "trans": [
            "生的，未煮过的"
        ],
        "usphone": "rɔ",
        "ukphone": "rɔː"
    },
    {
        "name": "disgusting",
        "trans": [
            "厌恶的"
        ],
        "usphone": "dɪs'ɡʌstɪŋ",
        "ukphone": "dɪs'gʌstɪŋ"
    },
    {
        "name": "desperate",
        "trans": [
            "不顾一切的；绝望的"
        ],
        "usphone": "'dɛspərət",
        "ukphone": "'desp(ə)rət"
    },
    {
        "name": "boarding school",
        "trans": [
            "寄宿学校"
        ],
        "usphone": "",
        "ukphone": ""
    },
    {
        "name": "obtain",
        "trans": [
            "得到，获得"
        ],
        "usphone": "əb'ten",
        "ukphone": "əb'teɪn"
    },
    {
        "name": "partly",
        "trans": [
            "部分地"
        ],
        "usphone": "'pɑrtli",
        "ukphone": "'pɑːtlɪ"
    },
    {
        "name": "compensate",
        "trans": [
            "补偿，赔偿"
        ],
        "usphone": "'kɑmpɛnset",
        "ukphone": "'kɒmpenseɪt"
    },
    {
        "name": "convince",
        "trans": [
            "使相信"
        ],
        "usphone": "kən'vɪns",
        "ukphone": "kən'vɪns"
    },
    {
        "name": "play around",
        "trans": [
            "四处游戏"
        ],
        "usphone": "",
        "ukphone": ""
    },
    {
        "name": "pull faces",
        "trans": [
            "做鬼脸"
        ],
        "usphone": "",
        "ukphone": ""
    },
    {
        "name": "rarely",
        "trans": [
            "很少，难得"
        ],
        "usphone": "'rɛrli",
        "ukphone": "'reəlɪ"
    },
    {
        "name": "presence",
        "trans": [
            "存在；到场，出席"
        ],
        "usphone": "'prɛzns",
        "ukphone": "'prez(ə)ns"
    },
    {
        "name": "genius",
        "trans": [
            "天才"
        ],
        "usphone": "'dʒinjəs",
        "ukphone": "'dʒiːnɪəs"
    },
    {
        "name": "depth",
        "trans": [
            "深（度），纵深"
        ],
        "usphone": "dɛpθ",
        "ukphone": "depθ"
    },
    {
        "name": "scare",
        "trans": [
            "使恐惧"
        ],
        "usphone": "skɛr",
        "ukphone": "skeə"
    },
    {
        "name": "string",
        "trans": [
            "绳，线"
        ],
        "usphone": "strɪŋ",
        "ukphone": "strɪŋ"
    },
    {
        "name": "starve",
        "trans": [
            "挨饿，饿死"
        ],
        "usphone": "stɑrv",
        "ukphone": "stɑːv"
    },
    {
        "name": "loaf",
        "trans": [
            "（面包的）一条"
        ],
        "usphone": "lof",
        "ukphone": "ləʊf"
    },
    {
        "name": "yawn",
        "trans": [
            "打哈欠"
        ],
        "usphone": "jɔn",
        "ukphone": "jɔːn"
    },
    {
        "name": "tough",
        "trans": [
            "艰难的；不幸的；强壮的，强健的"
        ],
        "usphone": "tʌf",
        "ukphone": "tʌf"
    },
    {
        "name": "cross-talk",
        "trans": [
            "相声"
        ],
        "usphone": "",
        "ukphone": ""
    },
    {
        "name": "component",
        "trans": [
            "成分，组成部分"
        ],
        "usphone": "kəm'ponənt",
        "ukphone": "kəm'pəʊnənt"
    },
    {
        "name": "thanks to",
        "trans": [
            "多亏；由于"
        ],
        "usphone": "",
        "ukphone": ""
    },
    {
        "name": "accomplish",
        "trans": [
            "取得（成功），完成（任务）"
        ],
        "usphone": "ə'kɑmplɪʃ",
        "ukphone": "ə'kʌmplɪʃ; ə'kɒm-"
    },
    {
        "name": "breathless",
        "trans": [
            "令人屏息的"
        ],
        "usphone": "'brɛθləs",
        "ukphone": "'breθlɪs"
    },
    {
        "name": "masterpiece",
        "trans": [
            "杰作，名作"
        ],
        "usphone": "'mæstəpis",
        "ukphone": "'mɑːstəpiːs"
    },
    {
        "name": "scenic",
        "trans": [
            "自然景色的，风景优美的"
        ],
        "usphone": "ˈsinɪk",
        "ukphone": "'siːnɪk"
    },
    {
        "name": "superior",
        "trans": [
            "高级的，上等的"
        ],
        "usphone": "sʊˈpɪrɪɚ",
        "ukphone": "suːˈpɪərɪə"
    },
    {
        "name": "sideways",
        "trans": [
            "向一边，向一侧"
        ],
        "usphone": "'saɪdwez",
        "ukphone": "'saɪdweɪz"
    },
    {
        "name": "vertical",
        "trans": [
            "垂直的，竖的"
        ],
        "usphone": "'vɝtɪkl",
        "ukphone": "'vɜːtɪk(ə)l"
    },
    {
        "name": "adore",
        "trans": [
            "敬爱，非常喜欢"
        ],
        "usphone": "ə'dɔr",
        "ukphone": "ə'dɔː"
    },
    {
        "name": "rainbow",
        "trans": [
            "彩虹"
        ],
        "usphone": "'renbo",
        "ukphone": "'reɪnbəʊ"
    },
    {
        "name": "flock",
        "trans": [
            "聚集"
        ],
        "usphone": "flɑk",
        "ukphone": "flɒk"
    },
    {
        "name": "beholder",
        "trans": [
            "观看者"
        ],
        "usphone": "bɪ'holdɚ",
        "ukphone": "bɪ'həʊldə"
    },
    {
        "name": "consistent",
        "trans": [
            "一致的，始终如一的"
        ],
        "usphone": "kən'sɪstənt",
        "ukphone": "kən'sɪst(ə)nt"
    },
    {
        "name": "corset",
        "trans": [
            "紧身胸衣"
        ],
        "usphone": "'kɔrsɪt",
        "ukphone": "'kɔːsɪt"
    },
    {
        "name": "woollen",
        "trans": [
            "羊毛制的"
        ],
        "usphone": "'wʊlən",
        "ukphone": "'wʊlən"
    },
    {
        "name": "shawl",
        "trans": [
            "披肩，围巾"
        ],
        "usphone": "ʃɔl",
        "ukphone": "ʃɔːl"
    },
    {
        "name": "tattoo",
        "trans": [
            "文身"
        ],
        "usphone": "tæ'tu",
        "ukphone": "tæ'tuː"
    },
    {
        "name": "slim",
        "trans": [
            "(通过节食、加强运动等)减肥",
            "苗条的"
        ],
        "usphone": "slɪm",
        "ukphone": "slɪm"
    },
    {
        "name": "overweight",
        "trans": [
            "超重的，过重的"
        ],
        "usphone": "'ovə'wet",
        "ukphone": "əʊvə'weɪt"
    },
    {
        "name": "commitment",
        "trans": [
            "责任，义务；承诺"
        ],
        "usphone": "kə'mɪtmənt",
        "ukphone": "kə'mɪtm(ə)nt"
    },
    {
        "name": "die out",
        "trans": [
            "完全消失，灭绝"
        ],
        "usphone": "",
        "ukphone": ""
    },
    {
        "name": "accompany",
        "trans": [
            "伴随，陪同"
        ],
        "usphone": "ə'kʌmpəni",
        "ukphone": "ə'kʌmpənɪ"
    },
    {
        "name": "range",
        "trans": [
            "（数、量、年龄等的）变化范围"
        ],
        "usphone": "rendʒ",
        "ukphone": "reɪn(d)ʒ"
    },
    {
        "name": "conscience",
        "trans": [
            "良心"
        ],
        "usphone": "ˈkɑːnʃəns",
        "ukphone": "'kɒnʃ(ə)ns"
    },
    {
        "name": "inner",
        "trans": [
            "内部的，里面的"
        ],
        "usphone": "'ɪnɚ",
        "ukphone": "ɪnə"
    },
    {
        "name": "subjective",
        "trans": [
            "主观的"
        ],
        "usphone": "səb'dʒɛktɪv",
        "ukphone": "səb'dʒektɪv"
    },
    {
        "name": "dimension",
        "trans": [
            "方面；度量"
        ],
        "usphone": "dəˈmɛnʃən, daɪ-",
        "ukphone": "dʌɪˈmɛnʃ(ə)n"
    },
    {
        "name": "command",
        "trans": [
            "命令，指挥"
        ],
        "usphone": "kə'mænd",
        "ukphone": "kə'mɑːnd"
    },
    {
        "name": "tasteless",
        "trans": [
            "没有味道的"
        ],
        "usphone": "'testləs",
        "ukphone": "'teɪs(t)lɪs"
    },
    {
        "name": "botany",
        "trans": [
            "植物学"
        ],
        "usphone": "'bɑtəni",
        "ukphone": "'bɒt(ə)nɪ"
    },
    {
        "name": "skateboard",
        "trans": [
            "用滑板滑行"
        ],
        "usphone": "'sket'bɔrd",
        "ukphone": "'skeɪtbɔːd"
    },
    {
        "name": "symphony",
        "trans": [
            "交响乐，交响曲"
        ],
        "usphone": "'sɪmfəni",
        "ukphone": "'sɪmf(ə)nɪ"
    },
    {
        "name": "accessible",
        "trans": [
            "容易理解的"
        ],
        "usphone": "ək'sɛsəbl",
        "ukphone": "ək'sesɪb(ə)l"
    },
    {
        "name": "delicate",
        "trans": [
            "精美的，雅致的"
        ],
        "usphone": "ˈdɛlɪkɪt",
        "ukphone": "'delɪkət"
    },
    {
        "name": "tune",
        "trans": [
            "曲调，旋律"
        ],
        "usphone": "tun",
        "ukphone": "tjuːn"
    },
    {
        "name": "deliver",
        "trans": [
            "递送，传送"
        ],
        "usphone": "dɪ'lɪvɚ",
        "ukphone": "dɪ'lɪvə"
    },
    {
        "name": "thrill",
        "trans": [
            "兴奋；恐惧",
            "使兴奋"
        ],
        "usphone": "θrɪl",
        "ukphone": "θrɪl"
    },
    {
        "name": "dignity",
        "trans": [
            "尊贵；庄严"
        ],
        "usphone": "'dɪɡnəti",
        "ukphone": "'dɪgnɪtɪ"
    },
    {
        "name": "polished",
        "trans": [
            "优雅的，精致的"
        ],
        "usphone": "'pɑlɪʃt",
        "ukphone": "'pɒlɪʃt"
    },
    {
        "name": "refresh",
        "trans": [
            "消除……的疲劳，使振作精神"
        ],
        "usphone": "ri'frɛʃ",
        "ukphone": "rɪ'freʃ"
    },
    {
        "name": "sentimental",
        "trans": [
            "多愁善感的"
        ],
        "usphone": "'sɛntə'mɛntl",
        "ukphone": "sentɪ'ment(ə)l"
    },
    {
        "name": "shabby",
        "trans": [
            "低劣的；肮脏破烂的"
        ],
        "usphone": "ˈʃæbi",
        "ukphone": "'ʃæbɪ"
    },
    {
        "name": "harsh",
        "trans": [
            "刺耳的，刺眼的"
        ],
        "usphone": "hɑrʃ",
        "ukphone": "hɑːʃ"
    },
    {
        "name": "chorus",
        "trans": [
            "合唱部分"
        ],
        "usphone": "'kɔrəs",
        "ukphone": "'kɔːrəs"
    },
    {
        "name": "tendency",
        "trans": [
            "倾向，趋势"
        ],
        "usphone": "'tɛndənsi",
        "ukphone": "'tend(ə)nsɪ"
    },
    {
        "name": "vain",
        "trans": [
            "自负的，炫耀的"
        ],
        "usphone": "ven",
        "ukphone": "veɪn"
    },
    {
        "name": "lyrics",
        "trans": [
            "歌词"
        ],
        "usphone": "'lɪrɪks",
        "ukphone": "'lɪrɪks"
    },
    {
        "name": "abrupt",
        "trans": [
            "突然的，出其不意的"
        ],
        "usphone": "ə'brʌpt",
        "ukphone": "ə'brʌpt"
    },
    {
        "name": "disturbing",
        "trans": [
            "使人烦恼的"
        ],
        "usphone": "dɪ'stɝbɪŋ",
        "ukphone": "dɪ'stɜːbɪŋ"
    },
    {
        "name": "version",
        "trans": [
            "版本;说法"
        ],
        "usphone": "'vɝʒn",
        "ukphone": "'vɜːʃ(ə)n"
    },
    {
        "name": "stuff",
        "trans": [
            "东西，材料"
        ],
        "usphone": "stʌf",
        "ukphone": "stʌf"
    },
    {
        "name": "steady",
        "trans": [
            "平稳的；稳定的"
        ],
        "usphone": "'stɛdi",
        "ukphone": "'stedɪ"
    },
    {
        "name": "Christian",
        "trans": [
            "基督教的"
        ],
        "usphone": "'krɪstʃən",
        "ukphone": "ˈkrɪstʃən"
    },
    {
        "name": "endless",
        "trans": [
            "没完没了的，永无休止的"
        ],
        "usphone": "ˈɛndlɪs",
        "ukphone": "'endlɪs"
    },
    {
        "name": "freezing",
        "trans": [
            "严寒的，冰冻的"
        ],
        "usphone": "'frizɪŋ",
        "ukphone": "'friːzɪŋ"
    },
    {
        "name": "romantic",
        "trans": [
            "浪漫的"
        ],
        "usphone": "ro'mæntɪk",
        "ukphone": "rə(ʊ)'mæntɪk"
    },
    {
        "name": "tranquil",
        "trans": [
            "平静的，宁静的"
        ],
        "usphone": "ˈtræŋkwəl",
        "ukphone": "'træŋkwɪl"
    },
    {
        "name": "hoarfrost",
        "trans": [
            "白霜"
        ],
        "usphone": ",hɔ:'frɔst",
        "ukphone": ",hɔː'frɒst"
    },
    {
        "name": "bend",
        "trans": [
            "（bent,bent）弄弯曲;屈服；弯腰",
            "弯曲"
        ],
        "usphone": "bɛnd",
        "ukphone": "bend"
    },
    {
        "name": "homesickness",
        "trans": [
            "想家，思乡"
        ],
        "usphone": "",
        "ukphone": ""
    },
    {
        "name": "drown",
        "trans": [
            "淹没，淹死"
        ],
        "usphone": "draʊn",
        "ukphone": "draʊn"
    },
    {
        "name": "vague",
        "trans": [
            "模糊的"
        ],
        "usphone": "veɡ",
        "ukphone": "veɪg"
    },
    {
        "name": "hoof",
        "trans": [
            "蹄"
        ],
        "usphone": "huf",
        "ukphone": "huːf"
    },
    {
        "name": "stout",
        "trans": [
            "肥胖的"
        ],
        "usphone": "staʊt",
        "ukphone": "staʊt"
    },
    {
        "name": "bound",
        "trans": [
            "一跳，一跃"
        ],
        "usphone": "baʊnd",
        "ukphone": "baʊnd"
    },
    {
        "name": "oval",
        "trans": [
            "卵形的，椭圆形的"
        ],
        "usphone": "'ovl",
        "ukphone": "'əʊv(ə)l"
    },
    {
        "name": "bow",
        "trans": [
            "弓；弧形物；蝴蝶结"
        ],
        "usphone": "baʊ",
        "ukphone": "baʊ"
    },
    {
        "name": "jerk",
        "trans": [
            "猛拉，猛的一动"
        ],
        "usphone": "dʒɝk",
        "ukphone": "dʒɜːk"
    },
    {
        "name": "chimney",
        "trans": [
            "烟囱"
        ],
        "usphone": "'tʃɪmni",
        "ukphone": "'tʃɪmnɪ"
    },
    {
        "name": "sleigh",
        "trans": [
            "雪车，雪橇"
        ],
        "usphone": "sle",
        "ukphone": "sleɪ"
    },
    {
        "name": "thistle",
        "trans": [
            "蓟（一种野生植物，叶片带刺，开紫花）"
        ],
        "usphone": "'θɪsl",
        "ukphone": "'θɪs(ə)l"
    },
    {
        "name": "tone",
        "trans": [
            "语调；语气"
        ],
        "usphone": "ton",
        "ukphone": "təʊn"
    },
    {
        "name": "unlike",
        "trans": [
            "不像,和……不同"
        ],
        "usphone": "'ʌn'laɪk",
        "ukphone": "ʌn'laɪk"
    },
    {
        "name": "convey",
        "trans": [
            "传达，表达"
        ],
        "usphone": "kən've",
        "ukphone": "kən'veɪ"
    },
    {
        "name": "affection",
        "trans": [
            "爱慕，钟爱"
        ],
        "usphone": "ə'fɛkʃən",
        "ukphone": "ə'fekʃ(ə)n"
    },
    {
        "name": "merchant",
        "trans": [
            "商人"
        ],
        "usphone": "'mɝtʃənt",
        "ukphone": "'mɜːtʃ(ə)nt"
    },
    {
        "name": "treat",
        "trans": [
            "对待"
        ],
        "usphone": "trit",
        "ukphone": "triːt"
    },
    {
        "name": "trap",
        "trans": [
            "诱捕，设圈套"
        ],
        "usphone": "træp",
        "ukphone": "træp"
    },
    {
        "name": "theme",
        "trans": [
            "主题"
        ],
        "usphone": "θim",
        "ukphone": "θiːm"
    },
    {
        "name": "manner",
        "trans": [
            "方式，方法"
        ],
        "usphone": "'mænɚ",
        "ukphone": "'mænə"
    },
    {
        "name": "drawback",
        "trans": [
            "缺点，弊端"
        ],
        "usphone": "'drɔbæk",
        "ukphone": "'drɔːbæk"
    },
    {
        "name": "strike",
        "trans": [
            "（struck,struck）打；打动"
        ],
        "usphone": "straɪk",
        "ukphone": "straɪk"
    },
    {
        "name": "striking",
        "trans": [
            "引人注目的，突出的"
        ],
        "usphone": "'straɪkɪŋ",
        "ukphone": "'straɪkɪŋ"
    },
    {
        "name": "evident",
        "trans": [
            "明显的，明白的"
        ],
        "usphone": "'ɛvɪdənt",
        "ukphone": "'evɪd(ə)nt"
    },
    {
        "name": "cute",
        "trans": [
            "娇小可爱的"
        ],
        "usphone": "kjʊt",
        "ukphone": "kjuːt"
    },
    {
        "name": "recommend",
        "trans": [
            "劝告，建议；推荐，介绍"
        ],
        "usphone": "'rɛkə'mɛnd",
        "ukphone": "rekə'mend"
    },
    {
        "name": "plot",
        "trans": [
            "情节；小块土地"
        ],
        "usphone": "plɑt",
        "ukphone": "plɒt"
    },
    {
        "name": "DJ",
        "trans": [
            "电台流行音乐主持人"
        ],
        "usphone": ",di: 'dʒei",
        "ukphone": ""
    },
    {
        "name": "hang on a second",
        "trans": [
            "等一下"
        ],
        "usphone": "",
        "ukphone": ""
    },
    {
        "name": "catalogue",
        "trans": [
            "商品目录"
        ],
        "usphone": "'kætəlɔɡ",
        "ukphone": "'kæt(ə)lɒg"
    },
    {
        "name": "bits and pieces",
        "trans": [
            "各种各样的零碎东西"
        ],
        "usphone": "",
        "ukphone": ""
    },
    {
        "name": "childish",
        "trans": [
            "孩子的，幼稚的"
        ],
        "usphone": "'tʃaɪldɪʃ",
        "ukphone": "'tʃaɪldɪʃ"
    }
]