[
    {
        "name": "motivate",
        "trans": [
            "使有动机，促使，激发"
        ],
        "usphone": "'motə'vet",
        "ukphone": "'məʊtɪveɪt"
    },
    {
        "name": "technique",
        "trans": [
            "技术，技巧"
        ],
        "usphone": "tɛk'nik",
        "ukphone": "tek'niːk"
    },
    {
        "name": "native",
        "trans": [
            "出生地的，本土的",
            "本地人"
        ],
        "usphone": "'netɪv",
        "ukphone": "'neɪtɪv"
    },
    {
        "name": "fluently",
        "trans": [
            "流利地"
        ],
        "usphone": "'flu:əntlɪ",
        "ukphone": "ˈfluːəntlɪ"
    },
    {
        "name": "achievement",
        "trans": [
            "成就，完成"
        ],
        "usphone": "ə'tʃivmənt",
        "ukphone": "ə'tʃiːvm(ə)nt"
    },
    {
        "name": "put off",
        "trans": [
            "推迟"
        ],
        "usphone": "",
        "ukphone": ""
    },
    {
        "name": "percentage",
        "trans": [
            "百分比，百分率"
        ],
        "usphone": "pɚ'sɛntɪdʒ",
        "ukphone": "pə'sentɪdʒ"
    },
    {
        "name": "exist",
        "trans": [
            "存在，生存"
        ],
        "usphone": "ɪɡ'zɪst",
        "ukphone": "ɪg'zɪst; eg-"
    },
    {
        "name": "billion",
        "trans": [
            "十亿"
        ],
        "usphone": "'bɪljən",
        "ukphone": "'bɪljən"
    },
    {
        "name": "at present",
        "trans": [
            "目前，现在"
        ],
        "usphone": "",
        "ukphone": ""
    },
    {
        "name": "variety",
        "trans": [
            "多样化，多样性"
        ],
        "usphone": "və'raɪəti",
        "ukphone": "və'raɪətɪ"
    },
    {
        "name": "alien",
        "trans": [
            "外星人",
            "外国的，异族的"
        ],
        "usphone": "ˈeliən,ˈeljən",
        "ukphone": "'eɪlɪən"
    },
    {
        "name": "bow",
        "trans": [
            "鞠躬；点头"
        ],
        "usphone": "baʊ",
        "ukphone": "baʊ"
    },
    {
        "name": "passer-by",
        "trans": [
            "经过的人，过路人"
        ],
        "usphone": "'pæsə'baɪ",
        "ukphone": "'pɑ:sə'bai, 'pæs-"
    },
    {
        "name": "applause",
        "trans": [
            "鼓掌，喝彩"
        ],
        "usphone": "ə'plɔz",
        "ukphone": "ə'plɔːz"
    },
    {
        "name": "Latin",
        "trans": [
            "拉丁语；拉丁系语言"
        ],
        "usphone": "'lætn",
        "ukphone": "'lætɪn"
    },
    {
        "name": "Roman",
        "trans": [
            "古罗马人"
        ],
        "usphone": "'romən",
        "ukphone": "'rəʊmən"
    },
    {
        "name": "defeat",
        "trans": [
            "战胜，击败"
        ],
        "usphone": "dɪ'fit",
        "ukphone": "dɪ'fiːt"
    },
    {
        "name": "earn",
        "trans": [
            "挣得，赚得"
        ],
        "usphone": "ɝn",
        "ukphone": "ɜːn"
    },
    {
        "name": "wallet",
        "trans": [
            "皮夹子，钱包"
        ],
        "usphone": "'wɑlɪt",
        "ukphone": "'wɒlɪt"
    },
    {
        "name": "out of work",
        "trans": [
            "失业"
        ],
        "usphone": "",
        "ukphone": ""
    },
    {
        "name": "obsess",
        "trans": [
            "使着迷"
        ],
        "usphone": "əb'sɛs",
        "ukphone": "əb'ses"
    },
    {
        "name": "determine",
        "trans": [
            "确定，决定"
        ],
        "usphone": "dɪ'tɝmɪn",
        "ukphone": "dɪ'tɜːmɪn"
    },
    {
        "name": "enjoyable",
        "trans": [
            "使人快乐的"
        ],
        "usphone": "ɪn'dʒɔɪəbl",
        "ukphone": "ɪn'dʒɒɪəb(ə)l; en-"
    },
    {
        "name": "second-hand",
        "trans": [
            "旧的，用过的，二手的"
        ],
        "usphone": "'sɛkənd'hænd",
        "ukphone": ""
    },
    {
        "name": "concern",
        "trans": [
            "使忧虑；与⋯⋯相关"
        ],
        "usphone": "kən'sɝn",
        "ukphone": "kən'sɜːn"
    },
    {
        "name": "hardworking",
        "trans": [
            "勤奋的"
        ],
        "usphone": "'hɑrd,wɝkɪŋ",
        "ukphone": "'hɑːd,wɜːkɪŋ"
    },
    {
        "name": "dormitory",
        "trans": [
            "寝室，宿舍"
        ],
        "usphone": "'dɔrmətɔri",
        "ukphone": "ˈdɔ:mɪtrɪ"
    },
    {
        "name": "pleased",
        "trans": [
            "高兴的，满意的"
        ],
        "usphone": "plizd",
        "ukphone": "pliːzd"
    },
    {
        "name": "give away",
        "trans": [
            "赠送；泄露（秘密）"
        ],
        "usphone": "",
        "ukphone": ""
    },
    {
        "name": "aware",
        "trans": [
            "知道的，意识到的"
        ],
        "usphone": "ə'wɛr",
        "ukphone": "ə'weə"
    },
    {
        "name": "drop out",
        "trans": [
            "退出，退学"
        ],
        "usphone": "",
        "ukphone": ""
    },
    {
        "name": "businessman",
        "trans": [
            "商人，实业家"
        ],
        "usphone": "'bɪznəsmæn",
        "ukphone": "'bɪznɪsmən"
    },
    {
        "name": "stove",
        "trans": [
            "炉子"
        ],
        "usphone": "stov",
        "ukphone": "stəʊv"
    },
    {
        "name": "drunk",
        "trans": [
            "（酒）醉的"
        ],
        "usphone": "drʌŋk",
        "ukphone": "drʌŋk"
    },
    {
        "name": "journalist",
        "trans": [
            "新闻工作者，记者"
        ],
        "usphone": "ˈdʒɝ​nlɪst",
        "ukphone": "ˈdʒɜ:nəlɪst"
    },
    {
        "name": "greedy",
        "trans": [
            "贪婪的，贪心的"
        ],
        "usphone": "'gridi",
        "ukphone": "'griːdɪ"
    },
    {
        "name": "popcorn",
        "trans": [
            "爆玉米花"
        ],
        "usphone": "'pɑpkɔrn",
        "ukphone": "'pɒpkɔːn"
    },
    {
        "name": "cigarette",
        "trans": [
            "香烟"
        ],
        "usphone": "ˌsɪɡəˈrɛt, ˈsɪɡəˌrɛt",
        "ukphone": "sɪgə'ret"
    },
    {
        "name": "resolution",
        "trans": [
            "决心要做的事"
        ],
        "usphone": ",rɛzə'luʃən",
        "ukphone": "rezə'luːʃ(ə)n"
    },
    {
        "name": "rude",
        "trans": [
            "粗鲁的，无礼的"
        ],
        "usphone": "rud",
        "ukphone": "ruːd"
    },
    {
        "name": "armchair",
        "trans": [
            "扶手椅"
        ],
        "usphone": "'ɑrmtʃɛr",
        "ukphone": "ɑːm'tʃeə; 'ɑːm-"
    },
    {
        "name": "carpet",
        "trans": [
            "地毯"
        ],
        "usphone": "'kɑrpɪt",
        "ukphone": "'kɑːpɪt"
    },
    {
        "name": "vase",
        "trans": [
            "花瓶"
        ],
        "usphone": "veɪs; veɪz",
        "ukphone": "vɑːz"
    },
    {
        "name": "bargain",
        "trans": [
            "讨价还价",
            "便宜货"
        ],
        "usphone": "ˈbɑrɡɪn",
        "ukphone": "ˈbɑːɡɪn"
    },
    {
        "name": "cash",
        "trans": [
            "现金，现款"
        ],
        "usphone": "kæʃ",
        "ukphone": "kæʃ"
    },
    {
        "name": "product",
        "trans": [
            "产品;出品"
        ],
        "usphone": "'prɑdʌkt",
        "ukphone": "'prɒdʌkt"
    },
    {
        "name": "fax",
        "trans": [
            "传真"
        ],
        "usphone": "fæks",
        "ukphone": "fæks"
    },
    {
        "name": "scarf",
        "trans": [
            "围巾，头巾，披巾"
        ],
        "usphone": "skɑrf",
        "ukphone": "skɑːf"
    },
    {
        "name": "necklace",
        "trans": [
            "项链，项圈"
        ],
        "usphone": "ˈnɛklɪs",
        "ukphone": "ˈneklɪs"
    },
    {
        "name": "enthusiastic",
        "trans": [
            "很感兴趣的，热情的"
        ],
        "usphone": "ɪn,θuzɪ'æstɪk",
        "ukphone": "ɪn,θjuːzɪ'æstɪk; en-"
    },
    {
        "name": "ashamed",
        "trans": [
            "羞耻的，惭愧的"
        ],
        "usphone": "ə'ʃemd",
        "ukphone": "ə'ʃeɪmd"
    },
    {
        "name": "firm",
        "trans": [
            "坚定的；稳固的"
        ],
        "usphone": "fɝm",
        "ukphone": "fɜːm"
    },
    {
        "name": "aggressive",
        "trans": [
            "好斗的；有进取心的"
        ],
        "usphone": "ə'ɡrɛsɪv",
        "ukphone": "ə'gresɪv"
    },
    {
        "name": "groceries",
        "trans": [
            "食品杂货"
        ],
        "usphone": "'ɡrosərɪz",
        "ukphone": "'grəʊs(ə)rɪz"
    },
    {
        "name": "clothing",
        "trans": [
            "衣服"
        ],
        "usphone": "'kloðɪŋ",
        "ukphone": "'kləʊðɪŋ"
    },
    {
        "name": "annoy",
        "trans": [
            "使烦恼，打搅"
        ],
        "usphone": "ə'nɔɪ",
        "ukphone": "ə'nɒɪ"
    },
    {
        "name": "salesgirl",
        "trans": [
            "女售货员"
        ],
        "usphone": "'selzɡɝl",
        "ukphone": ""
    },
    {
        "name": "salesman",
        "trans": [
            "男售货员，男推销员"
        ],
        "usphone": "'selzmən",
        "ukphone": "'seɪlzmən"
    },
    {
        "name": "blouse",
        "trans": [
            "女衬衫"
        ],
        "usphone": "blaʊs",
        "ukphone": "'blaʊz"
    },
    {
        "name": "boot",
        "trans": [
            "长筒靴"
        ],
        "usphone": "but",
        "ukphone": "buːt"
    },
    {
        "name": "leather",
        "trans": [
            "皮革"
        ],
        "usphone": "'lɛðɚ",
        "ukphone": "'leðə"
    },
    {
        "name": "vest",
        "trans": [
            "内衣，汗背心"
        ],
        "usphone": "vest",
        "ukphone": "vest"
    },
    {
        "name": "comment",
        "trans": [
            "评论"
        ],
        "usphone": "'kɑmɛnt",
        "ukphone": "'kɒment"
    },
    {
        "name": "amusement",
        "trans": [
            "乐趣，娱乐活动"
        ],
        "usphone": "ə'mjuzmənt",
        "ukphone": "ə'mjuːzm(ə)nt"
    },
    {
        "name": "cookie",
        "trans": [
            "饼干，小点心"
        ],
        "usphone": "'kʊki",
        "ukphone": "'kʊkɪ"
    },
    {
        "name": "appeal",
        "trans": [
            "吸引，引起兴趣；呼吁，恳求"
        ],
        "usphone": "ə'pil",
        "ukphone": "ə'piːl"
    },
    {
        "name": "approximately",
        "trans": [
            "近似地，大约地"
        ],
        "usphone": "ə'prɑksɪmətli",
        "ukphone": "ə'prɒksɪmətlɪ"
    },
    {
        "name": "soil",
        "trans": [
            "泥土，土壤"
        ],
        "usphone": "sɔɪl",
        "ukphone": "sɔɪl"
    },
    {
        "name": "contain",
        "trans": [
            "包含，含有"
        ],
        "usphone": "kən'ten",
        "ukphone": "kən'teɪn"
    },
    {
        "name": "balance",
        "trans": [
            "平衡"
        ],
        "usphone": "'bæləns",
        "ukphone": "'bæl(ə)ns"
    },
    {
        "name": "remove",
        "trans": [
            "移开，挪走；除去，消除"
        ],
        "usphone": "rɪ'muv",
        "ukphone": "rɪ'muːv"
    },
    {
        "name": "erosion",
        "trans": [
            "侵蚀；（土壤）流失"
        ],
        "usphone": "ɪ'roʒən",
        "ukphone": "ɪ'rəʊʒ(ə)n"
    },
    {
        "name": "importance",
        "trans": [
            "重要（性）"
        ],
        "usphone": "ɪm'pɔrtns",
        "ukphone": "ɪm'pɔːt(ə)ns"
    },
    {
        "name": "crop",
        "trans": [
            "农作物，庄稼"
        ],
        "usphone": "krɑp",
        "ukphone": "krɒp"
    },
    {
        "name": "economy",
        "trans": [
            "经济"
        ],
        "usphone": "ɪˈkɑnəmɪ",
        "ukphone": "ɪ'kɒnəmɪ"
    },
    {
        "name": "puzzle",
        "trans": [
            "使困惑"
        ],
        "usphone": "'pʌzl",
        "ukphone": "'pʌz(ə)l"
    },
    {
        "name": "valley",
        "trans": [
            "谷，山谷"
        ],
        "usphone": "'væli",
        "ukphone": "'vælɪ"
    },
    {
        "name": "homeland",
        "trans": [
            "家乡；祖国"
        ],
        "usphone": "'homlænd",
        "ukphone": "'həʊmlænd"
    },
    {
        "name": "motherland",
        "trans": [
            "祖国；家乡"
        ],
        "usphone": "'mʌðɚlænd",
        "ukphone": "'mʌðəlænd"
    },
    {
        "name": "behave",
        "trans": [
            "举止，表现"
        ],
        "usphone": "bɪ'hev",
        "ukphone": "bɪ'heɪv"
    },
    {
        "name": "advance",
        "trans": [
            "前进；取得进展"
        ],
        "usphone": "əd'væns",
        "ukphone": "əd'vɑːns"
    },
    {
        "name": "software",
        "trans": [
            "电脑软件"
        ],
        "usphone": "'sɔftwɛr",
        "ukphone": "'sɒf(t)weə"
    },
    {
        "name": "gadget",
        "trans": [
            "小巧的装置；小玩意儿"
        ],
        "usphone": "'gædʒɪt",
        "ukphone": "'gædʒɪt"
    },
    {
        "name": "practical",
        "trans": [
            "实用的；实践的"
        ],
        "usphone": "'præktɪkl",
        "ukphone": "'præktɪk(ə)l"
    },
    {
        "name": "laptop",
        "trans": [
            "笔记本电脑"
        ],
        "usphone": "'læptɑp",
        "ukphone": "'læptɒp"
    },
    {
        "name": "mobile phone",
        "trans": [
            "移动电话"
        ],
        "usphone": "",
        "ukphone": ""
    },
    {
        "name": "headphone",
        "trans": [
            "头戴式受话机，耳机"
        ],
        "usphone": "'hɛd,fon",
        "ukphone": "'hedfəʊn"
    },
    {
        "name": "wire",
        "trans": [
            "金属丝，金属线"
        ],
        "usphone": "'waɪɚ",
        "ukphone": "waɪə"
    },
    {
        "name": "bath",
        "trans": [
            "浴缸；洗澡"
        ],
        "usphone": "bɑ:θ/bæθ",
        "ukphone": "bɑːθ"
    },
    {
        "name": "signal",
        "trans": [
            "信号，暗号"
        ],
        "usphone": "'sɪgnl",
        "ukphone": "'sɪgn(ə)l"
    },
    {
        "name": "freedom",
        "trans": [
            "自由"
        ],
        "usphone": "'fridəm",
        "ukphone": "'friːdəm"
    },
    {
        "name": "photography",
        "trans": [
            "摄影术，摄影"
        ],
        "usphone": "fə'tɑɡrəfi",
        "ukphone": "fə'tɒgrəfɪ"
    },
    {
        "name": "credit card",
        "trans": [
            "信用卡"
        ],
        "usphone": "",
        "ukphone": ""
    },
    {
        "name": "automatic",
        "trans": [
            "自动的"
        ],
        "usphone": "'ɔtə'mætɪk",
        "ukphone": "ɔːtə'mætɪk"
    },
    {
        "name": "focus",
        "trans": [
            "调焦；焦点",
            "(把⋯⋯)集中（于）"
        ],
        "usphone": "'fokəs",
        "ukphone": "'fəʊkəs"
    },
    {
        "name": "flash",
        "trans": [
            "闪光灯；闪光，闪烁"
        ],
        "usphone": "flæʃ",
        "ukphone": "flæʃ"
    },
    {
        "name": "noisy",
        "trans": [
            "嘈杂的，喧闹的"
        ],
        "usphone": "ˈnɔɪzɪ",
        "ukphone": "ˈnɔɪzɪ"
    },
    {
        "name": "customer",
        "trans": [
            "顾客"
        ],
        "usphone": "'kʌstəmɚ",
        "ukphone": "'kʌstəmə"
    },
    {
        "name": "cleaner",
        "trans": [
            "清洁器；清洁工人"
        ],
        "usphone": "'klinɚ",
        "ukphone": "'kliːnə"
    },
    {
        "name": "refrigerator",
        "trans": [
            "（电）冰箱"
        ],
        "usphone": "rɪ'frɪdʒəretɚ",
        "ukphone": "rɪ'frɪdʒəreɪtə"
    },
    {
        "name": "translation",
        "trans": [
            "翻译"
        ],
        "usphone": "træns'leʃən",
        "ukphone": "træns'leɪʃ(ə)n; trɑːns-; -nz-"
    },
    {
        "name": "electric",
        "trans": [
            "与电有关的，用电的，带电的"
        ],
        "usphone": "ɪ'lɛktrɪk",
        "ukphone": "ɪ'lektrɪk"
    },
    {
        "name": "kettle",
        "trans": [
            "水壶"
        ],
        "usphone": "'kɛtl",
        "ukphone": "'ket(ə)l"
    },
    {
        "name": "contact",
        "trans": [
            "联系,接触"
        ],
        "usphone": "'kɑntækt",
        "ukphone": "'kɒntækt"
    },
    {
        "name": "incredibly",
        "trans": [
            "难以置信地"
        ],
        "usphone": "ɪn'krɛdəbli",
        "ukphone": "ɪnˈkredəblɪ"
    },
    {
        "name": "truly",
        "trans": [
            "真正地；准确地"
        ],
        "usphone": "ˈtruːli",
        "ukphone": "'truːlɪ"
    },
    {
        "name": "textbook",
        "trans": [
            "课本，教科书"
        ],
        "usphone": "'tɛkstbʊk",
        "ukphone": "'teks(t)bʊk"
    },
    {
        "name": "disk",
        "trans": [
            "磁盘"
        ],
        "usphone": "dɪsk",
        "ukphone": "dɪsk"
    },
    {
        "name": "replace",
        "trans": [
            "代替，取代"
        ],
        "usphone": "rɪ'ples",
        "ukphone": "rɪ'pleɪs"
    },
    {
        "name": "media",
        "trans": [
            "大众传播媒介，传媒"
        ],
        "usphone": "",
        "ukphone": "'miːdɪə"
    },
    {
        "name": "chat",
        "trans": [
            "闲谈，聊天"
        ],
        "usphone": "tʃæt",
        "ukphone": "tʃæt"
    },
    {
        "name": "quiz",
        "trans": [
            "问答比赛（游戏）"
        ],
        "usphone": "kwɪz",
        "ukphone": "kwɪz"
    },
    {
        "name": "opera",
        "trans": [
            "歌剧"
        ],
        "usphone": "'ɑprə",
        "ukphone": "'ɒp(ə)rə"
    },
    {
        "name": "current",
        "trans": [
            "当前的，现在的"
        ],
        "usphone": "kɝ​ənt",
        "ukphone": "'kʌr(ə)nt"
    },
    {
        "name": "affair",
        "trans": [
            "事情，事件；(pl)事务"
        ],
        "usphone": "ə'fɛr",
        "ukphone": "ə'feə"
    },
    {
        "name": "photographer",
        "trans": [
            "摄影师"
        ],
        "usphone": "fə'tɑgrəfɚ",
        "ukphone": "fə'tɒgrəfə"
    },
    {
        "name": "paparazzi",
        "trans": [
            "对名人作猎奇报道的新闻记者"
        ],
        "usphone": ",pɑ:pə'rɑ:tsi:",
        "ukphone": ",pɑːpə'rɑːtsiː"
    },
    {
        "name": "bomb",
        "trans": [
            "炸弹"
        ],
        "usphone": "bɑm",
        "ukphone": "bɒm"
    },
    {
        "name": "agenda",
        "trans": [
            "议程"
        ],
        "usphone": "ə'dʒɛndə",
        "ukphone": "ə'dʒendə"
    },
    {
        "name": "nation",
        "trans": [
            "国家;民族"
        ],
        "usphone": "'neʃən",
        "ukphone": "'neɪʃ(ə)n"
    },
    {
        "name": "political",
        "trans": [
            "政治的"
        ],
        "usphone": "pə'lɪtɪkl",
        "ukphone": "pə'lɪtɪk(ə)l"
    },
    {
        "name": "widespread",
        "trans": [
            "广泛的"
        ],
        "usphone": "ˈwʌɪdsprɛd",
        "ukphone": "ˈwʌɪdsprɛd"
    },
    {
        "name": "poverty",
        "trans": [
            "贫穷，穷困"
        ],
        "usphone": "'pɑvɚti",
        "ukphone": "'pɒvətɪ"
    },
    {
        "name": "electricity",
        "trans": [
            "电"
        ],
        "usphone": "ɪ'lɛk'trɪsəti",
        "ukphone": ",ɪlek'trɪsɪtɪ; ,el-; ,iːl-"
    },
    {
        "name": "AIDS",
        "trans": [
            "艾滋病"
        ],
        "usphone": "edz",
        "ukphone": ""
    },
    {
        "name": "sex",
        "trans": [
            "性，性别"
        ],
        "usphone": "sɛks",
        "ukphone": "seks"
    },
    {
        "name": "administration",
        "trans": [
            "管理，行政"
        ],
        "usphone": "əd,mɪnɪ'streʃən",
        "ukphone": "ədmɪnɪ'streɪʃ(ə)n"
    },
    {
        "name": "reform",
        "trans": [
            "改革，改良"
        ],
        "usphone": "rɪ'fɔrm",
        "ukphone": "rɪ'fɔːm"
    },
    {
        "name": "demand",
        "trans": [
            "要求，请求"
        ],
        "usphone": "dɪ'mænd",
        "ukphone": "dɪ'mɑːnd"
    },
    {
        "name": "debt",
        "trans": [
            "债务，欠款"
        ],
        "usphone": "dɛt",
        "ukphone": "det"
    },
    {
        "name": "belief",
        "trans": [
            "信仰；信心；信任"
        ],
        "usphone": "bɪ'lif",
        "ukphone": "bɪ'liːf"
    },
    {
        "name": "painful",
        "trans": [
            "令人痛苦的，引起疼痛的"
        ],
        "usphone": "'penfl",
        "ukphone": "'peɪnfʊl; -f(ə)l"
    },
    {
        "name": "stand for",
        "trans": [
            "是⋯⋯意思，代表；支持"
        ],
        "usphone": "",
        "ukphone": ""
    },
    {
        "name": "host",
        "trans": [
            "主办（国、城市、机构）；主人",
            "主办"
        ],
        "usphone": "host",
        "ukphone": "həʊst"
    },
    {
        "name": "announce",
        "trans": [
            "宣布，宣告"
        ],
        "usphone": "ə'naʊns",
        "ukphone": "ə'naʊns"
    },
    {
        "name": "committee",
        "trans": [
            "委员会"
        ],
        "usphone": "kə'mɪti",
        "ukphone": "kə'mɪtɪ"
    },
    {
        "name": "distinction",
        "trans": [
            "殊荣；特质；区别"
        ],
        "usphone": "dɪ'stɪŋkʃən",
        "ukphone": "dɪ'stɪŋ(k)ʃ(ə)n"
    },
    {
        "name": "application",
        "trans": [
            "申请（书）；应用"
        ],
        "usphone": "ˌæpləˈkeʃən",
        "ukphone": "ˌæplɪ'keɪʃ(ə)n"
    },
    {
        "name": "pub",
        "trans": [
            "小酒馆，酒吧"
        ],
        "usphone": "pʌb",
        "ukphone": "pʌb"
    },
    {
        "name": "delighted",
        "trans": [
            "高兴的，愉快的"
        ],
        "usphone": "dɪ'laɪtɪd",
        "ukphone": "dɪ'laɪtɪd"
    },
    {
        "name": "publish",
        "trans": [
            "出版，发行"
        ],
        "usphone": "'pʌblɪʃ",
        "ukphone": "'pʌblɪʃ"
    },
    {
        "name": "incident",
        "trans": [
            "事件，事情"
        ],
        "usphone": "'ɪnsɪdənt",
        "ukphone": "'ɪnsɪd(ə)nt"
    },
    {
        "name": "evidence",
        "trans": [
            "证明，证据"
        ],
        "usphone": "'ɛvɪdəns",
        "ukphone": "'evɪd(ə)ns"
    },
    {
        "name": "explanation",
        "trans": [
            "解释，说明"
        ],
        "usphone": ",ɛksplə'neʃən",
        "ukphone": "eksplə'neɪʃ(ə)n"
    },
    {
        "name": "explode",
        "trans": [
            "爆炸"
        ],
        "usphone": "ɪk'splod",
        "ukphone": "ɪk'spləʊd; ek-"
    },
    {
        "name": "analyse",
        "trans": [
            "分析"
        ],
        "usphone": "'æn(ə)laɪz",
        "ukphone": "'æn(ə)laɪz"
    },
    {
        "name": "arise",
        "trans": [
            "发生，出现"
        ],
        "usphone": "ə'raɪz",
        "ukphone": "ə'raɪz"
    },
    {
        "name": "blame",
        "trans": [
            "责怪，归咎于"
        ],
        "usphone": "blem",
        "ukphone": "bleɪm"
    },
    {
        "name": "willing",
        "trans": [
            "愿意的，乐意的"
        ],
        "usphone": "'wɪlɪŋ",
        "ukphone": "'wɪlɪŋ"
    },
    {
        "name": "self",
        "trans": [
            "自我，自身"
        ],
        "usphone": "sɛlf",
        "ukphone": "self"
    },
    {
        "name": "employ",
        "trans": [
            "雇用；花时间做"
        ],
        "usphone": "ɪm'plɔɪ",
        "ukphone": "ɪm'plɒɪ; em-"
    },
    {
        "name": "legal",
        "trans": [
            "合法的，与法律有关的"
        ],
        "usphone": "'ligl",
        "ukphone": "'liːg(ə)l"
    },
    {
        "name": "attempt",
        "trans": [
            "尝试，试图"
        ],
        "usphone": "ə'tɛmpt",
        "ukphone": "ə'tem(p)t"
    },
    {
        "name": "defend",
        "trans": [
            "为⋯⋯辩解；保卫"
        ],
        "usphone": "dɪ'fɛnd",
        "ukphone": "dɪ'fend"
    },
    {
        "name": "argument",
        "trans": [
            "争论；理由"
        ],
        "usphone": "'ɑrɡjumənt",
        "ukphone": "'ɑːgjʊm(ə)nt"
    },
    {
        "name": "process",
        "trans": [
            "过程，进程"
        ],
        "usphone": "proˈsɛs;(for n.)prɑsɛs",
        "ukphone": "prəˈses;(for n.)ˈprəʊses"
    },
    {
        "name": "profit",
        "trans": [
            "利润，收益"
        ],
        "usphone": "'prɑfɪt",
        "ukphone": "'prɒfɪt"
    },
    {
        "name": "favour",
        "trans": [
            "赞同；恩惠"
        ],
        "usphone": "ˈfevɚ",
        "ukphone": "'feɪvə"
    },
    {
        "name": "analysis",
        "trans": [
            "分析"
        ],
        "usphone": "ə'næləsɪs",
        "ukphone": "ə'nælɪsɪs"
    },
    {
        "name": "encouragement",
        "trans": [
            "鼓励"
        ],
        "usphone": "ɪn'kɝɪdʒmənt",
        "ukphone": "ɪn'kʌrɪdʒm(ə)nt"
    },
    {
        "name": "onto",
        "trans": [
            "到（在）⋯⋯上"
        ],
        "usphone": "ˈɑnˌtu, -tə, ˈɔn-",
        "ukphone": "'ɒntuː"
    },
    {
        "name": "attitude",
        "trans": [
            "态度，看法"
        ],
        "usphone": "'ætɪtʊd",
        "ukphone": "'ætɪtjuːd"
    },
    {
        "name": "dislike",
        "trans": [
            "不喜爱，厌恶"
        ],
        "usphone": "dɪs'laɪk",
        "ukphone": "dɪs'laɪk"
    },
    {
        "name": "pretend",
        "trans": [
            "假装"
        ],
        "usphone": "prɪ'tɛnd",
        "ukphone": "prɪ'tend"
    },
    {
        "name": "hire",
        "trans": [
            "租用;雇用"
        ],
        "usphone": "'haɪɚ",
        "ukphone": "'haɪə"
    },
    {
        "name": "bush",
        "trans": [
            "灌木，矮树"
        ],
        "usphone": "",
        "ukphone": "bʊʃ"
    },
    {
        "name": "respect",
        "trans": [
            "尊敬，尊重"
        ],
        "usphone": "rɪ'spɛkt",
        "ukphone": "rɪ'spekt"
    },
    {
        "name": "disagreement",
        "trans": [
            "意见不一;分歧"
        ],
        "usphone": ",dɪsə'ɡrimənt",
        "ukphone": "dɪsə'ɡriːmənt"
    },
    {
        "name": "channel",
        "trans": [
            "(电视或电台)频道"
        ],
        "usphone": "'tʃænl",
        "ukphone": "'tʃæn(ə)l"
    },
    {
        "name": "advertise",
        "trans": [
            "为⋯⋯做广告，登广告"
        ],
        "usphone": "'ædvɚtaɪz",
        "ukphone": "'ædvətaɪz"
    },
    {
        "name": "classic",
        "trans": [
            "传统的；经典的"
        ],
        "usphone": "'klæsɪk",
        "ukphone": "'klæsɪk"
    },
    {
        "name": "sew",
        "trans": [
            "（sewed,sewn,sewed）缝，缝制"
        ],
        "usphone": "so",
        "ukphone": "səʊ"
    },
    {
        "name": "beer",
        "trans": [
            "啤酒"
        ],
        "usphone": "bɪr",
        "ukphone": "bɪə"
    },
    {
        "name": "corporation",
        "trans": [
            "公司"
        ],
        "usphone": ",kɔrpə'reʃən",
        "ukphone": "kɔːpə'reɪʃ(ə)n"
    },
    {
        "name": "brand",
        "trans": [
            "商标，牌子"
        ],
        "usphone": "brænd",
        "ukphone": "brænd"
    },
    {
        "name": "suitable",
        "trans": [
            "合适的"
        ],
        "usphone": "'sutəbl",
        "ukphone": "'suːtəb(ə)l"
    },
    {
        "name": "consist of",
        "trans": [
            "由⋯⋯组成"
        ],
        "usphone": "",
        "ukphone": ""
    },
    {
        "name": "advertiser",
        "trans": [
            "广告人"
        ],
        "usphone": "'ædvɚtaɪzɚ",
        "ukphone": "'ædvə,taizə"
    },
    {
        "name": "budget",
        "trans": [
            "预算"
        ],
        "usphone": "'bʌdʒɪt",
        "ukphone": "'bʌdʒɪt"
    },
    {
        "name": "visually",
        "trans": [
            "外表上；视觉地"
        ],
        "usphone": "'vɪʒʊəli",
        "ukphone": "ˈvɪʒʊəli"
    },
    {
        "name": "boom",
        "trans": [
            "迅速增长"
        ],
        "usphone": "buːm",
        "ukphone": "buːm"
    },
    {
        "name": "visual",
        "trans": [
            "视觉的，视力的"
        ],
        "usphone": "'vɪʒʊəl",
        "ukphone": "'vɪʒjʊəl; -zj-"
    },
    {
        "name": "stand out",
        "trans": [
            "突出，显眼"
        ],
        "usphone": "",
        "ukphone": ""
    },
    {
        "name": "concept",
        "trans": [
            "概念；观念"
        ],
        "usphone": "'kɑnsɛpt",
        "ukphone": "'kɒnsept"
    },
    {
        "name": "approach",
        "trans": [
            "方法，方式"
        ],
        "usphone": "ə'protʃ",
        "ukphone": "ə'prəʊtʃ"
    },
    {
        "name": "humour",
        "trans": [
            "幽默"
        ],
        "usphone": "'hju:mə",
        "ukphone": "'hjuːmə"
    },
    {
        "name": "contemporary",
        "trans": [
            "当代的；同时代的"
        ],
        "usphone": "kən'tɛmpərɛri",
        "ukphone": "kən'temp(ə)r(ər)ɪ"
    },
    {
        "name": "contribution",
        "trans": [
            "贡献，捐助"
        ],
        "usphone": ",kɑntrɪ'bjuʃən",
        "ukphone": "kɒntrɪ'bjuːʃ(ə)n"
    },
    {
        "name": "citizen",
        "trans": [
            "公民；市民"
        ],
        "usphone": "'sɪtɪzn",
        "ukphone": "'sɪtɪz(ə)n"
    },
    {
        "name": "niece",
        "trans": [
            "侄女，甥女"
        ],
        "usphone": "nis",
        "ukphone": "niːs"
    },
    {
        "name": "nephew",
        "trans": [
            "侄子，外甥"
        ],
        "usphone": "'nɛfju",
        "ukphone": "'nefjuː; 'nevjuː"
    },
    {
        "name": "consideration",
        "trans": [
            "考虑；(作计划或决定时)必须考虑的事"
        ],
        "usphone": "kən,sɪdə'reʃən",
        "ukphone": "kənsɪdə'reɪʃ(ə)n"
    },
    {
        "name": "as long as",
        "trans": [
            "只要"
        ],
        "usphone": "",
        "ukphone": ""
    },
    {
        "name": "conclude",
        "trans": [
            "作出结论;结束"
        ],
        "usphone": "kən'klud",
        "ukphone": "kən'kluːd"
    },
    {
        "name": "innocent",
        "trans": [
            "天真无邪的，单纯的；无罪的"
        ],
        "usphone": "'ɪnəsnt",
        "ukphone": "'ɪnəs(ə)nt"
    },
    {
        "name": "astronomer",
        "trans": [
            "天文学家"
        ],
        "usphone": "ə'strɑnəmɚ",
        "ukphone": "ə'strɒnəmə"
    },
    {
        "name": "sightseeing",
        "trans": [
            "观光，游览"
        ],
        "usphone": "'saɪtsiɪŋ",
        "ukphone": "'saɪtsiːɪŋ"
    },
    {
        "name": "trolleybus",
        "trans": [
            "无轨电车"
        ],
        "usphone": "",
        "ukphone": ""
    },
    {
        "name": "greengrocer",
        "trans": [
            "蔬菜水果商"
        ],
        "usphone": "'ɡrinɡrosɚ",
        "ukphone": "'griːngrəʊsə"
    },
    {
        "name": "southwest",
        "trans": [
            "在西南方"
        ],
        "usphone": ",saʊθ'wɛst",
        "ukphone": ",saʊθ'west"
    },
    {
        "name": "fog",
        "trans": [
            "雾"
        ],
        "usphone": "fɔɡ",
        "ukphone": "fɒg"
    },
    {
        "name": "tyre",
        "trans": [
            "轮胎"
        ],
        "usphone": "'taɪɚ",
        "ukphone": "'taɪə"
    },
    {
        "name": "muddy",
        "trans": [
            "泥泞的，沾满泥的"
        ],
        "usphone": "'mʌdi",
        "ukphone": "'mʌdɪ"
    },
    {
        "name": "ankle",
        "trans": [
            "脚踝"
        ],
        "usphone": "'æŋkl",
        "ukphone": "'æŋk(ə)l"
    },
    {
        "name": "spokesman",
        "trans": [
            "发言人"
        ],
        "usphone": "'spoksmən",
        "ukphone": "'spəʊksmən"
    },
    {
        "name": "scene",
        "trans": [
            "场面，场景；景象，风景"
        ],
        "usphone": "sin",
        "ukphone": "siːn"
    },
    {
        "name": "ambulance",
        "trans": [
            "救护车"
        ],
        "usphone": "'æmbjələns",
        "ukphone": "'æmbjʊl(ə)ns"
    },
    {
        "name": "strawberry",
        "trans": [
            "草莓"
        ],
        "usphone": "'strɔbɛri",
        "ukphone": "'strɔːb(ə)rɪ"
    },
    {
        "name": "load",
        "trans": [
            "满满一车；很多；工作量",
            "装载；给枪上膛；填充胶卷"
        ],
        "usphone": "lod",
        "ukphone": "ləʊd"
    },
    {
        "name": "bravery",
        "trans": [
            "勇敢"
        ],
        "usphone": "'brevəri",
        "ukphone": "'breɪv(ə)rɪ"
    },
    {
        "name": "fiction",
        "trans": [
            "小说，虚构的事"
        ],
        "usphone": "'fɪkʃən",
        "ukphone": "'fɪkʃ(ə)n"
    },
    {
        "name": "ex-husband",
        "trans": [
            "前夫"
        ],
        "usphone": "",
        "ukphone": ""
    },
    {
        "name": "district",
        "trans": [
            "区，行政区"
        ],
        "usphone": "'dɪstrɪkt",
        "ukphone": "'dɪstrɪkt"
    },
    {
        "name": "editor",
        "trans": [
            "编辑；剪辑者"
        ],
        "usphone": "'ɛdɪtɚ",
        "ukphone": "'edɪtə"
    },
    {
        "name": "ahead",
        "trans": [
            "在前面"
        ],
        "usphone": "ə'hɛd",
        "ukphone": "ə'hed"
    },
    {
        "name": "harmful",
        "trans": [
            "有害的"
        ],
        "usphone": "'hɑrmfəl",
        "ukphone": "'hɑːmfʊl; -f(ə)l"
    },
    {
        "name": "faithfully",
        "trans": [
            "忠实地，真诚地"
        ],
        "usphone": "'feθfəli",
        "ukphone": "'feɪθfʊlɪ; -f(ə)lɪ"
    },
    {
        "name": "unemployment",
        "trans": [
            "失业（状态）"
        ],
        "usphone": ",ʌnɪm'plɔɪmənt",
        "ukphone": "ʌnɪm'plɒɪm(ə)nt; -em-"
    },
    {
        "name": "interrupt",
        "trans": [
            "打断（讲话或动作）;打扰；中断"
        ],
        "usphone": "'ɪntə'rʌpt",
        "ukphone": "ɪntə'rʌpt"
    },
    {
        "name": "tobacco",
        "trans": [
            "烟草，烟叶"
        ],
        "usphone": "tə'bæko",
        "ukphone": "tə'bækəʊ"
    },
    {
        "name": "false",
        "trans": [
            "不真诚的；错误的"
        ],
        "usphone": "fɔls",
        "ukphone": "fɔːls; fɒls"
    },
    {
        "name": "environmental",
        "trans": [
            "自然环境的"
        ],
        "usphone": "ɪn,vaɪrən'mɛntl",
        "ukphone": "ɪnvaɪrən'ment(ə)l; en-"
    },
    {
        "name": "protection",
        "trans": [
            "保护，防卫"
        ],
        "usphone": "prə'tɛkʃən",
        "ukphone": "prə'tekʃ(ə)n"
    },
    {
        "name": "kangaroo",
        "trans": [
            "袋鼠"
        ],
        "usphone": ",kæŋɡə'ru",
        "ukphone": ",kæŋgə'ruː"
    },
    {
        "name": "steak",
        "trans": [
            "肉排;鱼排"
        ],
        "usphone": "stek",
        "ukphone": "steɪk"
    },
    {
        "name": "roast",
        "trans": [
            "烤，烘"
        ],
        "usphone": "rost",
        "ukphone": "rəʊst"
    },
    {
        "name": "soccer",
        "trans": [
            "(英式)足球"
        ],
        "usphone": "'sɑkɚ",
        "ukphone": "'sɒkə"
    },
    {
        "name": "tip",
        "trans": [
            "给小费",
            "小费"
        ],
        "usphone": "tɪp",
        "ukphone": "tɪp"
    },
    {
        "name": "owe",
        "trans": [
            "欠（情、债等）"
        ],
        "usphone": "o",
        "ukphone": "əʊ"
    },
    {
        "name": "apology",
        "trans": [
            "道歉，认错"
        ],
        "usphone": "ə'pɑlədʒi",
        "ukphone": "ə'pɒlədʒɪ"
    },
    {
        "name": "absorb",
        "trans": [
            "理解，掌握；吸收；吸引"
        ],
        "usphone": "æbˈsɔrb; æbˈzɔrb; əbˈsɔrb",
        "ukphone": "əb'zɔːb; -'sɔːb"
    },
    {
        "name": "brief",
        "trans": [
            "短暂的，简短的"
        ],
        "usphone": "brif",
        "ukphone": "briːf"
    },
    {
        "name": "expectation",
        "trans": [
            "期待的事物，预期"
        ],
        "usphone": ",ɛkspɛk'teʃən",
        "ukphone": "ekspek'teɪʃ(ə)n"
    },
    {
        "name": "get used to",
        "trans": [
            "习惯于"
        ],
        "usphone": "",
        "ukphone": ""
    },
    {
        "name": "bacon",
        "trans": [
            "腌猪肉，熏猪肉"
        ],
        "usphone": "'bekən",
        "ukphone": "'beɪk(ə)n"
    },
    {
        "name": "slice",
        "trans": [
            "薄片，片"
        ],
        "usphone": "slaɪs",
        "ukphone": "slaɪs"
    },
    {
        "name": "toast",
        "trans": [
            "烤面包；祝酒，干杯"
        ],
        "usphone": "tost",
        "ukphone": "təʊst"
    },
    {
        "name": "waiter",
        "trans": [
            "（餐厅）服务员"
        ],
        "usphone": "'wetɚ",
        "ukphone": "'weɪtə"
    },
    {
        "name": "waitress",
        "trans": [
            "(餐厅)女服务员"
        ],
        "usphone": "ˈwetrɪs",
        "ukphone": "ˈweɪtrəs"
    },
    {
        "name": "exchange",
        "trans": [
            "兑换，交换"
        ],
        "usphone": "ɪks'tʃendʒ",
        "ukphone": "ɪks'tʃeɪndʒ; eks-"
    },
    {
        "name": "cheque",
        "trans": [
            "支票"
        ],
        "usphone": "tʃɛk",
        "ukphone": "tʃek"
    },
    {
        "name": "wander",
        "trans": [
            "漫游，闲逛"
        ],
        "usphone": "'wɑndɚ",
        "ukphone": "'wɒndə"
    },
    {
        "name": "mushroom",
        "trans": [
            "蘑菇"
        ],
        "usphone": "'mʌʃrʊm",
        "ukphone": "'mʌʃruːm; -rʊm"
    },
    {
        "name": "tasty",
        "trans": [
            "美味的"
        ],
        "usphone": "'testi",
        "ukphone": "'teɪstɪ"
    },
    {
        "name": "foggy",
        "trans": [
            "多雾的"
        ],
        "usphone": "ˈfɔːɡi;ˈfɑːɡi",
        "ukphone": "'fɒgɪ"
    },
    {
        "name": "laughter",
        "trans": [
            "笑;笑声"
        ],
        "usphone": "'læftɚ",
        "ukphone": "'lɑːftə"
    },
    {
        "name": "majority",
        "trans": [
            "大半，大多数"
        ],
        "usphone": "mə'dʒɔrəti",
        "ukphone": "mə'dʒɒrɪtɪ"
    },
    {
        "name": "anyhow",
        "trans": [
            "总之，反正；不管怎样"
        ],
        "usphone": "'ɛnɪ'haʊ",
        "ukphone": "'enɪhaʊ"
    },
    {
        "name": "reasonable",
        "trans": [
            "合理的，正当的"
        ],
        "usphone": "'riznəbl",
        "ukphone": "'riːz(ə)nəb(ə)l"
    },
    {
        "name": "mosquito",
        "trans": [
            "蚊子"
        ],
        "usphone": "məˈskiːtoʊ",
        "ukphone": "mɒ'skiːtəʊ"
    },
    {
        "name": "northeast",
        "trans": [
            "东北，东北方"
        ],
        "usphone": "'nɔrθ'ist",
        "ukphone": ",nɔ:θ'i:st"
    },
    {
        "name": "physician",
        "trans": [
            "内科医生"
        ],
        "usphone": "fɪ'zɪʃən",
        "ukphone": "fɪ'zɪʃ(ə)n"
    },
    {
        "name": "book",
        "trans": [
            "预约，预订"
        ],
        "usphone": "bʊk",
        "ukphone": "bʊk"
    },
    {
        "name": "manners",
        "trans": [
            "礼貌"
        ],
        "usphone": "'mænəz",
        "ukphone": "'mænəz"
    },
    {
        "name": "modest",
        "trans": [
            "谦虚的;适度的"
        ],
        "usphone": "'mɑdɪst",
        "ukphone": "'mɒdɪst"
    },
    {
        "name": "indicate",
        "trans": [
            "表明;表示"
        ],
        "usphone": "'ɪndɪket",
        "ukphone": "'ɪndɪkeɪt"
    },
    {
        "name": "eastern",
        "trans": [
            "东方国家的；东部的"
        ],
        "usphone": "'istɚn",
        "ukphone": "'iːst(ə)n"
    },
    {
        "name": "curiously",
        "trans": [
            "奇怪地；好奇地"
        ],
        "usphone": "'kjʊrɪəsli",
        "ukphone": "'kjʊərɪəslɪ"
    },
    {
        "name": "movement",
        "trans": [
            "动作；活动"
        ],
        "usphone": "'muvmənt",
        "ukphone": "'muːvm(ə)nt"
    },
    {
        "name": "lemon",
        "trans": [
            "柠檬"
        ],
        "usphone": "'lɛmən",
        "ukphone": "'lemən"
    },
    {
        "name": "informal",
        "trans": [
            "非正式的"
        ],
        "usphone": "ɪn'fɔrml",
        "ukphone": "ɪn'fɔːm(ə)l"
    },
    {
        "name": "flashlight",
        "trans": [
            "手电筒"
        ],
        "usphone": "'flæʃlaɪt",
        "ukphone": "'flæʃlaɪt"
    },
    {
        "name": "cave",
        "trans": [
            "洞穴，洞窟"
        ],
        "usphone": "kev",
        "ukphone": "keɪv"
    },
    {
        "name": "cosy",
        "trans": [
            "温暖舒适的"
        ],
        "usphone": "ˈkozi",
        "ukphone": "'kəʊzɪ"
    },
    {
        "name": "novel",
        "trans": [
            "（长篇）小说"
        ],
        "usphone": "ˈnɑːvl",
        "ukphone": "'nɒv(ə)l"
    },
    {
        "name": "circus",
        "trans": [
            "马戏团"
        ],
        "usphone": "'sɝkəs",
        "ukphone": "'sɜːkəs"
    },
    {
        "name": "lift",
        "trans": [
            "搭车"
        ],
        "usphone": "lɪft",
        "ukphone": "lɪft"
    },
    {
        "name": "schoolmate",
        "trans": [
            "同学"
        ],
        "usphone": "'skʊl'met",
        "ukphone": "'skuːlmeɪt"
    },
    {
        "name": "headmaster",
        "trans": [
            "校长"
        ],
        "usphone": ",hɛd'mæstɚ",
        "ukphone": "hed'mɑːstə"
    },
    {
        "name": "jeep",
        "trans": [
            "吉普车"
        ],
        "usphone": "dʒip",
        "ukphone": "dʒiːp"
    },
    {
        "name": "blanket",
        "trans": [
            "毛毡，毯子"
        ],
        "usphone": "'blæŋkɪt",
        "ukphone": "'blæŋkɪt"
    },
    {
        "name": "sheet",
        "trans": [
            "床单，被单"
        ],
        "usphone": "ʃit",
        "ukphone": "ʃiːt"
    },
    {
        "name": "request",
        "trans": [
            "请求"
        ],
        "usphone": "rɪ'kwɛst",
        "ukphone": "rɪ'kwest"
    },
    {
        "name": "parcel",
        "trans": [
            "邮包，包裹"
        ],
        "usphone": "'pɑrsl",
        "ukphone": "'pɑːs(ə)l"
    },
    {
        "name": "handkerchief",
        "trans": [
            "手帕，纸巾"
        ],
        "usphone": "'hæŋkɚtʃɪf",
        "ukphone": "'hæŋkətʃɪf"
    },
    {
        "name": "canteen",
        "trans": [
            "食堂，餐厅"
        ],
        "usphone": "kænˈtiːn",
        "ukphone": "kæn'tiːn"
    },
    {
        "name": "mailbox",
        "trans": [
            "信箱，邮筒"
        ],
        "usphone": "'mel'bɑks",
        "ukphone": "'meɪlbɒks"
    },
    {
        "name": "twin",
        "trans": [
            "孪生之一的",
            "双胞胎之一"
        ],
        "usphone": "twɪn",
        "ukphone": "twɪn"
    },
    {
        "name": "courtyard",
        "trans": [
            "庭院，院子"
        ],
        "usphone": "'kɔrtjɑrd",
        "ukphone": "'kɔːtjɑːd"
    },
    {
        "name": "familiar",
        "trans": [
            "熟悉的，常见的"
        ],
        "usphone": "fə'mɪljɚ",
        "ukphone": "fə'mɪlɪə"
    },
    {
        "name": "arrival",
        "trans": [
            "到达，抵达"
        ],
        "usphone": "ə'raɪvəl",
        "ukphone": "ə'raɪv(ə)l"
    },
    {
        "name": "aspect",
        "trans": [
            "方面"
        ],
        "usphone": "'æspɛkt",
        "ukphone": "'æspekt"
    },
    {
        "name": "splendid",
        "trans": [
            "极佳的，非常好的；壮观的"
        ],
        "usphone": "'splɛndɪd",
        "ukphone": "'splendɪd"
    },
    {
        "name": "cocoa",
        "trans": [
            "可可饮料，可可粉"
        ],
        "usphone": "'koko",
        "ukphone": "'kəʊkəʊ"
    },
    {
        "name": "outgoing",
        "trans": [
            "友好的，乐于交友的"
        ],
        "usphone": "'aʊt'goɪŋ",
        "ukphone": "'aʊtgəʊɪŋ"
    },
    {
        "name": "cautious",
        "trans": [
            "小心翼翼的，谨慎的"
        ],
        "usphone": "'kɔʃəs",
        "ukphone": "'kɔːʃəs"
    },
    {
        "name": "desert",
        "trans": [
            "（正餐最后的）甜食，甜点心"
        ],
        "usphone": "(for v.) dɪˈzɝ​t; (for n.) 'dɛzɚt",
        "ukphone": "(for v.) dɪ'zɜːt; (for n.) 'dezət"
    },
    {
        "name": "stare",
        "trans": [
            "盯着看，凝视"
        ],
        "usphone": "stɛr",
        "ukphone": "steə"
    },
    {
        "name": "whisper",
        "trans": [
            "低语，耳语"
        ],
        "usphone": "'wɪspɚ",
        "ukphone": "'wɪspə"
    },
    {
        "name": "appetite",
        "trans": [
            "食欲，胃口"
        ],
        "usphone": "'æpəˌtaɪt",
        "ukphone": "'æpɪtaɪt"
    },
    {
        "name": "yummy",
        "trans": [
            "美味的"
        ],
        "usphone": "'jʌmi",
        "ukphone": "'jʌmɪ"
    },
    {
        "name": "spoken",
        "trans": [
            "口头的"
        ],
        "usphone": "'spokən",
        "ukphone": "'spəʊk(ə)n"
    },
    {
        "name": "see...off",
        "trans": [
            "给（某人）送行"
        ],
        "usphone": "",
        "ukphone": ""
    },
    {
        "name": "fur",
        "trans": [
            "毛皮，浓密的软毛"
        ],
        "usphone": "fɜr",
        "ukphone": "fɜː"
    },
    {
        "name": "conduct",
        "trans": [
            "指挥（歌唱或音乐演奏）；实施"
        ],
        "usphone": "kən'dʌkt",
        "ukphone": "'kɒndʌkt"
    },
    {
        "name": "band",
        "trans": [
            "乐队"
        ],
        "usphone": "bænd",
        "ukphone": "bænd"
    },
    {
        "name": "burglar",
        "trans": [
            "(潜入住宅或商店的)窃贼"
        ],
        "usphone": "'bɝɡlɚ",
        "ukphone": "'bɜːglə"
    },
    {
        "name": "bark",
        "trans": [
            "吠，叫，吼"
        ],
        "usphone": "bɑrk",
        "ukphone": "bɑːk"
    },
    {
        "name": "injure",
        "trans": [
            "伤害"
        ],
        "usphone": "'ɪndʒɚ",
        "ukphone": "'ɪndʒə"
    },
    {
        "name": "educator",
        "trans": [
            "教育者"
        ],
        "usphone": "'ɛdʒə'ketɚ",
        "ukphone": "'edʒʊkeɪtə"
    },
    {
        "name": "erupt",
        "trans": [
            "爆发，喷发"
        ],
        "usphone": "ɪ'rʌpt",
        "ukphone": "ɪ'rʌpt"
    },
    {
        "name": "dinosaur",
        "trans": [
            "恐龙"
        ],
        "usphone": "ˈdaɪnəˌsɔr",
        "ukphone": "'daɪnəsɔː"
    },
    {
        "name": "detective",
        "trans": [
            "侦探"
        ],
        "usphone": "dɪ'tɛktɪv",
        "ukphone": "dɪ'tektɪv"
    },
    {
        "name": "earthquake",
        "trans": [
            "地震"
        ],
        "usphone": "'ɝθ'kwek",
        "ukphone": "'ɜːθkweɪk"
    },
    {
        "name": "acre",
        "trans": [
            "英亩"
        ],
        "usphone": "'ekɚ",
        "ukphone": "'eɪkə"
    },
    {
        "name": "belong",
        "trans": [
            "适应；属于"
        ],
        "usphone": "bɪ'lɔŋ",
        "ukphone": "bɪ'lɒŋ"
    },
    {
        "name": "attach",
        "trans": [
            "喜欢，依恋；系，固定"
        ],
        "usphone": "ə'tætʃ",
        "ukphone": "ə'tætʃ"
    },
    {
        "name": "birthplace",
        "trans": [
            "出生地"
        ],
        "usphone": "'bɝθ'ples",
        "ukphone": "'bɜːθpleɪs"
    },
    {
        "name": "chef",
        "trans": [
            "厨师长，主厨"
        ],
        "usphone": "ʃɛf",
        "ukphone": "ʃef"
    },
    {
        "name": "fusion",
        "trans": [
            "熔合，熔化"
        ],
        "usphone": "'fjʊʒən",
        "ukphone": "'fjuːʒ(ə)n"
    },
    {
        "name": "vast",
        "trans": [
            "巨大的，广阔的"
        ],
        "usphone": "væst",
        "ukphone": "vɑːst"
    },
    {
        "name": "export",
        "trans": [
            "出口，输出"
        ],
        "usphone": "ˈekspɔːrt；ɪkˈ-",
        "ukphone": "ˈekspɔːt；ɪkˈ-"
    },
    {
        "name": "fond",
        "trans": [
            "喜爱"
        ],
        "usphone": "fɑnd",
        "ukphone": "fɒnd"
    },
    {
        "name": "outdoors",
        "trans": [
            "在户外，在野外"
        ],
        "usphone": "'aʊt'dɔrz",
        "ukphone": "aʊt'dɔːz"
    },
    {
        "name": "literature",
        "trans": [
            "文学"
        ],
        "usphone": "lɪtərəˌtʃʊr",
        "ukphone": "'lɪt(ə)rətʃə"
    },
    {
        "name": "contrary",
        "trans": [
            "相反的",
            "相反"
        ],
        "usphone": "'kɑntrɛri",
        "ukphone": "'kɒntrərɪ"
    },
    {
        "name": "broad",
        "trans": [
            "各种各样的；广阔的"
        ],
        "usphone": "brɔd",
        "ukphone": "brɔːd"
    },
    {
        "name": "bear",
        "trans": [
            "（bore,borne）携带；容忍"
        ],
        "usphone": "bɛr",
        "ukphone": "beə"
    },
    {
        "name": "minority",
        "trans": [
            "少数；少数民族"
        ],
        "usphone": "maɪ'nɔrəti",
        "ukphone": "maɪ'nɒrɪtɪ; mɪ-"
    },
    {
        "name": "well-off",
        "trans": [
            "富有的"
        ],
        "usphone": "'wɛl'ɔf",
        "ukphone": "'wel'ɔ:f"
    },
    {
        "name": "unfair",
        "trans": [
            "不公平的"
        ],
        "usphone": "'ʌn'fɛr",
        "ukphone": "ʌn'feə"
    },
    {
        "name": "forgive",
        "trans": [
            "（forgave,forgiven）宽恕，饶恕"
        ],
        "usphone": "fɚ'ɡɪv",
        "ukphone": "fə'gɪv"
    },
    {
        "name": "preview",
        "trans": [
            "预告；预展，预演"
        ],
        "usphone": "'pri'vjʊ",
        "ukphone": "'priːvjuː"
    },
    {
        "name": "dusk",
        "trans": [
            "黄昏，薄暮"
        ],
        "usphone": "dʌsk",
        "ukphone": "dʌsk"
    },
    {
        "name": "multi-cultural",
        "trans": [
            "多种文化的"
        ],
        "usphone": "",
        "ukphone": ""
    },
    {
        "name": "spot",
        "trans": [
            "地点；点；斑点"
        ],
        "usphone": "spɑt",
        "ukphone": "spɒt"
    },
    {
        "name": "garlic",
        "trans": [
            "蒜，大蒜"
        ],
        "usphone": "'ɡɑrlɪk",
        "ukphone": "'gɑːlɪk"
    },
    {
        "name": "apron",
        "trans": [
            "围裙，围腰布"
        ],
        "usphone": "'eprən",
        "ukphone": "'eɪpr(ə)n"
    },
    {
        "name": "ashtray",
        "trans": [
            "烟灰缸"
        ],
        "usphone": "'æʃtre",
        "ukphone": "'æʃtreɪ"
    },
    {
        "name": "cassette",
        "trans": [
            "盒式录音带"
        ],
        "usphone": "kə'sɛt",
        "ukphone": "kə'set"
    },
    {
        "name": "comb",
        "trans": [
            "梳子"
        ],
        "usphone": "kom",
        "ukphone": "kəʊm"
    },
    {
        "name": "scissors",
        "trans": [
            "剪刀"
        ],
        "usphone": "'sɪzɚz",
        "ukphone": "'sɪzəz"
    },
    {
        "name": "dustbin",
        "trans": [
            "垃圾箱"
        ],
        "usphone": "'dʌstbɪn",
        "ukphone": "'dʌs(t)bɪn"
    },
    {
        "name": "addition",
        "trans": [
            "相加，增加物"
        ],
        "usphone": "ə'dɪʃən",
        "ukphone": "ə'dɪʃ(ə)n"
    },
    {
        "name": "contrast",
        "trans": [
            "差异，差别"
        ],
        "usphone": "'kɑntræst",
        "ukphone": "'kɒntrɑːst"
    }
]