[
    {
        "name": "globalisation",
        "trans": [
            "全球化，全球性"
        ],
        "usphone": ",gləubəlai'zeiʃən",
        "ukphone": ",gləubəlai'zeiʃən"
    },
    {
        "name": "race",
        "trans": [
            "种族"
        ],
        "usphone": "res",
        "ukphone": "reɪs"
    },
    {
        "name": "brand",
        "trans": [
            "商标，牌子"
        ],
        "usphone": "brænd",
        "ukphone": "brænd"
    },
    {
        "name": "import",
        "trans": [
            "进口；输入；引进"
        ],
        "usphone": "'ɪmpɔt",
        "ukphone": "ɪm'pɔːt; 'ɪm-"
    },
    {
        "name": "ethnic",
        "trans": [
            "异国风情的；人种的，种族的"
        ],
        "usphone": "'ɛθnɪk",
        "ukphone": "'eθnɪk"
    },
    {
        "name": "non-native",
        "trans": [
            "非本国的，非本地的"
        ],
        "usphone": "",
        "ukphone": ""
    },
    {
        "name": "multinational",
        "trans": [
            "跨国的，多国的"
        ],
        "usphone": ",mʌltɪ'næʃnəl",
        "ukphone": "mʌltɪ'næʃ(ə)n(ə)l"
    },
    {
        "name": "investor",
        "trans": [
            "投资者"
        ],
        "usphone": "ɪn'vɛstɚ",
        "ukphone": "ɪn'vestə"
    },
    {
        "name": "multi-ethnic",
        "trans": [
            "多种族的"
        ],
        "usphone": "",
        "ukphone": ""
    },
    {
        "name": "emigration",
        "trans": [
            "移民，移居"
        ],
        "usphone": ",ɛmə'greʃən",
        "ukphone": ",emɪ'greɪʃn"
    },
    {
        "name": "immigration",
        "trans": [
            "外来的移民，移居入境"
        ],
        "usphone": ",ɪmɪ'ɡreʃən",
        "ukphone": "ɪmɪ'ɡreɪʃn"
    },
    {
        "name": "clash",
        "trans": [
            "冲突"
        ],
        "usphone": "klæʃ",
        "ukphone": "klæʃ"
    },
    {
        "name": "Americanisation",
        "trans": [
            "美国化"
        ],
        "usphone": "",
        "ukphone": ""
    },
    {
        "name": "deprive",
        "trans": [
            "剥夺，使丧失"
        ],
        "usphone": "dɪ'praɪv",
        "ukphone": "dɪ'praɪv"
    },
    {
        "name": "come to the fore",
        "trans": [
            "变得重要，有影响力"
        ],
        "usphone": "",
        "ukphone": ""
    },
    {
        "name": "subcontinent",
        "trans": [
            "次大陆"
        ],
        "usphone": ",sʌb'kɑntɪnənt",
        "ukphone": ""
    },
    {
        "name": "uniqueness",
        "trans": [
            "唯一性，独特性"
        ],
        "usphone": "jʊ'niknɪs",
        "ukphone": "ju:'ni:knis"
    },
    {
        "name": "opposing",
        "trans": [
            "相反的，对立的"
        ],
        "usphone": "ə'pozɪŋ",
        "ukphone": "ə'pəʊzɪŋ"
    },
    {
        "name": "pursue",
        "trans": [
            "追求，继续进行"
        ],
        "usphone": "pə'sʊ",
        "ukphone": "pə'sjuː"
    },
    {
        "name": "likewise",
        "trans": [
            "同样地，也"
        ],
        "usphone": "'laɪkwaɪz",
        "ukphone": "'laɪkwaɪz"
    },
    {
        "name": "infectious",
        "trans": [
            "有感染力的；传染病的"
        ],
        "usphone": "ɪn'fɛkʃəs",
        "ukphone": "ɪn'fekʃəs"
    },
    {
        "name": "billboard",
        "trans": [
            "告示板，广告牌"
        ],
        "usphone": "'bɪlbɔrd",
        "ukphone": "'bɪlbɔːd"
    },
    {
        "name": "youngster",
        "trans": [
            "年轻人，少年"
        ],
        "usphone": "'jʌŋstɚ",
        "ukphone": "'jʌŋstə"
    },
    {
        "name": "headset",
        "trans": [
            "耳机"
        ],
        "usphone": "'hɛd'sɛt",
        "ukphone": "'hedset"
    },
    {
        "name": "sip",
        "trans": [
            "小口喝；抿"
        ],
        "usphone": "sɪp",
        "ukphone": "sɪp"
    },
    {
        "name": "multi-storey",
        "trans": [
            "多层的"
        ],
        "usphone": ",mʌlti'stɔ:ri",
        "ukphone": ""
    },
    {
        "name": "lane",
        "trans": [
            "巷；（乡间）小路"
        ],
        "usphone": "len",
        "ukphone": "leɪn"
    },
    {
        "name": "stroke",
        "trans": [
            "抚摸"
        ],
        "usphone": "strok",
        "ukphone": "strəʊk"
    },
    {
        "name": "episode",
        "trans": [
            "(电视连续剧的)一集，一节"
        ],
        "usphone": "'ɛpɪsod",
        "ukphone": "'epɪsəʊd"
    },
    {
        "name": "high-rise",
        "trans": [
            "高层建筑的"
        ],
        "usphone": "'hai'raiz",
        "ukphone": "'hai'raiz"
    },
    {
        "name": "unimaginable",
        "trans": [
            "想不到的，不可思议的"
        ],
        "usphone": ",ʌnɪ'mædʒɪnəbl",
        "ukphone": "ʌnɪ'mædʒɪnəb(ə)l"
    },
    {
        "name": "commonplace",
        "trans": [
            "普通的，平凡的"
        ],
        "usphone": "'kɑmən'ples",
        "ukphone": "'kɒmənpleɪs"
    },
    {
        "name": "spare",
        "trans": [
            "多余的",
            "宽恕；腾出"
        ],
        "usphone": "spɛr",
        "ukphone": "speə"
    },
    {
        "name": "out of date",
        "trans": [
            "过时的，废弃的"
        ],
        "usphone": "",
        "ukphone": ""
    },
    {
        "name": "simplify",
        "trans": [
            "使简易，简明，简化"
        ],
        "usphone": "'sɪmplɪfaɪ",
        "ukphone": "'sɪmplɪfaɪ"
    },
    {
        "name": "controller",
        "trans": [
            "管理者，控制者，指挥者"
        ],
        "usphone": "kən'trolɚ",
        "ukphone": "kən'trəʊlə"
    },
    {
        "name": "command",
        "trans": [
            "掌握"
        ],
        "usphone": "kə'mænd",
        "ukphone": "kə'mɑːnd"
    },
    {
        "name": "Applied Linguistics",
        "trans": [
            "应用语言学"
        ],
        "usphone": "",
        "ukphone": ""
    },
    {
        "name": "subsequent",
        "trans": [
            "随后的，后来的"
        ],
        "usphone": "'sʌbsɪkwənt",
        "ukphone": "'sʌbsɪkw(ə)nt"
    },
    {
        "name": "implication",
        "trans": [
            "可能的影响；暗示"
        ],
        "usphone": "'ɪmplɪ'keʃən",
        "ukphone": "ɪmplɪ'keɪʃ(ə)n"
    },
    {
        "name": "intelligible",
        "trans": [
            "明白易懂的"
        ],
        "usphone": "ɪn'tɛlɪdʒəbl",
        "ukphone": "ɪn'telɪdʒɪb(ə)l"
    },
    {
        "name": "conform",
        "trans": [
            "符合，顺应；遵守"
        ],
        "usphone": "kən'fɔrm",
        "ukphone": "kən'fɔːm"
    },
    {
        "name": "Arabic",
        "trans": [
            "阿拉伯的，阿拉伯人的"
        ],
        "usphone": "ˈærəbɪk",
        "ukphone": "'ærəbik"
    },
    {
        "name": "legitimate",
        "trans": [
            "合理的；合法的；正统的"
        ],
        "usphone": "ləˈdʒɪtəmɪt",
        "ukphone": "lɪ'dʒɪtɪmət"
    },
    {
        "name": "patronise",
        "trans": [
            "以高人一等的态度对待；资助"
        ],
        "usphone": "'peitrənaiz",
        "ukphone": "'peɪtrənaɪz"
    },
    {
        "name": "drawback",
        "trans": [
            "缺点，障碍，困难"
        ],
        "usphone": "'drɔbæk",
        "ukphone": "'drɔːbæk"
    },
    {
        "name": "consideration",
        "trans": [
            "考虑；体谅"
        ],
        "usphone": "kən,sɪdə'reʃən",
        "ukphone": "kənsɪdə'reɪʃ(ə)n"
    },
    {
        "name": "devise",
        "trans": [
            "想出，设计，发明"
        ],
        "usphone": "dɪ'vaɪz",
        "ukphone": "dɪ'vaɪz"
    },
    {
        "name": "syllabus",
        "trans": [
            "教学大纲"
        ],
        "usphone": "'sɪləbəs",
        "ukphone": "'sɪləbəs"
    },
    {
        "name": "monolingual",
        "trans": [
            "只用一种语言的"
        ],
        "usphone": ",mɑnə'lɪŋɡwəl",
        "ukphone": "mɒnə(ʊ)'lɪŋgw(ə)l"
    },
    {
        "name": "mathematical",
        "trans": [
            "数学的"
        ],
        "usphone": ",mæθə'mætɪkl",
        "ukphone": "mæθ(ə)'mætɪk(ə)l"
    },
    {
        "name": "spatial",
        "trans": [
            "空间的"
        ],
        "usphone": "'speʃl",
        "ukphone": "'speɪʃ(ə)l"
    },
    {
        "name": "geometry",
        "trans": [
            "几何学"
        ],
        "usphone": "dʒɪ'ɑmətri",
        "ukphone": "dʒɪ'ɒmɪtrɪ"
    },
    {
        "name": "score",
        "trans": [
            "(游戏、比赛的)得分，评分"
        ],
        "usphone": "skɔ",
        "ukphone": "skɔː"
    },
    {
        "name": "fund",
        "trans": [
            "资金，基金"
        ],
        "usphone": "fʌnd",
        "ukphone": "fʌnd"
    },
    {
        "name": "monetary",
        "trans": [
            "货币的，金钱的"
        ],
        "usphone": "'mʌnɪtɛri",
        "ukphone": "'mʌnɪt(ə)rɪ"
    },
    {
        "name": "annual",
        "trans": [
            "每年的，一年一次的"
        ],
        "usphone": "'ænjuəl",
        "ukphone": "'ænjʊəl"
    },
    {
        "name": "disperse",
        "trans": [
            "（使）散开，疏散"
        ],
        "usphone": "dɪ'spɝs",
        "ukphone": "dɪ'spɜːs"
    },
    {
        "name": "marcher",
        "trans": [
            "游行者，行进者"
        ],
        "usphone": "",
        "ukphone": "'mɑːtʃə"
    },
    {
        "name": "cut off",
        "trans": [
            "切断，断绝"
        ],
        "usphone": "",
        "ukphone": ""
    },
    {
        "name": "Hindu",
        "trans": [
            "印度人的，印度教的"
        ],
        "usphone": "'hindu:; 'hin'du:",
        "ukphone": "'hindu:; 'hin'du:"
    },
    {
        "name": "Maha Kumbh Mela",
        "trans": [
            "(印度每12年一次的)瓦罐庙会"
        ],
        "usphone": "",
        "ukphone": ""
    },
    {
        "name": "commemorate",
        "trans": [
            "纪念"
        ],
        "usphone": "kə'mɛməret",
        "ukphone": "kə'meməreɪt"
    },
    {
        "name": "mythological",
        "trans": [
            "神话的；虚构的"
        ],
        "usphone": ",mɪθə'lɑdʒɪkl",
        "ukphone": "mɪθə'lɒdʒɪk(ə)l"
    },
    {
        "name": "confer",
        "trans": [
            "授予（称号、学位等）",
            "商谈，讨论"
        ],
        "usphone": "kən'fɝ",
        "ukphone": "kən'fɜː"
    },
    {
        "name": "immortality",
        "trans": [
            "不朽，不朽的声名"
        ],
        "usphone": ",ɪmɔr'tæləti",
        "ukphone": "ɪmɔː'tælɪtɪ"
    },
    {
        "name": "sadhu",
        "trans": [
            "印度教圣人"
        ],
        "usphone": "'sɑdu",
        "ukphone": "'sɑːduː"
    },
    {
        "name": "simplicity",
        "trans": [
            "简单，简易，朴素"
        ],
        "usphone": "sɪm'plɪsəti",
        "ukphone": "sɪm'plɪsɪtɪ"
    },
    {
        "name": "chariot",
        "trans": [
            "双轮马车"
        ],
        "usphone": "'tʃærɪət",
        "ukphone": "'tʃærɪət"
    },
    {
        "name": "pilgrim",
        "trans": [
            "圣地朝拜者"
        ],
        "usphone": "'pɪlɡrɪm",
        "ukphone": "'pɪlgrɪm"
    },
    {
        "name": "wipe away",
        "trans": [
            "擦去"
        ],
        "usphone": "",
        "ukphone": ""
    },
    {
        "name": "sin",
        "trans": [
            "罪，罪恶"
        ],
        "usphone": "sɪn",
        "ukphone": "sɪn"
    },
    {
        "name": "downpour",
        "trans": [
            "倾盆大雨"
        ],
        "usphone": "'daʊnpɔr",
        "ukphone": "'daʊnpɔː"
    },
    {
        "name": "douse",
        "trans": [
            "浇灭；浸泡"
        ],
        "usphone": "daʊs",
        "ukphone": "daʊs"
    },
    {
        "name": "bushfire",
        "trans": [
            "林区大火"
        ],
        "usphone": "'buʃ,faiə",
        "ukphone": "'bʊʃ,faɪə"
    },
    {
        "name": "fortnight",
        "trans": [
            "两星期"
        ],
        "usphone": "'fɔrtnaɪt",
        "ukphone": "'fɔːtnaɪt"
    },
    {
        "name": "evacuation",
        "trans": [
            "撤退，撤出"
        ],
        "usphone": "ɪ,vækjʊ'eʃən",
        "ukphone": "ɪ,vækjʊ'eɪʃ(ə)n"
    },
    {
        "name": "welfare",
        "trans": [
            "福利，福利事业"
        ],
        "usphone": "'wɛl'fɛr",
        "ukphone": "'welfeə"
    },
    {
        "name": "telecom",
        "trans": [
            "电信"
        ],
        "usphone": "'tɛlɪkɔm",
        "ukphone": "'telɪkɒm"
    },
    {
        "name": "geographical",
        "trans": [
            "地理的，地理学的"
        ],
        "usphone": "dʒɪə'græfɪkl",
        "ukphone": "dʒɪə'græfɪk(ə)l"
    },
    {
        "name": "boundary",
        "trans": [
            "分界线；边界"
        ],
        "usphone": "'baʊndri",
        "ukphone": "'baʊnd(ə)rɪ"
    },
    {
        "name": "highly",
        "trans": [
            "非常；极；高度地"
        ],
        "usphone": "'haɪli",
        "ukphone": "'haɪlɪ"
    },
    {
        "name": "the World Wireless Forum",
        "trans": [
            "世界无线电话论坛"
        ],
        "usphone": "",
        "ukphone": ""
    },
    {
        "name": "mobility",
        "trans": [
            "活动性，灵活性，机动性"
        ],
        "usphone": "mo'bɪləti",
        "ukphone": "məʊ'bɪlətɪ"
    },
    {
        "name": "freelancer",
        "trans": [
            "自由职业者"
        ],
        "usphone": "'frilænsɚ",
        "ukphone": "'friːlɑːnsə(r)"
    },
    {
        "name": "migrant",
        "trans": [
            "移居者；候鸟"
        ],
        "usphone": "'maɪɡrənt",
        "ukphone": "'maɪgr(ə)nt"
    },
    {
        "name": "ownership",
        "trans": [
            "所有权，所有制"
        ],
        "usphone": "'onɚʃɪp",
        "ukphone": "'əʊnəʃɪp"
    },
    {
        "name": "vague",
        "trans": [
            "含糊的，不清楚的"
        ],
        "usphone": "veɡ",
        "ukphone": "veɪg"
    },
    {
        "name": "countless",
        "trans": [
            "无数的，数不尽的"
        ],
        "usphone": "'kaʊntləs",
        "ukphone": "'kaʊntlɪs"
    },
    {
        "name": "indispensable",
        "trans": [
            "不可缺少的，绝对必要的"
        ],
        "usphone": "'ɪndɪ'spɛnsəbl",
        "ukphone": "ɪndɪ'spensəb(ə)l"
    },
    {
        "name": "long for",
        "trans": [
            "渴望"
        ],
        "usphone": "",
        "ukphone": ""
    },
    {
        "name": "relieved",
        "trans": [
            "得到安慰的"
        ],
        "usphone": "rɪ'livd",
        "ukphone": "rɪ'liːvd"
    },
    {
        "name": "cross",
        "trans": [
            "生气的"
        ],
        "usphone": "krɔs",
        "ukphone": "krɒs"
    },
    {
        "name": "furious",
        "trans": [
            "狂怒的，暴怒的"
        ],
        "usphone": "'fjʊrɪəs",
        "ukphone": "'fjʊərɪəs"
    },
    {
        "name": "insecure",
        "trans": [
            "不可靠的，不安全的"
        ],
        "usphone": ",ɪnsɪ'kjʊr",
        "ukphone": "ˌɪnsɪˈkjʊə(r)"
    },
    {
        "name": "shattered",
        "trans": [
            "感到震惊的，难过的，心烦意乱的"
        ],
        "usphone": "'ʃætɚd",
        "ukphone": "'ʃætəd"
    },
    {
        "name": "disillusioned",
        "trans": [
            "不抱幻想的，理想破灭的"
        ],
        "usphone": ",dɪsɪ'luʒnd",
        "ukphone": "dɪsɪ'luːʒ(ə)nd; -'ljuː-"
    },
    {
        "name": "let down",
        "trans": [
            "失望的"
        ],
        "usphone": "",
        "ukphone": ""
    },
    {
        "name": "satisfaction",
        "trans": [
            "满意，满足"
        ],
        "usphone": ",sætɪs'fækʃən",
        "ukphone": "sætɪs'fækʃ(ə)n"
    },
    {
        "name": "dread",
        "trans": [
            "恐惧，害怕，担心"
        ],
        "usphone": "drɛd",
        "ukphone": "dred"
    },
    {
        "name": "sprain",
        "trans": [
            "扭伤"
        ],
        "usphone": "spren",
        "ukphone": "spreɪn"
    },
    {
        "name": "disallow",
        "trans": [
            "不承认，不准许"
        ],
        "usphone": ",dɪsə'laʊ",
        "ukphone": "dɪsə'laʊ"
    },
    {
        "name": "out of the blue",
        "trans": [
            "突然地"
        ],
        "usphone": "",
        "ukphone": ""
    },
    {
        "name": "intend",
        "trans": [
            "想要，打算"
        ],
        "usphone": "ɪn'tɛnd",
        "ukphone": "ɪn'tend"
    },
    {
        "name": "punchline",
        "trans": [
            "(故事、戏剧、笑话等中的)妙语，关键语"
        ],
        "usphone": "'pʌntʃlaɪn",
        "ukphone": "'pʌn(t)ʃlaɪn"
    },
    {
        "name": "grizzly",
        "trans": [
            "略灰色的，呈灰色的"
        ],
        "usphone": "'grɪzli",
        "ukphone": "'grɪzlɪ"
    },
    {
        "name": "passion",
        "trans": [
            "激情，热情"
        ],
        "usphone": "'pæʃən",
        "ukphone": "'pæʃ(ə)n"
    },
    {
        "name": "caveman",
        "trans": [
            "(史前石器时代的)穴居人"
        ],
        "usphone": "'keivmæn",
        "ukphone": ""
    },
    {
        "name": "playwright",
        "trans": [
            "剧作家"
        ],
        "usphone": "'pleraɪt",
        "ukphone": "'pleɪraɪt"
    },
    {
        "name": "statesman",
        "trans": [
            "政治家，国务活动家"
        ],
        "usphone": "'stetsmən",
        "ukphone": "'steɪtsmən"
    },
    {
        "name": "habit-forming",
        "trans": [
            "成习惯性的，会上瘾的"
        ],
        "usphone": "'hæbit,fɔ:miŋ",
        "ukphone": "'hæbit,fɔ:miŋ"
    },
    {
        "name": "juggle",
        "trans": [
            "杂耍"
        ],
        "usphone": "'dʒʌɡl",
        "ukphone": "'dʒʌg(ə)l"
    },
    {
        "name": "packed",
        "trans": [
            "挤满人的，拥挤的"
        ],
        "usphone": "pækt",
        "ukphone": "pækt"
    },
    {
        "name": "blazing",
        "trans": [
            "酷热的；炽热的"
        ],
        "usphone": "'blezɪŋ",
        "ukphone": "'bleɪzɪŋ"
    },
    {
        "name": "hesitant",
        "trans": [
            "踌躇的，犹豫的"
        ],
        "usphone": "'hɛzɪtənt",
        "ukphone": "'hezɪt(ə)nt"
    },
    {
        "name": "squint",
        "trans": [
            "眯着眼看，斜视"
        ],
        "usphone": "skwɪnt",
        "ukphone": "skwɪnt"
    },
    {
        "name": "wildly",
        "trans": [
            "疯狂地，野蛮地"
        ],
        "usphone": "'waɪldli",
        "ukphone": "'waildli"
    },
    {
        "name": "bounce",
        "trans": [
            "(球)跳起，弹回"
        ],
        "usphone": "baʊns",
        "ukphone": "baʊns"
    },
    {
        "name": "hop",
        "trans": [
            "单脚跳"
        ],
        "usphone": "hɑp",
        "ukphone": "hɒp"
    },
    {
        "name": "limp",
        "trans": [
            "跛行，瘸着走"
        ],
        "usphone": "lɪmp",
        "ukphone": "lɪmp"
    },
    {
        "name": "mystified",
        "trans": [
            "被迷惑的，被神秘化的"
        ],
        "usphone": "",
        "ukphone": ""
    },
    {
        "name": "ashamed",
        "trans": [
            "惭愧的，羞耻的"
        ],
        "usphone": "ə'ʃemd",
        "ukphone": "ə'ʃeɪmd"
    },
    {
        "name": "amusement",
        "trans": [
            "娱乐，消遣"
        ],
        "usphone": "ə'mjuzmənt",
        "ukphone": "ə'mjuːzm(ə)nt"
    },
    {
        "name": "desperation",
        "trans": [
            "绝望"
        ],
        "usphone": ",dɛspə'reʃən",
        "ukphone": "despə'reɪʃn"
    },
    {
        "name": "onwards",
        "trans": [
            "向前地，在先地"
        ],
        "usphone": "'ɑnwɚdz",
        "ukphone": "'ɒnwədz"
    },
    {
        "name": "beg for",
        "trans": [
            "乞求"
        ],
        "usphone": "",
        "ukphone": ""
    },
    {
        "name": "messy",
        "trans": [
            "肮脏的，凌乱的，杂乱的"
        ],
        "usphone": "'mɛsi",
        "ukphone": "'mesɪ"
    },
    {
        "name": "retire",
        "trans": [
            "退休"
        ],
        "usphone": "rɪ'taɪɚ",
        "ukphone": "rɪ'taɪə"
    },
    {
        "name": "wit",
        "trans": [
            "智力，才智，智慧"
        ],
        "usphone": "wɪt",
        "ukphone": "wɪt"
    },
    {
        "name": "purse",
        "trans": [
            "钱包，皮包"
        ],
        "usphone": "pɝs",
        "ukphone": "pɜːs"
    },
    {
        "name": "heartbroken",
        "trans": [
            "悲伤的，伤心的"
        ],
        "usphone": "'hɑrtbrokən",
        "ukphone": "'hɑːtbrəʊkən"
    },
    {
        "name": "belongings",
        "trans": [
            "财产，所有物"
        ],
        "usphone": "bə'lɔŋɪŋz",
        "ukphone": ""
    },
    {
        "name": "chop",
        "trans": [
            "砍，剁碎"
        ],
        "usphone": "tʃɑp",
        "ukphone": "tʃɒp"
    },
    {
        "name": "majesty",
        "trans": [
            "陛下"
        ],
        "usphone": "'mædʒəsti",
        "ukphone": "'mædʒɪstɪ"
    },
    {
        "name": "sob",
        "trans": [
            "呜咽，哭泣"
        ],
        "usphone": "sɑb",
        "ukphone": "sɒb"
    },
    {
        "name": "count",
        "trans": [
            "数，计算"
        ],
        "usphone": "kaʊnt",
        "ukphone": "kaʊnt"
    },
    {
        "name": "sideboard",
        "trans": [
            "餐具柜"
        ],
        "usphone": "'saɪd'bɔrd",
        "ukphone": "'saɪdbɔːd"
    },
    {
        "name": "jester",
        "trans": [
            "讲笑话的人，小丑"
        ],
        "usphone": "'dʒɛstɚ",
        "ukphone": "'dʒestə"
    },
    {
        "name": "astonishment",
        "trans": [
            "惊讶"
        ],
        "usphone": "ə'stɑnɪʃmənt",
        "ukphone": "ə'stɒnɪʃmənt"
    },
    {
        "name": "carefree",
        "trans": [
            "无忧无虑的"
        ],
        "usphone": "'kɛrfri",
        "ukphone": "'keəfriː"
    },
    {
        "name": "camouflage",
        "trans": [
            "伪装，掩饰"
        ],
        "usphone": "'kæmə'flɑʒ",
        "ukphone": "'kæməflɑːʒ"
    },
    {
        "name": "shield",
        "trans": [
            "保护，防御"
        ],
        "usphone": "ʃild",
        "ukphone": "ʃiːld"
    },
    {
        "name": "for sure",
        "trans": [
            "确实"
        ],
        "usphone": "",
        "ukphone": ""
    },
    {
        "name": "unforgettable",
        "trans": [
            "令人难忘的"
        ],
        "usphone": ",ʌnfɚ'ɡɛtəbl",
        "ukphone": "ʌnfə'getəb(ə)l"
    },
    {
        "name": "cunning",
        "trans": [
            "奸诈的，狡猾的"
        ],
        "usphone": "'kʌnɪŋ",
        "ukphone": "'kʌnɪŋ"
    },
    {
        "name": "undo",
        "trans": [
            "解开，打开"
        ],
        "usphone": "ʌn'du",
        "ukphone": "ʌn'duː"
    },
    {
        "name": "collar",
        "trans": [
            "衣领"
        ],
        "usphone": "'kɑlɚ",
        "ukphone": "'kɒlə"
    },
    {
        "name": "unbutton",
        "trans": [
            "解开衣服的钮扣"
        ],
        "usphone": ",ʌn'bʌtn",
        "ukphone": "ʌn'bʌt(ə)n"
    },
    {
        "name": "thread",
        "trans": [
            "线，纱"
        ],
        "usphone": "θrɛd",
        "ukphone": "θred"
    },
    {
        "name": "mutter",
        "trans": [
            "低声说出（生气或抱怨的话）"
        ],
        "usphone": "'mʌtɚ",
        "ukphone": "'mʌtə"
    },
    {
        "name": "undisturbed",
        "trans": [
            "未被干扰的"
        ],
        "usphone": ",ʌndɪ'stɝbd",
        "ukphone": "ʌndɪ'stɜːbd"
    },
    {
        "name": "stride",
        "trans": [
            "大步行走"
        ],
        "usphone": "straɪd",
        "ukphone": "straɪd"
    },
    {
        "name": "presently",
        "trans": [
            "不久；目前"
        ],
        "usphone": "'prɛzntli",
        "ukphone": "'prez(ə)ntlɪ"
    },
    {
        "name": "shabby",
        "trans": [
            "破旧的，褴褛的"
        ],
        "usphone": "ˈʃæbi",
        "ukphone": "'ʃæbɪ"
    },
    {
        "name": "promptly",
        "trans": [
            "敏捷地，迅速地"
        ],
        "usphone": "'prɑmptli",
        "ukphone": "'prɒm(p)tlɪ"
    },
    {
        "name": "tumble",
        "trans": [
            "摔倒，跌倒"
        ],
        "usphone": "'tʌmbl",
        "ukphone": "'tʌmb(ə)l"
    },
    {
        "name": "punch",
        "trans": [
            "用拳猛击"
        ],
        "usphone": "",
        "ukphone": "pʌn(t)ʃ"
    },
    {
        "name": "astride",
        "trans": [
            "跨着"
        ],
        "usphone": "ə'straɪd",
        "ukphone": "ə'straɪd"
    },
    {
        "name": "pound",
        "trans": [
            "(连续)猛击"
        ],
        "usphone": "paʊnd",
        "ukphone": "paʊnd"
    },
    {
        "name": "rage",
        "trans": [
            "愤怒，愤激"
        ],
        "usphone": "redʒ",
        "ukphone": "reɪdʒ"
    },
    {
        "name": "relive",
        "trans": [
            "重新体验"
        ],
        "usphone": ",ri'lɪv",
        "ukphone": "riː'lɪv"
    },
    {
        "name": "good manners",
        "trans": [
            "礼貌"
        ],
        "usphone": "",
        "ukphone": ""
    },
    {
        "name": "disrespectful",
        "trans": [
            "失礼的，无礼的"
        ],
        "usphone": "disri,spektful",
        "ukphone": "dɪsrɪ'spek(t)f(ʊ)l"
    },
    {
        "name": "revolting",
        "trans": [
            "令人厌恶的"
        ],
        "usphone": "rɪ'voltɪŋ",
        "ukphone": "rɪ'vəʊltɪŋ"
    },
    {
        "name": "gentlemanly",
        "trans": [
            "绅士的，绅士似的"
        ],
        "usphone": "'dʒentlmənli",
        "ukphone": "'dʒent(ə)lmənlɪ"
    },
    {
        "name": "unhygienic",
        "trans": [
            "不卫生的，不清洁的"
        ],
        "usphone": ",ʌnhai'dʒi:nik",
        "ukphone": "ʌnhaɪ'dʒiːnɪk"
    },
    {
        "name": "unprofessional",
        "trans": [
            "外行的，非职业的"
        ],
        "usphone": ",ʌnprə'fɛʃənl",
        "ukphone": "ʌnprə'feʃ(ə)n(ə)l"
    },
    {
        "name": "misinterpreted",
        "trans": [
            "曲解的，误解的"
        ],
        "usphone": "'mɪsɪn'tɝprɪt",
        "ukphone": "mɪsɪn'tɜːprɪt"
    },
    {
        "name": "drop in",
        "trans": [
            "顺便走访"
        ],
        "usphone": "",
        "ukphone": ""
    },
    {
        "name": "sneeze",
        "trans": [
            "喷嚏",
            "打喷嚏"
        ],
        "usphone": "sniz",
        "ukphone": "sniːz"
    },
    {
        "name": "curse",
        "trans": [
            "诅咒,咒骂"
        ],
        "usphone": "kɝs",
        "ukphone": "kɜːs"
    },
    {
        "name": "context",
        "trans": [
            "场合"
        ],
        "usphone": "'kɑntɛkst",
        "ukphone": "'kɒntekst"
    },
    {
        "name": "infuriate",
        "trans": [
            "激怒"
        ],
        "usphone": "ɪn'fjʊrɪet",
        "ukphone": "ɪn'fjʊərɪeɪt"
    },
    {
        "name": "dispenser",
        "trans": [
            "自动柜员机"
        ],
        "usphone": "dɪ'spɛnsɚ",
        "ukphone": "dɪ'spensə"
    },
    {
        "name": "device",
        "trans": [
            "设备，仪器，装置"
        ],
        "usphone": "dɪ'vaɪs",
        "ukphone": "dɪ'vaɪs"
    },
    {
        "name": "disapprove",
        "trans": [
            "不赞成，不同意"
        ],
        "usphone": "'dɪsə'prʊv",
        "ukphone": "dɪsə'pruːv"
    },
    {
        "name": "uneasy",
        "trans": [
            "不自在的；心神不安的"
        ],
        "usphone": "ʌn'izi",
        "ukphone": "ʌn'iːzɪ"
    },
    {
        "name": "aural",
        "trans": [
            "听觉的，听力的"
        ],
        "usphone": "'ɔrəl",
        "ukphone": "'ɔːr(ə)l"
    },
    {
        "name": "confusion",
        "trans": [
            "混乱，混淆"
        ],
        "usphone": "kən'fjʊʒən",
        "ukphone": "kən'fjuːʒ(ə)n"
    },
    {
        "name": "standardisation",
        "trans": [
            "标准化"
        ],
        "usphone": "",
        "ukphone": ""
    },
    {
        "name": "be supposed to",
        "trans": [
            "应该"
        ],
        "usphone": "",
        "ukphone": ""
    },
    {
        "name": "awkwardness",
        "trans": [
            "尴尬；笨拙"
        ],
        "usphone": "'ɔ:kwədnis",
        "ukphone": "'ɔːkwədnəs"
    },
    {
        "name": "overdue",
        "trans": [
            "早该完成的"
        ],
        "usphone": "ovɚ'du",
        "ukphone": "əʊvə'djuː"
    },
    {
        "name": "liar",
        "trans": [
            "说谎者"
        ],
        "usphone": "'laɪɚ",
        "ukphone": "'laɪə"
    },
    {
        "name": "dialect",
        "trans": [
            "方言，土语"
        ],
        "usphone": "'daɪə'lɛkt",
        "ukphone": "'daɪəlekt"
    },
    {
        "name": "spinach",
        "trans": [
            "菠菜"
        ],
        "usphone": "'spɪnɪtʃ",
        "ukphone": "'spɪnɪdʒ; -ɪtʃ"
    },
    {
        "name": "excessive",
        "trans": [
            "过分的"
        ],
        "usphone": "ɪkˈsɛsɪv",
        "ukphone": "ɪkˈsesɪv"
    },
    {
        "name": "undivided",
        "trans": [
            "完整的；未分开的"
        ],
        "usphone": ",ʌndɪ'vaɪdɪd",
        "ukphone": "ʌndɪ'vaɪdɪd"
    },
    {
        "name": "go into details",
        "trans": [
            "详述，逐一细说"
        ],
        "usphone": "",
        "ukphone": ""
    },
    {
        "name": "display",
        "trans": [
            "陈列，展览，显示"
        ],
        "usphone": "dɪ'sple",
        "ukphone": "dɪ'spleɪ"
    },
    {
        "name": "put sb. down",
        "trans": [
            "羞辱"
        ],
        "usphone": "",
        "ukphone": ""
    },
    {
        "name": "make light of",
        "trans": [
            "轻视，忽略"
        ],
        "usphone": "",
        "ukphone": ""
    },
    {
        "name": "dumbness",
        "trans": [
            "无言，沉默"
        ],
        "usphone": "",
        "ukphone": ""
    },
    {
        "name": "get one's mind off",
        "trans": [
            "转移某人的注意力，忘掉"
        ],
        "usphone": "",
        "ukphone": ""
    },
    {
        "name": "tactful",
        "trans": [
            "圆通的；得体的"
        ],
        "usphone": "'tæktfl",
        "ukphone": "'tæktfʊl; -f(ə)l"
    },
    {
        "name": "straightforward",
        "trans": [
            "坦率的，直截了当的"
        ],
        "usphone": ",stret'fɔrwɚd",
        "ukphone": "streɪt'fɔːwəd"
    },
    {
        "name": "opinionated",
        "trans": [
            "固执己见的"
        ],
        "usphone": "ə'pɪnjənetɪd",
        "ukphone": "ə'pɪnjəneɪtɪd"
    },
    {
        "name": "obligation",
        "trans": [
            "义务，职责，责任"
        ],
        "usphone": ",ɑblɪ'ɡeʃən",
        "ukphone": "ɒblɪ'geɪʃ(ə)n"
    },
    {
        "name": "necessity",
        "trans": [
            "需要，必需，必要"
        ],
        "usphone": "nə'sɛsəti",
        "ukphone": "nɪ'sesɪtɪ"
    },
    {
        "name": "inappropriate",
        "trans": [
            "不合宜的，不适当的"
        ],
        "usphone": "'ɪnə'proprɪət",
        "ukphone": "ɪnə'prəʊprɪət"
    },
    {
        "name": "voice mail",
        "trans": [
            "语音信箱"
        ],
        "usphone": "",
        "ukphone": ""
    },
    {
        "name": "funeral",
        "trans": [
            "葬礼，出殡"
        ],
        "usphone": "'fjunərəl",
        "ukphone": "'fjuːn(ə)r(ə)l"
    },
    {
        "name": "punctual",
        "trans": [
            "严守时刻的，准时的"
        ],
        "usphone": "'pʌŋtʃʊəl",
        "ukphone": "'pʌŋ(k)tʃʊəl; -tjʊəl"
    },
    {
        "name": "the other night",
        "trans": [
            "前两天夜里，不久前的某个夜里"
        ],
        "usphone": "",
        "ukphone": ""
    },
    {
        "name": "calm down",
        "trans": [
            "平静下来，镇定下来"
        ],
        "usphone": "",
        "ukphone": ""
    },
    {
        "name": "socialise",
        "trans": [
            "交友，交谊"
        ],
        "usphone": "'səuʃəlaiz",
        "ukphone": "'səʊʃəlaɪz"
    },
    {
        "name": "stumble",
        "trans": [
            "结结巴巴地说（或念）；绊倒"
        ],
        "usphone": "'stʌmbl",
        "ukphone": "'stʌmb(ə)l"
    },
    {
        "name": "dry up",
        "trans": [
            "停止谈话；使干枯"
        ],
        "usphone": "",
        "ukphone": ""
    },
    {
        "name": "be unsure of",
        "trans": [
            "不确定，不肯定"
        ],
        "usphone": "",
        "ukphone": ""
    },
    {
        "name": "status",
        "trans": [
            "身份，地位"
        ],
        "usphone": "ˈstetəs",
        "ukphone": "'steɪtəs"
    },
    {
        "name": "interrogation",
        "trans": [
            "讯问，审问，质问"
        ],
        "usphone": "ɪn,tɛrə'geʃən",
        "ukphone": "ɪn,terə'geɪʃ(ə)n"
    },
    {
        "name": "tempt",
        "trans": [
            "诱使"
        ],
        "usphone": "tɛmpt",
        "ukphone": "tem(p)t"
    },
    {
        "name": "unclear",
        "trans": [
            "不清楚的，难懂的"
        ],
        "usphone": ",ʌn'klɪr",
        "ukphone": "ʌn'klɪə"
    },
    {
        "name": "summarise",
        "trans": [
            "概述，总结"
        ],
        "usphone": "'sʌməraiz",
        "ukphone": "'sʌməraɪz"
    },
    {
        "name": "restate",
        "trans": [
            "重新叙述，重申"
        ],
        "usphone": ",ri'stet",
        "ukphone": "riː'steɪt"
    },
    {
        "name": "look sb.in the eye",
        "trans": [
            "正视某人"
        ],
        "usphone": "",
        "ukphone": ""
    },
    {
        "name": "distract",
        "trans": [
            "使……注意力转移，使分心"
        ],
        "usphone": "dɪ'strækt",
        "ukphone": "dɪ'strækt"
    },
    {
        "name": "over-emotional",
        "trans": [
            "过于激动的；过于敏感的"
        ],
        "usphone": "",
        "ukphone": ""
    },
    {
        "name": "charm",
        "trans": [
            "魅力"
        ],
        "usphone": "tʃɑrm",
        "ukphone": "tʃɑːm"
    },
    {
        "name": "unconsciously",
        "trans": [
            "无意地，不知不觉地"
        ],
        "usphone": "ʌn'kɑnʃəsli",
        "ukphone": "ʌn'kɔnʃəsli"
    },
    {
        "name": "come across",
        "trans": [
            "偶遇，碰到"
        ],
        "usphone": "",
        "ukphone": ""
    },
    {
        "name": "get across",
        "trans": [
            "被理解，使人了解"
        ],
        "usphone": "",
        "ukphone": ""
    },
    {
        "name": "resent",
        "trans": [
            "不满；憎恶"
        ],
        "usphone": "rɪ'zɛnt",
        "ukphone": "rɪ'zent"
    },
    {
        "name": "defensive",
        "trans": [
            "有戒心的，自卫的"
        ],
        "usphone": "dɪ'fɛnsɪv",
        "ukphone": "dɪ'fensɪv"
    },
    {
        "name": "washed",
        "trans": [
            "out 非常疲倦的"
        ],
        "usphone": "wɔʃt",
        "ukphone": "wɔʃt"
    },
    {
        "name": "flatmate",
        "trans": [
            "公寓室友"
        ],
        "usphone": "'flæt,meit",
        "ukphone": "'flæt,meɪt"
    },
    {
        "name": "protective",
        "trans": [
            "保护的，防护的"
        ],
        "usphone": "prə'tɛktɪv",
        "ukphone": "prə'tektɪv"
    },
    {
        "name": "hint",
        "trans": [
            "暗示，提示"
        ],
        "usphone": "hɪnt",
        "ukphone": "hɪnt"
    },
    {
        "name": "spoil",
        "trans": [
            "宠坏；破坏"
        ],
        "usphone": "spɔɪl",
        "ukphone": "spɒɪl"
    },
    {
        "name": "drop out",
        "trans": [
            "退出（比赛、俱乐部、学校）"
        ],
        "usphone": "",
        "ukphone": ""
    },
    {
        "name": "sack",
        "trans": [
            "开除，解雇"
        ],
        "usphone": "sæk",
        "ukphone": "sæk"
    },
    {
        "name": "fly off the handle",
        "trans": [
            "(为不太重要的事)大发雷霆"
        ],
        "usphone": "",
        "ukphone": ""
    },
    {
        "name": "explosive",
        "trans": [
            "激增的，爆发（性）的"
        ],
        "usphone": "ɪk'splosɪv; ɪk'splozɪv",
        "ukphone": "ɪk'spləʊsɪv; ek-"
    },
    {
        "name": "conversational",
        "trans": [
            "口语的，谈话的"
        ],
        "usphone": ",kɑnvɚ'seʃənl",
        "ukphone": "kɒnvə'seɪʃ(ə)n(ə)l"
    },
    {
        "name": "concise",
        "trans": [
            "简明的，简练的"
        ],
        "usphone": "kən'saɪs",
        "ukphone": "kən'saɪs"
    },
    {
        "name": "courteous",
        "trans": [
            "有礼貌的；谦恭的"
        ],
        "usphone": "'kɝtɪəs",
        "ukphone": "'kɜːtjəs"
    },
    {
        "name": "overuse",
        "trans": [
            "使用过度"
        ],
        "usphone": "'ovə'jʊs",
        "ukphone": "əʊvə'juːz"
    },
    {
        "name": "cliche",
        "trans": [
            "陈词滥调"
        ],
        "usphone": "",
        "ukphone": ""
    },
    {
        "name": "punctuation",
        "trans": [
            "标点，标点符号"
        ],
        "usphone": "'pʌŋktʃʊ'eʃən",
        "ukphone": "pʌŋ(k)tʃʊ'eɪʃ(ə)n; -tjʊ-"
    },
    {
        "name": "courtesy",
        "trans": [
            "礼貌；谦恭"
        ],
        "usphone": "'kɝtəsi",
        "ukphone": "'kɜːtɪsɪ"
    },
    {
        "name": "sign-off",
        "trans": [
            "结束写信；结束广播节目"
        ],
        "usphone": "'saɪnɔf",
        "ukphone": ""
    },
    {
        "name": "neglect",
        "trans": [
            "忽视，疏忽"
        ],
        "usphone": "nɪ'glɛkt",
        "ukphone": "nɪ'glekt"
    },
    {
        "name": "for the sake of",
        "trans": [
            "为……的缘故"
        ],
        "usphone": "",
        "ukphone": ""
    },
    {
        "name": "recipient",
        "trans": [
            "接受者"
        ],
        "usphone": "rɪ'sɪpɪənt",
        "ukphone": "rɪ'sɪpɪənt"
    },
    {
        "name": "annoyance",
        "trans": [
            "可厌之事；烦恼"
        ],
        "usphone": "ə'nɔɪəns",
        "ukphone": "ə'nɒɪəns"
    },
    {
        "name": "abbreviation",
        "trans": [
            "缩写，缩写词"
        ],
        "usphone": "əˌbrivɪ'eʃən",
        "ukphone": "əbriːvɪ'eɪʃ(ə)n"
    },
    {
        "name": "as far as",
        "trans": [
            "至于"
        ],
        "usphone": "",
        "ukphone": ""
    },
    {
        "name": "overdo",
        "trans": [
            "过度，做得过分"
        ],
        "usphone": "'ovɚ'dʊ",
        "ukphone": "əʊvə'duː"
    },
    {
        "name": "oblivious",
        "trans": [
            "未觉察到的"
        ],
        "usphone": "ə'blɪvɪəs",
        "ukphone": "ə'blɪvɪəs"
    },
    {
        "name": "dispatch",
        "trans": [
            "发送，派遣"
        ],
        "usphone": "dɪ'spætʃ",
        "ukphone": "dɪˈspætʃ"
    },
    {
        "name": "in accordance with",
        "trans": [
            "按照，依照"
        ],
        "usphone": "",
        "ukphone": ""
    },
    {
        "name": "herewith",
        "trans": [
            "随同此信"
        ],
        "usphone": "'hɪr'wɪð; 'hɪr'wɪθ",
        "ukphone": "hɪə'wɪð; -'wɪθ"
    },
    {
        "name": "sum",
        "trans": [
            "金额；总数"
        ],
        "usphone": "sʌm",
        "ukphone": "sʌm"
    },
    {
        "name": "print",
        "trans": [
            "印刷，出版"
        ],
        "usphone": "prɪnt",
        "ukphone": "prɪnt"
    },
    {
        "name": "dinosaur",
        "trans": [
            "恐龙"
        ],
        "usphone": "ˈdaɪnəˌsɔr",
        "ukphone": "'daɪnəsɔː"
    },
    {
        "name": "endeavour",
        "trans": [
            "尽力，竭力"
        ],
        "usphone": "ɪndɛvəʳ",
        "ukphone": "ɪn'devə; en-"
    },
    {
        "name": "retail",
        "trans": [
            "零售"
        ],
        "usphone": "'ritel",
        "ukphone": "'riːteɪl"
    },
    {
        "name": "outlet",
        "trans": [
            "批发商店，经销公司"
        ],
        "usphone": "'aʊtlɛt",
        "ukphone": "'aʊtlet"
    },
    {
        "name": "uncooperative",
        "trans": [
            "不合作的，不配合的"
        ],
        "usphone": ",ʌnko'ɑpərətɪv",
        "ukphone": "ʌnkəʊ'ɒp(ə)rətɪv"
    },
    {
        "name": "reluctant",
        "trans": [
            "勉强的，不愿意的"
        ],
        "usphone": "rɪ'lʌktənt",
        "ukphone": "rɪ'lʌkt(ə)nt"
    },
    {
        "name": "nuisance",
        "trans": [
            "讨厌或麻烦的人、事、情况"
        ],
        "usphone": "'nusns",
        "ukphone": "'njuːs(ə)ns"
    },
    {
        "name": "aisle",
        "trans": [
            "走廊，过道"
        ],
        "usphone": "aɪl",
        "ukphone": "aɪl"
    },
    {
        "name": "choke",
        "trans": [
            "使窒息，使不能呼吸"
        ],
        "usphone": "tʃok",
        "ukphone": "tʃəʊk"
    },
    {
        "name": "ineffective",
        "trans": [
            "无效的"
        ],
        "usphone": ",ɪnɪ'fɛktɪv",
        "ukphone": "ɪnɪ'fektɪv"
    },
    {
        "name": "oasis",
        "trans": [
            "(沙漠中的)绿洲"
        ],
        "usphone": "o'esɪs",
        "ukphone": "əʊ'eɪsɪs"
    },
    {
        "name": "numerous",
        "trans": [
            "许多的，数目众多的"
        ],
        "usphone": "'numərəs",
        "ukphone": "'njuːm(ə)rəs"
    },
    {
        "name": "tailor made",
        "trans": [
            "定制的，为……特制的"
        ],
        "usphone": "",
        "ukphone": ""
    },
    {
        "name": "place an order",
        "trans": [
            "向……定购某物"
        ],
        "usphone": "",
        "ukphone": ""
    },
    {
        "name": "mar",
        "trans": [
            "破坏，损伤"
        ],
        "usphone": "mɑr",
        "ukphone": "mɑː"
    },
    {
        "name": "litterbug",
        "trans": [
            "在街道或公共场所乱丢垃圾的人"
        ],
        "usphone": "",
        "ukphone": "'lɪtəbʌg"
    },
    {
        "name": "efficiency",
        "trans": [
            "效率，功效"
        ],
        "usphone": "ɪˈfɪʃənsɪ",
        "ukphone": "ɪ'fɪʃ(ə)nsɪ"
    },
    {
        "name": "pothole",
        "trans": [
            "坑洼"
        ],
        "usphone": "'pɑthol",
        "ukphone": "'pɒthəʊl"
    },
    {
        "name": "install",
        "trans": [
            "安装，安置"
        ],
        "usphone": "ɪn'stɔl",
        "ukphone": "ɪnˈstɔ:l"
    },
    {
        "name": "payoff",
        "trans": [
            "发工资"
        ],
        "usphone": "'pe,ɔf",
        "ukphone": "'peɪɔːf"
    },
    {
        "name": "jail",
        "trans": [
            "监狱"
        ],
        "usphone": "dʒel",
        "ukphone": "dʒeɪl"
    },
    {
        "name": "civil",
        "trans": [
            "公民的，国民的"
        ],
        "usphone": "'sɪvl",
        "ukphone": "'sɪv(ə)l; -ɪl"
    },
    {
        "name": "tag",
        "trans": [
            "标签"
        ],
        "usphone": "tæɡ",
        "ukphone": "tæg"
    },
    {
        "name": "auction",
        "trans": [
            "拍卖"
        ],
        "usphone": "'ɔkʃən",
        "ukphone": "'ɔːkʃ(ə)n"
    },
    {
        "name": "plaster",
        "trans": [
            "涂抹，抹灰"
        ],
        "usphone": "'plæstɚ",
        "ukphone": "'plɑːstə"
    },
    {
        "name": "outnumber",
        "trans": [
            "数目超过，比……多"
        ],
        "usphone": "'aʊt'nʌmbɚ",
        "ukphone": "aʊt'nʌmbə"
    },
    {
        "name": "slingshot",
        "trans": [
            "弹弓"
        ],
        "usphone": "'slɪŋʃɑt",
        "ukphone": "'slɪŋʃɒt"
    },
    {
        "name": "violation",
        "trans": [
            "违反，违背，妨碍，侵害"
        ],
        "usphone": ",vaɪə'leʃən",
        "ukphone": "vaɪə'leɪʃn"
    },
    {
        "name": "chime",
        "trans": [
            "铃声；钟声"
        ],
        "usphone": "tʃaɪm",
        "ukphone": "tʃaɪm"
    },
    {
        "name": "back up",
        "trans": [
            "支持，援助"
        ],
        "usphone": "",
        "ukphone": ""
    },
    {
        "name": "publicity",
        "trans": [
            "宣传"
        ],
        "usphone": "pʌb'lɪsəti",
        "ukphone": "pʌb'lɪsɪtɪ"
    },
    {
        "name": "slogan",
        "trans": [
            "口号，标语"
        ],
        "usphone": "'slogən",
        "ukphone": "'sləʊg(ə)n"
    },
    {
        "name": "antispit",
        "trans": [
            "反吐痰"
        ],
        "usphone": "",
        "ukphone": ""
    },
    {
        "name": "distribution",
        "trans": [
            "分配，分发"
        ],
        "usphone": "'dɪstrə'bjʊʃən",
        "ukphone": "dɪstrɪ'bjuːʃ(ə)n"
    },
    {
        "name": "pamphlet",
        "trans": [
            "小册子"
        ],
        "usphone": "ˈpæmflɪt",
        "ukphone": "'pæmflət"
    },
    {
        "name": "poster",
        "trans": [
            "海报，招贴"
        ],
        "usphone": "'postɚ",
        "ukphone": "'pəʊstə"
    },
    {
        "name": "strip",
        "trans": [
            "(报刊上的)连环画"
        ],
        "usphone": "strɪp",
        "ukphone": "strɪp"
    },
    {
        "name": "contest",
        "trans": [
            "比赛，竞争"
        ],
        "usphone": "kən'tɛst",
        "ukphone": "'kɒntest"
    },
    {
        "name": "liveable",
        "trans": [
            "适于居住的，可住的"
        ],
        "usphone": "'lɪvəbl",
        "ukphone": "'lɪvəb(ə)l"
    },
    {
        "name": "flush",
        "trans": [
            "冲洗，冲刷"
        ],
        "usphone": "flʌʃ",
        "ukphone": "flʌʃ"
    },
    {
        "name": "enact",
        "trans": [
            "将……制定成法律"
        ],
        "usphone": "ɪ'nækt",
        "ukphone": "ɪ'nækt; e-"
    },
    {
        "name": "inspector",
        "trans": [
            "检查员，巡视员"
        ],
        "usphone": "ɪn'spɛktɚ",
        "ukphone": "ɪn'spektə"
    },
    {
        "name": "intrude",
        "trans": [
            "闯入，强行进入"
        ],
        "usphone": "ɪn'trʊd",
        "ukphone": "ɪn'truːd"
    },
    {
        "name": "consciousness",
        "trans": [
            "意识，知觉"
        ],
        "usphone": "'kɑnʃəsnəs",
        "ukphone": "'kɒnʃəsnɪs"
    },
    {
        "name": "norm",
        "trans": [
            "标准，规范"
        ],
        "usphone": "nɔrm",
        "ukphone": "nɔːm"
    }
]