[
    {
        "name": "spacious",
        "trans": [
            "宽敞的"
        ],
        "usphone": "'speʃəs",
        "ukphone": "'speɪʃəs"
    },
    {
        "name": "airy",
        "trans": [
            "通风的"
        ],
        "usphone": "'ɛri",
        "ukphone": "'eərɪ"
    },
    {
        "name": "outfit",
        "trans": [
            "（尤指供特殊场合用的）一套衣服"
        ],
        "usphone": "'aʊtfɪt",
        "ukphone": "'aʊtfɪt"
    },
    {
        "name": "manly",
        "trans": [
            "有男子汉气概的，适合男人的"
        ],
        "usphone": "'mænli",
        "ukphone": "'mænlɪ"
    },
    {
        "name": "fabric",
        "trans": [
            "编织品，织物"
        ],
        "usphone": "'fæbrɪk",
        "ukphone": "'fæbrɪk"
    },
    {
        "name": "individuality",
        "trans": [
            "个性"
        ],
        "usphone": ",ɪndɪ,vɪdʒu'æləti",
        "ukphone": ",ɪndɪvɪdjʊ'ælɪtɪ"
    },
    {
        "name": "reflective",
        "trans": [
            "（表面）反光的"
        ],
        "usphone": "rɪ'flɛktɪv",
        "ukphone": "rɪ'flektɪv"
    },
    {
        "name": "underneath",
        "trans": [
            "在下面"
        ],
        "usphone": ",ʌndɚ'niθ",
        "ukphone": "ʌndə'niːθ"
    },
    {
        "name": "obscene",
        "trans": [
            "淫秽的，猥亵的"
        ],
        "usphone": "əb'sin",
        "ukphone": "əb'siːn"
    },
    {
        "name": "cuddly",
        "trans": [
            "不由得想搂抱的，可爱的"
        ],
        "usphone": "'kʌdli",
        "ukphone": "'kʌdlɪ"
    },
    {
        "name": "biographical",
        "trans": [
            "传记的"
        ],
        "usphone": ",baɪə'græfɪkl",
        "ukphone": "baɪə'græfɪk(ə)l"
    },
    {
        "name": "tactical",
        "trans": [
            "战术上的，策略性的"
        ],
        "usphone": "'tæktɪkl",
        "ukphone": "'tæktɪk(ə)l"
    },
    {
        "name": "plateau",
        "trans": [
            "高地，高原"
        ],
        "usphone": "plæ'to",
        "ukphone": "'plætəʊ"
    },
    {
        "name": "heroic",
        "trans": [
            "英雄的，英勇的"
        ],
        "usphone": "hə'roɪk",
        "ukphone": "hɪ'rəʊɪk"
    },
    {
        "name": "culminate",
        "trans": [
            "终于获得某种结局或结果"
        ],
        "usphone": "'kʌlmɪnet",
        "ukphone": "'kʌlmɪneɪt"
    },
    {
        "name": "rotten",
        "trans": [
            "腐朽的；腐烂的"
        ],
        "usphone": "'rɑtn",
        "ukphone": "'rɒt(ə)n"
    },
    {
        "name": "superhuman",
        "trans": [
            "超人"
        ],
        "usphone": ",supɚ'hjumən",
        "ukphone": ",suːpə'hjuːmən; ,sjuː-"
    },
    {
        "name": "labour",
        "trans": [
            "工作；劳动"
        ],
        "usphone": "ˈlebɚ",
        "ukphone": "'leɪbə"
    },
    {
        "name": "distill",
        "trans": [
            "蒸馏；提炼"
        ],
        "usphone": "dɪs'tɪl",
        "ukphone": "dis'til"
    },
    {
        "name": "inaccurate",
        "trans": [
            "错误的，不准确的"
        ],
        "usphone": "ɪn'ækjərət",
        "ukphone": "ɪn'ækjʊrət"
    },
    {
        "name": "distinguished",
        "trans": [
            "卓越的，杰出的；高贵的"
        ],
        "usphone": "dɪ'stɪŋgwɪʃt",
        "ukphone": "dɪ'stɪŋgwɪʃt"
    },
    {
        "name": "plain",
        "trans": [
            "易懂的；清楚的，明白的"
        ],
        "usphone": "plen",
        "ukphone": "pleɪn"
    },
    {
        "name": "Prussian",
        "trans": [
            "普鲁士的",
            "普鲁士人"
        ],
        "usphone": "'prʌʃən",
        "ukphone": "'prʌʃən"
    },
    {
        "name": "advisor",
        "trans": [
            "顾问"
        ],
        "usphone": "əd'vaɪzɚ",
        "ukphone": "əd'vaɪzə"
    },
    {
        "name": "sincerity",
        "trans": [
            "诚挚，真挚"
        ],
        "usphone": "sɪn'sɪərəti",
        "ukphone": "sɪn'serətɪ"
    },
    {
        "name": "virtue",
        "trans": [
            "德行；美德"
        ],
        "usphone": "'vɝtʃʊ",
        "ukphone": "'vɜːtjuː; -tʃuː"
    },
    {
        "name": "morality",
        "trans": [
            "道德；道德观"
        ],
        "usphone": "məˈræləti",
        "ukphone": "məˈræləti"
    },
    {
        "name": "proverb",
        "trans": [
            "谚语"
        ],
        "usphone": "'prɑvɝb",
        "ukphone": "'prɒvɜːb"
    },
    {
        "name": "leap",
        "trans": [
            "跳，跳越，飞跃"
        ],
        "usphone": "lip",
        "ukphone": "liːp"
    },
    {
        "name": "disapproving",
        "trans": [
            "不以为然的，不赞成的"
        ],
        "usphone": ",disə'pru:viŋ",
        "ukphone": ""
    },
    {
        "name": "clip",
        "trans": [
            "电影片断"
        ],
        "usphone": "klɪp",
        "ukphone": "klɪp"
    },
    {
        "name": "soundtrack",
        "trans": [
            "电影配乐"
        ],
        "usphone": "'saʊndtræk",
        "ukphone": "'saʊn(d)træk"
    },
    {
        "name": "assorted",
        "trans": [
            "混杂的，各种各样的"
        ],
        "usphone": "ə'sɔrtəd",
        "ukphone": "ə'sɔːtɪd"
    },
    {
        "name": "diverge",
        "trans": [
            "（道路）分叉；（意见）分歧"
        ],
        "usphone": "daɪ'vɝdʒ",
        "ukphone": "daɪ'vɜːdʒ; dɪ-"
    },
    {
        "name": "undergrowth",
        "trans": [
            "下层丛林"
        ],
        "usphone": "'ʌndɚɡroθ",
        "ukphone": "'ʌndəgrəʊθ"
    },
    {
        "name": "grassy",
        "trans": [
            "长满草的"
        ],
        "usphone": "'ɡræsi",
        "ukphone": "'grɑːsɪ"
    },
    {
        "name": "wear",
        "trans": [
            "使用；用损，用坏"
        ],
        "usphone": "wɛr",
        "ukphone": "weə"
    },
    {
        "name": "tread",
        "trans": [
            "(trod,trodden)踩，踏，践踏"
        ],
        "usphone": "trɛd",
        "ukphone": "tred"
    },
    {
        "name": "hence",
        "trans": [
            "因此，从此"
        ],
        "usphone": "hɛns",
        "ukphone": "hens"
    },
    {
        "name": "inquisitive",
        "trans": [
            "好奇的"
        ],
        "usphone": "ɪn'kwɪzətɪv",
        "ukphone": "ɪn'kwɪzɪtɪv"
    },
    {
        "name": "rant",
        "trans": [
            "咆哮，激昂地说"
        ],
        "usphone": "rænt",
        "ukphone": "rænt"
    },
    {
        "name": "automated",
        "trans": [
            "自动的"
        ],
        "usphone": "ɔtəˌmetɪd",
        "ukphone": "ˈɔːtəˌmeɪtɪd"
    },
    {
        "name": "invoice",
        "trans": [
            "发票，发货清单",
            "开发票"
        ],
        "usphone": "'ɪnvɔɪs",
        "ukphone": "'ɪnvɒɪs"
    },
    {
        "name": "specifically",
        "trans": [
            "具体地；确切地"
        ],
        "usphone": "spə'sɪfɪkli",
        "ukphone": "spɪ'sɪfɪkəlɪ"
    },
    {
        "name": "offender",
        "trans": [
            "犯规者；冒犯者"
        ],
        "usphone": "ə'fɛndɚ",
        "ukphone": "ə'fendə(r)"
    },
    {
        "name": "behold",
        "trans": [
            "看"
        ],
        "usphone": "bɪ'hold",
        "ukphone": "bɪ'həʊld"
    },
    {
        "name": "sly",
        "trans": [
            "狡猾的"
        ],
        "usphone": "slaɪ",
        "ukphone": "slaɪ"
    },
    {
        "name": "repetitive",
        "trans": [
            "重复的，反复的"
        ],
        "usphone": "rɪ'pɛtətɪv",
        "ukphone": "rɪ'petɪtɪv"
    },
    {
        "name": "beep",
        "trans": [
            "哔哔声"
        ],
        "usphone": "bip",
        "ukphone": "biːp"
    },
    {
        "name": "vegetarian",
        "trans": [
            "素食者"
        ],
        "usphone": "ˌvɛdʒəˈtɛrɪən",
        "ukphone": "ˌvedʒɪˈteərɪən"
    },
    {
        "name": "morally",
        "trans": [
            "精神上"
        ],
        "usphone": "'mɔrəli",
        "ukphone": "'mɒrəlɪ"
    },
    {
        "name": "outlandish",
        "trans": [
            "另类的，奇异的"
        ],
        "usphone": "aʊt'lændɪʃ",
        "ukphone": "aʊt'lændɪʃ"
    },
    {
        "name": "rip",
        "trans": [
            "撕裂，拉破"
        ],
        "usphone": "rɪp",
        "ukphone": "rɪp"
    },
    {
        "name": "gaudy",
        "trans": [
            "（衣服、颜色等）俗丽的"
        ],
        "usphone": "'gɔdi",
        "ukphone": "'gɔːdɪ"
    },
    {
        "name": "unnoticed",
        "trans": [
            "不引人注意的，被忽视的"
        ],
        "usphone": ",ʌn'notɪst",
        "ukphone": "ʌn'nəʊtɪst"
    },
    {
        "name": "weird",
        "trans": [
            "古怪的，离奇的"
        ],
        "usphone": "wɪrd",
        "ukphone": "wɪəd"
    },
    {
        "name": "flamboyant",
        "trans": [
            "艳丽的"
        ],
        "usphone": "flæm'bɔɪənt",
        "ukphone": "flæm'bɒɪənt"
    },
    {
        "name": "outrageous",
        "trans": [
            "骇人的；令人惊讶的"
        ],
        "usphone": "aʊt'redʒəs",
        "ukphone": "aʊt'reɪdʒəs"
    },
    {
        "name": "flair",
        "trans": [
            "才能，本领"
        ],
        "usphone": "flɛr",
        "ukphone": "fleə"
    },
    {
        "name": "unsuitable",
        "trans": [
            "不适合的，不相称的"
        ],
        "usphone": "ʌn'sutəbl",
        "ukphone": "ʌn'suːtəb(ə)l; -'sjuːt-"
    },
    {
        "name": "impressionable",
        "trans": [
            "易受影响的"
        ],
        "usphone": "ɪm'prɛʃənəbl",
        "ukphone": "ɪm'preʃ(ə)nəb(ə)l"
    },
    {
        "name": "employee",
        "trans": [
            "职工，雇员"
        ],
        "usphone": "ɪmˈplɔɪi;ɛmplɔɪˈi",
        "ukphone": "ɪmˈplɔɪi;ˌemplɔɪˈi:"
    },
    {
        "name": "risque",
        "trans": [
            "不雅的"
        ],
        "usphone": "ris'kei",
        "ukphone": "ris'kei"
    },
    {
        "name": "conceal",
        "trans": [
            "隐藏，隐瞒"
        ],
        "usphone": "kən'sil",
        "ukphone": "kən'siːl"
    },
    {
        "name": "inseparably",
        "trans": [
            "不能分离地，不可分地"
        ],
        "usphone": "",
        "ukphone": ""
    },
    {
        "name": "modernity",
        "trans": [
            "现代性"
        ],
        "usphone": "mə'dɝnəti",
        "ukphone": "mə'dɜːnɪtɪ"
    },
    {
        "name": "catwalk",
        "trans": [
            "时装表演；（模特表演时走的）伸展台"
        ],
        "usphone": "'kæt'wɔk",
        "ukphone": "'kætwɔːk"
    },
    {
        "name": "symposium",
        "trans": [
            "讨论会，座谈会"
        ],
        "usphone": "sɪm'pozɪəm",
        "ukphone": "sɪm'pəʊzɪəm"
    },
    {
        "name": "heritage",
        "trans": [
            "遗产；继承权"
        ],
        "usphone": "'hɛrɪtɪdʒ",
        "ukphone": "'herɪtɪdʒ"
    },
    {
        "name": "garment",
        "trans": [
            "衣服，外衣"
        ],
        "usphone": "'gɑrmənt",
        "ukphone": "'gɑːm(ə)nt"
    },
    {
        "name": "synthetic",
        "trans": [
            "合成的；人造的"
        ],
        "usphone": "sɪn'θɛtɪk",
        "ukphone": "sɪn'θetɪk"
    },
    {
        "name": "fibre",
        "trans": [
            "纤维"
        ],
        "usphone": "'faibə",
        "ukphone": "'faɪbə"
    },
    {
        "name": "hand-crafted",
        "trans": [
            "手工制作的"
        ],
        "usphone": "",
        "ukphone": ""
    },
    {
        "name": "embroidery",
        "trans": [
            "刺绣"
        ],
        "usphone": "ɪm'brɔɪdəri",
        "ukphone": "ɪm'brɒɪd(ə)rɪ; em-"
    },
    {
        "name": "embed",
        "trans": [
            "使插入，使嵌入"
        ],
        "usphone": "ɪm'bɛd",
        "ukphone": "ɪm'bed; em-"
    },
    {
        "name": "incorporate",
        "trans": [
            "合并，并入"
        ],
        "usphone": "",
        "ukphone": "ɪn'kɔːpəreɪt"
    },
    {
        "name": "illustrate",
        "trans": [
            "举例说明；图解"
        ],
        "usphone": "'ɪləstret",
        "ukphone": "'ɪləstreɪt"
    },
    {
        "name": "glittering",
        "trans": [
            "闪光的，闪耀的"
        ],
        "usphone": "'ɡlɪtərɪŋ",
        "ukphone": "'glɪtərɪŋ"
    },
    {
        "name": "expatriate",
        "trans": [
            "居住在国外的人"
        ],
        "usphone": ",ɛks'petrɪət",
        "ukphone": "ɪks'pætrɪət; -'peɪtrɪət; eks-"
    },
    {
        "name": "fashion-conscious",
        "trans": [
            "有时尚意识的"
        ],
        "usphone": "",
        "ukphone": ""
    },
    {
        "name": "shun",
        "trans": [
            "避开，避免"
        ],
        "usphone": "ʃʌn",
        "ukphone": "ʃʌn"
    },
    {
        "name": "elegance",
        "trans": [
            "高雅，典雅，优雅"
        ],
        "usphone": "'ɛləgəns",
        "ukphone": "'elɪg(ə)ns"
    },
    {
        "name": "obscure",
        "trans": [
            "名不见经传的"
        ],
        "usphone": "əb'skjʊr",
        "ukphone": "əb'skjʊə"
    },
    {
        "name": "curator",
        "trans": [
            "馆长"
        ],
        "usphone": "kjʊ'retɚ",
        "ukphone": "kjʊ(ə)'reɪtə"
    },
    {
        "name": "pure",
        "trans": [
            "纯的，纯粹的"
        ],
        "usphone": "pjʊr",
        "ukphone": "pjʊə"
    },
    {
        "name": "ingenuity",
        "trans": [
            "独创性，灵活性"
        ],
        "usphone": ",ɪndʒə'nuəti",
        "ukphone": ",ɪndʒɪ'njuːɪtɪ"
    },
    {
        "name": "novelty",
        "trans": [
            "新颖，新奇"
        ],
        "usphone": "'nɑvlti",
        "ukphone": "'nɒv(ə)ltɪ"
    },
    {
        "name": "barcode",
        "trans": [
            "条形码"
        ],
        "usphone": "",
        "ukphone": ""
    },
    {
        "name": "coordinate",
        "trans": [
            "使协调，使调和"
        ],
        "usphone": "ko'ɔrdɪnet",
        "ukphone": "kəʊ'ɔ:dɪneɪt"
    },
    {
        "name": "toaster",
        "trans": [
            "烤面包机，多士炉"
        ],
        "usphone": "'tostɚ",
        "ukphone": "'təʊstə"
    },
    {
        "name": "medieval",
        "trans": [
            "中古的，中世纪的"
        ],
        "usphone": ",midɪ'ivəl",
        "ukphone": "ˌmediˈi:vl"
    },
    {
        "name": "joust",
        "trans": [
            "（中世纪的骑士）骑马用长矛打斗"
        ],
        "usphone": "dʒaʊst",
        "ukphone": "dʒaʊst"
    },
    {
        "name": "opponent",
        "trans": [
            "对手，反对者"
        ],
        "usphone": "ə'ponənt",
        "ukphone": "ə'pəʊnənt"
    },
    {
        "name": "strain",
        "trans": [
            "过度疲劳；紧张"
        ],
        "usphone": "stren",
        "ukphone": "streɪn"
    },
    {
        "name": "navigation",
        "trans": [
            "导航"
        ],
        "usphone": "'nævə'geʃən",
        "ukphone": "nævɪ'geɪʃ(ə)n"
    },
    {
        "name": "monitor",
        "trans": [
            "监控"
        ],
        "usphone": "'mɔnɪtɚ",
        "ukphone": "'mɒnɪtə"
    },
    {
        "name": "hold-up",
        "trans": [
            "停止"
        ],
        "usphone": "",
        "ukphone": ""
    },
    {
        "name": "exceed",
        "trans": [
            "超越；胜过"
        ],
        "usphone": "ɪk'sid",
        "ukphone": "ɪk'siːd; ek-"
    },
    {
        "name": "speedometer",
        "trans": [
            "计速器"
        ],
        "usphone": "'spi'dɑmɪtɚ",
        "ukphone": "spiː'dɒmɪtə"
    },
    {
        "name": "bona fide",
        "trans": [
            "名副其实的"
        ],
        "usphone": ",bəunə'faidi, 'bɔ:nəfaid",
        "ukphone": ",bəunə'faidi, 'bɔ:nəfaid"
    },
    {
        "name": "iris",
        "trans": [
            "（瞳孔周围的）虹膜"
        ],
        "usphone": "'aɪrɪs",
        "ukphone": "'aɪrɪs"
    },
    {
        "name": "holographic",
        "trans": [
            "全息照相的"
        ],
        "usphone": ",hɑlə'ɡræfɪk",
        "ukphone": ",hɒlə'ɡræfɪk"
    },
    {
        "name": "teleworking",
        "trans": [
            "远程工作"
        ],
        "usphone": "",
        "ukphone": ""
    },
    {
        "name": "freelance",
        "trans": [
            "自由作家，自由记者"
        ],
        "usphone": "'frilæns",
        "ukphone": "'friːlɑːns"
    },
    {
        "name": "short-term",
        "trans": [
            "短期的"
        ],
        "usphone": ",ʃɔrt'tɝm",
        "ukphone": ",ʃɔ:t'tɜ:m"
    },
    {
        "name": "concept",
        "trans": [
            "观念；概念"
        ],
        "usphone": "'kɑnsɛpt",
        "ukphone": "'kɒnsept"
    },
    {
        "name": "mundane",
        "trans": [
            "平凡的，平淡的，乏味的"
        ],
        "usphone": "mʌn'den",
        "ukphone": "'mʌndeɪn; mʌn'deɪn"
    },
    {
        "name": "unskilled",
        "trans": [
            "不熟练的"
        ],
        "usphone": ",ʌn'skɪld",
        "ukphone": "ʌn'skɪld"
    },
    {
        "name": "idle",
        "trans": [
            "空闲的，懒惰的"
        ],
        "usphone": "'aɪdl",
        "ukphone": "'aɪd(ə)l"
    },
    {
        "name": "blur",
        "trans": [
            "使模糊，看不清楚"
        ],
        "usphone": "blɝ",
        "ukphone": "blɜː"
    },
    {
        "name": "sedentary",
        "trans": [
            "久坐的，坐惯的"
        ],
        "usphone": "'sɛdntɛri",
        "ukphone": "'sed(ə)nt(ə)rɪ"
    },
    {
        "name": "wasteland",
        "trans": [
            "荒地，废墟"
        ],
        "usphone": "'westlənd",
        "ukphone": "'weɪs(t)lænd; -lənd"
    },
    {
        "name": "combat",
        "trans": [
            "试图减弱；斗争"
        ],
        "usphone": "'kɑmbæt",
        "ukphone": "'kɒmbæt; 'kʌm-"
    },
    {
        "name": "isolation",
        "trans": [
            "隔离；孤立"
        ],
        "usphone": ",aɪsə'leʃən",
        "ukphone": "aɪsə'leɪʃ(ə)n"
    },
    {
        "name": "underestimate",
        "trans": [
            "低估"
        ],
        "usphone": "ˌʌndərˈestɪmeɪt",
        "ukphone": "ʌndər'estɪmeɪt"
    },
    {
        "name": "confounder",
        "trans": [
            "混淆因素"
        ],
        "usphone": "",
        "ukphone": ""
    },
    {
        "name": "forecast",
        "trans": [
            "预测，预报"
        ],
        "usphone": "'fɔrkæst",
        "ukphone": "'fɔːkɑːst"
    },
    {
        "name": "dodgy",
        "trans": [
            "冒险的；困难的"
        ],
        "usphone": "'dɑdʒi",
        "ukphone": "'dɒdʒɪ"
    },
    {
        "name": "lumbering",
        "trans": [
            "笨拙的，动作迟缓的"
        ],
        "usphone": "",
        "ukphone": "'lʌmb(ə)rɪŋ"
    },
    {
        "name": "predecessor",
        "trans": [
            "前任；原先的东西"
        ],
        "usphone": "'prɛdəsɛsɚ",
        "ukphone": "'priːdɪsesə"
    },
    {
        "name": "shrink",
        "trans": [
            "收缩，缩短"
        ],
        "usphone": "ʃrɪŋk",
        "ukphone": "ʃrɪŋk"
    },
    {
        "name": "tuck",
        "trans": [
            "打褶，卷起"
        ],
        "usphone": "tʌk",
        "ukphone": "tʌk"
    },
    {
        "name": "nano-technology",
        "trans": [
            "纳米技术"
        ],
        "usphone": "",
        "ukphone": ""
    },
    {
        "name": "Martini",
        "trans": [
            "马提尼酒（一种鸡尾酒）"
        ],
        "usphone": "mɑ:'ti:ni",
        "ukphone": "mɑː'tiːnɪ"
    },
    {
        "name": "robotic",
        "trans": [
            "机器人的"
        ],
        "usphone": "ro'bɑtɪk",
        "ukphone": "rəu'bɒtɪk"
    },
    {
        "name": "vacuum",
        "trans": [
            "真空；真空吸尘器"
        ],
        "usphone": "'vækjʊəm",
        "ukphone": "'vækjʊəm"
    },
    {
        "name": "book",
        "trans": [
            "预定"
        ],
        "usphone": "bʊk",
        "ukphone": "bʊk"
    },
    {
        "name": "all-in-one",
        "trans": [
            "多功能的；几合一的"
        ],
        "usphone": "'ɔ:lin'wʌn",
        "ukphone": "'ɔ:lin'wʌn"
    },
    {
        "name": "lycra",
        "trans": [
            "合成弹力纤维"
        ],
        "usphone": "'laɪkrə",
        "ukphone": "'laikrə"
    },
    {
        "name": "gear",
        "trans": [
            "衣服"
        ],
        "usphone": "ɡɪr",
        "ukphone": "gɪə"
    },
    {
        "name": "misnomer",
        "trans": [
            "错误或使用不当的名字"
        ],
        "usphone": ",mɪs'nomɚ",
        "ukphone": "mɪs'nəʊmə"
    },
    {
        "name": "other than",
        "trans": [
            "除了；不同于"
        ],
        "usphone": "",
        "ukphone": ""
    },
    {
        "name": "faultless",
        "trans": [
            "无错误的，无缺点的，完美的"
        ],
        "usphone": "'fɔltləs",
        "ukphone": "'fɔːltlɪs; 'fɒlt-"
    },
    {
        "name": "dimension",
        "trans": [
            "尺寸；方面"
        ],
        "usphone": "dəˈmɛnʃən, daɪ-",
        "ukphone": "dʌɪˈmɛnʃ(ə)n"
    },
    {
        "name": "fib",
        "trans": [
            "无伤大雅的谎言，小谎言"
        ],
        "usphone": "fɪb",
        "ukphone": "fɪb"
    },
    {
        "name": "nip",
        "trans": [
            "咬；夹；钳；掐"
        ],
        "usphone": "nɪp",
        "ukphone": "nɪp"
    },
    {
        "name": "traitorously",
        "trans": [
            "叛变地，不忠地"
        ],
        "usphone": "",
        "ukphone": ""
    },
    {
        "name": "cryogenics",
        "trans": [
            "低温学"
        ],
        "usphone": ",kraɪə'dʒɛnɪks",
        "ukphone": ",kraɪə(ʊ)'dʒenɪks"
    },
    {
        "name": "part with",
        "trans": [
            "放弃；跟……分手"
        ],
        "usphone": "",
        "ukphone": ""
    },
    {
        "name": "defrost",
        "trans": [
            "解冻"
        ],
        "usphone": ",di'frɔst",
        "ukphone": "diː'frɒst"
    },
    {
        "name": "delude",
        "trans": [
            "迷惑，蛊惑"
        ],
        "usphone": "",
        "ukphone": "dɪ'l(j)uːd"
    },
    {
        "name": "mucky",
        "trans": [
            "粪肥的，肮脏的"
        ],
        "usphone": "'mʌki",
        "ukphone": "'mʌkɪ"
    },
    {
        "name": "puddle",
        "trans": [
            "小水坑"
        ],
        "usphone": "'pʌdl",
        "ukphone": "'pʌd(ə)l"
    },
    {
        "name": "as for",
        "trans": [
            "至于"
        ],
        "usphone": "",
        "ukphone": ""
    },
    {
        "name": "buzz",
        "trans": [
            "发嗡嗡声"
        ],
        "usphone": "bʌz",
        "ukphone": "bʌz"
    },
    {
        "name": "stack",
        "trans": [
            "堆叠"
        ],
        "usphone": "stæk",
        "ukphone": "stæk"
    },
    {
        "name": "nutritionally",
        "trans": [
            "在营养上"
        ],
        "usphone": "",
        "ukphone": ""
    },
    {
        "name": "traipse",
        "trans": [
            "疲惫地走；拖沓地行走"
        ],
        "usphone": "treps",
        "ukphone": "treɪps"
    },
    {
        "name": "resound",
        "trans": [
            "回响；回荡"
        ],
        "usphone": "rɪ'zaʊnd",
        "ukphone": "rɪ'zaʊnd"
    },
    {
        "name": "nightmarish",
        "trans": [
            "噩梦似的"
        ],
        "usphone": "'naɪt,mɛrɪʃ",
        "ukphone": ""
    },
    {
        "name": "inclination",
        "trans": [
            "倾向，爱好"
        ],
        "usphone": "'ɪnklə'neʃən",
        "ukphone": "ɪnklɪ'neɪʃ(ə)n"
    },
    {
        "name": "forego",
        "trans": [
            "摒绝，放弃"
        ],
        "usphone": "fɔ:,ɡəu",
        "ukphone": "fɔ:,ɡəu"
    },
    {
        "name": "groundless",
        "trans": [
            "无根据的，没有理由的"
        ],
        "usphone": "'ɡraʊndləs",
        "ukphone": "'graʊn(d)lɪs"
    },
    {
        "name": "flying saucer",
        "trans": [
            "飞碟"
        ],
        "usphone": "",
        "ukphone": ""
    },
    {
        "name": "reproductive",
        "trans": [
            "生殖的，繁殖的"
        ],
        "usphone": ",riprə'dʌktɪv",
        "ukphone": ",riːprə'dʌktɪv"
    },
    {
        "name": "pregnancy",
        "trans": [
            "怀孕"
        ],
        "usphone": "'prɛgnənsi",
        "ukphone": "'pregnənsɪ"
    },
    {
        "name": "double-glazing",
        "trans": [
            "双层玻璃"
        ],
        "usphone": ",dʌbl'gleiziŋ",
        "ukphone": ",dʌbl'gleiziŋ"
    },
    {
        "name": "opt",
        "trans": [
            "选择"
        ],
        "usphone": "ɑpt",
        "ukphone": "ɒpt"
    },
    {
        "name": "file",
        "trans": [
            "编档保存"
        ],
        "usphone": "faɪl",
        "ukphone": "faɪl"
    },
    {
        "name": "lunatic",
        "trans": [
            "精神错乱的，疯狂的"
        ],
        "usphone": "'lʊnə'tɪk",
        "ukphone": "'luːnətɪk"
    },
    {
        "name": "well-defined",
        "trans": [
            "明确的"
        ],
        "usphone": "'weldi'faind",
        "ukphone": "'weldi'faind"
    },
    {
        "name": "phenomenally",
        "trans": [
            "明白地；现象上地"
        ],
        "usphone": "",
        "ukphone": ""
    },
    {
        "name": "risky",
        "trans": [
            "危险的"
        ],
        "usphone": "'rɪski",
        "ukphone": "'rɪskɪ"
    },
    {
        "name": "unchangeable",
        "trans": [
            "不能改变的；不变的"
        ],
        "usphone": "ʌn'tʃeindʒəbl",
        "ukphone": "ʌn'tʃeɪn(d)ʒəb(ə)l"
    },
    {
        "name": "terminal",
        "trans": [
            "航空站；终点站"
        ],
        "usphone": "tɝ​mənl",
        "ukphone": "'tɜːmɪn(ə)l"
    },
    {
        "name": "overcrowded",
        "trans": [
            "过度拥挤的"
        ],
        "usphone": ",əuvə'kraudid",
        "ukphone": ""
    },
    {
        "name": "blessed",
        "trans": [
            "令人愉快的，快乐的"
        ],
        "usphone": "'blɛsɪd",
        "ukphone": "'blesɪd; blest"
    },
    {
        "name": "tranquility",
        "trans": [
            "宁静"
        ],
        "usphone": "",
        "ukphone": ""
    },
    {
        "name": "specialise",
        "trans": [
            "专门从事"
        ],
        "usphone": "'speʃəlaiz",
        "ukphone": "'speʃəlaɪz"
    },
    {
        "name": "sustainable",
        "trans": [
            "可持续的"
        ],
        "usphone": "sə'stenəbl",
        "ukphone": "sə'steɪnəb(ə)l"
    },
    {
        "name": "exploit",
        "trans": [
            "开发；开拓；开采"
        ],
        "usphone": "ɛksplɔɪt; ɪkˈsplɔɪt",
        "ukphone": "ˈeksplɔɪt;ɪkˈsplɔɪt"
    },
    {
        "name": "asset",
        "trans": [
            "（pl.）资产，财产"
        ],
        "usphone": "'æsɛt",
        "ukphone": "'æset"
    },
    {
        "name": "vice versa",
        "trans": [
            "反之亦然"
        ],
        "usphone": ",vaisi'və:sə",
        "ukphone": ",vaisi'və:sə"
    },
    {
        "name": "inaccessible",
        "trans": [
            "不可及的，不可接触的"
        ],
        "usphone": ",ɪnæk'sɛsəbl",
        "ukphone": "ɪnək'sesɪb(ə)l"
    },
    {
        "name": "inhospitable",
        "trans": [
            "不适合居住的，荒凉的"
        ],
        "usphone": ",ɪnhɑ'spɪtəbl",
        "ukphone": ",ɪnhɒ'spɪtəb(ə)l; ɪn'hɒspɪt-"
    },
    {
        "name": "all-inclusive",
        "trans": [
            "包括一切的"
        ],
        "usphone": "'ɔ:lin'klu:siv",
        "ukphone": "'ɔ:lin'klu:siv"
    },
    {
        "name": "out-of-the-way",
        "trans": [
            "偏僻的，偏远的"
        ],
        "usphone": "'autəvðə'wei",
        "ukphone": "'autəvðə'wei"
    },
    {
        "name": "beetle",
        "trans": [
            "甲虫"
        ],
        "usphone": "'bi:tl",
        "ukphone": "'biːt(ə)l"
    },
    {
        "name": "crunchy",
        "trans": [
            "硬脆的；松脆的"
        ],
        "usphone": "'krʌntʃi",
        "ukphone": "'krʌntʃɪ"
    },
    {
        "name": "gaucho",
        "trans": [
            "高卓人，牧人"
        ],
        "usphone": "'ɡaʊtʃo",
        "ukphone": "'gaʊtʃəʊ; 'gɔː-"
    },
    {
        "name": "hermit",
        "trans": [
            "隐士，隐居者"
        ],
        "usphone": "'hɝmɪt",
        "ukphone": "'hɜːmɪt"
    },
    {
        "name": "rough",
        "trans": [
            "过简单不很舒适的生活"
        ],
        "usphone": "rʌf",
        "ukphone": "rʌf"
    },
    {
        "name": "retreat",
        "trans": [
            "隐遁"
        ],
        "usphone": "rɪ'trit",
        "ukphone": "rɪ'triːt"
    },
    {
        "name": "pavilion",
        "trans": [
            "临时建筑物；看台；亭"
        ],
        "usphone": "pə'vɪlɪən",
        "ukphone": "pə'vɪljən"
    },
    {
        "name": "grove",
        "trans": [
            "小树林"
        ],
        "usphone": "ɡrov",
        "ukphone": "grəʊv"
    },
    {
        "name": "archaeology",
        "trans": [
            "考古学"
        ],
        "usphone": ",ɑrkɪ'ɑlədʒi",
        "ukphone": ",ɑːkɪ'ɒlədʒɪ"
    },
    {
        "name": "awestruck",
        "trans": [
            "敬畏的，肃然起敬的"
        ],
        "usphone": "'ɔstrʌk",
        "ukphone": ""
    },
    {
        "name": "obedient",
        "trans": [
            "服从的；孝顺的"
        ],
        "usphone": "oˈbidiənt",
        "ukphone": "ə'biːdɪənt"
    },
    {
        "name": "HQ",
        "trans": [
            "总部"
        ],
        "usphone": "",
        "ukphone": ""
    },
    {
        "name": "Heathrow Airport",
        "trans": [
            "希思罗机场"
        ],
        "usphone": "",
        "ukphone": ""
    },
    {
        "name": "corporate",
        "trans": [
            "公司的；团体的；全体的"
        ],
        "usphone": "ˈkɔːrpərət",
        "ukphone": "'kɔːp(ə)rət"
    },
    {
        "name": "lamppost",
        "trans": [
            "街灯柱"
        ],
        "usphone": "'læmp,post",
        "ukphone": "'læmppəʊst"
    },
    {
        "name": "perk",
        "trans": [
            "（额外）津贴，补贴"
        ],
        "usphone": "pɝk",
        "ukphone": "pɜːk"
    },
    {
        "name": "consultancy",
        "trans": [
            "顾问（工作）"
        ],
        "usphone": "kən'sʌltənsi",
        "ukphone": "kən'sʌlt(ə)nsɪ"
    },
    {
        "name": "communally",
        "trans": [
            "集体地"
        ],
        "usphone": "",
        "ukphone": ""
    },
    {
        "name": "con",
        "trans": [
            "骗"
        ],
        "usphone": "kɑn",
        "ukphone": "kɒn"
    },
    {
        "name": "complaint",
        "trans": [
            "诉苦，抱怨，牢骚"
        ],
        "usphone": "kəm'plent",
        "ukphone": "kəm'pleɪnt"
    },
    {
        "name": "audible",
        "trans": [
            "听得见的"
        ],
        "usphone": "'ɔdəbl",
        "ukphone": "'ɔːdɪb(ə)l"
    },
    {
        "name": "dress-down",
        "trans": [
            "（比平时）穿着随便的"
        ],
        "usphone": "",
        "ukphone": ""
    },
    {
        "name": "wistful",
        "trans": [
            "伤感的"
        ],
        "usphone": "'wɪstfl",
        "ukphone": "'wɪs(t)fʊl; -f(ə)l"
    },
    {
        "name": "disappearance",
        "trans": [
            "不见，消失"
        ],
        "usphone": ",dɪsə'pɪrəns",
        "ukphone": "dɪsə'pɪərəns"
    },
    {
        "name": "functional",
        "trans": [
            "功能的"
        ],
        "usphone": "'fʌŋkʃənl",
        "ukphone": "'fʌŋ(k)ʃ(ə)n(ə)l"
    },
    {
        "name": "orthodoxy",
        "trans": [
            "规范性，正统性"
        ],
        "usphone": "'ɔrθədɑksi",
        "ukphone": "'ɔːθədɒksɪ"
    },
    {
        "name": "chino",
        "trans": [
            "丝光斜纹棉布，（pl.）斜纹棉布裤"
        ],
        "usphone": "'tʃi:nəu",
        "ukphone": "'tʃiːnəʊ"
    },
    {
        "name": "detractor",
        "trans": [
            "诽谤者，恶意批评者"
        ],
        "usphone": "dɪ'træktɚ",
        "ukphone": ""
    },
    {
        "name": "soul-destroying",
        "trans": [
            "毁灭灵魂的"
        ],
        "usphone": "'səuldi,strɔiiŋ",
        "ukphone": ""
    },
    {
        "name": "mayhem",
        "trans": [
            "大混乱的"
        ],
        "usphone": "'mehɛm",
        "ukphone": "'meɪhem"
    },
    {
        "name": "umbilical cord",
        "trans": [
            "脐带"
        ],
        "usphone": "",
        "ukphone": ""
    },
    {
        "name": "incentive",
        "trans": [
            "刺激，鼓励；动机"
        ],
        "usphone": "ɪn'sɛntɪv",
        "ukphone": "ɪn'sentɪv"
    },
    {
        "name": "cynical",
        "trans": [
            "愤世嫉俗的"
        ],
        "usphone": "'sɪnɪkl",
        "ukphone": "'sɪnɪk(ə)l"
    },
    {
        "name": "liberalization",
        "trans": [
            "自由主义化"
        ],
        "usphone": ",lɪbərəlaɪ'zeʃən",
        "ukphone": ",lɪbərəlaɪ'zeɪʃən"
    },
    {
        "name": "fuse",
        "trans": [
            "融合"
        ],
        "usphone": "fjuz",
        "ukphone": "fjuːz"
    },
    {
        "name": "intention",
        "trans": [
            "意图，目的"
        ],
        "usphone": "ɪn'tɛnʃən",
        "ukphone": "ɪn'tenʃ(ə)n"
    },
    {
        "name": "occupant",
        "trans": [
            "占有者，居住者"
        ],
        "usphone": "'ɑkəpənt",
        "ukphone": "'ɒkjʊp(ə)nt"
    },
    {
        "name": "bug",
        "trans": [
            "细菌，病菌；臭虫；窃听器"
        ],
        "usphone": "bʌɡ",
        "ukphone": "bʌg"
    },
    {
        "name": "testify",
        "trans": [
            "证明，证实"
        ],
        "usphone": "'tɛstɪfaɪ",
        "ukphone": "'testɪfaɪ"
    },
    {
        "name": "bogus",
        "trans": [
            "假的，伪造的"
        ],
        "usphone": "'bogəs",
        "ukphone": "'bəʊgəs"
    },
    {
        "name": "inactive",
        "trans": [
            "不活动的"
        ],
        "usphone": "ɪn'æktɪv",
        "ukphone": "ɪn'æktɪv"
    },
    {
        "name": "bluntly",
        "trans": [
            "坦率地，率直地"
        ],
        "usphone": "'blʌntli",
        "ukphone": "'blʌntli"
    },
    {
        "name": "play truant",
        "trans": [
            "逃学"
        ],
        "usphone": "",
        "ukphone": ""
    },
    {
        "name": "malicious",
        "trans": [
            "恶意的，心毒的"
        ],
        "usphone": "mə'lɪʃəs",
        "ukphone": "mə'lɪʃəs"
    },
    {
        "name": "gossip",
        "trans": [
            "闲言碎语，流言蜚语"
        ],
        "usphone": "'ɡɑsɪp",
        "ukphone": "'gɒsɪp"
    },
    {
        "name": "exaggerate",
        "trans": [
            "夸大，夸张"
        ],
        "usphone": "ɪɡ'zædʒəret",
        "ukphone": "ɪg'zædʒəreɪt; eg-"
    },
    {
        "name": "perjury",
        "trans": [
            "伪誓，伪证"
        ],
        "usphone": "'pɝdʒəri",
        "ukphone": "'pɜːdʒ(ə)rɪ"
    },
    {
        "name": "forgery",
        "trans": [
            "伪造"
        ],
        "usphone": "'fɔrdʒəri",
        "ukphone": "'fɔːdʒ(ə)rɪ"
    },
    {
        "name": "hoax",
        "trans": [
            "恶作剧，骗局"
        ],
        "usphone": "hoks",
        "ukphone": "həʊks"
    },
    {
        "name": "unicorn",
        "trans": [
            "独角兽，麒麟"
        ],
        "usphone": "'junɪkɔrn",
        "ukphone": "'juːnɪkɔːn"
    },
    {
        "name": "strait-jacket",
        "trans": [
            "（尤指束缚精神病患者手臂用的）约束衣"
        ],
        "usphone": "",
        "ukphone": ""
    },
    {
        "name": "booby",
        "trans": [
            "呆子，傻瓜"
        ],
        "usphone": "'bu:bi",
        "ukphone": "'buːbɪ"
    },
    {
        "name": "tragic",
        "trans": [
            "悲惨的，不幸的"
        ],
        "usphone": "'trædʒɪk",
        "ukphone": "'trædʒɪk"
    },
    {
        "name": "nook",
        "trans": [
            "角落；僻静处"
        ],
        "usphone": "nʊk",
        "ukphone": "nʊk"
    },
    {
        "name": "scramble",
        "trans": [
            "炒"
        ],
        "usphone": "'skræmbl",
        "ukphone": "'skræmb(ə)l"
    },
    {
        "name": "crop",
        "trans": [
            "啃吃；剪短"
        ],
        "usphone": "krɑp",
        "ukphone": "krɒp"
    },
    {
        "name": "mythical",
        "trans": [
            "神话的，虚构的"
        ],
        "usphone": "'mɪθɪkl",
        "ukphone": "'mɪθɪkəl"
    },
    {
        "name": "browse",
        "trans": [
            "吃草"
        ],
        "usphone": "braʊz",
        "ukphone": "braʊz"
    },
    {
        "name": "tulip",
        "trans": [
            "郁金香"
        ],
        "usphone": "'tʊlɪp",
        "ukphone": "'tjuːlɪp"
    },
    {
        "name": "gravely",
        "trans": [
            "严肃地，庄重地"
        ],
        "usphone": "'grevli",
        "ukphone": "'greɪvli"
    },
    {
        "name": "rouse",
        "trans": [
            "唤醒，觉醒"
        ],
        "usphone": "raʊz",
        "ukphone": "raʊz"
    },
    {
        "name": "lily",
        "trans": [
            "百合，百合花"
        ],
        "usphone": "'lɪli",
        "ukphone": "'lɪlɪ"
    },
    {
        "name": "coldly",
        "trans": [
            "冷淡地"
        ],
        "usphone": "",
        "ukphone": ""
    },
    {
        "name": "gloat",
        "trans": [
            "得意洋洋，幸灾乐祸"
        ],
        "usphone": "ɡlot",
        "ukphone": "gləʊt"
    },
    {
        "name": "solemn",
        "trans": [
            "严肃的，庄重的"
        ],
        "usphone": "'sɑləm",
        "ukphone": "'sɒləm"
    },
    {
        "name": "subdue",
        "trans": [
            "制伏"
        ],
        "usphone": "səb'du",
        "ukphone": "səb'djuː"
    },
    {
        "name": "jay",
        "trans": [
            "松鸦"
        ],
        "usphone": "dʒe",
        "ukphone": "dʒeɪ"
    },
    {
        "name": "habitual",
        "trans": [
            "习惯性的，经常的"
        ],
        "usphone": "hə'bɪtʃuəl",
        "ukphone": "hə'bɪtʃʊəl; -tjʊəl"
    },
    {
        "name": "trustworthy",
        "trans": [
            "可靠的，信得过的"
        ],
        "usphone": "'trʌstwɝði",
        "ukphone": "'trʌs(t)wɜːðɪ"
    },
    {
        "name": "spit out",
        "trans": [
            "吐出"
        ],
        "usphone": "",
        "ukphone": ""
    },
    {
        "name": "detector",
        "trans": [
            "探测器，检测器"
        ],
        "usphone": "dɪ'tɛktɚ",
        "ukphone": "dɪ'tektə"
    },
    {
        "name": "cheapness",
        "trans": [
            "廉价"
        ],
        "usphone": "",
        "ukphone": ""
    },
    {
        "name": "reliability",
        "trans": [
            "可靠性"
        ],
        "usphone": "rɪ,laɪə'bɪləti",
        "ukphone": "rɪ,laɪə'bɪlətɪ"
    },
    {
        "name": "detect",
        "trans": [
            "发现，察觉，查明"
        ],
        "usphone": "dɪ'tɛkt",
        "ukphone": "dɪ'tekt"
    },
    {
        "name": "hesitation",
        "trans": [
            "犹豫，踌躇"
        ],
        "usphone": ",hɛzə'teʃən",
        "ukphone": "hezɪ'teɪʃn"
    },
    {
        "name": "latency",
        "trans": [
            "潜伏，潜在"
        ],
        "usphone": "'letnsi",
        "ukphone": "'leɪtənsɪ"
    },
    {
        "name": "instinct",
        "trans": [
            "本能"
        ],
        "usphone": "'ɪnstɪŋkt",
        "ukphone": "'ɪnstɪŋ(k)t"
    },
    {
        "name": "truthfulness",
        "trans": [
            "真实，正当"
        ],
        "usphone": "'trʊθfəlnɪs",
        "ukphone": ""
    },
    {
        "name": "surname",
        "trans": [
            "姓"
        ],
        "usphone": "'sɝ'nem",
        "ukphone": "'sɜːneɪm"
    },
    {
        "name": "interrogator",
        "trans": [
            "讯问者，质问者"
        ],
        "usphone": "ɪn'tɛrəɡetɚ",
        "ukphone": "ɪn'terəʊɡeɪtə"
    },
    {
        "name": "polygraph",
        "trans": [
            "测谎器"
        ],
        "usphone": "'pɑlɪɡræf",
        "ukphone": "'pɒlɪgrɑːf"
    },
    {
        "name": "duress",
        "trans": [
            "威胁，强迫"
        ],
        "usphone": "du'rɛs",
        "ukphone": "djʊ(ə)'res; 'djʊəres"
    },
    {
        "name": "electrodermal",
        "trans": [
            "皮（肤）电活动的"
        ],
        "usphone": "ɪ,lɛktro'dɚməl",
        "ukphone": "ɪ,lektrə(ʊ)'dɜːməl"
    },
    {
        "name": "plea",
        "trans": [
            "恳求，请求"
        ],
        "usphone": "pli",
        "ukphone": "pliː"
    },
    {
        "name": "CIA",
        "trans": [
            "中央情报局"
        ],
        "usphone": "",
        "ukphone": ""
    },
    {
        "name": "FBI",
        "trans": [
            "美国联邦调查局"
        ],
        "usphone": "",
        "ukphone": ""
    },
    {
        "name": "pharmaceutical",
        "trans": [
            "药物"
        ],
        "usphone": ",fɑrmə'sutɪkl",
        "ukphone": ",fɑːmə'suːtɪk(ə)l; -'sjuː-"
    },
    {
        "name": "analyser",
        "trans": [
            "分析者，分析计"
        ],
        "usphone": "'ænəlaɪzɚ",
        "ukphone": ""
    },
    {
        "name": "premise",
        "trans": [
            "前提"
        ],
        "usphone": "ˈpremɪs",
        "ukphone": "'premɪs"
    },
    {
        "name": "screen",
        "trans": [
            "鉴别，检查"
        ],
        "usphone": "skrin",
        "ukphone": "skriːn"
    },
    {
        "name": "wireless",
        "trans": [
            "无线的"
        ],
        "usphone": "'waɪərləs",
        "ukphone": "ˈwʌɪəlɪs"
    },
    {
        "name": "mic",
        "trans": [
            "扩音器，麦克风"
        ],
        "usphone": "",
        "ukphone": ""
    },
    {
        "name": "inflection",
        "trans": [
            "音调变化"
        ],
        "usphone": "ɪn'flɛkʃən",
        "ukphone": "ɪn'flekʃ(ə)n"
    },
    {
        "name": "evaluate",
        "trans": [
            "评价，估计"
        ],
        "usphone": "ɪ'væljʊ'et",
        "ukphone": "ɪ'væljʊeɪt"
    },
    {
        "name": "deceitfulness",
        "trans": [
            "欺骗，不诚实"
        ],
        "usphone": "",
        "ukphone": ""
    },
    {
        "name": "instantaneous",
        "trans": [
            "瞬间的，即时的"
        ],
        "usphone": ",ɪnstən'tenɪəs",
        "ukphone": ",ɪnst(ə)n'teɪnɪəs"
    },
    {
        "name": "high-definition",
        "trans": [
            "高清晰度的"
        ],
        "usphone": "",
        "ukphone": ""
    },
    {
        "name": "heat-sensing",
        "trans": [
            "热敏感的"
        ],
        "usphone": "",
        "ukphone": ""
    },
    {
        "name": "high-profile",
        "trans": [
            "备受瞩目的"
        ],
        "usphone": "hai'prəufai",
        "ukphone": "hai'prəufail"
    },
    {
        "name": "crouch",
        "trans": [
            "蹲伏，蜷缩"
        ],
        "usphone": "kraʊtʃ",
        "ukphone": "kraʊtʃ"
    },
    {
        "name": "soggy",
        "trans": [
            "潮湿的；受潮的"
        ],
        "usphone": "'sɑgi",
        "ukphone": "'sɒgɪ"
    },
    {
        "name": "crumpled",
        "trans": [
            "褶皱的，弄皱的"
        ],
        "usphone": "'krʌmpld",
        "ukphone": "'krʌmpld"
    },
    {
        "name": "frantically",
        "trans": [
            "匆忙地；狂乱地"
        ],
        "usphone": "'fræntikəli",
        "ukphone": "'fræntikəli"
    },
    {
        "name": "severely",
        "trans": [
            "严厉地"
        ],
        "usphone": "sə'vɪrli",
        "ukphone": "sɪ'vɪəlɪ"
    },
    {
        "name": "mar",
        "trans": [
            "毁损，损坏"
        ],
        "usphone": "mɑr",
        "ukphone": "mɑː"
    },
    {
        "name": "tempting",
        "trans": [
            "吸引人的，诱人的"
        ],
        "usphone": "'tɛmptɪŋ",
        "ukphone": "'tem(p)tɪŋ"
    },
    {
        "name": "in the short term",
        "trans": [
            "就眼前来说；在短期内"
        ],
        "usphone": "",
        "ukphone": ""
    },
    {
        "name": "in the long run",
        "trans": [
            "从长远看来"
        ],
        "usphone": "",
        "ukphone": ""
    },
    {
        "name": "apparently",
        "trans": [
            "显然地"
        ],
        "usphone": "ə'pærəntli",
        "ukphone": "ə'pærəntlɪ"
    },
    {
        "name": "presumably",
        "trans": [
            "可假定，可推测"
        ],
        "usphone": "prɪ'zuməbli",
        "ukphone": "prɪ'zjuːməblɪ"
    },
    {
        "name": "admittedly",
        "trans": [
            "公认地，无可否认地"
        ],
        "usphone": "əd'mɪtɪdli",
        "ukphone": "əd'mɪtɪdlɪ"
    },
    {
        "name": "ultimately",
        "trans": [
            "最后，最终"
        ],
        "usphone": "'ʌltəmɪtlɪ",
        "ukphone": "'ʌltɪmətlɪ"
    },
    {
        "name": "no wonder",
        "trans": [
            "不足为奇，并不奇怪"
        ],
        "usphone": "",
        "ukphone": ""
    },
    {
        "name": "dummy",
        "trans": [
            "笨蛋"
        ],
        "usphone": "'dʌmi",
        "ukphone": "'dʌmɪ"
    },
    {
        "name": "fool",
        "trans": [
            "愚弄，欺骗"
        ],
        "usphone": "ful",
        "ukphone": "fuːl"
    },
    {
        "name": "gesticulation",
        "trans": [
            "姿势，手势"
        ],
        "usphone": "dʒes,tikju'leiʃən",
        "ukphone": "dʒə,stɪkjʊ'leɪʃ(ə)n; dʒe,stɪkjʊ'leɪʃ(ə)n"
    },
    {
        "name": "posture",
        "trans": [
            "（身体的）姿势，体态"
        ],
        "usphone": "'pɑstʃɚ",
        "ukphone": "'pɒstʃə"
    },
    {
        "name": "utterance",
        "trans": [
            "话语，语言"
        ],
        "usphone": "'ʌtərəns",
        "ukphone": "'ʌt(ə)r(ə)ns"
    },
    {
        "name": "syllable",
        "trans": [
            "音节"
        ],
        "usphone": "'sɪləbl",
        "ukphone": "'sɪləb(ə)l"
    },
    {
        "name": "shift",
        "trans": [
            "变换位置，改变方向，移动"
        ],
        "usphone": "ʃɪft",
        "ukphone": "ʃɪft"
    },
    {
        "name": "manipulate",
        "trans": [
            "操纵，操作"
        ],
        "usphone": "mə'nɪpjulet",
        "ukphone": "mə'nɪpjʊleɪt"
    },
    {
        "name": "preoccupied",
        "trans": [
            "心不在焉的，心事重重的"
        ],
        "usphone": "pri'ɑkjə'paɪd",
        "ukphone": "priː'ɒkjʊpaɪd"
    },
    {
        "name": "devious",
        "trans": [
            "不率直的，不坦诚的"
        ],
        "usphone": "'divɪəs",
        "ukphone": "'diːvɪəs"
    },
    {
        "name": "adept",
        "trans": [
            "熟练的，拿手的"
        ],
        "usphone": "ə'dɛpt",
        "ukphone": "ə'dept; 'ædept"
    },
    {
        "name": "leakage",
        "trans": [
            "漏，泄漏，渗漏"
        ],
        "usphone": "'likɪdʒ",
        "ukphone": "'liːkɪdʒ"
    },
    {
        "name": "suppress",
        "trans": [
            "抑制；查禁"
        ],
        "usphone": "sə'prɛs",
        "ukphone": "sə'pres"
    },
    {
        "name": "gesticulate",
        "trans": [
            "以手势示意"
        ],
        "usphone": "dʒɛ'stɪkjulet",
        "ukphone": "dʒe'stɪkjʊleɪt"
    },
    {
        "name": "clench",
        "trans": [
            "握紧（拳头）；咬紧（牙关）"
        ],
        "usphone": "klɛntʃ",
        "ukphone": "klen(t)ʃ"
    },
    {
        "name": "coo",
        "trans": [
            "柔声地说"
        ],
        "usphone": "ku",
        "ukphone": "kuː"
    },
    {
        "name": "flutter",
        "trans": [
            "迅速而无规则地动"
        ],
        "usphone": "'flʌtɚ",
        "ukphone": "'flʌtə"
    },
    {
        "name": "limply",
        "trans": [
            "柔软地；四肢无力地"
        ],
        "usphone": "",
        "ukphone": ""
    },
    {
        "name": "intuitively",
        "trans": [
            "直觉地，直观地"
        ],
        "usphone": "ɪn'tjʊɪtɪvli",
        "ukphone": "in'tju:itivli"
    },
    {
        "name": "spot",
        "trans": [
            "看出；认出"
        ],
        "usphone": "spɑt",
        "ukphone": "spɒt"
    },
    {
        "name": "compulsion",
        "trans": [
            "（难以克制的）强烈冲动"
        ],
        "usphone": "kəm'pʌlʃən",
        "ukphone": "kəm'pʌlʃ(ə)n"
    },
    {
        "name": "sensation",
        "trans": [
            "知觉，感觉"
        ],
        "usphone": "sɛn'seʃən",
        "ukphone": "sen'seɪʃ(ə)n"
    },
    {
        "name": "rub",
        "trans": [
            "擦，摩擦"
        ],
        "usphone": "rʌb",
        "ukphone": "rʌb"
    },
    {
        "name": "stroke",
        "trans": [
            "轻抚，抚摸"
        ],
        "usphone": "strok",
        "ukphone": "strəʊk"
    },
    {
        "name": "cover-up",
        "trans": [
            "掩饰，掩盖"
        ],
        "usphone": "'kʌvə,ʌp",
        "ukphone": "'kʌvə,ʌp"
    },
    {
        "name": "itch",
        "trans": [
            "发痒；渴望"
        ],
        "usphone": "ɪtʃ",
        "ukphone": "ɪtʃ"
    },
    {
        "name": "trivial",
        "trans": [
            "琐细的，微不足道的"
        ],
        "usphone": "'trɪvɪəl",
        "ukphone": "'trɪvɪəl"
    },
    {
        "name": "sting",
        "trans": [
            "刺，刺痛，刺激"
        ],
        "usphone": "stɪŋ",
        "ukphone": "stɪŋ"
    },
    {
        "name": "comparison",
        "trans": [
            "比较，对照"
        ],
        "usphone": "kəm'pærɪsn",
        "ukphone": "kəm'pærɪs(ə)n"
    },
    {
        "name": "shrug",
        "trans": [
            "耸肩"
        ],
        "usphone": "ʃrʌɡ",
        "ukphone": "ʃrʌg"
    },
    {
        "name": "curl",
        "trans": [
            "（使）卷曲"
        ],
        "usphone": "kɝl",
        "ukphone": "kɜːl"
    },
    {
        "name": "disclaimer",
        "trans": [
            "否认或放弃的声明"
        ],
        "usphone": "dɪs'klemɚ",
        "ukphone": "dɪs'kleɪmə"
    },
    {
        "name": "squirm",
        "trans": [
            "扭动；蠕动"
        ],
        "usphone": "skwɝm",
        "ukphone": "skwɜːm"
    },
    {
        "name": "urge",
        "trans": [
            "强烈的欲望，冲动"
        ],
        "usphone": "ɝdʒ",
        "ukphone": "'ɜːdʒ"
    },
    {
        "name": "brazen out",
        "trans": [
            "厚着脸对待"
        ],
        "usphone": "",
        "ukphone": ""
    },
    {
        "name": "eliminate",
        "trans": [
            "消除，排除"
        ],
        "usphone": "ɪ'lɪmɪnet",
        "ukphone": "ɪ'lɪmɪneɪt"
    },
    {
        "name": "momentarily",
        "trans": [
            "瞬间地，片刻地；即刻"
        ],
        "usphone": ",momən'tɛrəli",
        "ukphone": "'məʊm(ə)nt(ə)rɪlɪ; ,məʊm(ə)n'terɪlɪ"
    },
    {
        "name": "seethe",
        "trans": [
            "强压怒火；翻腾"
        ],
        "usphone": "sið",
        "ukphone": "siːð"
    },
    {
        "name": "outward",
        "trans": [
            "外表的，外面的"
        ],
        "usphone": "'aʊtwɚd",
        "ukphone": "'aʊtwəd"
    },
    {
        "name": "downright",
        "trans": [
            "完全地，彻底地"
        ],
        "usphone": "'daʊnraɪt",
        "ukphone": "'daʊnraɪt"
    }
]