[
    {
        "name": "greenhouse effect",
        "trans": [
            "温室效应"
        ],
        "usphone": "",
        "ukphone": ""
    },
    {
        "name": "endanger",
        "trans": [
            "危害"
        ],
        "usphone": "ɪn'dendʒɚ",
        "ukphone": "ɪn'deɪn(d)ʒə; en-"
    },
    {
        "name": "trap",
        "trans": [
            "使困住"
        ],
        "usphone": "træp",
        "ukphone": "træp"
    },
    {
        "name": "ecology",
        "trans": [
            "生态"
        ],
        "usphone": "ɪ'kɑlədʒi",
        "ukphone": "ɪ'kɒlədʒɪ; e-"
    },
    {
        "name": "botanical",
        "trans": [
            "植物的"
        ],
        "usphone": "bə'tænɪkl",
        "ukphone": "bə'tænɪkl"
    },
    {
        "name": "a number of",
        "trans": [
            "一些"
        ],
        "usphone": "",
        "ukphone": ""
    },
    {
        "name": "consultant",
        "trans": [
            "顾问"
        ],
        "usphone": "kən'sʌltənt",
        "ukphone": "kən'sʌlt(ə)nt"
    },
    {
        "name": "brewery",
        "trans": [
            "啤酒厂"
        ],
        "usphone": "'bruəri",
        "ukphone": "'brʊərɪ"
    },
    {
        "name": "reserve",
        "trans": [
            "保护区"
        ],
        "usphone": "rɪ'zɝv",
        "ukphone": "rɪ'zɜːv"
    },
    {
        "name": "principle",
        "trans": [
            "原则，道德准则"
        ],
        "usphone": "'prɪnsəpl",
        "ukphone": "'prɪnsɪp(ə)l"
    },
    {
        "name": "boycott",
        "trans": [
            "（联合）抵制"
        ],
        "usphone": "'bɔɪkɑt",
        "ukphone": "'bɒɪkɒt"
    },
    {
        "name": "corrupt",
        "trans": [
            "贪污受贿的，腐败的"
        ],
        "usphone": "kə'rʌpt",
        "ukphone": "kə'rʌpt"
    },
    {
        "name": "conservation",
        "trans": [
            "保护"
        ],
        "usphone": ",kɑnsɚ'veʃən",
        "ukphone": "kɒnsə'veɪʃ(ə)n"
    },
    {
        "name": "consensus",
        "trans": [
            "一致的意见"
        ],
        "usphone": "kən'sɛnsəs",
        "ukphone": "kən'sensəs"
    },
    {
        "name": "beyond",
        "trans": [
            "超出"
        ],
        "usphone": "bɪ'jɑnd",
        "ukphone": "bɪ'jɒnd"
    },
    {
        "name": "claim",
        "trans": [
            "声称"
        ],
        "usphone": "klem",
        "ukphone": "kleɪm"
    },
    {
        "name": "look ahead",
        "trans": [
            "展望未来"
        ],
        "usphone": "",
        "ukphone": ""
    },
    {
        "name": "relevant",
        "trans": [
            "有关的"
        ],
        "usphone": "'rɛləvənt",
        "ukphone": "ˈreləvənt"
    },
    {
        "name": "refer to",
        "trans": [
            "指，意即"
        ],
        "usphone": "",
        "ukphone": ""
    },
    {
        "name": "in turn",
        "trans": [
            "依次"
        ],
        "usphone": "",
        "ukphone": ""
    },
    {
        "name": "lead to",
        "trans": [
            "引起，导致"
        ],
        "usphone": "",
        "ukphone": ""
    },
    {
        "name": "ray",
        "trans": [
            "光线"
        ],
        "usphone": "re",
        "ukphone": "reɪ"
    },
    {
        "name": "bounce",
        "trans": [
            "反弹"
        ],
        "usphone": "baʊns",
        "ukphone": "baʊns"
    },
    {
        "name": "pin",
        "trans": [
            "把责任加在（某人）身上"
        ],
        "usphone": "pɪn",
        "ukphone": "pɪn"
    },
    {
        "name": "agriculture",
        "trans": [
            "农业"
        ],
        "usphone": "'æɡrɪkʌltʃɚ",
        "ukphone": "'ægrɪkʌltʃə"
    },
    {
        "name": "coincidence",
        "trans": [
            "巧合"
        ],
        "usphone": "ko'ɪnsɪdəns",
        "ukphone": "kəʊ'ɪnsɪd(ə)ns"
    },
    {
        "name": "condemn",
        "trans": [
            "迫使（某人）陷于不幸的境地"
        ],
        "usphone": "kən'dɛm",
        "ukphone": "kən'dem"
    },
    {
        "name": "drought",
        "trans": [
            "旱灾"
        ],
        "usphone": "draʊt",
        "ukphone": "draʊt"
    },
    {
        "name": "federal",
        "trans": [
            "联邦的"
        ],
        "usphone": "'fɛdərəl",
        "ukphone": "'fed(ə)r(ə)l"
    },
    {
        "name": "reservation",
        "trans": [
            "存疑；保留（意见）"
        ],
        "usphone": ",rɛzɚ'veʃən",
        "ukphone": "rezə'veɪʃ(ə)n"
    },
    {
        "name": "sacrifice",
        "trans": [
            "牺牲；献出"
        ],
        "usphone": "'sækrɪfaɪs",
        "ukphone": "'sækrɪfaɪs"
    },
    {
        "name": "take action",
        "trans": [
            "采取行动"
        ],
        "usphone": "",
        "ukphone": ""
    },
    {
        "name": "advocate",
        "trans": [
            "主张，提倡"
        ],
        "usphone": "ˈædvəkeɪt；-et",
        "ukphone": "'ædvəkeɪt；-ət"
    },
    {
        "name": "recycle",
        "trans": [
            "回收利用"
        ],
        "usphone": ",ri'saɪkl",
        "ukphone": "riː'saɪk(ə)l"
    },
    {
        "name": "substitute",
        "trans": [
            "代替品，代用品"
        ],
        "usphone": "'sʌbstɪtut",
        "ukphone": "'sʌbstɪtjuːt"
    },
    {
        "name": "threaten",
        "trans": [
            "威胁"
        ],
        "usphone": "'θrɛtn",
        "ukphone": "'θret(ə)n"
    },
    {
        "name": "ahead of",
        "trans": [
            "在……前面"
        ],
        "usphone": "",
        "ukphone": ""
    },
    {
        "name": "pancake",
        "trans": [
            "薄煎饼"
        ],
        "usphone": "'pænkek",
        "ukphone": "'pænkeɪk"
    },
    {
        "name": "hurricane",
        "trans": [
            "飓风"
        ],
        "usphone": "ˈhɜːrəkeɪn",
        "ukphone": "ˈhʌrɪkən"
    },
    {
        "name": "species",
        "trans": [
            "（动植物的）物种"
        ],
        "usphone": "'spiʃiz",
        "ukphone": "'spiːʃiːz; -ʃɪz; 'spiːs-"
    },
    {
        "name": "leopard",
        "trans": [
            "豹"
        ],
        "usphone": "'lɛpɚd",
        "ukphone": "'lepəd"
    },
    {
        "name": "crested ibis",
        "trans": [
            "朱鹮"
        ],
        "usphone": "",
        "ukphone": ""
    },
    {
        "name": "alligator",
        "trans": [
            "短吻鳄"
        ],
        "usphone": "'æləˌɡetɚ",
        "ukphone": "'ælɪgeɪtə"
    },
    {
        "name": "extinct",
        "trans": [
            "灭绝的,绝种的"
        ],
        "usphone": "ɪk'stɪŋkt",
        "ukphone": "ɪk'stɪŋkt; ek-"
    },
    {
        "name": "habitat",
        "trans": [
            "栖息地"
        ],
        "usphone": "'hæbə'tæt",
        "ukphone": "'hæbɪtæt"
    },
    {
        "name": "tortoise",
        "trans": [
            "(陆)龟"
        ],
        "usphone": "ˈtɔrtəs",
        "ukphone": "ˈtɔ:təs"
    },
    {
        "name": "apart from",
        "trans": [
            "除……以外"
        ],
        "usphone": "",
        "ukphone": ""
    },
    {
        "name": "mainland",
        "trans": [
            "大陆"
        ],
        "usphone": "'menlænd",
        "ukphone": "'meɪnlənd; -lænd"
    },
    {
        "name": "hook",
        "trans": [
            "钩子，钩"
        ],
        "usphone": "hʊk",
        "ukphone": "hʊk"
    },
    {
        "name": "answer for",
        "trans": [
            "(对已产生的不良后果)负责任"
        ],
        "usphone": "",
        "ukphone": ""
    },
    {
        "name": "seize",
        "trans": [
            "依法没收；（用武力）夺取"
        ],
        "usphone": "siz",
        "ukphone": "siːz"
    },
    {
        "name": "call for an end to sth.",
        "trans": [
            "要求结束……"
        ],
        "usphone": "",
        "ukphone": ""
    },
    {
        "name": "or else",
        "trans": [
            "否则，不然"
        ],
        "usphone": "",
        "ukphone": ""
    },
    {
        "name": "wrap up",
        "trans": [
            "结束"
        ],
        "usphone": "",
        "ukphone": ""
    },
    {
        "name": "behalf",
        "trans": [
            "代表"
        ],
        "usphone": "bɪ'hæf",
        "ukphone": "bɪ'hɑːf"
    },
    {
        "name": "for good",
        "trans": [
            "永远"
        ],
        "usphone": "",
        "ukphone": ""
    },
    {
        "name": "carry off",
        "trans": [
            "掠去，夺走"
        ],
        "usphone": "",
        "ukphone": ""
    },
    {
        "name": "Tibetan antelope",
        "trans": [
            "藏羚羊"
        ],
        "usphone": "",
        "ukphone": ""
    },
    {
        "name": "Tibet",
        "trans": [
            "西藏"
        ],
        "usphone": "tɪ'bɛt",
        "ukphone": "tɪ'bet"
    },
    {
        "name": "fashionable",
        "trans": [
            "流行的，时髦的"
        ],
        "usphone": "'fæʃnəbl",
        "ukphone": "'fæʃ(ə)nəb(ə)l"
    },
    {
        "name": "enforce",
        "trans": [
            "实施，执行"
        ],
        "usphone": "ɪn'fɔrs",
        "ukphone": "ɪn'fɔːs; en-"
    },
    {
        "name": "all in all",
        "trans": [
            "总的来说"
        ],
        "usphone": "",
        "ukphone": ""
    },
    {
        "name": "orangutan",
        "trans": [
            "猩猩"
        ],
        "usphone": ",ɔræŋ'ʊtæn",
        "ukphone": "ɔː,ræŋuː'tæn"
    },
    {
        "name": "landslide",
        "trans": [
            "滑坡，山崩"
        ],
        "usphone": "'lændslaɪd",
        "ukphone": "'læn(d)slaɪd"
    },
    {
        "name": "tsunami",
        "trans": [
            "海啸"
        ],
        "usphone": "tsʊ'nɑmi",
        "ukphone": "tsuː'nɑːmɪ"
    },
    {
        "name": "typhoon",
        "trans": [
            "台风"
        ],
        "usphone": "taɪ'fʊn",
        "ukphone": "taɪ'fuːn"
    },
    {
        "name": "grand",
        "trans": [
            "巨大的"
        ],
        "usphone": "ɡrænd",
        "ukphone": "grænd"
    },
    {
        "name": "scale",
        "trans": [
            "规模，范围"
        ],
        "usphone": "skel",
        "ukphone": "skeɪl"
    },
    {
        "name": "changeable",
        "trans": [
            "多变的"
        ],
        "usphone": "'tʃendʒəbl",
        "ukphone": "'tʃeɪn(d)ʒəb(ə)l"
    },
    {
        "name": "thunderstorm",
        "trans": [
            "雷暴，雷雨"
        ],
        "usphone": "'θʌndɚstɔrm",
        "ukphone": "'θʌndəstɔːm"
    },
    {
        "name": "rainfall",
        "trans": [
            "降雨量"
        ],
        "usphone": "'ren'fɔl",
        "ukphone": "'reɪnfɔːl"
    },
    {
        "name": "irrigation",
        "trans": [
            "灌溉"
        ],
        "usphone": "ˌɪrɪˈɡeʃn",
        "ukphone": ""
    },
    {
        "name": "arm",
        "trans": [
            "武装"
        ],
        "usphone": "ɑrm",
        "ukphone": "ɑːm"
    },
    {
        "name": "result in",
        "trans": [
            "导致"
        ],
        "usphone": "",
        "ukphone": ""
    },
    {
        "name": "rough",
        "trans": [
            "艰难的"
        ],
        "usphone": "rʌf",
        "ukphone": "rʌf"
    },
    {
        "name": "quake",
        "trans": [
            "地震"
        ],
        "usphone": "kwek",
        "ukphone": "kweɪk"
    },
    {
        "name": "offshore",
        "trans": [
            "在近海岸的"
        ],
        "usphone": ",ɔf'ʃɔr",
        "ukphone": "'ɒfʃɔː; ɒf'ʃɔː"
    },
    {
        "name": "catastrophe",
        "trans": [
            "巨大的灾难"
        ],
        "usphone": "kə'tæstrəfi",
        "ukphone": "kə'tæstrəfɪ"
    },
    {
        "name": "separation",
        "trans": [
            "分离，分开"
        ],
        "usphone": ",sɛpə'reʃən",
        "ukphone": "sepə'reɪʃ(ə)n"
    },
    {
        "name": "means",
        "trans": [
            "方法，手段"
        ],
        "usphone": "minz",
        "ukphone": "miːnz"
    },
    {
        "name": "earn one's living",
        "trans": [
            "谋生"
        ],
        "usphone": "",
        "ukphone": ""
    },
    {
        "name": "construct",
        "trans": [
            "建造"
        ],
        "usphone": "kən'strʌkt",
        "ukphone": "kən'strʌkt"
    },
    {
        "name": "clay",
        "trans": [
            "黏土"
        ],
        "usphone": "kle",
        "ukphone": "kleɪ"
    },
    {
        "name": "brick",
        "trans": [
            "砖，砖块"
        ],
        "usphone": "brɪk",
        "ukphone": "brɪk"
    },
    {
        "name": "slip",
        "trans": [
            "滑落"
        ],
        "usphone": "slɪp",
        "ukphone": "slɪp"
    },
    {
        "name": "slide",
        "trans": [
            "（slid,slid）滑行"
        ],
        "usphone": "slaɪd",
        "ukphone": "slaɪd"
    },
    {
        "name": "mountainous",
        "trans": [
            "多山的"
        ],
        "usphone": "'maʊntənəs",
        "ukphone": "'maʊntɪnəs"
    },
    {
        "name": "howl",
        "trans": [
            "咆哮，怒吼"
        ],
        "usphone": "haʊl",
        "ukphone": "haʊl"
    },
    {
        "name": "flee",
        "trans": [
            "(fled,fled)逃走"
        ],
        "usphone": "fli",
        "ukphone": "fliː"
    },
    {
        "name": "potential",
        "trans": [
            "可能性，潜在性"
        ],
        "usphone": "pə'tɛnʃl",
        "ukphone": "pəˈtenʃl"
    },
    {
        "name": "dust",
        "trans": [
            "尘土，灰尘"
        ],
        "usphone": "dʌst",
        "ukphone": "dʌst"
    },
    {
        "name": "roll",
        "trans": [
            "（平稳地）移动，滚动"
        ],
        "usphone": "rol",
        "ukphone": "rəʊl"
    },
    {
        "name": "plug",
        "trans": [
            "塞住"
        ],
        "usphone": "plʌɡ",
        "ukphone": "plʌg"
    },
    {
        "name": "quilt",
        "trans": [
            "被褥，被子"
        ],
        "usphone": "kwɪlt",
        "ukphone": "kwɪlt"
    },
    {
        "name": "cushion",
        "trans": [
            "坐垫，靠垫"
        ],
        "usphone": "'kʊʃən",
        "ukphone": "'kʊʃ(ə)n"
    },
    {
        "name": "industrialisation",
        "trans": [
            "工业化"
        ],
        "usphone": "",
        "ukphone": ""
    },
    {
        "name": "negative",
        "trans": [
            "消极的，负面的"
        ],
        "usphone": "'nɛɡətɪv",
        "ukphone": "'negətɪv"
    },
    {
        "name": "adopt",
        "trans": [
            "采用；收养"
        ],
        "usphone": "ə'dɑpt",
        "ukphone": "ə'dɒpt"
    },
    {
        "name": "soundproof",
        "trans": [
            "隔音的"
        ],
        "usphone": "'saʊndpruf",
        "ukphone": "'saʊn(d)pruːf"
    },
    {
        "name": "rail",
        "trans": [
            "铁路"
        ],
        "usphone": "rel",
        "ukphone": "reɪl"
    },
    {
        "name": "warehouse",
        "trans": [
            "仓库"
        ],
        "usphone": "'wɛrhaʊs",
        "ukphone": "'weəhaʊs"
    },
    {
        "name": "considerate",
        "trans": [
            "想得周到的，体贴的"
        ],
        "usphone": "kənˈsɪdərɪt",
        "ukphone": "kən'sɪd(ə)rət"
    },
    {
        "name": "all the best",
        "trans": [
            "祝一切顺利"
        ],
        "usphone": "",
        "ukphone": ""
    },
    {
        "name": "decibel",
        "trans": [
            "分贝（音量单位）"
        ],
        "usphone": "'dɛsɪbɛl",
        "ukphone": "'desɪbel"
    },
    {
        "name": "sum up",
        "trans": [
            "总结，概括"
        ],
        "usphone": "",
        "ukphone": ""
    },
    {
        "name": "as a matter of fact",
        "trans": [
            "实际上,事实上"
        ],
        "usphone": "",
        "ukphone": ""
    },
    {
        "name": "finance",
        "trans": [
            "资金"
        ],
        "usphone": "'faɪnæns",
        "ukphone": "faɪ'næns; fɪ-; 'faɪnæns"
    },
    {
        "name": "allocate",
        "trans": [
            "分配，配给"
        ],
        "usphone": "'æləket",
        "ukphone": "'æləkeɪt"
    },
    {
        "name": "politics",
        "trans": [
            "政治（活动）"
        ],
        "usphone": "'pɑlətɪks",
        "ukphone": "ˈpɒlətɪks"
    },
    {
        "name": "fragile",
        "trans": [
            "易毁的；脆弱的"
        ],
        "usphone": "'frædʒəl",
        "ukphone": "'frædʒaɪl"
    },
    {
        "name": "pest",
        "trans": [
            "有害的动物"
        ],
        "usphone": "pɛst",
        "ukphone": "pest"
    },
    {
        "name": "break away from",
        "trans": [
            "摆脱，脱离(某种思想体系、团体、组织)"
        ],
        "usphone": "",
        "ukphone": ""
    },
    {
        "name": "sharpener",
        "trans": [
            "卷笔刀"
        ],
        "usphone": "'ʃɑrpənɚ",
        "ukphone": "'ʃɑːpənə"
    },
    {
        "name": "sharpen",
        "trans": [
            "削尖"
        ],
        "usphone": "'ʃɑrpən",
        "ukphone": "'ʃɑːp(ə)n"
    },
    {
        "name": "valid",
        "trans": [
            "有充分理由的"
        ],
        "usphone": "'vælɪd",
        "ukphone": "'vælɪd"
    },
    {
        "name": "evolution",
        "trans": [
            "（生物）进化"
        ],
        "usphone": "ˌɛvəˈluʃən; (occas.) ˌ ivəˈluʃən",
        "ukphone": ",iːvə'luːʃ(ə)n; 'ev-"
    },
    {
        "name": "trunk",
        "trans": [
            "象鼻"
        ],
        "usphone": "trʌŋk",
        "ukphone": "trʌŋk"
    },
    {
        "name": "tusk",
        "trans": [
            "（象等动物的）长牙"
        ],
        "usphone": "tʌsk",
        "ukphone": "tʌsk"
    },
    {
        "name": "carve",
        "trans": [
            "雕刻"
        ],
        "usphone": "kɑrv",
        "ukphone": "kɑːv"
    },
    {
        "name": "calculate",
        "trans": [
            "计算，算出"
        ],
        "usphone": "'kælkjulet",
        "ukphone": "'kælkjʊleɪt"
    },
    {
        "name": "cube",
        "trans": [
            "立方体"
        ],
        "usphone": "kjʊb",
        "ukphone": "kjuːb"
    },
    {
        "name": "cubic",
        "trans": [
            "立方的"
        ],
        "usphone": "'kjubɪk",
        "ukphone": "'kjuːbɪk"
    },
    {
        "name": "betray",
        "trans": [
            "出卖，背叛"
        ],
        "usphone": "bɪ'tre",
        "ukphone": "bɪ'treɪ"
    },
    {
        "name": "friction",
        "trans": [
            "不和，冲突"
        ],
        "usphone": "'frɪkʃən",
        "ukphone": "'frɪkʃ(ə)n"
    },
    {
        "name": "hand over",
        "trans": [
            "把……交给"
        ],
        "usphone": "'hænd,əuvə(r)",
        "ukphone": "'hænd,əuvə(r)"
    },
    {
        "name": "recipe",
        "trans": [
            "配方；食谱"
        ],
        "usphone": "'rɛsəpi",
        "ukphone": "'resɪpɪ"
    },
    {
        "name": "Muslim",
        "trans": [
            "穆斯林，伊斯兰教信徒"
        ],
        "usphone": "ˈmʊzlɪm;ˈmʌzlɪm;ˈmʊzləm;ˈmʌzləm",
        "ukphone": "ˈmʊzlɪm;ˈmʌzlɪm;ˈmʊzləm;ˈmʌzləm"
    },
    {
        "name": "Catholic",
        "trans": [
            "天主教的"
        ],
        "usphone": "kæθəlɪk",
        "ukphone": ""
    },
    {
        "name": "holy",
        "trans": [
            "圣洁的"
        ],
        "usphone": "'holi",
        "ukphone": "'həʊlɪ"
    },
    {
        "name": "memorial",
        "trans": [
            "纪念碑"
        ],
        "usphone": "məˈmɔrɪəl",
        "ukphone": "mə'mɔːrɪəl"
    },
    {
        "name": "justice",
        "trans": [
            "公正，正义"
        ],
        "usphone": "'dʒʌstɪs",
        "ukphone": "'dʒʌstɪs"
    },
    {
        "name": "widow",
        "trans": [
            "寡妇，遗孀"
        ],
        "usphone": "'wɪdo",
        "ukphone": "'wɪdəʊ"
    },
    {
        "name": "minister",
        "trans": [
            "部长，大臣"
        ],
        "usphone": "'mɪnɪstɚ",
        "ukphone": "'mɪnɪstə"
    },
    {
        "name": "compromise",
        "trans": [
            "妥协，让步"
        ],
        "usphone": "'kɑmprəmaɪz",
        "ukphone": "'kɒmprəmaɪz"
    },
    {
        "name": "immigration",
        "trans": [
            "移民入境"
        ],
        "usphone": ",ɪmɪ'ɡreʃən",
        "ukphone": "ɪmɪ'ɡreɪʃn"
    },
    {
        "name": "civilian",
        "trans": [
            "平民"
        ],
        "usphone": "sə'vɪlɪən",
        "ukphone": "sɪ'vɪlj(ə)n"
    },
    {
        "name": "prejudice",
        "trans": [
            "偏见"
        ],
        "usphone": "'prɛdʒədɪs",
        "ukphone": "'predʒʊdɪs"
    },
    {
        "name": "racial",
        "trans": [
            "种族之间的"
        ],
        "usphone": "'reʃl",
        "ukphone": "'reɪʃ(ə)l"
    },
    {
        "name": "community",
        "trans": [
            "社区"
        ],
        "usphone": "kəˈmjunətɪ",
        "ukphone": "kəˈmju:nətɪ"
    },
    {
        "name": "drummer",
        "trans": [
            "鼓手"
        ],
        "usphone": "'drʌmɚ",
        "ukphone": "'drʌmə"
    },
    {
        "name": "bid goodbye",
        "trans": [
            "告别"
        ],
        "usphone": "",
        "ukphone": ""
    },
    {
        "name": "furnished",
        "trans": [
            "配有家具的"
        ],
        "usphone": "'fɝnɪʃt",
        "ukphone": "'fɜːnɪʃt"
    },
    {
        "name": "bachelor",
        "trans": [
            "未婚男子，单身汉"
        ],
        "usphone": "'bætʃəlɚ",
        "ukphone": "'bætʃələ"
    },
    {
        "name": "expose",
        "trans": [
            "使置身于危险中；暴露"
        ],
        "usphone": "ɪk'spoz；ek-",
        "ukphone": "ɪk'spəʊz; ek-"
    },
    {
        "name": "alcoholic",
        "trans": [
            "酗酒者，酒鬼"
        ],
        "usphone": ",ælkə'hɔlɪk",
        "ukphone": "ælkə'hɒlɪk"
    },
    {
        "name": "adolescent",
        "trans": [
            "青春期的",
            "青少年"
        ],
        "usphone": ",ædə'lɛsnt",
        "ukphone": "ædə'les(ə)nt"
    },
    {
        "name": "council",
        "trans": [
            "委员会"
        ],
        "usphone": "'kaʊnsl",
        "ukphone": "'kaʊns(ə)l; -sɪl"
    },
    {
        "name": "departure",
        "trans": [
            "离开，离去"
        ],
        "usphone": "dɪ'pɑrtʃɚ",
        "ukphone": "dɪ'pɑːtʃə"
    },
    {
        "name": "lounge",
        "trans": [
            "休息室"
        ],
        "usphone": "laʊndʒ",
        "ukphone": "laʊn(d)ʒ"
    },
    {
        "name": "suite",
        "trans": [
            "套房"
        ],
        "usphone": "sut; swit",
        "ukphone": "swiːt"
    },
    {
        "name": "classify",
        "trans": [
            "把……分类"
        ],
        "usphone": "ˈklæsəˌfaɪ",
        "ukphone": "'klæsɪfaɪ"
    },
    {
        "name": "maid",
        "trans": [
            "女佣"
        ],
        "usphone": "med",
        "ukphone": "meɪd"
    },
    {
        "name": "laundry",
        "trans": [
            "要洗的衣服；洗衣房"
        ],
        "usphone": "'lɔndri",
        "ukphone": "'lɔːndrɪ"
    },
    {
        "name": "tailor",
        "trans": [
            "裁缝"
        ],
        "usphone": "'telɚ",
        "ukphone": "'teɪlə"
    },
    {
        "name": "fortnight",
        "trans": [
            "两星期"
        ],
        "usphone": "'fɔrtnaɪt",
        "ukphone": "'fɔːtnaɪt"
    },
    {
        "name": "in a flash",
        "trans": [
            "瞬间，即刻"
        ],
        "usphone": "",
        "ukphone": ""
    },
    {
        "name": "adolescence",
        "trans": [
            "青少年时期"
        ],
        "usphone": ",ædə'lɛsns",
        "ukphone": "ædə'les(ə)ns"
    },
    {
        "name": "antique",
        "trans": [
            "古董"
        ],
        "usphone": "æn'tik",
        "ukphone": "æn'tiːk"
    },
    {
        "name": "statesman",
        "trans": [
            "政治家"
        ],
        "usphone": "'stetsmən",
        "ukphone": "'steɪtsmən"
    },
    {
        "name": "bedding",
        "trans": [
            "床上用品"
        ],
        "usphone": "'bɛdɪŋ",
        "ukphone": "'bedɪŋ"
    },
    {
        "name": "bungalow",
        "trans": [
            "平房"
        ],
        "usphone": "ˈbʌŋɡəˌlo",
        "ukphone": "'bʌŋgələʊ"
    },
    {
        "name": "smog",
        "trans": [
            "烟雾"
        ],
        "usphone": "smɑːɡ",
        "ukphone": "smɒg"
    },
    {
        "name": "stand up for",
        "trans": [
            "保护，维护"
        ],
        "usphone": "",
        "ukphone": ""
    },
    {
        "name": "rugby",
        "trans": [
            "橄榄球"
        ],
        "usphone": "'rʌɡbi",
        "ukphone": "'rʌgbɪ"
    },
    {
        "name": "talk sth. over with sb.",
        "trans": [
            "与……详细讨论……"
        ],
        "usphone": "",
        "ukphone": ""
    },
    {
        "name": "put forward",
        "trans": [
            "提议，提出"
        ],
        "usphone": "",
        "ukphone": ""
    },
    {
        "name": "bakery",
        "trans": [
            "面包店"
        ],
        "usphone": "'bekəri",
        "ukphone": "'beɪk(ə)rɪ"
    },
    {
        "name": "sneaker",
        "trans": [
            "运动鞋"
        ],
        "usphone": "'snikɚ",
        "ukphone": "'sniːkə"
    },
    {
        "name": "from then on",
        "trans": [
            "从那时起，以后"
        ],
        "usphone": "",
        "ukphone": ""
    },
    {
        "name": "give in",
        "trans": [
            "让步，屈服"
        ],
        "usphone": "",
        "ukphone": ""
    },
    {
        "name": "send for",
        "trans": [
            "派人去叫……"
        ],
        "usphone": "",
        "ukphone": ""
    },
    {
        "name": "subscribe",
        "trans": [
            "订阅（杂志或报纸）"
        ],
        "usphone": "səb'skraɪb",
        "ukphone": "səb'skraɪb"
    },
    {
        "name": "call in",
        "trans": [
            "请（某人）"
        ],
        "usphone": "",
        "ukphone": ""
    },
    {
        "name": "appoint",
        "trans": [
            "任命，委任"
        ],
        "usphone": "ə'pɔɪnt",
        "ukphone": "ə'pɒɪnt"
    },
    {
        "name": "union",
        "trans": [
            "联合会，工会"
        ],
        "usphone": "'junɪən",
        "ukphone": "'juːnjən; -ɪən"
    },
    {
        "name": "have a gift for",
        "trans": [
            "有……的天赋"
        ],
        "usphone": "",
        "ukphone": ""
    },
    {
        "name": "sculpture",
        "trans": [
            "雕刻，雕塑"
        ],
        "usphone": "'skʌlptʃɚ",
        "ukphone": "'skʌlptʃə"
    },
    {
        "name": "pyramid",
        "trans": [
            "金字塔"
        ],
        "usphone": "'pɪrəmɪd",
        "ukphone": "'pɪrəmɪd"
    },
    {
        "name": "commercial",
        "trans": [
            "（电视）广告"
        ],
        "usphone": "kə'mɝʃəl",
        "ukphone": "kə'mɜːʃ(ə)l"
    },
    {
        "name": "nutrition",
        "trans": [
            "营养"
        ],
        "usphone": "nu'trɪʃən",
        "ukphone": "njʊ'trɪʃ(ə)n"
    },
    {
        "name": "tip",
        "trans": [
            "有用的建议"
        ],
        "usphone": "tɪp",
        "ukphone": "tɪp"
    },
    {
        "name": "possession",
        "trans": [
            "私有物品；拥有"
        ],
        "usphone": "pə'zɛʃən",
        "ukphone": "pə'zeʃ(ə)n"
    },
    {
        "name": "compass",
        "trans": [
            "指南针，罗盘"
        ],
        "usphone": "'kʌmpəs",
        "ukphone": "'kʌmpəs"
    },
    {
        "name": "allowance",
        "trans": [
            "零用钱；津贴"
        ],
        "usphone": "ə'laʊəns",
        "ukphone": "ə'laʊəns"
    },
    {
        "name": "criticise",
        "trans": [
            "批评"
        ],
        "usphone": "'kriti,saiz",
        "ukphone": "'krɪtɪ,saɪz"
    },
    {
        "name": "contradict",
        "trans": [
            "反驳，纠正；与……矛盾"
        ],
        "usphone": "'kɑntrə'dɪkt",
        "ukphone": "kɒntrə'dɪkt"
    },
    {
        "name": "sarcastic",
        "trans": [
            "讽刺的"
        ],
        "usphone": "sɑr'kæstɪk",
        "ukphone": "sɑː'kæstɪk"
    },
    {
        "name": "hold out",
        "trans": [
            "（在困境中）坚持"
        ],
        "usphone": "",
        "ukphone": ""
    },
    {
        "name": "by and by",
        "trans": [
            "不久以后"
        ],
        "usphone": "",
        "ukphone": ""
    },
    {
        "name": "call on",
        "trans": [
            "要求……介入"
        ],
        "usphone": "",
        "ukphone": ""
    },
    {
        "name": "look down on",
        "trans": [
            "看不起……"
        ],
        "usphone": "",
        "ukphone": ""
    },
    {
        "name": "keep one's word",
        "trans": [
            "遵守诺言"
        ],
        "usphone": "",
        "ukphone": ""
    },
    {
        "name": "come about",
        "trans": [
            "发生"
        ],
        "usphone": "",
        "ukphone": ""
    },
    {
        "name": "slavery",
        "trans": [
            "奴隶制度"
        ],
        "usphone": "'slevəri",
        "ukphone": "'sleɪv(ə)rɪ"
    },
    {
        "name": "oilfield",
        "trans": [
            "油田"
        ],
        "usphone": "'ɔɪlfild",
        "ukphone": ""
    },
    {
        "name": "security",
        "trans": [
            "安全"
        ],
        "usphone": "sə'kjʊrəti",
        "ukphone": "sɪ'kjʊərətɪ"
    },
    {
        "name": "ending",
        "trans": [
            "结局，结尾"
        ],
        "usphone": "'ɛndɪŋ",
        "ukphone": "'endɪŋ"
    },
    {
        "name": "in surprise",
        "trans": [
            "吃惊地，惊奇地"
        ],
        "usphone": "",
        "ukphone": ""
    },
    {
        "name": "weep",
        "trans": [
            "(wept,wept)哭泣，流泪"
        ],
        "usphone": "wip",
        "ukphone": "wiːp"
    },
    {
        "name": "shoot",
        "trans": [
            "(shot,shot)射击；投篮；拍摄"
        ],
        "usphone": "ʃut",
        "ukphone": "ʃuːt"
    },
    {
        "name": "unconscious",
        "trans": [
            "失去知觉的"
        ],
        "usphone": "ʌn'kɑnʃəs",
        "ukphone": "ʌn'kɒnʃəs"
    },
    {
        "name": "pile",
        "trans": [
            "堆"
        ],
        "usphone": "paɪl",
        "ukphone": "paɪl"
    },
    {
        "name": "frontier",
        "trans": [
            "边境，边界"
        ],
        "usphone": "frʌn'tɪr",
        "ukphone": "'frʌntɪə; frʌn'tɪə"
    },
    {
        "name": "trench",
        "trans": [
            "沟，壕"
        ],
        "usphone": "trɛntʃ",
        "ukphone": "tren(t)ʃ"
    },
    {
        "name": "representative",
        "trans": [
            "代表"
        ],
        "usphone": "'rɛprɪ'zɛntətɪv",
        "ukphone": "reprɪ'zentətɪv"
    },
    {
        "name": "greet",
        "trans": [
            "问候，迎接，致意"
        ],
        "usphone": "ɡrit",
        "ukphone": "griːt"
    },
    {
        "name": "remark",
        "trans": [
            "说起，谈到"
        ],
        "usphone": "rɪ'mɑrk",
        "ukphone": "rɪ'mɑːk"
    },
    {
        "name": "distribute",
        "trans": [
            "分发，分配"
        ],
        "usphone": "dɪ'strɪbjut",
        "ukphone": "dɪ'strɪbjuːt; 'dɪstrɪbjuːt"
    },
    {
        "name": "consume",
        "trans": [
            "喝；消费，消耗"
        ],
        "usphone": "kənˈsum",
        "ukphone": "kən'sjuːm"
    },
    {
        "name": "in peace",
        "trans": [
            "和平地"
        ],
        "usphone": "",
        "ukphone": ""
    },
    {
        "name": "bond",
        "trans": [
            "盟约"
        ],
        "usphone": "bɑnd",
        "ukphone": "bɒnd"
    },
    {
        "name": "shot",
        "trans": [
            "射击，开枪"
        ],
        "usphone": "ʃɑt",
        "ukphone": "ʃɒt"
    },
    {
        "name": "ward",
        "trans": [
            "病房"
        ],
        "usphone": "wɔrd",
        "ukphone": "wɔːd"
    },
    {
        "name": "scar",
        "trans": [
            "伤痕，伤疤"
        ],
        "usphone": "skɑr",
        "ukphone": "skɑː"
    },
    {
        "name": "surgeon",
        "trans": [
            "外科医生"
        ],
        "usphone": "'sɝdʒən",
        "ukphone": "'sɜːdʒ(ə)n"
    },
    {
        "name": "bandage",
        "trans": [
            "绷带"
        ],
        "usphone": "'bændɪdʒ",
        "ukphone": "'bændɪdʒ"
    },
    {
        "name": "salute",
        "trans": [
            "向……致敬"
        ],
        "usphone": "sə'lut",
        "ukphone": "sə'l(j)uːt"
    },
    {
        "name": "take sb.in one's arms",
        "trans": [
            "拥抱某人"
        ],
        "usphone": "",
        "ukphone": ""
    },
    {
        "name": "sob",
        "trans": [
            "抽泣，呜咽"
        ],
        "usphone": "sɑb",
        "ukphone": "sɒb"
    },
    {
        "name": "swear",
        "trans": [
            "(swore,sworn)发誓"
        ],
        "usphone": "swɛr",
        "ukphone": "sweə"
    },
    {
        "name": "acquaintance",
        "trans": [
            "相识的人；认识，交情"
        ],
        "usphone": "ə'kwentəns",
        "ukphone": "ə'kweɪnt(ə)ns"
    },
    {
        "name": "westwards",
        "trans": [
            "向西"
        ],
        "usphone": "'wɛstwɚdz",
        "ukphone": "'westwədz"
    },
    {
        "name": "handful",
        "trans": [
            "少数，一些"
        ],
        "usphone": "'hænd,fʊl",
        "ukphone": "'hæn(d)fʊl; -f(ə)l"
    },
    {
        "name": "tank",
        "trans": [
            "油箱；坦克"
        ],
        "usphone": "tæŋk",
        "ukphone": "tæŋk"
    },
    {
        "name": "firework",
        "trans": [
            "烟火，烟花"
        ],
        "usphone": "'faɪɚwɝk",
        "ukphone": "'faɪəwɜːk"
    },
    {
        "name": "greed",
        "trans": [
            "贪心，贪婪"
        ],
        "usphone": "ɡrid",
        "ukphone": "griːd"
    },
    {
        "name": "import",
        "trans": [
            "进口"
        ],
        "usphone": "'ɪmpɔt",
        "ukphone": "ɪm'pɔːt; 'ɪm-"
    },
    {
        "name": "sponsor",
        "trans": [
            "赞助"
        ],
        "usphone": "'spɑnsɚ",
        "ukphone": "'spɒnsə"
    },
    {
        "name": "strengthen",
        "trans": [
            "（使）变强，加强"
        ],
        "usphone": "'strɛŋθn",
        "ukphone": "'streŋθ(ə)n; -ŋkθ(ə)n"
    },
    {
        "name": "the more...the more...",
        "trans": [
            "越……就越……"
        ],
        "usphone": "",
        "ukphone": ""
    },
    {
        "name": "despite",
        "trans": [
            "不管"
        ],
        "usphone": "dɪ'spaɪt",
        "ukphone": "dɪ'spaɪt"
    },
    {
        "name": "stable",
        "trans": [
            "稳固的"
        ],
        "usphone": "'stebl",
        "ukphone": "'steɪb(ə)l"
    },
    {
        "name": "intend",
        "trans": [
            "想要，打算"
        ],
        "usphone": "ɪn'tɛnd",
        "ukphone": "ɪn'tend"
    },
    {
        "name": "draft",
        "trans": [
            "起草"
        ],
        "usphone": "dræft",
        "ukphone": "drɑːft"
    },
    {
        "name": "unfit",
        "trans": [
            "不健壮的"
        ],
        "usphone": "",
        "ukphone": "ʌn'fɪt"
    },
    {
        "name": "spray",
        "trans": [
            "水花，浪花"
        ],
        "usphone": "spreɪ",
        "ukphone": "spreɪ"
    },
    {
        "name": "dam",
        "trans": [
            "坝"
        ],
        "usphone": "dæm",
        "ukphone": "dæm"
    },
    {
        "name": "tram",
        "trans": [
            "有轨电车"
        ],
        "usphone": "træm",
        "ukphone": "træm"
    },
    {
        "name": "thermos",
        "trans": [
            "热水瓶，保温瓶"
        ],
        "usphone": "'θɝməs",
        "ukphone": "'θɜːmɒs"
    },
    {
        "name": "expense",
        "trans": [
            "费用，开支"
        ],
        "usphone": "ɪk'spɛns",
        "ukphone": "ɪk'spens; ek-"
    },
    {
        "name": "join up",
        "trans": [
            "参军"
        ],
        "usphone": "",
        "ukphone": ""
    },
    {
        "name": "daisy",
        "trans": [
            "雏菊"
        ],
        "usphone": "'dezi",
        "ukphone": "'deɪzɪ"
    },
    {
        "name": "Kaiser",
        "trans": [
            "德国皇帝（1888-1918）"
        ],
        "usphone": "'kaɪzɚ",
        "ukphone": "'kaɪzə"
    },
    {
        "name": "tramp",
        "trans": [
            "流浪者"
        ],
        "usphone": "træmp",
        "ukphone": "træmp"
    },
    {
        "name": "rope off",
        "trans": [
            "用绳围起（隔开）"
        ],
        "usphone": "",
        "ukphone": ""
    },
    {
        "name": "cabinet",
        "trans": [
            "内阁"
        ],
        "usphone": "ˈkæbənət",
        "ukphone": "'kæbɪnɪt"
    },
    {
        "name": "underpants",
        "trans": [
            "内衣裤"
        ],
        "usphone": "'ʌndɚ'pænts",
        "ukphone": "'ʌndəpæn(t)s"
    },
    {
        "name": "arbitrary",
        "trans": [
            "任意的"
        ],
        "usphone": "ˈɑːrbətreri",
        "ukphone": "'ɑːbɪt(rə)rɪ"
    },
    {
        "name": "theoretical",
        "trans": [
            "理论的"
        ],
        "usphone": ",θiə'rɛtɪkəl",
        "ukphone": "θɪə'retɪk(ə)l"
    },
    {
        "name": "communism",
        "trans": [
            "共产主义"
        ],
        "usphone": "'kɑmjʊ'nɪzəm",
        "ukphone": "'kɒmjʊnɪz(ə)m"
    },
    {
        "name": "socialism",
        "trans": [
            "社会主义"
        ],
        "usphone": "'soʃəlɪzəm",
        "ukphone": "'səʊʃəlɪz(ə)m"
    },
    {
        "name": "communist",
        "trans": [
            "共产主义者"
        ],
        "usphone": "kɑmjʊnɪst",
        "ukphone": "'kɒmjʊnɪst"
    },
    {
        "name": "socialist",
        "trans": [
            "社会主义者"
        ],
        "usphone": "'soʃəlɪst",
        "ukphone": "'səʊʃ(ə)lɪst; 'səʊʃəlɪst"
    },
    {
        "name": "liberation",
        "trans": [
            "解放"
        ],
        "usphone": ",lɪbə'reʃən",
        "ukphone": "lɪbə'reɪʃ(ə)n"
    },
    {
        "name": "possess",
        "trans": [
            "拥有"
        ],
        "usphone": "pə'zɛs",
        "ukphone": "pə'zes"
    },
    {
        "name": "bring sth. on sb.",
        "trans": [
            "给某人招来（不愉快的）事情"
        ],
        "usphone": "",
        "ukphone": ""
    },
    {
        "name": "look into",
        "trans": [
            "调查"
        ],
        "usphone": "",
        "ukphone": ""
    },
    {
        "name": "confidential",
        "trans": [
            "秘密的"
        ],
        "usphone": ",kɑnfɪ'dɛnʃl",
        "ukphone": "kɒnfɪ'denʃ(ə)l"
    },
    {
        "name": "sort out",
        "trans": [
            "解决（问题或困难）"
        ],
        "usphone": "",
        "ukphone": ""
    },
    {
        "name": "opening",
        "trans": [
            "一段空的时间"
        ],
        "usphone": "'opənɪŋ",
        "ukphone": "'əʊp(ə)nɪŋ"
    },
    {
        "name": "homelessness",
        "trans": [
            "无家可归"
        ],
        "usphone": "'homlɪsnɪs",
        "ukphone": ""
    },
    {
        "name": "inequality",
        "trans": [
            "不平等"
        ],
        "usphone": ",ɪnɪ'kwɑləti",
        "ukphone": "ɪnɪ'kwɒlɪtɪ"
    },
    {
        "name": "abortion",
        "trans": [
            "堕胎，人工流产"
        ],
        "usphone": "ə'bɔrʃən",
        "ukphone": "ə'bɔːʃ(ə)n"
    },
    {
        "name": "household",
        "trans": [
            "一个家庭"
        ],
        "usphone": "'haʊshold",
        "ukphone": "'haʊshəʊld"
    },
    {
        "name": "graph",
        "trans": [
            "图表"
        ],
        "usphone": "ɡræf",
        "ukphone": "grɑːf; græf"
    },
    {
        "name": "life expectancy",
        "trans": [
            "预期寿命"
        ],
        "usphone": "",
        "ukphone": ""
    },
    {
        "name": "voluntary",
        "trans": [
            "自愿的"
        ],
        "usphone": "'vɑləntɛri",
        "ukphone": "'vɒlənt(ə)rɪ"
    },
    {
        "name": "abundant",
        "trans": [
            "大量的"
        ],
        "usphone": "ə'bʌndənt",
        "ukphone": "əˈbʌndənt"
    },
    {
        "name": "consumer",
        "trans": [
            "消费者"
        ],
        "usphone": "kən'sumɚ",
        "ukphone": "kən'sjuːmə"
    },
    {
        "name": "deposit",
        "trans": [
            "存储，储蓄"
        ],
        "usphone": "dɪ'pɑzɪt",
        "ukphone": "dɪ'pɒzɪt"
    },
    {
        "name": "currency",
        "trans": [
            "货币"
        ],
        "usphone": "ˈkɜrənsi",
        "ukphone": "'kʌr(ə)nsɪ"
    },
    {
        "name": "signature",
        "trans": [
            "签名"
        ],
        "usphone": "'sɪgnətʃɚ",
        "ukphone": "'sɪgnətʃə"
    },
    {
        "name": "taxpayer",
        "trans": [
            "纳税人"
        ],
        "usphone": "'tæks,peiə",
        "ukphone": "'tækspeɪə"
    },
    {
        "name": "govern",
        "trans": [
            "统治，管理"
        ],
        "usphone": "'ɡʌvɚn",
        "ukphone": "'gʌv(ə)n"
    },
    {
        "name": "accumulate",
        "trans": [
            "积累"
        ],
        "usphone": "ə'kjumjəlet",
        "ukphone": "ə'kjuːmjʊleɪt"
    },
    {
        "name": "ownership",
        "trans": [
            "所有权"
        ],
        "usphone": "'onɚʃɪp",
        "ukphone": "'əʊnəʃɪp"
    },
    {
        "name": "burden",
        "trans": [
            "重担,负担"
        ],
        "usphone": "'bɝdn",
        "ukphone": "'bɜːd(ə)n"
    },
    {
        "name": "rag",
        "trans": [
            "破旧衣服"
        ],
        "usphone": "ræɡ",
        "ukphone": "ræg"
    },
    {
        "name": "vacant",
        "trans": [
            "未住人的，空置的"
        ],
        "usphone": "'vekənt",
        "ukphone": "'veɪk(ə)nt"
    },
    {
        "name": "resistance",
        "trans": [
            "反抗，抵制"
        ],
        "usphone": "rɪ'zɪstəns",
        "ukphone": "rɪ'zɪst(ə)ns"
    },
    {
        "name": "come into being",
        "trans": [
            "形成，存在"
        ],
        "usphone": "",
        "ukphone": ""
    },
    {
        "name": "adjustment",
        "trans": [
            "调整，调节"
        ],
        "usphone": "ə'dʒʌstmənt",
        "ukphone": "ə'dʒʌs(t)m(ə)nt"
    },
    {
        "name": "diverse",
        "trans": [
            "各种各样的"
        ],
        "usphone": "daɪ'vɝs",
        "ukphone": "daɪ'vɜːs; 'daɪvɜːs"
    },
    {
        "name": "grill",
        "trans": [
            "烤架"
        ],
        "usphone": "ɡrɪl",
        "ukphone": "grɪl"
    },
    {
        "name": "vice",
        "trans": [
            "坏习惯，恶习"
        ],
        "usphone": "vaɪs",
        "ukphone": "vaɪs"
    },
    {
        "name": "mutton",
        "trans": [
            "羊肉"
        ],
        "usphone": "'mʌtn",
        "ukphone": "'mʌt(ə)n"
    },
    {
        "name": "wind sb. up",
        "trans": [
            "故意惹恼(某人,尤指开玩笑）"
        ],
        "usphone": "",
        "ukphone": ""
    },
    {
        "name": "brunch",
        "trans": [
            "早午餐"
        ],
        "usphone": "brʌntʃ",
        "ukphone": "brʌn(t)ʃ"
    },
    {
        "name": "buffet",
        "trans": [
            "自助餐"
        ],
        "usphone": "bəˈfe; bʌfɪt",
        "ukphone": "ˈbʊfeɪ;ˈbʌfɪt"
    },
    {
        "name": "bare",
        "trans": [
            "赤裸的"
        ],
        "usphone": "bɛr",
        "ukphone": "beə"
    },
    {
        "name": "pension",
        "trans": [
            "退休金，养老金"
        ],
        "usphone": "'pɛnʃən",
        "ukphone": "'penʃ(ə)n"
    },
    {
        "name": "resign",
        "trans": [
            "辞职"
        ],
        "usphone": "rɪ'zaɪn",
        "ukphone": "rɪ'zaɪn"
    },
    {
        "name": "pregnant",
        "trans": [
            "怀孕的"
        ],
        "usphone": "'prɛɡnənt",
        "ukphone": "'pregnənt"
    },
    {
        "name": "fingernail",
        "trans": [
            "手指甲"
        ],
        "usphone": "'fɪŋɡɚnel",
        "ukphone": "'fɪŋgəneɪl"
    },
    {
        "name": "hydrogen",
        "trans": [
            "氢"
        ],
        "usphone": "'haɪdrədʒən",
        "ukphone": "'haɪdrədʒ(ə)n"
    },
    {
        "name": "format",
        "trans": [
            "格式"
        ],
        "usphone": "'fɔrmæt",
        "ukphone": "'fɔːmæt"
    },
    {
        "name": "choke",
        "trans": [
            "窒息，噎住"
        ],
        "usphone": "tʃok",
        "ukphone": "tʃəʊk"
    },
    {
        "name": "delete",
        "trans": [
            "删除"
        ],
        "usphone": "dɪ'lit",
        "ukphone": "dɪ'liːt"
    },
    {
        "name": "shrink",
        "trans": [
            "(shrank,shrank)（使）收缩，缩小"
        ],
        "usphone": "ʃrɪŋk",
        "ukphone": "ʃrɪŋk"
    },
    {
        "name": "Utopia",
        "trans": [
            "乌托邦，理想中的完美社会"
        ],
        "usphone": "ju:'təupiə",
        "ukphone": "ju:'təupiə"
    },
    {
        "name": "leisure",
        "trans": [
            "闲暇，空闲"
        ],
        "usphone": "'liʒɚ",
        "ukphone": "'leʒə"
    },
    {
        "name": "virtue",
        "trans": [
            "优点，长处"
        ],
        "usphone": "'vɝtʃʊ",
        "ukphone": "'vɜːtjuː; -tʃuː"
    },
    {
        "name": "framework",
        "trans": [
            "结构，构架"
        ],
        "usphone": "'fremwɝk",
        "ukphone": "'freɪmwɜːk"
    },
    {
        "name": "show off",
        "trans": [
            "炫耀，夸耀"
        ],
        "usphone": "",
        "ukphone": ""
    },
    {
        "name": "feast",
        "trans": [
            "盛宴，宴会"
        ],
        "usphone": "fist",
        "ukphone": "fiːst"
    },
    {
        "name": "surplus",
        "trans": [
            "盈余，剩余"
        ],
        "usphone": "'sɝpləs",
        "ukphone": "'sɜːpləs"
    },
    {
        "name": "elect",
        "trans": [
            "选举，推选"
        ],
        "usphone": "ɪ'lɛkt",
        "ukphone": "ɪ'lekt"
    },
    {
        "name": "merciful",
        "trans": [
            "宽大的，仁慈的"
        ],
        "usphone": "'mɝsɪfl",
        "ukphone": "'mɜːsɪfʊl; -f(ə)l"
    },
    {
        "name": "sow",
        "trans": [
            "(sowed,sown,sowed)播（种）"
        ],
        "usphone": "so",
        "ukphone": "səʊ"
    },
    {
        "name": "roundabout",
        "trans": [
            "环岛，环形交叉路口"
        ],
        "usphone": "'raʊndəbaʊt",
        "ukphone": "'raʊndəbaʊt"
    },
    {
        "name": "collision",
        "trans": [
            "相撞；冲突"
        ],
        "usphone": "kə'lɪʒən",
        "ukphone": "kə'lɪʒ(ə)n"
    },
    {
        "name": "knock into sb.",
        "trans": [
            "撞上某人"
        ],
        "usphone": "",
        "ukphone": ""
    },
    {
        "name": "weed",
        "trans": [
            "杂草，野草"
        ],
        "usphone": "wid",
        "ukphone": "wiːd"
    },
    {
        "name": "fountain",
        "trans": [
            "喷泉，喷水池"
        ],
        "usphone": "'faʊntn",
        "ukphone": "ˈfaʊntən"
    },
    {
        "name": "paddle",
        "trans": [
            "划水；涉水"
        ],
        "usphone": "'pædl",
        "ukphone": "'pæd(ə)l"
    },
    {
        "name": "wag",
        "trans": [
            "摇摆，摆动"
        ],
        "usphone": "wæɡ",
        "ukphone": "wæg"
    },
    {
        "name": "packet",
        "trans": [
            "小盒"
        ],
        "usphone": "'pækɪt",
        "ukphone": "'pækɪt"
    },
    {
        "name": "grocer",
        "trans": [
            "食品杂货商"
        ],
        "usphone": "ɡrosɚ",
        "ukphone": "'grəʊsə"
    },
    {
        "name": "rot",
        "trans": [
            "腐烂"
        ],
        "usphone": "rɑt",
        "ukphone": "rɒt"
    },
    {
        "name": "league",
        "trans": [
            "联合会"
        ],
        "usphone": "lig",
        "ukphone": "liːg"
    },
    {
        "name": "ministry",
        "trans": [
            "部"
        ],
        "usphone": "'mɪnɪstri",
        "ukphone": "'mɪnɪstrɪ"
    },
    {
        "name": "poster",
        "trans": [
            "海报"
        ],
        "usphone": "'postɚ",
        "ukphone": "'pəʊstə"
    },
    {
        "name": "skip",
        "trans": [
            "跳过"
        ],
        "usphone": "skɪp",
        "ukphone": "skɪp"
    },
    {
        "name": "edition",
        "trans": [
            "版本"
        ],
        "usphone": "ɪ'dɪʃən",
        "ukphone": "ɪ'dɪʃ(ə)n"
    },
    {
        "name": "alley",
        "trans": [
            "胡同，小巷"
        ],
        "usphone": "'æli",
        "ukphone": "'ælɪ"
    },
    {
        "name": "rectangular",
        "trans": [
            "长方形的"
        ],
        "usphone": "rɛk'tæŋgjəlɚ",
        "ukphone": "rek'tæŋgjʊlə"
    },
    {
        "name": "mop",
        "trans": [
            "拖把"
        ],
        "usphone": "mɑp",
        "ukphone": "mɒp"
    },
    {
        "name": "fragrant",
        "trans": [
            "有香味的"
        ],
        "usphone": "'fregrənt",
        "ukphone": "'freɪgr(ə)nt"
    },
    {
        "name": "cast",
        "trans": [
            "（cast,cast）投下"
        ],
        "usphone": "kæst",
        "ukphone": "kɑːst"
    },
    {
        "name": "turning point",
        "trans": [
            "转折点"
        ],
        "usphone": "",
        "ukphone": ""
    },
    {
        "name": "undertake",
        "trans": [
            "(undertook,undertaken)着手做，从事"
        ],
        "usphone": ",ʌndɚ'tek",
        "ukphone": "ʌndə'teɪk"
    },
    {
        "name": "preservation",
        "trans": [
            "维护，保存"
        ],
        "usphone": ",prɛzɚ'veʃən",
        "ukphone": "prezə'veɪʃ(ə)n"
    },
    {
        "name": "squeeze",
        "trans": [
            "挤"
        ],
        "usphone": "skwiz",
        "ukphone": "skwiːz"
    },
    {
        "name": "arch",
        "trans": [
            "拱顶"
        ],
        "usphone": "ɑrtʃ",
        "ukphone": "ɑːtʃ"
    },
    {
        "name": "thirst",
        "trans": [
            "口渴"
        ],
        "usphone": "θɝst",
        "ukphone": "θɜːst"
    },
    {
        "name": "container",
        "trans": [
            "容器"
        ],
        "usphone": "kən'tenɚ",
        "ukphone": "kən'teɪnə"
    },
    {
        "name": "relay",
        "trans": [
            "转达,转播；传送",
            "接力赛"
        ],
        "usphone": "rɪ'le",
        "ukphone": "'riːleɪ"
    },
    {
        "name": "spoonful",
        "trans": [
            "一匙之量"
        ],
        "usphone": "'spʊn'fʊl",
        "ukphone": "'spuːnfʊl"
    },
    {
        "name": "robbery",
        "trans": [
            "抢劫"
        ],
        "usphone": "'rɑbəri",
        "ukphone": "'rɒb(ə)rɪ"
    },
    {
        "name": "break into",
        "trans": [
            "闯入"
        ],
        "usphone": "",
        "ukphone": ""
    },
    {
        "name": "rape",
        "trans": [
            "强奸"
        ],
        "usphone": "rep",
        "ukphone": "reɪp"
    },
    {
        "name": "shoplifting",
        "trans": [
            "在商店盗窃"
        ],
        "usphone": "'ʃɑp'lɪftɪŋ",
        "ukphone": "'ʃɒplɪftɪŋ"
    },
    {
        "name": "penalty",
        "trans": [
            "刑罚，惩罚"
        ],
        "usphone": "'pɛnəlti",
        "ukphone": "'pen(ə)ltɪ"
    },
    {
        "name": "fine",
        "trans": [
            "罚款"
        ],
        "usphone": "faɪn",
        "ukphone": "faɪn"
    },
    {
        "name": "sentence",
        "trans": [
            "判决"
        ],
        "usphone": "'sɛntəns",
        "ukphone": "'sent(ə)ns"
    },
    {
        "name": "revenge",
        "trans": [
            "复仇，报复"
        ],
        "usphone": "rɪ'vɛndʒ",
        "ukphone": "rɪ'ven(d)ʒ"
    },
    {
        "name": "on principle",
        "trans": [
            "根据原则"
        ],
        "usphone": "",
        "ukphone": ""
    },
    {
        "name": "abolish",
        "trans": [
            "废除"
        ],
        "usphone": "ə'bɑlɪʃ",
        "ukphone": "ə'bɒlɪʃ"
    },
    {
        "name": "sentence sb.to death",
        "trans": [
            "判某人死刑"
        ],
        "usphone": "",
        "ukphone": ""
    },
    {
        "name": "moreover",
        "trans": [
            "再者，此外"
        ],
        "usphone": "mɔr'ovɚ",
        "ukphone": "mɔːr'əʊvə"
    },
    {
        "name": "furthermore",
        "trans": [
            "此外，而且"
        ],
        "usphone": ",fɝðɚ'mɔr",
        "ukphone": "fɜːðə'mɔː"
    },
    {
        "name": "consequently",
        "trans": [
            "所以，因此"
        ],
        "usphone": "'kɑnsəkwɛntli",
        "ukphone": "'kɒnsɪkw(ə)ntlɪ"
    },
    {
        "name": "anchor",
        "trans": [
            "锚"
        ],
        "usphone": "'æŋkɚ",
        "ukphone": "'æŋkə"
    },
    {
        "name": "seaweed",
        "trans": [
            "海草，海藻"
        ],
        "usphone": "'si'wid",
        "ukphone": "'siːwiːd"
    },
    {
        "name": "swing",
        "trans": [
            "（swung,swung）摇动"
        ],
        "usphone": "swɪŋ",
        "ukphone": "swɪŋ"
    },
    {
        "name": "seagull",
        "trans": [
            "海鸥"
        ],
        "usphone": "'siɡʌl",
        "ukphone": "'siːgʌl"
    },
    {
        "name": "spiritual",
        "trans": [
            "宗教的，教会的；精神的"
        ],
        "usphone": "'spɪrɪtʃʊəl",
        "ukphone": "'spɪrɪtʃʊəl; -tjʊəl"
    },
    {
        "name": "Buddhism",
        "trans": [
            "佛教"
        ],
        "usphone": "'bʊdɪzəm",
        "ukphone": "'bʊdɪz(ə)m"
    },
    {
        "name": "prayer",
        "trans": [
            "祈祷，祷告"
        ],
        "usphone": "prɛr",
        "ukphone": "preə"
    },
    {
        "name": "merchant",
        "trans": [
            "商人"
        ],
        "usphone": "'mɝtʃənt",
        "ukphone": "'mɜːtʃ(ə)nt"
    },
    {
        "name": "wax",
        "trans": [
            "蜡"
        ],
        "usphone": "waks",
        "ukphone": "waks"
    },
    {
        "name": "pan",
        "trans": [
            "锅，平底锅"
        ],
        "usphone": "pæn",
        "ukphone": "pæn"
    },
    {
        "name": "semicircle",
        "trans": [
            "半圆（形）"
        ],
        "usphone": "'sɛmɪsɝkl",
        "ukphone": "'semɪsɜːkl"
    },
    {
        "name": "suck",
        "trans": [
            "含在嘴里吮食"
        ],
        "usphone": "sʌk",
        "ukphone": "sʌk"
    }
]