[
    {
        "name": "questionnaire",
        "trans": [
            "问卷；调查表"
        ],
        "usphone": "ˌkwɛstʃənˈɛr",
        "ukphone": "ˌkwestʃəˈneə(r)"
    },
    {
        "name": "matter",
        "trans": [
            "要紧，有重大关系",
            "事情"
        ],
        "usphone": "'mætɚ",
        "ukphone": "'mætə"
    },
    {
        "name": "partner",
        "trans": [
            "合作者，搭档"
        ],
        "usphone": "ˈpɑːrtnər",
        "ukphone": "'pɑːtnə"
    },
    {
        "name": "lifestyle",
        "trans": [
            "生活方式"
        ],
        "usphone": "'laɪfstaɪl",
        "ukphone": "'laɪfstaɪl"
    },
    {
        "name": "shepherd",
        "trans": [
            "牧羊人"
        ],
        "usphone": "'ʃɛpɚd",
        "ukphone": "'ʃepəd"
    },
    {
        "name": "peaceful",
        "trans": [
            "平静的；和平的"
        ],
        "usphone": "'pisfəl",
        "ukphone": "'piːsfʊl; -f(ə)l"
    },
    {
        "name": "relaxing",
        "trans": [
            "轻松的，放松的"
        ],
        "usphone": "rɪ'læksɪŋ",
        "ukphone": "rɪ'læksɪŋ"
    },
    {
        "name": "stressful",
        "trans": [
            "充满压力的，紧张的"
        ],
        "usphone": "'strɛsfl",
        "ukphone": "'stresfʊl; -f(ə)l"
    },
    {
        "name": "suppose",
        "trans": [
            "认为，猜想"
        ],
        "usphone": "sə'poz",
        "ukphone": "sə'pəʊz"
    },
    {
        "name": "series",
        "trans": [
            "系列节目；系列"
        ],
        "usphone": "'sɪriz",
        "ukphone": "'sɪəriːz; -rɪz"
    },
    {
        "name": "cartoon",
        "trans": [
            "卡通片，动画片"
        ],
        "usphone": "kɑr'tun",
        "ukphone": "kɑː'tuːn"
    },
    {
        "name": "talk show",
        "trans": [
            "谈话节目，现场访谈"
        ],
        "usphone": "",
        "ukphone": ""
    },
    {
        "name": "complain",
        "trans": [
            "抱怨；投诉"
        ],
        "usphone": "kəm'plen",
        "ukphone": "kəm'pleɪn"
    },
    {
        "name": "couch",
        "trans": [
            "长沙发，睡椅"
        ],
        "usphone": "kaʊtʃ",
        "ukphone": "kaʊtʃ"
    },
    {
        "name": "switch",
        "trans": [
            "转换，转变"
        ],
        "usphone": "swɪtʃ",
        "ukphone": "swɪtʃ"
    },
    {
        "name": "BBC",
        "trans": [
            "英国广播公司"
        ],
        "usphone": "",
        "ukphone": ""
    },
    {
        "name": "portable",
        "trans": [
            "轻便的，手提(式)的"
        ],
        "usphone": "'pɔrtəbl",
        "ukphone": "'pɔːtəb(ə)l"
    },
    {
        "name": "remote",
        "trans": [
            "遥远的"
        ],
        "usphone": "rɪ'mot",
        "ukphone": "rɪ'məʊt"
    },
    {
        "name": "workaholic",
        "trans": [
            "工作狂"
        ],
        "usphone": "ˌwɜrkəˈhɔlɪk",
        "ukphone": "wəːkəˈhɒlɪk"
    },
    {
        "name": "paperwork",
        "trans": [
            "日常文书工作"
        ],
        "usphone": "'pepɚ'wɝk",
        "ukphone": "'peɪpəwɜːk"
    },
    {
        "name": "alarm",
        "trans": [
            "警报，警告器"
        ],
        "usphone": "ə'lɑrm",
        "ukphone": "ə'lɑːm"
    },
    {
        "name": "go off",
        "trans": [
            "(铃、爆竹等)响"
        ],
        "usphone": "",
        "ukphone": ""
    },
    {
        "name": "take",
        "trans": [
            "占据"
        ],
        "usphone": "tek",
        "ukphone": "teɪk"
    },
    {
        "name": "be filled with",
        "trans": [
            "充满着"
        ],
        "usphone": "",
        "ukphone": ""
    },
    {
        "name": "urgent",
        "trans": [
            "急迫的，紧急的"
        ],
        "usphone": "'ɝdʒənt",
        "ukphone": "ˈɜːdʒənt"
    },
    {
        "name": "document",
        "trans": [
            "公文，文件"
        ],
        "usphone": "dɑkjəmənt",
        "ukphone": "'dɒkjʊm(ə)nt"
    },
    {
        "name": "midnight",
        "trans": [
            "午夜，半夜"
        ],
        "usphone": "'mɪdnaɪt",
        "ukphone": "'mɪdnaɪt"
    },
    {
        "name": "bored",
        "trans": [
            "厌烦的，不感兴趣的"
        ],
        "usphone": "bɔrd",
        "ukphone": "bɔːd"
    },
    {
        "name": "stress",
        "trans": [
            "压力"
        ],
        "usphone": "strɛs",
        "ukphone": "stres"
    },
    {
        "name": "studio",
        "trans": [
            "演播室；工作室"
        ],
        "usphone": "'studɪo",
        "ukphone": "'stjuːdɪəʊ"
    },
    {
        "name": "expert",
        "trans": [
            "专家"
        ],
        "usphone": "'ɛkspɝt; (for adj., also) ɛksˈpɝt ; ɪkˈspɝt",
        "ukphone": "'ekspɜːt"
    },
    {
        "name": "suffer",
        "trans": [
            "遭受(痛苦)，感到疼痛"
        ],
        "usphone": "'sʌfɚ",
        "ukphone": "'sʌfə"
    },
    {
        "name": "pressure",
        "trans": [
            "压力"
        ],
        "usphone": "'prɛʃɚ",
        "ukphone": "'preʃə"
    },
    {
        "name": "social",
        "trans": [
            "社交的；社会的"
        ],
        "usphone": "'soʃl",
        "ukphone": "'səʊʃ(ə)l"
    },
    {
        "name": "reduce",
        "trans": [
            "减少；降低"
        ],
        "usphone": "rɪ'dʊs",
        "ukphone": "rɪ'djuːs"
    },
    {
        "name": "organise",
        "trans": [
            "组织"
        ],
        "usphone": "'ɔrgə,naɪz",
        "ukphone": "'ɔːɡənaɪz"
    },
    {
        "name": "diet",
        "trans": [
            "饮食；节食"
        ],
        "usphone": "'daɪət",
        "ukphone": "'daɪət"
    },
    {
        "name": "prefer",
        "trans": [
            "更喜欢；宁愿"
        ],
        "usphone": "prɪ'fɝ",
        "ukphone": "prɪ'fɜː"
    },
    {
        "name": "stand",
        "trans": [
            "(stood，stood)忍耐，忍受"
        ],
        "usphone": "stænd",
        "ukphone": "stænd"
    },
    {
        "name": "volunteer",
        "trans": [
            "志愿者"
        ],
        "usphone": ",vɑlən'tɪr",
        "ukphone": ",vɒlən'tɪə"
    },
    {
        "name": "graduate",
        "trans": [
            "毕业"
        ],
        "usphone": "ˈɡrædʒuˌet",
        "ukphone": "ˈɡradʒʊeɪt"
    },
    {
        "name": "minus",
        "trans": [
            "零下，负"
        ],
        "usphone": "'maɪnəs",
        "ukphone": "'maɪnəs"
    },
    {
        "name": "basin",
        "trans": [
            "水盆，脸盆"
        ],
        "usphone": "'besn",
        "ukphone": "'beɪs(ə)n"
    },
    {
        "name": "challenge",
        "trans": [
            "挑战"
        ],
        "usphone": "'tʃælɪndʒ",
        "ukphone": "'tʃælɪn(d)ʒ"
    },
    {
        "name": "support",
        "trans": [
            "支持；支撑"
        ],
        "usphone": "sə'pɔrt",
        "ukphone": "sə'pɔːt"
    },
    {
        "name": "dial",
        "trans": [
            "拨(电话号码)"
        ],
        "usphone": "'daɪəl",
        "ukphone": "'daɪəl"
    },
    {
        "name": "design",
        "trans": [
            "设计"
        ],
        "usphone": "dɪ'zaɪn",
        "ukphone": "dɪ'zaɪn"
    },
    {
        "name": "advertisement",
        "trans": [
            "广告"
        ],
        "usphone": ",ædvɚ'taɪzmənt",
        "ukphone": "ədˈvɜ:tɪsmənt"
    },
    {
        "name": "presentation",
        "trans": [
            "表演；展示"
        ],
        "usphone": ",prizɛn'teʃən",
        "ukphone": "prez(ə)n'teɪʃ(ə)n"
    },
    {
        "name": "solve",
        "trans": [
            "解决；解答"
        ],
        "usphone": "sɑlv",
        "ukphone": "sɒlv"
    },
    {
        "name": "accountant",
        "trans": [
            "会计，会计师"
        ],
        "usphone": "ə'kaʊntənt",
        "ukphone": "ə'kaʊnt(ə)nt"
    },
    {
        "name": "tube",
        "trans": [
            "地铁"
        ],
        "usphone": "tub",
        "ukphone": "tjuːb"
    },
    {
        "name": "crowded",
        "trans": [
            "拥挤的"
        ],
        "usphone": "'kraʊdɪd",
        "ukphone": "'kraʊdɪd"
    },
    {
        "name": "nearby",
        "trans": [
            "附近的",
            "在附近"
        ],
        "usphone": ",nɪr'baɪ",
        "ukphone": "'nɪəbaɪ"
    },
    {
        "name": "otherwise",
        "trans": [
            "否则；另外"
        ],
        "usphone": "'ʌðɚwaɪz",
        "ukphone": "'ʌðəwaɪz"
    },
    {
        "name": "forecast",
        "trans": [
            "预报；预测"
        ],
        "usphone": "'fɔrkæst",
        "ukphone": "'fɔːkɑːst"
    },
    {
        "name": "crowd",
        "trans": [
            "人群，一伙人"
        ],
        "usphone": "kraʊd",
        "ukphone": "kraʊd"
    },
    {
        "name": "lung",
        "trans": [
            "肺"
        ],
        "usphone": "lʌŋ",
        "ukphone": "lʌŋ"
    },
    {
        "name": "sickness",
        "trans": [
            "疾病"
        ],
        "usphone": "'sɪknəs",
        "ukphone": "'sɪknɪs"
    },
    {
        "name": "distance",
        "trans": [
            "距离"
        ],
        "usphone": "'dɪstəns",
        "ukphone": "ˈdɪstəns"
    },
    {
        "name": "cigar",
        "trans": [
            "雪茄烟"
        ],
        "usphone": "sɪ'ɡɑr",
        "ukphone": "sɪ'gɑː"
    },
    {
        "name": "at the moment",
        "trans": [
            "此刻，目前"
        ],
        "usphone": "",
        "ukphone": ""
    },
    {
        "name": "over the years",
        "trans": [
            "数年间"
        ],
        "usphone": "",
        "ukphone": ""
    },
    {
        "name": "survey",
        "trans": [
            "调查"
        ],
        "usphone": "ˈsɝˌve; (for v.) sɝˈve",
        "ukphone": "ˈsəːveɪ; (for v.) səˈveɪ"
    },
    {
        "name": "classical",
        "trans": [
            "古典的"
        ],
        "usphone": "'klæsɪkl",
        "ukphone": "'klæsɪk(ə)l"
    },
    {
        "name": "mini-skirt",
        "trans": [
            "迷你裙，超短裙"
        ],
        "usphone": "",
        "ukphone": ""
    },
    {
        "name": "formal",
        "trans": [
            "正式的，合礼仪的"
        ],
        "usphone": "'fɔrml",
        "ukphone": "'fɔːm(ə)l"
    },
    {
        "name": "cycle",
        "trans": [
            "骑自行车"
        ],
        "usphone": "'saɪkl",
        "ukphone": "'saɪk(ə)l"
    },
    {
        "name": "kung fu",
        "trans": [
            "(中国)功夫"
        ],
        "usphone": ",kʌŋ'fu",
        "ukphone": ",kʌŋ'fu:"
    },
    {
        "name": "style",
        "trans": [
            "风格，作风"
        ],
        "usphone": "staɪl",
        "ukphone": "staɪl"
    },
    {
        "name": "calm",
        "trans": [
            "镇静的，沉着的"
        ],
        "usphone": "kɑm",
        "ukphone": "kɑːm"
    },
    {
        "name": "generous",
        "trans": [
            "慷慨的，大方的"
        ],
        "usphone": "'dʒɛnərəs",
        "ukphone": "'dʒen(ə)rəs"
    },
    {
        "name": "violent",
        "trans": [
            "暴力的"
        ],
        "usphone": "'vaɪələnt",
        "ukphone": "'vaɪəl(ə)nt"
    },
    {
        "name": "character",
        "trans": [
            "人物；性格"
        ],
        "usphone": "'kærɪktɚ",
        "ukphone": "'kærəktə"
    },
    {
        "name": "spaceship",
        "trans": [
            "太空船"
        ],
        "usphone": "'spesʃɪp",
        "ukphone": "'speɪsʃɪp"
    },
    {
        "name": "province",
        "trans": [
            "省"
        ],
        "usphone": "'prɑvɪns",
        "ukphone": "'prɒvɪns"
    },
    {
        "name": "astronaut",
        "trans": [
            "宇航员"
        ],
        "usphone": "'æstrəˌnɔt",
        "ukphone": "'æstrənɔːt"
    },
    {
        "name": "flight",
        "trans": [
            "飞行；航班"
        ],
        "usphone": "flaɪt",
        "ukphone": "flaɪt"
    },
    {
        "name": "launch",
        "trans": [
            "发射"
        ],
        "usphone": "lɔntʃ",
        "ukphone": "lɔːntʃ"
    },
    {
        "name": "gravity",
        "trans": [
            "地心引力"
        ],
        "usphone": "ˈɡrævətɪ",
        "ukphone": "ˈgrævətɪ"
    },
    {
        "name": "rocket",
        "trans": [
            "火箭"
        ],
        "usphone": "'rɑkɪt",
        "ukphone": "'rɒkɪt"
    },
    {
        "name": "soar",
        "trans": [
            "升空，升腾"
        ],
        "usphone": "sɔr",
        "ukphone": "sɔː"
    },
    {
        "name": "the United Nations",
        "trans": [
            "联合国"
        ],
        "usphone": "",
        "ukphone": ""
    },
    {
        "name": "explore",
        "trans": [
            "探测；勘探"
        ],
        "usphone": "ɪk'splɔr",
        "ukphone": "ɪk'splɔː; ek-"
    },
    {
        "name": "peacefully",
        "trans": [
            "和平地，平静地"
        ],
        "usphone": "pisfəli",
        "ukphone": ""
    },
    {
        "name": "reporter",
        "trans": [
            "记者，通讯员"
        ],
        "usphone": "rɪ'pɔrtɚ",
        "ukphone": "rɪ'pɔːtə"
    },
    {
        "name": "glow",
        "trans": [
            "发光"
        ],
        "usphone": "ɡlo",
        "ukphone": "gləʊ"
    },
    {
        "name": "atmosphere",
        "trans": [
            "大气；气氛"
        ],
        "usphone": "'ætməsfɪr",
        "ukphone": "'ætməsfɪə"
    },
    {
        "name": "parachute",
        "trans": [
            "降落伞"
        ],
        "usphone": "'pærə'ʃʊt",
        "ukphone": "'pærəʃuːt"
    },
    {
        "name": "helicopter",
        "trans": [
            "直升机"
        ],
        "usphone": "'hɛlɪkɑptɚ",
        "ukphone": "'helɪkɒptə"
    },
    {
        "name": "million",
        "trans": [
            "百万"
        ],
        "usphone": "'mɪljən",
        "ukphone": "'mɪljən"
    },
    {
        "name": "wave",
        "trans": [
            "挥手示意，致意"
        ],
        "usphone": "wev",
        "ukphone": "weɪv"
    },
    {
        "name": "revolution",
        "trans": [
            "革命"
        ],
        "usphone": "'rɛvə'lʊʃən",
        "ukphone": "revə'luːʃ(ə)n"
    },
    {
        "name": "found",
        "trans": [
            "建立，创立"
        ],
        "usphone": "faʊnd",
        "ukphone": "faʊnd"
    },
    {
        "name": "republic",
        "trans": [
            "共和国"
        ],
        "usphone": "rɪ'pʌblɪk",
        "ukphone": "rɪ'pʌblɪk"
    },
    {
        "name": "light bulb",
        "trans": [
            "电灯泡"
        ],
        "usphone": "",
        "ukphone": ""
    },
    {
        "name": "opinion",
        "trans": [
            "意见，看法，主张"
        ],
        "usphone": "ə'pɪnjən",
        "ukphone": "ə'pɪnjən"
    },
    {
        "name": "personally",
        "trans": [
            "就自己而言"
        ],
        "usphone": "'pə:sənəli",
        "ukphone": "'pɜːs(ə)n(ə)lɪ"
    },
    {
        "name": "racism",
        "trans": [
            "种族主义"
        ],
        "usphone": "'resɪzəm",
        "ukphone": "'reɪsɪz(ə)m"
    },
    {
        "name": "equal",
        "trans": [
            "平等的；相等的"
        ],
        "usphone": "'ikwəl",
        "ukphone": "'i:kwəl"
    },
    {
        "name": "struggle",
        "trans": [
            "斗争，拼搏"
        ],
        "usphone": "'strʌɡl",
        "ukphone": "'strʌg(ə)l"
    },
    {
        "name": "protest",
        "trans": [
            "抗议"
        ],
        "usphone": "prəˈtɛst;protɛst",
        "ukphone": "prəˈtest;ˈprəʊtest"
    },
    {
        "name": "march",
        "trans": [
            "游行示威；行军"
        ],
        "usphone": "mɑrtʃ",
        "ukphone": "mɑːtʃ"
    },
    {
        "name": "brilliant",
        "trans": [
            "卓越的"
        ],
        "usphone": "'brɪljənt",
        "ukphone": "ˈbrɪlɪənt"
    },
    {
        "name": "skilful",
        "trans": [
            "灵巧的，熟练的"
        ],
        "usphone": "'skilful",
        "ukphone": "'skɪlfʊl; -f(ə)l"
    },
    {
        "name": "awful",
        "trans": [
            "糟糕的；极度的"
        ],
        "usphone": "'ɔfl",
        "ukphone": "'ɔːfʊl"
    },
    {
        "name": "useless",
        "trans": [
            "差劲的；无用的"
        ],
        "usphone": "juslɪs",
        "ukphone": "ˈju:sləs"
    },
    {
        "name": "unusual",
        "trans": [
            "不平常的"
        ],
        "usphone": "ʌnˈjuʒəl",
        "ukphone": "ʌnˈju:ʒl"
    },
    {
        "name": "champion",
        "trans": [
            "冠军"
        ],
        "usphone": "'tʃæmpɪən",
        "ukphone": "'tʃæmpɪən"
    },
    {
        "name": "violence",
        "trans": [
            "暴力，暴行"
        ],
        "usphone": "'vaɪələns",
        "ukphone": "'vaɪəl(ə)ns"
    },
    {
        "name": "bullet",
        "trans": [
            "子弹"
        ],
        "usphone": "'bʊlɪt",
        "ukphone": "'bʊlɪt"
    },
    {
        "name": "compete",
        "trans": [
            "比赛，竞争"
        ],
        "usphone": "kəm'pit",
        "ukphone": "kəm'piːt"
    },
    {
        "name": "keen",
        "trans": [
            "热心的，渴望的"
        ],
        "usphone": "kin",
        "ukphone": "kiːn"
    },
    {
        "name": "career",
        "trans": [
            "职业，一生的事业"
        ],
        "usphone": "kə'rɪr",
        "ukphone": "kə'rɪə"
    },
    {
        "name": "amazing",
        "trans": [
            "令人惊异的"
        ],
        "usphone": "ə'mezɪŋ",
        "ukphone": "ə'meɪzɪŋ"
    },
    {
        "name": "event",
        "trans": [
            "竞赛；事件"
        ],
        "usphone": "ɪ'vɛnt",
        "ukphone": "ɪ'vent"
    },
    {
        "name": "fortunately",
        "trans": [
            "幸运地"
        ],
        "usphone": "'fɔrtʃənətli",
        "ukphone": "ˈfɔːtʃənətli"
    },
    {
        "name": "athlete",
        "trans": [
            "运动员"
        ],
        "usphone": "'æθlit",
        "ukphone": "'æθliːt"
    },
    {
        "name": "superhero",
        "trans": [
            "超级英雄"
        ],
        "usphone": "'supɚhɪro",
        "ukphone": "'suːpəhɪərəʊ; 'sjuː-"
    },
    {
        "name": "afterwards",
        "trans": [
            "然后，后来"
        ],
        "usphone": "'æftɚwɚdz",
        "ukphone": "'ɑːftəwədz"
    },
    {
        "name": "superman",
        "trans": [
            "超人"
        ],
        "usphone": "'supɚmæn",
        "ukphone": "'suːpəmæn; 'sjuː-"
    },
    {
        "name": "disaster",
        "trans": [
            "灾难"
        ],
        "usphone": "dɪ'zæstɚ",
        "ukphone": "dɪ'zɑːstə"
    },
    {
        "name": "on one's own",
        "trans": [
            "独立地，独自地"
        ],
        "usphone": "",
        "ukphone": ""
    },
    {
        "name": "promote",
        "trans": [
            "促进，提升"
        ],
        "usphone": "prə'mot",
        "ukphone": "prə'məʊt"
    },
    {
        "name": "injury",
        "trans": [
            "伤害，损害"
        ],
        "usphone": "'ɪndʒəri",
        "ukphone": "'ɪn(d)ʒ(ə)rɪ"
    },
    {
        "name": "give up",
        "trans": [
            "放弃"
        ],
        "usphone": "",
        "ukphone": ""
    },
    {
        "name": "come to do something",
        "trans": [
            "开始(认识、理解)"
        ],
        "usphone": "",
        "ukphone": ""
    },
    {
        "name": "pull through",
        "trans": [
            "使从(受伤)中活下来；渡过难关"
        ],
        "usphone": "",
        "ukphone": ""
    },
    {
        "name": "commit",
        "trans": [
            "犯(错误)，干(坏事)"
        ],
        "usphone": "kə'mɪt",
        "ukphone": "kə'mɪt"
    },
    {
        "name": "get on",
        "trans": [
            "融洽相处；进展"
        ],
        "usphone": "",
        "ukphone": ""
    },
    {
        "name": "relationship",
        "trans": [
            "关系"
        ],
        "usphone": "rɪ'leʃən'ʃɪp",
        "ukphone": "rɪ'leɪʃ(ə)nʃɪp"
    },
    {
        "name": "react",
        "trans": [
            "反应；起化学反应"
        ],
        "usphone": "ri'ækt",
        "ukphone": "rɪ'ækt"
    },
    {
        "name": "divorce",
        "trans": [
            "离婚"
        ],
        "usphone": "dɪ'vɔrs",
        "ukphone": "dɪ'vɔːs"
    },
    {
        "name": "involve",
        "trans": [
            "涉及；参与"
        ],
        "usphone": "ɪn'vɑlv",
        "ukphone": "ɪn'vɒlv"
    },
    {
        "name": "charity",
        "trans": [
            "慈善，施舍"
        ],
        "usphone": "'tʃærəti",
        "ukphone": "'tʃærɪtɪ"
    },
    {
        "name": "quality",
        "trans": [
            "质量；品质"
        ],
        "usphone": "'kwɑləti",
        "ukphone": "ˈkwɒlətɪ"
    },
    {
        "name": "disabled",
        "trans": [
            "残疾的"
        ],
        "usphone": "dɪs'ebld",
        "ukphone": "dɪs'eɪbld"
    },
    {
        "name": "confident",
        "trans": [
            "自信的"
        ],
        "usphone": "'kɑnfɪdənt",
        "ukphone": "'kɒnfɪd(ə)nt"
    },
    {
        "name": "far too",
        "trans": [
            "太…，极为…"
        ],
        "usphone": "",
        "ukphone": ""
    },
    {
        "name": "come off it",
        "trans": [
            "别胡扯"
        ],
        "usphone": "",
        "ukphone": ""
    },
    {
        "name": "Olympic",
        "trans": [
            "奥运会的"
        ],
        "usphone": "əˈlɪmpɪk",
        "ukphone": "əˈlɪmpɪk"
    },
    {
        "name": "badminton",
        "trans": [
            "羽毛球"
        ],
        "usphone": "'bædmɪntən",
        "ukphone": "'bædmɪnt(ə)n"
    },
    {
        "name": "admire",
        "trans": [
            "钦佩，羡慕"
        ],
        "usphone": "ədˈmaɪr",
        "ukphone": "əd'maɪə"
    },
    {
        "name": "dead (right)",
        "trans": [
            "完全地，绝对地"
        ],
        "usphone": "",
        "ukphone": ""
    },
    {
        "name": "absolutely",
        "trans": [
            "当然；绝对地"
        ],
        "usphone": "'æbsəlutli",
        "ukphone": "'æbsəluːtlɪ"
    },
    {
        "name": "medal",
        "trans": [
            "奖章，勋章"
        ],
        "usphone": "'mɛdl",
        "ukphone": "'med(ə)l"
    },
    {
        "name": "You've got a point there.",
        "trans": [
            "你所说的看来有道理。"
        ],
        "usphone": "",
        "ukphone": ""
    },
    {
        "name": "dive",
        "trans": [
            "跳水；潜水"
        ],
        "usphone": "daɪv",
        "ukphone": "daɪv"
    },
    {
        "name": "graduation",
        "trans": [
            "毕业"
        ],
        "usphone": ",ɡrædʒu'eʃən",
        "ukphone": "grædʒʊ'eɪʃ(ə)n; -djʊ-"
    },
    {
        "name": "scholarship",
        "trans": [
            "奖学金"
        ],
        "usphone": "'skɑlɚʃɪp",
        "ukphone": "'skɒləʃɪp"
    },
    {
        "name": "the Mid Autumn Festival",
        "trans": [
            "中秋节"
        ],
        "usphone": "",
        "ukphone": ""
    },
    {
        "name": "wedding",
        "trans": [
            "婚礼"
        ],
        "usphone": "'wɛdɪŋ",
        "ukphone": "'wedɪŋ"
    },
    {
        "name": "Halloween",
        "trans": [
            "万圣节前夕"
        ],
        "usphone": "ˌhæloˈin",
        "ukphone": "ˌhæləʊ'iːn"
    },
    {
        "name": "dragon",
        "trans": [
            "龙"
        ],
        "usphone": "'dræɡən",
        "ukphone": "'dræg(ə)n"
    },
    {
        "name": "turkey",
        "trans": [
            "火鸡"
        ],
        "usphone": "'tɝki",
        "ukphone": "'tɜːkɪ"
    },
    {
        "name": "occasion",
        "trans": [
            "时刻，时机"
        ],
        "usphone": "ə'keʒn",
        "ukphone": "ə'keɪʒ(ə)n"
    },
    {
        "name": "traditional",
        "trans": [
            "传统的"
        ],
        "usphone": "trə'dɪʃənl",
        "ukphone": "trə'dɪʃ(ə)n(ə)l"
    },
    {
        "name": "bean paste",
        "trans": [
            "豆馅"
        ],
        "usphone": "",
        "ukphone": ""
    },
    {
        "name": "nowadays",
        "trans": [
            "现今，现在"
        ],
        "usphone": "'naʊədez",
        "ukphone": "'naʊədeɪz"
    },
    {
        "name": "lantern",
        "trans": [
            "灯笼"
        ],
        "usphone": "'læntɚn",
        "ukphone": "'læntən"
    },
    {
        "name": "lunar",
        "trans": [
            "月球的，与月亮有关的"
        ],
        "usphone": "'lunɚ",
        "ukphone": "'luːnə"
    },
    {
        "name": "celebration",
        "trans": [
            "庆祝，庆典"
        ],
        "usphone": ",sɛlɪ'breʃən",
        "ukphone": "selɪ'breɪʃ(ə)n"
    },
    {
        "name": "power",
        "trans": [
            "控制力；权力"
        ],
        "usphone": "'paʊɚ",
        "ukphone": "'paʊə"
    },
    {
        "name": "darkness",
        "trans": [
            "黑暗，漆黑"
        ],
        "usphone": "'dɑrknəs",
        "ukphone": ""
    },
    {
        "name": "destroy",
        "trans": [
            "破坏，毁坏"
        ],
        "usphone": "dɪ'strɔɪ",
        "ukphone": "dɪˈstrɔɪ"
    },
    {
        "name": "burn down",
        "trans": [
            "烧毁"
        ],
        "usphone": "",
        "ukphone": ""
    },
    {
        "name": "decorate",
        "trans": [
            "装饰，布置"
        ],
        "usphone": "'dɛkəret",
        "ukphone": "'dekəreɪt"
    },
    {
        "name": "battery",
        "trans": [
            "电池"
        ],
        "usphone": "'bæt(ə)rɪ",
        "ukphone": "'bætri"
    },
    {
        "name": "sweet dumpling",
        "trans": [
            "元宵"
        ],
        "usphone": "",
        "ukphone": ""
    },
    {
        "name": "boil",
        "trans": [
            "煮沸，沸腾"
        ],
        "usphone": "bɔɪl",
        "ukphone": "bɒɪl"
    },
    {
        "name": "serve",
        "trans": [
            "提供(食物)，端上(饭菜)"
        ],
        "usphone": "sɝv",
        "ukphone": "sɜːv"
    },
    {
        "name": "tradition",
        "trans": [
            "传统，惯例"
        ],
        "usphone": "trə'dɪʃən",
        "ukphone": "trə'dɪʃ(ə)n"
    },
    {
        "name": "take part in",
        "trans": [
            "参与，参加"
        ],
        "usphone": "",
        "ukphone": ""
    },
    {
        "name": "sticky",
        "trans": [
            "黏的，黏性的"
        ],
        "usphone": "'stɪki",
        "ukphone": "'stɪkɪ"
    },
    {
        "name": "alcohol",
        "trans": [
            "酒；酒精"
        ],
        "usphone": "'ælkəhɔl",
        "ukphone": "'ælkəhɒl"
    },
    {
        "name": "hot pot",
        "trans": [
            "火锅"
        ],
        "usphone": "",
        "ukphone": ""
    },
    {
        "name": "snack",
        "trans": [
            "小吃，快餐"
        ],
        "usphone": "snæk",
        "ukphone": "snæk"
    },
    {
        "name": "reception",
        "trans": [
            "接待；招待会"
        ],
        "usphone": "rɪ'sɛpʃən",
        "ukphone": "rɪ'sepʃ(ə)n"
    },
    {
        "name": "retire",
        "trans": [
            "退休"
        ],
        "usphone": "rɪ'taɪɚ",
        "ukphone": "rɪ'taɪə"
    },
    {
        "name": "salary",
        "trans": [
            "薪水，工资"
        ],
        "usphone": "'sæləri",
        "ukphone": "'sælərɪ"
    },
    {
        "name": "apply",
        "trans": [
            "申请",
            "应用"
        ],
        "usphone": "ə'plaɪ",
        "ukphone": "ə'plaɪ"
    },
    {
        "name": "opportunity",
        "trans": [
            "机会"
        ],
        "usphone": "ˌɑpɚˈtunətɪ",
        "ukphone": "ˌɒpəˈtju:nətɪ"
    },
    {
        "name": "teenager",
        "trans": [
            "青少年"
        ],
        "usphone": "'tinedʒɚ",
        "ukphone": "'tiːneɪdʒə"
    },
    {
        "name": "depend on",
        "trans": [
            "根据，依据"
        ],
        "usphone": "",
        "ukphone": ""
    },
    {
        "name": "smartly",
        "trans": [
            "潇洒地；漂亮地"
        ],
        "usphone": "'sma:tli",
        "ukphone": ""
    },
    {
        "name": "on time",
        "trans": [
            "准时"
        ],
        "usphone": "ɔn'taim",
        "ukphone": "ɔn'taim"
    },
    {
        "name": "bunch",
        "trans": [
            "串，束"
        ],
        "usphone": "bʌntʃ",
        "ukphone": "bʌn(t)ʃ"
    },
    {
        "name": "congratulation",
        "trans": [
            "祝贺"
        ],
        "usphone": "kən,ɡrætʃu'leʃən",
        "ukphone": "kəngrætjʊ'leɪʃ(ə)n"
    },
    {
        "name": "bride",
        "trans": [
            "新娘"
        ],
        "usphone": "braɪd",
        "ukphone": "braɪd"
    },
    {
        "name": "bridegroom",
        "trans": [
            "新郎"
        ],
        "usphone": "'braɪdɡrum",
        "ukphone": "'braɪdgruːm"
    },
    {
        "name": "best man",
        "trans": [
            "男傧相"
        ],
        "usphone": "",
        "ukphone": ""
    },
    {
        "name": "ceremony",
        "trans": [
            "典礼，仪式"
        ],
        "usphone": "ˈsɛrəˌmoʊni",
        "ukphone": "'serɪmənɪ"
    },
    {
        "name": "entrance",
        "trans": [
            "入口"
        ],
        "usphone": "(for v.)ɪnˈtræns; (for n.) ˈɛntrəns",
        "ukphone": "(for v.)ɪnˈtrɑ:ns; (for n.) ˈentrəns"
    },
    {
        "name": "invitation",
        "trans": [
            "请柬；邀请"
        ],
        "usphone": "ˌɪnvɪˈteɪʃn",
        "ukphone": "ɪnvɪ'teɪʃ(ə)n"
    },
    {
        "name": "even if",
        "trans": [
            "即使"
        ],
        "usphone": "",
        "ukphone": ""
    },
    {
        "name": "attend",
        "trans": [
            "出席，参加"
        ],
        "usphone": "ə'tɛnd",
        "ukphone": "ə'tend"
    },
    {
        "name": "Indonesian",
        "trans": [
            "印度尼西亚的"
        ],
        "usphone": ",indəu'ni:zjən",
        "ukphone": ",indəu'ni:zjən"
    },
    {
        "name": "ought",
        "trans": [
            "应当，应该"
        ],
        "usphone": "ɔt",
        "ukphone": "ɔːt"
    },
    {
        "name": "contribute",
        "trans": [
            "捐献，贡献；促成，造成"
        ],
        "usphone": "kən'trɪbjut",
        "ukphone": "kən'trɪbjuːt; 'kɒntrɪbjuːt"
    },
    {
        "name": "Greek",
        "trans": [
            "希腊的，希腊人的"
        ],
        "usphone": "grik",
        "ukphone": "griːk"
    },
    {
        "name": "crown",
        "trans": [
            "花冠，王冠"
        ],
        "usphone": "kraʊn",
        "ukphone": "kraʊn"
    },
    {
        "name": "ribbon",
        "trans": [
            "缎带，丝带"
        ],
        "usphone": "'rɪbən",
        "ukphone": "'rɪbən"
    },
    {
        "name": "link",
        "trans": [
            "连接"
        ],
        "usphone": "lɪŋk",
        "ukphone": "lɪŋk"
    },
    {
        "name": "carol",
        "trans": [
            "圣诞节颂歌"
        ],
        "usphone": "'kærəl",
        "ukphone": "'kær(ə)l"
    },
    {
        "name": "stocking",
        "trans": [
            "长筒女袜"
        ],
        "usphone": "'stɑkɪŋ",
        "ukphone": "'stɒkɪŋ"
    },
    {
        "name": "seriously",
        "trans": [
            "认真地；真诚地"
        ],
        "usphone": "'sɪrɪəsli",
        "ukphone": "'sɪərɪəslɪ"
    },
    {
        "name": "pole",
        "trans": [
            "极；棒，竿"
        ],
        "usphone": "pol",
        "ukphone": "pəʊl"
    },
    {
        "name": "envelope",
        "trans": [
            "信封"
        ],
        "usphone": "",
        "ukphone": "'envələʊp; 'ɒn-"
    },
    {
        "name": "calendar",
        "trans": [
            "日历"
        ],
        "usphone": "'kæləndɚ",
        "ukphone": "'kælɪndə"
    },
    {
        "name": "put up",
        "trans": [
            "竖起，建造"
        ],
        "usphone": "",
        "ukphone": ""
    },
    {
        "name": "decoration",
        "trans": [
            "装饰；装饰品"
        ],
        "usphone": ",dɛkə'reʃən",
        "ukphone": "dekə'reɪʃ(ə)n"
    },
    {
        "name": "pudding",
        "trans": [
            "布丁"
        ],
        "usphone": "'pʊdɪŋ",
        "ukphone": "'pʊdɪŋ"
    },
    {
        "name": "breast",
        "trans": [
            "(鸟的)胸脯肉；胸部"
        ],
        "usphone": "brɛst",
        "ukphone": "brest"
    },
    {
        "name": "swallow",
        "trans": [
            "吞下，咽下"
        ],
        "usphone": "'swɑlo",
        "ukphone": "'swɒləʊ"
    },
    {
        "name": "adult",
        "trans": [
            "成年人"
        ],
        "usphone": "əˈdʌlt",
        "ukphone": "'ædʌlt; ə'dʌlt"
    },
    {
        "name": "carry on",
        "trans": [
            "继续，坚持"
        ],
        "usphone": "",
        "ukphone": ""
    },
    {
        "name": "merry",
        "trans": [
            "高兴的，愉快的"
        ],
        "usphone": "'mɛri",
        "ukphone": "'merɪ"
    },
    {
        "name": "production",
        "trans": [
            "生产，制造"
        ],
        "usphone": "prə'dʌkʃən",
        "ukphone": "prə'dʌkʃ(ə)n"
    },
    {
        "name": "needle",
        "trans": [
            "针"
        ],
        "usphone": "'nidl",
        "ukphone": "'niːd(ə)l"
    },
    {
        "name": "pillow",
        "trans": [
            "枕头"
        ],
        "usphone": "'pɪlo",
        "ukphone": "'pɪləʊ"
    },
    {
        "name": "as well",
        "trans": [
            "也"
        ],
        "usphone": "",
        "ukphone": ""
    },
    {
        "name": "mat",
        "trans": [
            "垫子"
        ],
        "usphone": "mæt",
        "ukphone": "mæt"
    },
    {
        "name": "litre",
        "trans": [
            "升，公升"
        ],
        "usphone": "'li:tə",
        "ukphone": "'liːtə"
    },
    {
        "name": "fry",
        "trans": [
            "用油煎，用油炸"
        ],
        "usphone": "fraɪ",
        "ukphone": "fraɪ"
    },
    {
        "name": "unfortunately",
        "trans": [
            "不幸地"
        ],
        "usphone": "ʌn'fɔrtʃənətli",
        "ukphone": "ʌnˈfɔːtʃənətli"
    },
    {
        "name": "mess",
        "trans": [
            "混乱，脏乱"
        ],
        "usphone": "mɛs",
        "ukphone": "mes"
    }
]