[
    {
        "name": "assessment",
        "trans": [
            "评估"
        ],
        "usphone": "ə'sɛsmənt",
        "ukphone": "ə'sesmənt"
    },
    {
        "name": "self-assessment",
        "trans": [
            "自我评估"
        ],
        "usphone": "'selfə'sesmənt",
        "ukphone": ""
    },
    {
        "name": "strength",
        "trans": [
            "长处，优势；力量，力气；强度"
        ],
        "usphone": "strɛŋθ",
        "ukphone": "streŋθ; streŋkθ"
    },
    {
        "name": "weakness",
        "trans": [
            "弱点，缺陷"
        ],
        "usphone": "'wiknəs",
        "ukphone": "ˈwiːknəs"
    },
    {
        "name": "gain",
        "trans": [
            "获得；增加"
        ],
        "usphone": "ɡen",
        "ukphone": "geɪn"
    },
    {
        "name": "appropriately",
        "trans": [
            "适当地"
        ],
        "usphone": "ə'proprɪ,etlɪ",
        "ukphone": "əˈprəʊpriətli"
    },
    {
        "name": "passive",
        "trans": [
            "被动的，消极的；（动词或句子）被动的"
        ],
        "usphone": "'pæsɪv",
        "ukphone": "'pæsɪv"
    },
    {
        "name": "phrase",
        "trans": [
            "短语，词组"
        ],
        "usphone": "frez",
        "ukphone": "freɪz"
    },
    {
        "name": "concentrate",
        "trans": [
            "集中（思想、注意力等）"
        ],
        "usphone": "'kɑnsn'tret",
        "ukphone": "'kɒns(ə)ntreɪt"
    },
    {
        "name": "previous",
        "trans": [
            "以前的，过去的"
        ],
        "usphone": "'privɪəs",
        "ukphone": "'priːvɪəs"
    },
    {
        "name": "positive",
        "trans": [
            "积极的"
        ],
        "usphone": "'pɑzətɪv",
        "ukphone": "ˈpɒzətɪv"
    },
    {
        "name": "associate",
        "trans": [
            "联想，联系"
        ],
        "usphone": "ə'soʃɪet",
        "ukphone": "ə'səʊʃɪeɪt; -sɪeɪt"
    },
    {
        "name": "mental",
        "trans": [
            "内心的；精神病的"
        ],
        "usphone": "'mɛntl",
        "ukphone": "'ment(ə)l"
    },
    {
        "name": "lawyer",
        "trans": [
            "律师"
        ],
        "usphone": "'lɔjɚ",
        "ukphone": "'lɔːjə; 'lɒɪə"
    },
    {
        "name": "senior",
        "trans": [
            "高级的"
        ],
        "usphone": "'sinɪɚ",
        "ukphone": "'siːnɪə; 'siːnjə"
    },
    {
        "name": "physicist",
        "trans": [
            "物理学家"
        ],
        "usphone": "'fɪzɪsɪst",
        "ukphone": "'fɪzɪsɪst"
    },
    {
        "name": "beard",
        "trans": [
            "胡须"
        ],
        "usphone": "bɪrd",
        "ukphone": "bɪəd"
    },
    {
        "name": "blond",
        "trans": [
            "淡黄色的；毛发及皮肤浅色的"
        ],
        "usphone": "blɑnd",
        "ukphone": "blɒnd"
    },
    {
        "name": "sunglasses",
        "trans": [
            "墨镜"
        ],
        "usphone": "'sʌnɡlæsɪz",
        "ukphone": "'sʌnglɑːsɪz"
    },
    {
        "name": "uniform",
        "trans": [
            "制服"
        ],
        "usphone": "junəˌfɔrm",
        "ukphone": "'juːnɪfɔːm"
    },
    {
        "name": "moustache",
        "trans": [
            "长在上嘴唇上的小胡子"
        ],
        "usphone": "mə'stɑʃ",
        "ukphone": "mə'stɑːʃ"
    },
    {
        "name": "heel",
        "trans": [
            "鞋跟"
        ],
        "usphone": "hil",
        "ukphone": "hiːl"
    },
    {
        "name": "sleeve",
        "trans": [
            "衣服袖子"
        ],
        "usphone": "sliv",
        "ukphone": "sliːv"
    },
    {
        "name": "facial",
        "trans": [
            "面部的"
        ],
        "usphone": "'feʃl",
        "ukphone": "'feɪʃ(ə)l"
    },
    {
        "name": "expression",
        "trans": [
            "表情；词语"
        ],
        "usphone": "ɪk'sprɛʃən",
        "ukphone": "ɪkˈspreʃn"
    },
    {
        "name": "connection",
        "trans": [
            "联系；连接"
        ],
        "usphone": "kə'nɛkʃən",
        "ukphone": "kəˈnekʃn"
    },
    {
        "name": "chain",
        "trans": [
            "链条；一连串的事物"
        ],
        "usphone": "tʃen",
        "ukphone": "tʃeɪn"
    },
    {
        "name": "aircraft",
        "trans": [
            "飞机，航空器"
        ],
        "usphone": "'ɛr'kræft",
        "ukphone": "'eəkrɑːft"
    },
    {
        "name": "emergency",
        "trans": [
            "紧急情况"
        ],
        "usphone": "ɪ'mɝdʒənsi",
        "ukphone": "ɪ'mɜːdʒ(ə)nsɪ"
    },
    {
        "name": "pray",
        "trans": [
            "祈祷，祷告"
        ],
        "usphone": "pre",
        "ukphone": "preɪ"
    },
    {
        "name": "gifted",
        "trans": [
            "有天赋的"
        ],
        "usphone": "'ɡɪftɪd",
        "ukphone": "'gɪftɪd"
    },
    {
        "name": "accurately",
        "trans": [
            "精确地，准确地"
        ],
        "usphone": "ˈækjərətli",
        "ukphone": ""
    },
    {
        "name": "draw up",
        "trans": [
            "起草"
        ],
        "usphone": "",
        "ukphone": ""
    },
    {
        "name": "description",
        "trans": [
            "描述，形容"
        ],
        "usphone": "dɪ'skrɪpʃən",
        "ukphone": "dɪ'skrɪpʃ(ə)n"
    },
    {
        "name": "academic",
        "trans": [
            "学术的"
        ],
        "usphone": ",ækə'dɛmɪk",
        "ukphone": "ækə'demɪk"
    },
    {
        "name": "predict",
        "trans": [
            "预言，预测"
        ],
        "usphone": "prɪ'dɪkt",
        "ukphone": "prɪ'dɪkt"
    },
    {
        "name": "deserve",
        "trans": [
            "应得，值得"
        ],
        "usphone": "dɪ'zɝv",
        "ukphone": "dɪ'zɜːv"
    },
    {
        "name": "failure",
        "trans": [
            "失败"
        ],
        "usphone": "'feljɚ",
        "ukphone": "'feɪljə"
    },
    {
        "name": "mistaken",
        "trans": [
            "错误的"
        ],
        "usphone": "mɪ'stekən",
        "ukphone": "mɪ'steɪk(ə)n"
    },
    {
        "name": "association",
        "trans": [
            "联想；协会"
        ],
        "usphone": "əˌsəʊsɪˈeɪʃn",
        "ukphone": "ə,soʃɪ'eʃən"
    },
    {
        "name": "thus",
        "trans": [
            "如此，因此"
        ],
        "usphone": "ðʌs",
        "ukphone": "ðʌs"
    },
    {
        "name": "possibility",
        "trans": [
            "可能性"
        ],
        "usphone": ",pɑsə'bɪləti",
        "ukphone": ",pɒsɪ'bɪlɪtɪ"
    },
    {
        "name": "disability",
        "trans": [
            "残疾；无能力"
        ],
        "usphone": ",dɪsə'bɪləti",
        "ukphone": "dɪsə'bɪlɪtɪ"
    },
    {
        "name": "entirely",
        "trans": [
            "完全地"
        ],
        "usphone": "ɪn'taɪɚli",
        "ukphone": "ɪn'taɪəlɪ; en-"
    },
    {
        "name": "Easter",
        "trans": [
            "复活节"
        ],
        "usphone": "istəʳ",
        "ukphone": "'i:stə"
    },
    {
        "name": "embassy",
        "trans": [
            "大使馆"
        ],
        "usphone": "'ɛmbəsi",
        "ukphone": "'embəsɪ"
    },
    {
        "name": "accuse",
        "trans": [
            "控告，谴责"
        ],
        "usphone": "ə'kjuz",
        "ukphone": "ə'kjuːz"
    },
    {
        "name": "lightning",
        "trans": [
            "闪电"
        ],
        "usphone": "'laɪtnɪŋ",
        "ukphone": "'laɪtnɪŋ"
    },
    {
        "name": "personality",
        "trans": [
            "个性，性格"
        ],
        "usphone": ",pɝsə'næləti",
        "ukphone": "pɜːsə'nælɪtɪ"
    },
    {
        "name": "clerk",
        "trans": [
            "职员"
        ],
        "usphone": "klɝk",
        "ukphone": "klɑːk"
    },
    {
        "name": "conductor",
        "trans": [
            "售票员；指挥"
        ],
        "usphone": "kən'dʌktɚ",
        "ukphone": "kən'dʌktə"
    },
    {
        "name": "butcher",
        "trans": [
            "屠夫；肉商"
        ],
        "usphone": "ˈbʊtʃər",
        "ukphone": "ˈbʊtʃə(r)"
    },
    {
        "name": "athletic",
        "trans": [
            "喜爱运动的"
        ],
        "usphone": "æθ'lɛtɪk",
        "ukphone": "æθ'letɪk"
    },
    {
        "name": "independent",
        "trans": [
            "独立的"
        ],
        "usphone": "'ɪndɪ'pɛndənt",
        "ukphone": ",ɪndɪ'pendənt"
    },
    {
        "name": "neat",
        "trans": [
            "整洁的，整齐的"
        ],
        "usphone": "nit",
        "ukphone": "niːt"
    },
    {
        "name": "selfish",
        "trans": [
            "自私的"
        ],
        "usphone": "'sɛlfɪʃ",
        "ukphone": "'selfɪʃ"
    },
    {
        "name": "sharp",
        "trans": [
            "敏锐的；锋利的，尖的"
        ],
        "usphone": "ʃɑrp",
        "ukphone": "ʃɑːp"
    },
    {
        "name": "characteristic",
        "trans": [
            "特点，特性"
        ],
        "usphone": ",kærəktə'rɪstɪk",
        "ukphone": "kærəktə'rɪstɪk"
    },
    {
        "name": "desire",
        "trans": [
            "渴望，欲望"
        ],
        "usphone": "dɪ'zaɪɚ",
        "ukphone": "dɪ'zaɪə"
    },
    {
        "name": "satisfaction",
        "trans": [
            "满意,满足"
        ],
        "usphone": ",sætɪs'fækʃən",
        "ukphone": "sætɪs'fækʃ(ə)n"
    },
    {
        "name": "harvest",
        "trans": [
            "收获"
        ],
        "usphone": "'hɑrvɪst",
        "ukphone": "'hɑːvɪst"
    },
    {
        "name": "biology",
        "trans": [
            "生物学"
        ],
        "usphone": "baɪ'ɑlədʒi",
        "ukphone": "baɪ'ɒlədʒɪ"
    },
    {
        "name": "pineapple",
        "trans": [
            "菠萝"
        ],
        "usphone": "'paɪn'æpl",
        "ukphone": "'paɪnæp(ə)l"
    },
    {
        "name": "peach",
        "trans": [
            "桃子"
        ],
        "usphone": "pitʃ",
        "ukphone": "piːtʃ"
    },
    {
        "name": "kindness",
        "trans": [
            "和善，亲切"
        ],
        "usphone": "'kaɪndnəs",
        "ukphone": "'kaɪn(d)nɪs"
    },
    {
        "name": "requirement",
        "trans": [
            "要求"
        ],
        "usphone": "rɪ'kwaɪɚmənt",
        "ukphone": "rɪ'kwaɪəm(ə)nt"
    },
    {
        "name": "airline",
        "trans": [
            "航空公司"
        ],
        "usphone": "'ɛrlaɪn",
        "ukphone": "'eəlaɪn"
    },
    {
        "name": "aboard",
        "trans": [
            "在（到）船（飞机、火车、公共汽车）上"
        ],
        "usphone": "ə'bɔrd",
        "ukphone": "ə'bɔːd"
    },
    {
        "name": "assistant",
        "trans": [
            "助手，助理"
        ],
        "usphone": "ə'sɪstənt",
        "ukphone": "ə'sɪst(ə)nt"
    },
    {
        "name": "independence",
        "trans": [
            "独立"
        ],
        "usphone": ",ɪndɪ'pɛndəns",
        "ukphone": "ɪndɪ'pend(ə)ns"
    },
    {
        "name": "poet",
        "trans": [
            "诗人"
        ],
        "usphone": "'poət",
        "ukphone": "'pəʊɪt"
    },
    {
        "name": "translator",
        "trans": [
            "翻译员"
        ],
        "usphone": "træns'letɚ",
        "ukphone": "træns'leɪtə; trɑːns-; -nz-"
    },
    {
        "name": "tutor",
        "trans": [
            "家庭教师；导师"
        ],
        "usphone": "'tʊtɚ",
        "ukphone": "'tjuːtə"
    },
    {
        "name": "tear",
        "trans": [
            "眼泪"
        ],
        "usphone": "(for v.) ˈter; (for n.) ˈtir",
        "ukphone": "(for v.) ˈtɛː; (for n.) ˈtɪə"
    },
    {
        "name": "cheek",
        "trans": [
            "脸颊"
        ],
        "usphone": "tʃik",
        "ukphone": "tʃiːk"
    },
    {
        "name": "hug",
        "trans": [
            "拥抱"
        ],
        "usphone": "hʌɡ",
        "ukphone": "hʌg"
    },
    {
        "name": "upset",
        "trans": [
            "不安的，不快的"
        ],
        "usphone": "ʌp'sɛt",
        "ukphone": "ʌp'set"
    },
    {
        "name": "fault",
        "trans": [
            "错误；缺点"
        ],
        "usphone": "fɔlt",
        "ukphone": "fɔːlt; fɒlt"
    },
    {
        "name": "thunder",
        "trans": [
            "雷声"
        ],
        "usphone": "'θʌndɚ",
        "ukphone": "'θʌndə"
    },
    {
        "name": "wool",
        "trans": [
            "羊毛"
        ],
        "usphone": "wʊl",
        "ukphone": "wʊl"
    },
    {
        "name": "pine",
        "trans": [
            "松树"
        ],
        "usphone": "paɪn",
        "ukphone": "paɪn"
    },
    {
        "name": "seed",
        "trans": [
            "种子"
        ],
        "usphone": "sid",
        "ukphone": "siːd"
    },
    {
        "name": "squirrel",
        "trans": [
            "松鼠"
        ],
        "usphone": "ˈskwɜ:rəl; skwɝ​əl",
        "ukphone": "'skwɪr(ə)l"
    },
    {
        "name": "sparrow",
        "trans": [
            "麻雀"
        ],
        "usphone": "'spæro",
        "ukphone": "'spærəʊ"
    },
    {
        "name": "bleed",
        "trans": [
            "(bled,bled)流血"
        ],
        "usphone": "blid",
        "ukphone": "bliːd"
    },
    {
        "name": "broken",
        "trans": [
            "断的，破的"
        ],
        "usphone": "'brokən",
        "ukphone": "'brəʊk(ə)n"
    },
    {
        "name": "relief",
        "trans": [
            "减轻，宽慰"
        ],
        "usphone": "rɪ'lif",
        "ukphone": "rɪ'liːf"
    },
    {
        "name": "shelter",
        "trans": [
            "躲避"
        ],
        "usphone": "'ʃɛltɚ",
        "ukphone": "'ʃeltə"
    },
    {
        "name": "scholar",
        "trans": [
            "学者"
        ],
        "usphone": "'skɑlɚ",
        "ukphone": "'skɒlə"
    },
    {
        "name": "bench",
        "trans": [
            "长凳"
        ],
        "usphone": "bɛntʃ",
        "ukphone": "bentʃ"
    },
    {
        "name": "housewife",
        "trans": [
            "家庭主妇"
        ],
        "usphone": "'haʊs'waɪf",
        "ukphone": "'haʊswaɪf"
    },
    {
        "name": "postcode",
        "trans": [
            "邮政编码"
        ],
        "usphone": "'post'kod",
        "ukphone": "'pəʊs(t)kəʊd"
    },
    {
        "name": "astronomy",
        "trans": [
            "天文学"
        ],
        "usphone": "ə'strɑnəmi",
        "ukphone": "ə'strɒnəmɪ"
    },
    {
        "name": "allergic",
        "trans": [
            "过敏的"
        ],
        "usphone": "ə'lɝdʒɪk",
        "ukphone": "ə'lɜːdʒɪk"
    },
    {
        "name": "anxiety",
        "trans": [
            "忧虑，担心"
        ],
        "usphone": "æŋ'zaɪəti",
        "ukphone": "æŋ'zaɪətɪ"
    },
    {
        "name": "revision",
        "trans": [
            "复习"
        ],
        "usphone": "rɪ'vɪʒən",
        "ukphone": "rɪ'vɪʒ(ə)n"
    },
    {
        "name": "oral",
        "trans": [
            "口头的，口述的"
        ],
        "usphone": "'ɔrəl",
        "ukphone": "'ɔːr(ə)l"
    },
    {
        "name": "straw",
        "trans": [
            "稻草，麦秆"
        ],
        "usphone": "strɔ",
        "ukphone": "strɔː"
    },
    {
        "name": "glare",
        "trans": [
            "怒视，瞪"
        ],
        "usphone": "ɡlɛr",
        "ukphone": "gleə"
    },
    {
        "name": "section",
        "trans": [
            "部分"
        ],
        "usphone": "'sɛkʃən",
        "ukphone": "'sekʃ(ə)n"
    },
    {
        "name": "literary",
        "trans": [
            "喜爱文学的"
        ],
        "usphone": "lɪtərɛri",
        "ukphone": "'lɪt(ə)(rə)rɪ"
    },
    {
        "name": "glance",
        "trans": [
            "瞥一眼，瞥见"
        ],
        "usphone": "ɡlæns",
        "ukphone": "glɑːns"
    },
    {
        "name": "steam",
        "trans": [
            "蒸汽"
        ],
        "usphone": "stim",
        "ukphone": "stiːm"
    },
    {
        "name": "confirm",
        "trans": [
            "证实"
        ],
        "usphone": "kən'fɝm",
        "ukphone": "kən'fɜːm"
    },
    {
        "name": "librarian",
        "trans": [
            "图书馆管理员"
        ],
        "usphone": "laɪ'brɛrɪən",
        "ukphone": "laɪ'breərɪən"
    },
    {
        "name": "file",
        "trans": [
            "档案，文件"
        ],
        "usphone": "faɪl",
        "ukphone": "faɪl"
    },
    {
        "name": "sigh",
        "trans": [
            "叹息，叹气"
        ],
        "usphone": "saɪ",
        "ukphone": "saɪ"
    },
    {
        "name": "grateful",
        "trans": [
            "感激的，感谢的"
        ],
        "usphone": "'ɡretfl",
        "ukphone": "'greɪtfʊl; -f(ə)l"
    },
    {
        "name": "guilty",
        "trans": [
            "不安的；有罪的"
        ],
        "usphone": "'ɡɪlti",
        "ukphone": "'gɪltɪ"
    },
    {
        "name": "can't help doing sth.",
        "trans": [
            "禁不住要做某事"
        ],
        "usphone": "",
        "ukphone": ""
    },
    {
        "name": "alike",
        "trans": [
            "相像的"
        ],
        "usphone": "ə'laɪk",
        "ukphone": "ə'laɪk"
    },
    {
        "name": "shortcoming",
        "trans": [
            "缺点，短处"
        ],
        "usphone": "'ʃɔrtkʌmɪŋ",
        "ukphone": "'ʃɔːtkʌmɪŋ"
    },
    {
        "name": "account",
        "trans": [
            "（银行）账户"
        ],
        "usphone": "ə'kaʊnt",
        "ukphone": "ə'kaʊnt"
    },
    {
        "name": "button",
        "trans": [
            "纽扣"
        ],
        "usphone": "'bʌtn",
        "ukphone": "ˈbʌtn"
    },
    {
        "name": "parrot",
        "trans": [
            "鹦鹉"
        ],
        "usphone": "'pærət",
        "ukphone": "'pærət"
    },
    {
        "name": "cage",
        "trans": [
            "笼子"
        ],
        "usphone": "kedʒ",
        "ukphone": "keɪdʒ"
    },
    {
        "name": "judge",
        "trans": [
            "评判"
        ],
        "usphone": "dʒʌdʒ",
        "ukphone": "dʒʌdʒ"
    },
    {
        "name": "part-time",
        "trans": [
            "部分时间地"
        ],
        "usphone": ",pɑrt'taɪm",
        "ukphone": ",pɑ:t'taɪm"
    },
    {
        "name": "claw",
        "trans": [
            "（动物或鸟的）爪子"
        ],
        "usphone": "klɔ",
        "ukphone": "klɔː"
    },
    {
        "name": "yoghurt",
        "trans": [
            "酸乳酪，酸奶"
        ],
        "usphone": "'jogɚt",
        "ukphone": "'jɒɡət"
    },
    {
        "name": "honey",
        "trans": [
            "蜂蜜"
        ],
        "usphone": "'hʌni",
        "ukphone": "'hʌnɪ"
    },
    {
        "name": "chew",
        "trans": [
            "咀嚼"
        ],
        "usphone": "tʃʊ",
        "ukphone": "tʃuː"
    },
    {
        "name": "satellite",
        "trans": [
            "卫星；人造卫星"
        ],
        "usphone": "'sætəlaɪt",
        "ukphone": "'sætəlaɪt"
    },
    {
        "name": "wrinkle",
        "trans": [
            "皱纹"
        ],
        "usphone": "'rɪŋkl",
        "ukphone": "'rɪŋkl"
    },
    {
        "name": "forehead",
        "trans": [
            "额，前额"
        ],
        "usphone": "'fɔr'hɛd",
        "ukphone": "'fɔːhed; 'fɒrɪd"
    },
    {
        "name": "block",
        "trans": [
            "大厦；街区"
        ],
        "usphone": "blɑk",
        "ukphone": "blɒk"
    },
    {
        "name": "lap",
        "trans": [
            "(人坐着时的)大腿部"
        ],
        "usphone": "læp",
        "ukphone": "læp"
    },
    {
        "name": "devote",
        "trans": [
            "专心致志于，献身于"
        ],
        "usphone": "dɪ'vot",
        "ukphone": "dɪ'vəʊt"
    },
    {
        "name": "salty",
        "trans": [
            "含盐的，咸的"
        ],
        "usphone": "'sɔlti",
        "ukphone": "'sɔːltɪ; 'sɒ-"
    },
    {
        "name": "carrot",
        "trans": [
            "胡萝卜"
        ],
        "usphone": "'kærət",
        "ukphone": "'kærət"
    },
    {
        "name": "pea",
        "trans": [
            "豌豆"
        ],
        "usphone": "pi",
        "ukphone": "piː"
    },
    {
        "name": "companion",
        "trans": [
            "同伴，伴侣"
        ],
        "usphone": "kəm'pænɪən",
        "ukphone": "kəm'pænjən"
    },
    {
        "name": "devotion",
        "trans": [
            "奉献"
        ],
        "usphone": "dɪ'voʃən",
        "ukphone": "dɪ'vəʊʃ(ə)n"
    },
    {
        "name": "forever",
        "trans": [
            "永远"
        ],
        "usphone": "fɚ'ɛvɚ",
        "ukphone": "fə'revə"
    },
    {
        "name": "carpenter",
        "trans": [
            "木匠"
        ],
        "usphone": "ˈkɑːrpəntər",
        "ukphone": "ˈkɑːpəntə(r)"
    },
    {
        "name": "chemist",
        "trans": [
            "化学家"
        ],
        "usphone": "'kɛmɪst",
        "ukphone": "'kemɪst"
    },
    {
        "name": "receptionist",
        "trans": [
            "接待员"
        ],
        "usphone": "rɪ'sɛpʃənɪst",
        "ukphone": "rɪ'sepʃ(ə)nɪst"
    },
    {
        "name": "shop assistant",
        "trans": [
            "营业员"
        ],
        "usphone": "",
        "ukphone": ""
    },
    {
        "name": "typist",
        "trans": [
            "打字员"
        ],
        "usphone": "'taɪpɪst",
        "ukphone": "'taɪpɪst"
    },
    {
        "name": "insurance",
        "trans": [
            "保险（金）"
        ],
        "usphone": "ɪn'ʃʊrəns",
        "ukphone": "ɪn'ʃʊər(ə)ns"
    },
    {
        "name": "bonus",
        "trans": [
            "额外津贴，奖金"
        ],
        "usphone": "'bonəs",
        "ukphone": "'bəʊnəs"
    },
    {
        "name": "fee",
        "trans": [
            "服务费，学费"
        ],
        "usphone": "fi",
        "ukphone": "fiː"
    },
    {
        "name": "income",
        "trans": [
            "收入"
        ],
        "usphone": "'ɪnkʌm",
        "ukphone": "'ɪnkʌm"
    },
    {
        "name": "reward",
        "trans": [
            "奖赏，奖励"
        ],
        "usphone": "rɪ'wɔrd",
        "ukphone": "rɪ'wɔːd"
    },
    {
        "name": "wage",
        "trans": [
            "薪金，工资"
        ],
        "usphone": "wedʒ",
        "ukphone": "weɪdʒ"
    },
    {
        "name": "charge",
        "trans": [
            "收费，要价",
            "负责"
        ],
        "usphone": "tʃɑrdʒ",
        "ukphone": "tʃɑːdʒ"
    },
    {
        "name": "summary",
        "trans": [
            "摘要，总结"
        ],
        "usphone": "'sʌməri",
        "ukphone": "'sʌm(ə)rɪ"
    },
    {
        "name": "guidance",
        "trans": [
            "指导"
        ],
        "usphone": "'gaɪdns",
        "ukphone": "'gaɪd(ə)ns"
    },
    {
        "name": "paragraph",
        "trans": [
            "段落"
        ],
        "usphone": "'pærəɡræf",
        "ukphone": "'pærəgrɑːf"
    },
    {
        "name": "institute",
        "trans": [
            "机构；学院"
        ],
        "usphone": "'ɪnstɪtut",
        "ukphone": "'ɪnstɪtjuːt"
    },
    {
        "name": "aid",
        "trans": [
            "援助，帮助，资助"
        ],
        "usphone": "ed",
        "ukphone": "eɪd"
    },
    {
        "name": "pump",
        "trans": [
            "泵，抽水机"
        ],
        "usphone": "pʌmp",
        "ukphone": "pʌmp"
    },
    {
        "name": "data",
        "trans": [
            "资料，数据"
        ],
        "usphone": "'detə",
        "ukphone": "'deɪtə"
    },
    {
        "name": "deer",
        "trans": [
            "鹿"
        ],
        "usphone": "dɪr",
        "ukphone": "dɪə"
    },
    {
        "name": "take charge of",
        "trans": [
            "接管，控制"
        ],
        "usphone": "",
        "ukphone": ""
    },
    {
        "name": "topic",
        "trans": [
            "题目，话题"
        ],
        "usphone": "'tɑpɪk",
        "ukphone": "'tɒpɪk"
    },
    {
        "name": "receipt",
        "trans": [
            "收据，收条"
        ],
        "usphone": "rɪ'sit",
        "ukphone": "rɪ'siːt"
    },
    {
        "name": "error",
        "trans": [
            "错误,谬误"
        ],
        "usphone": "'ɛrɚ",
        "ukphone": "'erə"
    },
    {
        "name": "liquid",
        "trans": [
            "液体"
        ],
        "usphone": "'lɪkwɪd",
        "ukphone": "'lɪkwɪd"
    },
    {
        "name": "comprehension",
        "trans": [
            "理解"
        ],
        "usphone": ",kɑmprɪ'hɛnʃən",
        "ukphone": "kɒmprɪ'henʃ(ə)n"
    },
    {
        "name": "consult",
        "trans": [
            "请教；商讨；查阅"
        ],
        "usphone": "kən'sʌlt",
        "ukphone": "kən'sʌlt"
    },
    {
        "name": "chart",
        "trans": [
            "表格，图表"
        ],
        "usphone": "tʃɑrt",
        "ukphone": "tʃɑːt"
    },
    {
        "name": "casual",
        "trans": [
            "随意的，非正式的"
        ],
        "usphone": "'kæʒʊəl",
        "ukphone": "'kæʒjʊəl; -zj-"
    },
    {
        "name": "quarrel",
        "trans": [
            "争吵，吵架"
        ],
        "usphone": "'kwɔrəl",
        "ukphone": "'kwɒr(ə)l"
    },
    {
        "name": "make up",
        "trans": [
            "编造"
        ],
        "usphone": "",
        "ukphone": ""
    },
    {
        "name": "make out",
        "trans": [
            "假称；听出，看出"
        ],
        "usphone": "",
        "ukphone": ""
    },
    {
        "name": "go into detail(s)",
        "trans": [
            "讨论，细谈"
        ],
        "usphone": "",
        "ukphone": ""
    },
    {
        "name": "speak up",
        "trans": [
            "大声地说，自由而大胆地说出"
        ],
        "usphone": "",
        "ukphone": ""
    },
    {
        "name": "sit up",
        "trans": [
            "坐直"
        ],
        "usphone": "",
        "ukphone": ""
    },
    {
        "name": "nursery",
        "trans": [
            "托儿所，保育室"
        ],
        "usphone": "'nɝsəri",
        "ukphone": "'nɜːs(ə)rɪ"
    },
    {
        "name": "collar",
        "trans": [
            "衣领"
        ],
        "usphone": "'kɑlɚ",
        "ukphone": "'kɒlə"
    },
    {
        "name": "appointment",
        "trans": [
            "约见，约会"
        ],
        "usphone": "ə'pɔɪntmənt",
        "ukphone": "əˈpɔɪntmənt"
    },
    {
        "name": "childhood",
        "trans": [
            "童年，儿童时代"
        ],
        "usphone": "'tʃaɪldhʊd",
        "ukphone": "'tʃaɪldhʊd"
    },
    {
        "name": "typewriter",
        "trans": [
            "打字机"
        ],
        "usphone": "'taɪpraɪtɚ",
        "ukphone": "'taɪpraɪtə"
    },
    {
        "name": "instant",
        "trans": [
            "片刻，瞬息"
        ],
        "usphone": "'ɪnstənt",
        "ukphone": "'ɪnst(ə)nt"
    },
    {
        "name": "battle",
        "trans": [
            "战斗，战役"
        ],
        "usphone": "'bætl",
        "ukphone": "'bæt(ə)l"
    },
    {
        "name": "civil",
        "trans": [
            "民间的；国民的；国内的"
        ],
        "usphone": "'sɪvl",
        "ukphone": "'sɪv(ə)l; -ɪl"
    },
    {
        "name": "moral",
        "trans": [
            "品德；品行"
        ],
        "usphone": "'mɔrəl",
        "ukphone": "'mɒr(ə)l"
    },
    {
        "name": "basis",
        "trans": [
            "基础，根据"
        ],
        "usphone": "'besɪs",
        "ukphone": "'beɪsɪs"
    },
    {
        "name": "corn",
        "trans": [
            "玉米"
        ],
        "usphone": "kɔrn",
        "ukphone": "kɔːn"
    },
    {
        "name": "cattle",
        "trans": [
            "牛"
        ],
        "usphone": "'kætl",
        "ukphone": "'kæt(ə)l"
    },
    {
        "name": "frost",
        "trans": [
            "霜"
        ],
        "usphone": "frɔst",
        "ukphone": "frɒst"
    },
    {
        "name": "surrounding",
        "trans": [
            "附近的，周围的"
        ],
        "usphone": "sə'raʊndɪŋ",
        "ukphone": "sə'raʊndɪŋ"
    },
    {
        "name": "steep",
        "trans": [
            "陡峭的，险峻的"
        ],
        "usphone": "stip",
        "ukphone": "stiːp"
    },
    {
        "name": "grain",
        "trans": [
            "谷物，谷粒"
        ],
        "usphone": "ɡren",
        "ukphone": "greɪn"
    },
    {
        "name": "lip",
        "trans": [
            "嘴唇"
        ],
        "usphone": "lɪp",
        "ukphone": "lɪp"
    },
    {
        "name": "mud",
        "trans": [
            "烂泥，泥浆"
        ],
        "usphone": "mʌd",
        "ukphone": "mʌd"
    },
    {
        "name": "wisdom",
        "trans": [
            "智慧"
        ],
        "usphone": "'wɪzdəm",
        "ukphone": "'wɪzdəm"
    },
    {
        "name": "idiom",
        "trans": [
            "习语，成语"
        ],
        "usphone": "'ɪdɪəm",
        "ukphone": "'ɪdɪəm"
    },
    {
        "name": "junior",
        "trans": [
            "低级的"
        ],
        "usphone": "'dʒunɪɚ",
        "ukphone": "'dʒuːnɪə"
    },
    {
        "name": "universe",
        "trans": [
            "宇宙"
        ],
        "usphone": "'junɪvɝs",
        "ukphone": "'juːnɪvɜːs"
    },
    {
        "name": "believe in",
        "trans": [
            "信任，信仰"
        ],
        "usphone": "",
        "ukphone": ""
    },
    {
        "name": "mankind",
        "trans": [
            "人类"
        ],
        "usphone": "mæn'kaɪnd",
        "ukphone": ",mæn'kaɪnd"
    },
    {
        "name": "nest",
        "trans": [
            "鸟窝，巢"
        ],
        "usphone": "nɛst",
        "ukphone": "nest"
    },
    {
        "name": "feather",
        "trans": [
            "羽毛"
        ],
        "usphone": "'fɛðɚ",
        "ukphone": "'feðə"
    },
    {
        "name": "turn over",
        "trans": [
            "反转"
        ],
        "usphone": "",
        "ukphone": ""
    },
    {
        "name": "overcome",
        "trans": [
            "（overcame,overcome）战胜，克服"
        ],
        "usphone": ",ovɚ'kʌm",
        "ukphone": "əʊvə'kʌm"
    },
    {
        "name": "grasp",
        "trans": [
            "理解，领会；抓牢，抓紧"
        ],
        "usphone": "ɡræsp",
        "ukphone": "grɑːsp"
    },
    {
        "name": "inspect",
        "trans": [
            "审查，检查"
        ],
        "usphone": "ɪn'spɛkt",
        "ukphone": "ɪn'spekt"
    },
    {
        "name": "illegal",
        "trans": [
            "不合法的，违法的"
        ],
        "usphone": "ɪ'ligl",
        "ukphone": "ɪ'liːg(ə)l"
    },
    {
        "name": "pay off",
        "trans": [
            "得到好结果；取得成功"
        ],
        "usphone": "",
        "ukphone": ""
    },
    {
        "name": "commit",
        "trans": [
            "投入"
        ],
        "usphone": "kə'mɪt",
        "ukphone": "kə'mɪt"
    },
    {
        "name": "committed",
        "trans": [
            "尽责的"
        ],
        "usphone": "kə'mitid",
        "ukphone": "kə'mɪtɪd"
    },
    {
        "name": "existence",
        "trans": [
            "生活；存在"
        ],
        "usphone": "ɪɡ'zɪstəns",
        "ukphone": "ɪg'zɪst(ə)ns; eg-"
    },
    {
        "name": "glory",
        "trans": [
            "光荣的事，值得骄傲的事"
        ],
        "usphone": "'ɡlɔri",
        "ukphone": "'glɔːrɪ"
    },
    {
        "name": "constantly",
        "trans": [
            "不断地"
        ],
        "usphone": "'kɑnstəntli",
        "ukphone": "'kɒnst(ə)ntlɪ"
    },
    {
        "name": "beneath",
        "trans": [
            "在底下，在……下"
        ],
        "usphone": "bɪˈniːθ",
        "ukphone": "bɪ'niːθ"
    },
    {
        "name": "bend",
        "trans": [
            "（bent,bent）弯腰，倾身"
        ],
        "usphone": "bɛnd",
        "ukphone": "bend"
    },
    {
        "name": "stage",
        "trans": [
            "舞台；阶段，时期"
        ],
        "usphone": "stedʒ",
        "ukphone": "steɪdʒ"
    },
    {
        "name": "hesitate",
        "trans": [
            "犹豫，踌躇"
        ],
        "usphone": "ˈhɛzətet",
        "ukphone": "'hezɪteɪt"
    },
    {
        "name": "wrist",
        "trans": [
            "腕，腕关节"
        ],
        "usphone": "rɪst",
        "ukphone": "rɪst"
    },
    {
        "name": "twist",
        "trans": [
            "旋转，转动"
        ],
        "usphone": "twɪst",
        "ukphone": "twɪst"
    },
    {
        "name": "judgement",
        "trans": [
            "判断，判断力"
        ],
        "usphone": "ˈdʒʌdʒmənt",
        "ukphone": "'dʒʌdʒm(ə)nt"
    },
    {
        "name": "keep up with",
        "trans": [
            "跟上，赶上"
        ],
        "usphone": "",
        "ukphone": ""
    },
    {
        "name": "decrease",
        "trans": [
            "减少，降低"
        ],
        "usphone": "dɪ'kris",
        "ukphone": "dɪ'kriːs"
    },
    {
        "name": "multiply",
        "trans": [
            "大量增加；乘"
        ],
        "usphone": "'mʌltɪplaɪ",
        "ukphone": "'mʌltɪplaɪ"
    },
    {
        "name": "division",
        "trans": [
            "部门；分割"
        ],
        "usphone": "də'vɪʒən",
        "ukphone": "dɪ'vɪʒ(ə)n"
    },
    {
        "name": "branch",
        "trans": [
            "分支，部门"
        ],
        "usphone": "bræntʃ",
        "ukphone": "brɑːn(t)ʃ"
    },
    {
        "name": "operate",
        "trans": [
            "运转,运作",
            "操作；经营，管理"
        ],
        "usphone": "'ɑpə'ret",
        "ukphone": "'ɒpəreɪt"
    },
    {
        "name": "dynamic",
        "trans": [
            "精力充沛的"
        ],
        "usphone": "daɪ'næmɪk",
        "ukphone": "daɪ'næmɪk"
    },
    {
        "name": "respond",
        "trans": [
            "反应；回复，回答"
        ],
        "usphone": "rɪ'spɑnd",
        "ukphone": "rɪ'spɒnd"
    },
    {
        "name": "flexible",
        "trans": [
            "灵活的，柔韧的"
        ],
        "usphone": "'flɛksəbl",
        "ukphone": "'fleksɪb(ə)l"
    },
    {
        "name": "envy",
        "trans": [
            "羡慕，妒忌"
        ],
        "usphone": "'ɛnvi",
        "ukphone": "'envɪ"
    },
    {
        "name": "bother",
        "trans": [
            "烦扰；打扰"
        ],
        "usphone": "'bɑðɚ",
        "ukphone": "'bɒðə"
    },
    {
        "name": "continent",
        "trans": [
            "大陆，洲"
        ],
        "usphone": "'kɑntɪnənt",
        "ukphone": "'kɒntɪnənt"
    },
    {
        "name": "in case",
        "trans": [
            "以防万一；万一"
        ],
        "usphone": "",
        "ukphone": ""
    },
    {
        "name": "comfort",
        "trans": [
            "舒适，安逸"
        ],
        "usphone": "'kʌmfɚt",
        "ukphone": "'kʌmfət"
    },
    {
        "name": "slave",
        "trans": [
            "奴隶"
        ],
        "usphone": "sleɪv",
        "ukphone": "sleɪv"
    },
    {
        "name": "boom",
        "trans": [
            "激增，猛涨"
        ],
        "usphone": "buːm",
        "ukphone": "buːm"
    },
    {
        "name": "panic",
        "trans": [
            "(panicked,panicking)恐慌，惊惶"
        ],
        "usphone": "'pænɪk",
        "ukphone": "'pænɪk"
    },
    {
        "name": "arithmetic",
        "trans": [
            "算术"
        ],
        "usphone": "ə'rɪθmətɪk",
        "ukphone": "ə'rɪθmətɪk"
    },
    {
        "name": "enclose",
        "trans": [
            "随信附上"
        ],
        "usphone": "ɪn'kloz",
        "ukphone": "ɪn'kləʊz; en-"
    },
    {
        "name": "curriculum vitae",
        "trans": [
            "简历；个人履历（=CV）"
        ],
        "usphone": "kəˌrɪkjələm'vitaɪ",
        "ukphone": "kəˈrɪkjʊləm ˈviːtaɪ"
    },
    {
        "name": "due to",
        "trans": [
            "由于"
        ],
        "usphone": "",
        "ukphone": ""
    },
    {
        "name": "in addition",
        "trans": [
            "此外"
        ],
        "usphone": "",
        "ukphone": ""
    },
    {
        "name": "arrow",
        "trans": [
            "箭"
        ],
        "usphone": "'æro",
        "ukphone": "'ærəʊ"
    },
    {
        "name": "oxygen",
        "trans": [
            "氧，氧气"
        ],
        "usphone": "'ɑksɪdʒən",
        "ukphone": "'ɒksɪdʒ(ə)n"
    },
    {
        "name": "tick",
        "trans": [
            "打钩做记号"
        ],
        "usphone": "tɪk",
        "ukphone": "tɪk"
    },
    {
        "name": "ox",
        "trans": [
            "牛，公牛"
        ],
        "usphone": "ɑks",
        "ukphone": "ɒks"
    },
    {
        "name": "spelling",
        "trans": [
            "拼写"
        ],
        "usphone": "'spɛlɪŋ",
        "ukphone": "'spelɪŋ"
    },
    {
        "name": "backwards",
        "trans": [
            "由后向前地"
        ],
        "usphone": "'bækwɚdz",
        "ukphone": "'bækwədz"
    },
    {
        "name": "correction",
        "trans": [
            "改正，改进"
        ],
        "usphone": "kə'rɛkʃən",
        "ukphone": "kə'rekʃ(ə)n"
    },
    {
        "name": "simplify",
        "trans": [
            "简化"
        ],
        "usphone": "'sɪmplɪfaɪ",
        "ukphone": "'sɪmplɪfaɪ"
    },
    {
        "name": "jar",
        "trans": [
            "罐子，坛子"
        ],
        "usphone": "dʒɑr",
        "ukphone": "dʒɑː"
    },
    {
        "name": "secure",
        "trans": [
            "稳定的；无忧无虑的"
        ],
        "usphone": "sə'kjʊr",
        "ukphone": "sɪ'kjʊə; sɪ'kjɔː"
    },
    {
        "name": "frankly",
        "trans": [
            "坦率地，真诚地"
        ],
        "usphone": "'fræŋkli",
        "ukphone": "'fræŋklɪ"
    },
    {
        "name": "lay off",
        "trans": [
            "裁员；解雇"
        ],
        "usphone": "",
        "ukphone": ""
    },
    {
        "name": "blank",
        "trans": [
            "空白的；茫然的"
        ],
        "usphone": "blæŋk",
        "ukphone": "blæŋk"
    },
    {
        "name": "swell",
        "trans": [
            "（swelled,swollen,swelled）被充满；膨胀，肿胀"
        ],
        "usphone": "swɛl",
        "ukphone": "swel"
    },
    {
        "name": "suspect",
        "trans": [
            "怀疑"
        ],
        "usphone": "sʌspɛkt; (for v.) səˈspɛkt",
        "ukphone": "ˈsʌspekt; (for v.) səˈspekt"
    },
    {
        "name": "lump",
        "trans": [
            "团，块"
        ],
        "usphone": "lʌmp",
        "ukphone": "lʌmp"
    },
    {
        "name": "throat",
        "trans": [
            "咽喉，喉咙"
        ],
        "usphone": "θrot",
        "ukphone": "θrəʊt"
    },
    {
        "name": "status",
        "trans": [
            "现状；社会地位"
        ],
        "usphone": "ˈstetəs",
        "ukphone": "'steɪtəs"
    },
    {
        "name": "chief",
        "trans": [
            "最高级别的"
        ],
        "usphone": "tʃif",
        "ukphone": "tʃiːf"
    },
    {
        "name": "saying",
        "trans": [
            "格言，谚语"
        ],
        "usphone": "'seɪŋ",
        "ukphone": "'seɪɪŋ"
    },
    {
        "name": "postage",
        "trans": [
            "邮费"
        ],
        "usphone": "'postɪdʒ",
        "ukphone": "'pəʊstɪdʒ"
    },
    {
        "name": "airmail",
        "trans": [
            "航空邮政"
        ],
        "usphone": "'ɛrmel",
        "ukphone": "'eəmeɪl"
    },
    {
        "name": "user",
        "trans": [
            "使用者"
        ],
        "usphone": "'juzɚ",
        "ukphone": "'juːzə"
    },
    {
        "name": "instruct",
        "trans": [
            "指导，教导"
        ],
        "usphone": "ɪn'strʌkt",
        "ukphone": "ɪn'strʌkt"
    },
    {
        "name": "aside",
        "trans": [
            "在一边，向一边"
        ],
        "usphone": "ə'saɪd",
        "ukphone": "ə'saɪd"
    },
    {
        "name": "bury",
        "trans": [
            "埋葬"
        ],
        "usphone": "'bɛri",
        "ukphone": "'berɪ"
    },
    {
        "name": "alphabet",
        "trans": [
            "字母表"
        ],
        "usphone": "'ælfə'bɛt",
        "ukphone": "'ælfəbet"
    },
    {
        "name": "distinguish",
        "trans": [
            "区别，辨别"
        ],
        "usphone": "dɪ'stɪŋɡwɪʃ",
        "ukphone": "dɪ'stɪŋgwɪʃ"
    },
    {
        "name": "drill",
        "trans": [
            "练习，训练"
        ],
        "usphone": "drɪl",
        "ukphone": "drɪl"
    },
    {
        "name": "motto",
        "trans": [
            "格言，座右铭"
        ],
        "usphone": "'mɑto",
        "ukphone": "'mɒtəʊ"
    },
    {
        "name": "conservative",
        "trans": [
            "保守的，旧式的"
        ],
        "usphone": "kən'sɝvətɪv",
        "ukphone": "kən'sɜːvətɪv"
    },
    {
        "name": "assignment",
        "trans": [
            "作业；任务，工作"
        ],
        "usphone": "ə'saɪnmənt",
        "ukphone": "ə'saɪnm(ə)nt"
    },
    {
        "name": "alternative",
        "trans": [
            "非传统的；另类的"
        ],
        "usphone": "ɔl'tɝnətɪv",
        "ukphone": "ɔːl'tɜːnətɪv; ɒl-"
    },
    {
        "name": "punishment",
        "trans": [
            "惩罚，处罚"
        ],
        "usphone": "'pʌnɪʃmənt",
        "ukphone": "'pʌnɪʃm(ə)nt"
    },
    {
        "name": "reputation",
        "trans": [
            "名誉，名声"
        ],
        "usphone": ",rɛpju'teʃən",
        "ukphone": "repjʊ'teɪʃ(ə)n"
    },
    {
        "name": "slight",
        "trans": [
            "少量的，微小的"
        ],
        "usphone": "slaɪt",
        "ukphone": "slaɪt"
    },
    {
        "name": "loose",
        "trans": [
            "（指言行等）不严谨的，放荡的"
        ],
        "usphone": "lus",
        "ukphone": "luːs"
    },
    {
        "name": "obey",
        "trans": [
            "服从，听从"
        ],
        "usphone": "oʊˈbeɪ",
        "ukphone": "ə(ʊ)'beɪ"
    },
    {
        "name": "mild",
        "trans": [
            "温和的"
        ],
        "usphone": "maɪld",
        "ukphone": "maɪld"
    },
    {
        "name": "receiver",
        "trans": [
            "接收者"
        ],
        "usphone": "rɪ'sivɚ",
        "ukphone": "rɪ'siːvə"
    },
    {
        "name": "pace",
        "trans": [
            "速度，步速"
        ],
        "usphone": "pes",
        "ukphone": "peɪs"
    },
    {
        "name": "outstanding",
        "trans": [
            "杰出的，优秀的"
        ],
        "usphone": "'aʊt'stændɪŋ",
        "ukphone": "aʊt'stændɪŋ"
    },
    {
        "name": "reflect",
        "trans": [
            "反映；反射；仔细考虑"
        ],
        "usphone": "rɪ'flɛkt",
        "ukphone": "rɪ'flekt"
    },
    {
        "name": "select",
        "trans": [
            "挑选"
        ],
        "usphone": "sə'lɛkt",
        "ukphone": "sɪ'lekt"
    },
    {
        "name": "to a certain extent",
        "trans": [
            "在某种程度上"
        ],
        "usphone": "",
        "ukphone": ""
    },
    {
        "name": "misunderstand",
        "trans": [
            "误解"
        ],
        "usphone": ",mɪsʌndɚ'stænd",
        "ukphone": ",mɪsʌndə'stænd"
    },
    {
        "name": "angle",
        "trans": [
            "角"
        ],
        "usphone": "'æŋɡl",
        "ukphone": "'æŋg(ə)l"
    },
    {
        "name": "triangle",
        "trans": [
            "三角形"
        ],
        "usphone": "'traɪæŋɡl",
        "ukphone": "'traɪæŋg(ə)l"
    },
    {
        "name": "atom",
        "trans": [
            "原子"
        ],
        "usphone": "'ætəm",
        "ukphone": "'ætəm"
    },
    {
        "name": "pour",
        "trans": [
            "倒，灌"
        ],
        "usphone": "pɔr",
        "ukphone": "pɔː"
    },
    {
        "name": "powder",
        "trans": [
            "火药"
        ],
        "usphone": "'paʊdɚ",
        "ukphone": "'paʊdə"
    },
    {
        "name": "flame",
        "trans": [
            "火焰，火舌"
        ],
        "usphone": "flem",
        "ukphone": "fleɪm"
    },
    {
        "name": "set off",
        "trans": [
            "使爆炸；引发"
        ],
        "usphone": ",set 'ɔf",
        "ukphone": ",set 'ɔf"
    },
    {
        "name": "lack",
        "trans": [
            "缺乏，没有"
        ],
        "usphone": "læk",
        "ukphone": "læk"
    },
    {
        "name": "spit",
        "trans": [
            "（spat,spit,spat)吐口水，吐痰"
        ],
        "usphone": "spɪt",
        "ukphone": "spɪt"
    },
    {
        "name": "drag",
        "trans": [
            "拖，拉"
        ],
        "usphone": "dræg",
        "ukphone": "dræg"
    },
    {
        "name": "acid",
        "trans": [
            "酸"
        ],
        "usphone": "'æsɪd",
        "ukphone": "'æsɪd"
    },
    {
        "name": "onion",
        "trans": [
            "洋葱"
        ],
        "usphone": "'ʌnjən",
        "ukphone": "'ʌnjən"
    },
    {
        "name": "access",
        "trans": [
            "（使用或见到的）机会，权利"
        ],
        "usphone": "'æksɛs",
        "ukphone": "'ækses"
    },
    {
        "name": "worthwhile",
        "trans": [
            "值得努力的"
        ],
        "usphone": "'wɝθ'waɪl",
        "ukphone": "wɜːθ'waɪl"
    },
    {
        "name": "spy",
        "trans": [
            "间谍，特务"
        ],
        "usphone": "spaɪ",
        "ukphone": "spaɪ"
    },
    {
        "name": "glue",
        "trans": [
            "胶，胶水"
        ],
        "usphone": "ɡlu",
        "ukphone": "gluː"
    },
    {
        "name": "fellow",
        "trans": [
            "同伴"
        ],
        "usphone": "'fɛlo",
        "ukphone": "'feləʊ"
    },
    {
        "name": "acquire",
        "trans": [
            "获得，得到"
        ],
        "usphone": "ə'kwaɪr",
        "ukphone": "ə'kwaɪə"
    },
    {
        "name": "be accustomed to",
        "trans": [
            "习惯于"
        ],
        "usphone": "",
        "ukphone": ""
    },
    {
        "name": "thinking",
        "trans": [
            "思考，考虑"
        ],
        "usphone": "'θɪŋkɪŋ",
        "ukphone": "θɪŋkɪŋ"
    },
    {
        "name": "rank",
        "trans": [
            "职衔"
        ],
        "usphone": "ræŋk",
        "ukphone": "ræŋk"
    },
    {
        "name": "bureaucratic",
        "trans": [
            "官僚的"
        ],
        "usphone": ",bjʊrə'krætɪk",
        "ukphone": ",bjɔːrə'krætɪk; ,bjʊərə'krætɪk"
    },
    {
        "name": "worthy",
        "trans": [
            "值得的"
        ],
        "usphone": "wɜði",
        "ukphone": "ˈwəːði"
    },
    {
        "name": "religion",
        "trans": [
            "宗教"
        ],
        "usphone": "rɪ'lɪdʒən",
        "ukphone": "rɪ'lɪdʒ(ə)n"
    },
    {
        "name": "defence",
        "trans": [
            "保卫，保护"
        ],
        "usphone": "di'fens",
        "ukphone": "dɪ'fens"
    },
    {
        "name": "tend to",
        "trans": [
            "往往会，倾向于"
        ],
        "usphone": "",
        "ukphone": ""
    },
    {
        "name": "ignore",
        "trans": [
            "忽视，不顾"
        ],
        "usphone": "ɪɡ'nɔr",
        "ukphone": "ɪg'nɔː"
    },
    {
        "name": "unwilling",
        "trans": [
            "不情愿的"
        ],
        "usphone": "ʌn'wɪlɪŋ",
        "ukphone": "ʌn'wɪlɪŋ"
    },
    {
        "name": "assumption",
        "trans": [
            "假定，假设"
        ],
        "usphone": "ə'sʌmpʃən",
        "ukphone": "ə'sʌm(p)ʃ(ə)n"
    },
    {
        "name": "approve",
        "trans": [
            "赞成；认可；满意"
        ],
        "usphone": "ə'prʊv",
        "ukphone": "ə'pruːv"
    },
    {
        "name": "urge",
        "trans": [
            "力劝，强烈要求"
        ],
        "usphone": "ɝdʒ",
        "ukphone": "'ɜːdʒ"
    },
    {
        "name": "inspire",
        "trans": [
            "启发；鼓舞"
        ],
        "usphone": "ɪn'spaɪɚ",
        "ukphone": "ɪn'spaɪə"
    },
    {
        "name": "shadow",
        "trans": [
            "阴影，影子"
        ],
        "usphone": "'ʃædo",
        "ukphone": "'ʃædəʊ"
    },
    {
        "name": "conventional",
        "trans": [
            "传统的，保守的"
        ],
        "usphone": "kən'vɛnʃənl",
        "ukphone": "kən'venʃ(ə)n(ə)l"
    },
    {
        "name": "kingdom",
        "trans": [
            "王国"
        ],
        "usphone": "'kɪŋdəm",
        "ukphone": "'kɪŋdəm"
    },
    {
        "name": "civilisation",
        "trans": [
            "文明"
        ],
        "usphone": ",sivilai'zeiʃən, -li'z-",
        "ukphone": ",sɪvɪlaɪ'zeɪʃən"
    },
    {
        "name": "vital",
        "trans": [
            "极其重要的"
        ],
        "usphone": "'vaɪtl",
        "ukphone": "'vaɪt(ə)l"
    },
    {
        "name": "beneficial",
        "trans": [
            "有用的，有益的"
        ],
        "usphone": ",bɛnɪ'fɪʃl",
        "ukphone": "benɪ'fɪʃ(ə)l"
    },
    {
        "name": "image",
        "trans": [
            "比喻；景象，形象"
        ],
        "usphone": "'ɪmɪdʒ",
        "ukphone": "'ɪmɪdʒ"
    },
    {
        "name": "assume",
        "trans": [
            "假定，假设"
        ],
        "usphone": "ə'sum",
        "ukphone": "ə'sjuːm"
    },
    {
        "name": "adapt",
        "trans": [
            "（使）适应"
        ],
        "usphone": "ə'dæpt",
        "ukphone": "ə'dæpt"
    },
    {
        "name": "as a whole",
        "trans": [
            "总的来说"
        ],
        "usphone": "",
        "ukphone": ""
    },
    {
        "name": "facility",
        "trans": [
            "（供特定用途的）场所；设备"
        ],
        "usphone": "fə'sɪləti",
        "ukphone": "fə'sɪləti"
    },
    {
        "name": "appreciation",
        "trans": [
            "欣赏"
        ],
        "usphone": "ə,priʃɪ'eʃən",
        "ukphone": "əpriːʃɪ'eɪʃ(ə)n; -sɪ-"
    },
    {
        "name": "biochemistry",
        "trans": [
            "生物化学"
        ],
        "usphone": "'baɪo'kɛmɪstri",
        "ukphone": "baɪə(ʊ)'kemɪstrɪ"
    },
    {
        "name": "choir",
        "trans": [
            "合唱队，合唱团"
        ],
        "usphone": "'kwaɪɚ",
        "ukphone": "'kwaɪə"
    }
]