[
    {
        "name": "mother tongue",
        "trans": [
            "母语"
        ],
        "usphone": "",
        "ukphone": ""
    },
    {
        "name": "input",
        "trans": [
            "(信息)输入"
        ],
        "usphone": "'ɪn'pʊt",
        "ukphone": "'ɪnpʊt"
    },
    {
        "name": "output",
        "trans": [
            "(信息)输出"
        ],
        "usphone": "'aʊtpʊt",
        "ukphone": "'aʊtpʊt"
    },
    {
        "name": "fluency",
        "trans": [
            "流利度，流畅度"
        ],
        "usphone": "'fluənsi",
        "ukphone": "'fluːənsɪ"
    },
    {
        "name": "accuracy",
        "trans": [
            "精确度，准确度"
        ],
        "usphone": "'ækjərəsi",
        "ukphone": "'ækjʊrəsɪ"
    },
    {
        "name": "punctuation",
        "trans": [
            "标点符号"
        ],
        "usphone": "'pʌŋktʃʊ'eʃən",
        "ukphone": "pʌŋ(k)tʃʊ'eɪʃ(ə)n; -tjʊ-"
    },
    {
        "name": "royal",
        "trans": [
            "王室的，皇家的"
        ],
        "usphone": "'rɔɪəl",
        "ukphone": "'rɒɪəl"
    },
    {
        "name": "nationwide",
        "trans": [
            "全国性地"
        ],
        "usphone": ",neʃn'waɪd",
        "ukphone": "'neɪʃ(ə)nwaɪd; -'waɪd"
    },
    {
        "name": "thankful",
        "trans": [
            "为……感到高兴的；感谢的"
        ],
        "usphone": "'θæŋkfl",
        "ukphone": "'θæŋkfʊl; -f(ə)l"
    },
    {
        "name": "constitution",
        "trans": [
            "宪法"
        ],
        "usphone": "'kɑnstə'tʊʃən",
        "ukphone": "kɒnstɪ'tjuːʃ(ə)n"
    },
    {
        "name": "liberty",
        "trans": [
            "自由"
        ],
        "usphone": "'lɪbɚti",
        "ukphone": "'lɪbətɪ"
    },
    {
        "name": "jungle",
        "trans": [
            "热带丛林"
        ],
        "usphone": "'dʒʌŋɡl",
        "ukphone": "'dʒʌŋg(ə)l"
    },
    {
        "name": "cafeteria",
        "trans": [
            "小餐馆，咖啡馆"
        ],
        "usphone": ",kæfə'tɪrɪə",
        "ukphone": "kæfɪ'tɪərɪə"
    },
    {
        "name": "fold",
        "trans": [
            "折叠；交叉"
        ],
        "usphone": "fold",
        "ukphone": "fəʊld"
    },
    {
        "name": "global",
        "trans": [
            "全世界的，全球的"
        ],
        "usphone": "'ɡlobl",
        "ukphone": "'gləʊb(ə)l"
    },
    {
        "name": "decade",
        "trans": [
            "十年"
        ],
        "usphone": "'dɛked",
        "ukphone": "'dekeɪd; dɪ'keɪd"
    },
    {
        "name": "trend",
        "trans": [
            "趋势，倾向"
        ],
        "usphone": "trɛnd",
        "ukphone": "trend"
    },
    {
        "name": "absence",
        "trans": [
            "缺乏；缺席"
        ],
        "usphone": "'æbsns",
        "ukphone": "'æbs(ə)ns"
    },
    {
        "name": "theory",
        "trans": [
            "理论；学说"
        ],
        "usphone": "'θiəri",
        "ukphone": "'θɪərɪ"
    },
    {
        "name": "acquisition",
        "trans": [
            "(语言)习得"
        ],
        "usphone": ",ækwɪ'zɪʃən",
        "ukphone": ",ækwɪ'zɪʃ(ə)n"
    },
    {
        "name": "attain",
        "trans": [
            "达到；获得"
        ],
        "usphone": "ə'ten",
        "ukphone": "ə'teɪn"
    },
    {
        "name": "surround",
        "trans": [
            "环绕，围绕"
        ],
        "usphone": "sə'raʊnd",
        "ukphone": "sə'raʊnd"
    },
    {
        "name": "curriculum",
        "trans": [
            "(学校的)课程"
        ],
        "usphone": "kə'rɪkjələm",
        "ukphone": "kə'rɪkjʊləm"
    },
    {
        "name": "adequate",
        "trans": [
            "足够的，充分的"
        ],
        "usphone": "ˈædɪkwət",
        "ukphone": "'ædɪkwət"
    },
    {
        "name": "medium",
        "trans": [
            "媒介物；渠道"
        ],
        "usphone": "'midɪəm",
        "ukphone": "'miːdɪəm"
    },
    {
        "name": "ensure",
        "trans": [
            "确保，保证"
        ],
        "usphone": "ɪn'ʃʊr",
        "ukphone": "ɪn'ʃɔː; -'ʃʊə; en-"
    },
    {
        "name": "accelerate",
        "trans": [
            "加速"
        ],
        "usphone": "əkˈsɛləˌret",
        "ukphone": "ək'seləreɪt"
    },
    {
        "name": "target",
        "trans": [
            "目标"
        ],
        "usphone": "'tɑrɡɪt",
        "ukphone": "'tɑːgɪt"
    },
    {
        "name": "enlarge",
        "trans": [
            "扩大"
        ],
        "usphone": "ɪn'lɑrdʒ",
        "ukphone": "ɪn'lɑːdʒ; en-"
    },
    {
        "name": "guarantee",
        "trans": [
            "保证"
        ],
        "usphone": ",ɡærən'ti",
        "ukphone": "gær(ə)n'tiː"
    },
    {
        "name": "adjust",
        "trans": [
            "调节；调整"
        ],
        "usphone": "ə'dʒʌst",
        "ukphone": "ə'dʒʌst"
    },
    {
        "name": "inform",
        "trans": [
            "告知,通知"
        ],
        "usphone": "ɪn'fɔrm",
        "ukphone": "ɪn'fɔːm"
    },
    {
        "name": "dedication",
        "trans": [
            "专心致志"
        ],
        "usphone": ",dɛdɪ'keʃən",
        "ukphone": "dedɪ'keɪʃ(ə)n"
    },
    {
        "name": "dedicated",
        "trans": [
            "专心致志的"
        ],
        "usphone": "'dɛdə'ketɪd",
        "ukphone": "'dedɪkeɪtɪd"
    },
    {
        "name": "manual",
        "trans": [
            "手册；指南"
        ],
        "usphone": "'mænjuəl",
        "ukphone": "'mænjʊ(ə)l"
    },
    {
        "name": "theft",
        "trans": [
            "偷窃"
        ],
        "usphone": "θɛft",
        "ukphone": "θeft"
    },
    {
        "name": "announcement",
        "trans": [
            "通告；宣告"
        ],
        "usphone": "ə'naʊnsmənt",
        "ukphone": "ə'naʊnsm(ə)nt"
    },
    {
        "name": "mate",
        "trans": [
            "老兄，老弟，伙计"
        ],
        "usphone": "met",
        "ukphone": "meɪt"
    },
    {
        "name": "cream",
        "trans": [
            "奶油；油"
        ],
        "usphone": "krim",
        "ukphone": "kriːm"
    },
    {
        "name": "razor",
        "trans": [
            "剃刀"
        ],
        "usphone": "'rezɚ",
        "ukphone": "'reɪzə"
    },
    {
        "name": "catch on",
        "trans": [
            "学会"
        ],
        "usphone": "",
        "ukphone": ""
    },
    {
        "name": "for ages",
        "trans": [
            "很久，很长时间"
        ],
        "usphone": "",
        "ukphone": ""
    },
    {
        "name": "brochure",
        "trans": [
            "小册子"
        ],
        "usphone": "bro'ʃʊr",
        "ukphone": "'brəʊʃə; brɒ'ʃʊə"
    },
    {
        "name": "cab",
        "trans": [
            "出租汽车"
        ],
        "usphone": "kæb",
        "ukphone": "kæb"
    },
    {
        "name": "relative",
        "trans": [
            "亲戚，亲属"
        ],
        "usphone": "'rɛlətɪv",
        "ukphone": "'relətɪv"
    },
    {
        "name": "pat",
        "trans": [
            "轻拍；拍"
        ],
        "usphone": "pæt",
        "ukphone": "pæt"
    },
    {
        "name": "congratulate",
        "trans": [
            "祝贺"
        ],
        "usphone": "kən'ɡrætʃulet",
        "ukphone": "kən'grætjʊleɪt"
    },
    {
        "name": "explicit",
        "trans": [
            "明确的；清楚的"
        ],
        "usphone": "ɪk'splɪsɪt",
        "ukphone": "ɪk'splɪsɪt; ek-"
    },
    {
        "name": "eyebrow",
        "trans": [
            "眉毛"
        ],
        "usphone": "'aɪbraʊ",
        "ukphone": "'aɪbraʊ"
    },
    {
        "name": "on purpose",
        "trans": [
            "故意地"
        ],
        "usphone": "",
        "ukphone": ""
    },
    {
        "name": "upwards",
        "trans": [
            "向上地"
        ],
        "usphone": "'ʌpwədz",
        "ukphone": "'ʌpwəd(z)"
    },
    {
        "name": "upper",
        "trans": [
            "上面的"
        ],
        "usphone": "'ʌpɚ",
        "ukphone": "'ʌpə"
    },
    {
        "name": "unconscious",
        "trans": [
            "无意的；不知不觉的"
        ],
        "usphone": "ʌn'kɑnʃəs",
        "ukphone": "ʌn'kɒnʃəs"
    },
    {
        "name": "rigid",
        "trans": [
            "僵硬的"
        ],
        "usphone": "'rɪdʒɪd",
        "ukphone": "'rɪdʒɪd"
    },
    {
        "name": "tight",
        "trans": [
            "绷紧的"
        ],
        "usphone": "taɪt",
        "ukphone": "taɪt"
    },
    {
        "name": "resemble",
        "trans": [
            "像；与……相似"
        ],
        "usphone": "rɪ'zɛmbl",
        "ukphone": "rɪ'zemb(ə)l"
    },
    {
        "name": "transparent",
        "trans": [
            "清晰易辨的；透明的"
        ],
        "usphone": "træns'pærənt",
        "ukphone": "træn'spær(ə)nt; trɑːn-; -'speə-"
    },
    {
        "name": "unrest",
        "trans": [
            "不安"
        ],
        "usphone": "ʌn'rɛst",
        "ukphone": "ʌn'rest"
    },
    {
        "name": "merely",
        "trans": [
            "只；仅仅"
        ],
        "usphone": "'mɪrli",
        "ukphone": "'mɪəlɪ"
    },
    {
        "name": "purchase",
        "trans": [
            "购买"
        ],
        "usphone": "'pɝtʃəs",
        "ukphone": "'pɜ:tʃəs"
    },
    {
        "name": "on the other hand",
        "trans": [
            "另一方面"
        ],
        "usphone": "",
        "ukphone": ""
    },
    {
        "name": "negotiate",
        "trans": [
            "协商;谈判"
        ],
        "usphone": "nɪ'ɡoʃɪet",
        "ukphone": "nɪ'gəʊʃɪeɪt"
    },
    {
        "name": "outline",
        "trans": [
            "勾出轮廓"
        ],
        "usphone": "'aʊtlaɪn",
        "ukphone": "'aʊtlaɪn"
    },
    {
        "name": "ambiguous",
        "trans": [
            "模棱两可的"
        ],
        "usphone": "æm'bɪɡjuəs",
        "ukphone": "æm'bɪgjʊəs"
    },
    {
        "name": "offence",
        "trans": [
            "冒犯；得罪"
        ],
        "usphone": "ə'fɛns",
        "ukphone": "ə'fens"
    },
    {
        "name": "approval",
        "trans": [
            "赞成；赞许；批准"
        ],
        "usphone": "əˈpruvl",
        "ukphone": "ə'pruːv(ə)l"
    },
    {
        "name": "bent",
        "trans": [
            "弯曲的"
        ],
        "usphone": "bɛnt",
        "ukphone": "bent"
    },
    {
        "name": "applicant",
        "trans": [
            "申请人"
        ],
        "usphone": "'æplɪkənt",
        "ukphone": "'æplɪk(ə)nt"
    },
    {
        "name": "certificate",
        "trans": [
            "证书；证明"
        ],
        "usphone": "sɚˈtɪfɪkɪt; (for v.,) sɚˈtɪfɪˌket",
        "ukphone": "səˈtɪfɪkɪt; (for v.,) səˈtɪfɪˌkeɪt"
    },
    {
        "name": "registration",
        "trans": [
            "登记；注册"
        ],
        "usphone": "'rɛdʒɪ'streʃən",
        "ukphone": "redʒɪ'streɪʃ(ə)n"
    },
    {
        "name": "competence",
        "trans": [
            "能力"
        ],
        "usphone": "'kɑmpɪtəns",
        "ukphone": "'kɒmpɪt(ə)ns"
    },
    {
        "name": "diploma",
        "trans": [
            "毕业证书"
        ],
        "usphone": "dɪ'plomə",
        "ukphone": "dɪ'pləʊmə"
    },
    {
        "name": "marketing",
        "trans": [
            "市场营销"
        ],
        "usphone": "'mɑrkɪtɪŋ",
        "ukphone": "'mɑːkɪtɪŋ"
    },
    {
        "name": "overview",
        "trans": [
            "概要；综述"
        ],
        "usphone": "'ovɚ'vjʊ",
        "ukphone": "'əʊvəvjuː"
    },
    {
        "name": "provided that",
        "trans": [
            "如果；条件是"
        ],
        "usphone": "",
        "ukphone": ""
    },
    {
        "name": "register",
        "trans": [
            "登记"
        ],
        "usphone": "'rɛdʒɪstɚ",
        "ukphone": "'redʒɪstə"
    },
    {
        "name": "candidate",
        "trans": [
            "候选人"
        ],
        "usphone": "ˈkændɪˌdet, -dɪt",
        "ukphone": "'kændɪdeɪt; -dət"
    },
    {
        "name": "cheers",
        "trans": [
            "谢谢"
        ],
        "usphone": "tʃɪrz",
        "ukphone": "tʃɪəz"
    },
    {
        "name": "diagram",
        "trans": [
            "图解；图表"
        ],
        "usphone": "'daɪəɡræm",
        "ukphone": "'daɪəgræm"
    },
    {
        "name": "caption",
        "trans": [
            "(图片的)说明文字"
        ],
        "usphone": "'kæpʃən",
        "ukphone": "'kæpʃ(ə)n"
    },
    {
        "name": "booth",
        "trans": [
            "（餐馆内的）雅座；（电话）亭"
        ],
        "usphone": "bʊθ",
        "ukphone": "buːð; buːθ"
    },
    {
        "name": "barbershop",
        "trans": [
            "理发店"
        ],
        "usphone": "'bɑrbɚ'ʃɑp",
        "ukphone": "'bɑːbəʃɒp"
    },
    {
        "name": "globe",
        "trans": [
            "地球"
        ],
        "usphone": "ɡlob",
        "ukphone": "gləʊb"
    },
    {
        "name": "barber",
        "trans": [
            "理发师"
        ],
        "usphone": "'bɑrbɚ",
        "ukphone": "'bɑːbə"
    },
    {
        "name": "fasten",
        "trans": [
            "束紧"
        ],
        "usphone": "'fæsən",
        "ukphone": "'fɑːs(ə)n"
    },
    {
        "name": "stewardess",
        "trans": [
            "女乘务员"
        ],
        "usphone": "ˈstuərdəs",
        "ukphone": "'stjuːədɪs; ,stjuːə'des"
    },
    {
        "name": "steward",
        "trans": [
            "男乘务员"
        ],
        "usphone": "'stuɚd",
        "ukphone": "'stjuːəd"
    },
    {
        "name": "regulation",
        "trans": [
            "规则，规章制度"
        ],
        "usphone": "ˌrɛɡjəˈleʃən",
        "ukphone": "regjʊ'leɪʃ(ə)n"
    },
    {
        "name": "bingo",
        "trans": [
            "好，妙"
        ],
        "usphone": "'bɪŋɡo",
        "ukphone": "'bɪŋgəʊ"
    },
    {
        "name": "haircut",
        "trans": [
            "理发"
        ],
        "usphone": "'hɛrkʌt",
        "ukphone": "'heəkʌt"
    },
    {
        "name": "amateur",
        "trans": [
            "业余的"
        ],
        "usphone": "'æmə.tʃʊr",
        "ukphone": "ˈæmətə(r)"
    },
    {
        "name": "sincerely",
        "trans": [
            "真诚地"
        ],
        "usphone": "sɪn'sɪrli",
        "ukphone": "sɪn'sɪəlɪ"
    },
    {
        "name": "embarrass",
        "trans": [
            "使窘迫"
        ],
        "usphone": "ɪm'bærəs",
        "ukphone": "ɪm'bærəs; em-"
    },
    {
        "name": "punctual",
        "trans": [
            "准时的,守时的"
        ],
        "usphone": "'pʌŋtʃʊəl",
        "ukphone": "'pʌŋ(k)tʃʊəl; -tjʊəl"
    },
    {
        "name": "directory",
        "trans": [
            "指南"
        ],
        "usphone": "dəˈrɛktəri; (also) daɪˈrɛktəri",
        "ukphone": "dɪ'rekt(ə)rɪ; daɪ-"
    },
    {
        "name": "personnel",
        "trans": [
            "全体职员"
        ],
        "usphone": ",pɝsə'nɛl",
        "ukphone": "pɜːsə'nel"
    },
    {
        "name": "bet",
        "trans": [
            "打赌"
        ],
        "usphone": "bɛt",
        "ukphone": "bet"
    },
    {
        "name": "academy",
        "trans": [
            "学院；学会"
        ],
        "usphone": "ə'kædəmi",
        "ukphone": "ə'kædəmɪ"
    },
    {
        "name": "algebra",
        "trans": [
            "代数"
        ],
        "usphone": "'ældʒɪbrə",
        "ukphone": "'ældʒɪbrə"
    },
    {
        "name": "geometry",
        "trans": [
            "几何"
        ],
        "usphone": "dʒɪ'ɑmətri",
        "ukphone": "dʒɪ'ɒmɪtrɪ"
    },
    {
        "name": "bacteria",
        "trans": [
            "[bacterium的复数]细菌"
        ],
        "usphone": "bæk'tɪrɪə",
        "ukphone": "bæk'tɪərɪə"
    },
    {
        "name": "software",
        "trans": [
            "软件"
        ],
        "usphone": "'sɔftwɛr",
        "ukphone": "'sɒf(t)weə"
    },
    {
        "name": "mass",
        "trans": [
            "质量；物质"
        ],
        "usphone": "mæs",
        "ukphone": "mæs"
    },
    {
        "name": "radiation",
        "trans": [
            "放射；辐射"
        ],
        "usphone": ",redɪ'eʃən",
        "ukphone": "reɪdɪ'eɪʃ(ə)n"
    },
    {
        "name": "radium",
        "trans": [
            "镭"
        ],
        "usphone": "'redɪəm",
        "ukphone": "'reɪdɪəm"
    },
    {
        "name": "radioactive",
        "trans": [
            "放射性的"
        ],
        "usphone": "'redɪo'æktɪv",
        "ukphone": ",reɪdɪəʊ'æktɪv"
    },
    {
        "name": "shuttle",
        "trans": [
            "航天飞机"
        ],
        "usphone": "'ʃʌtl",
        "ukphone": "'ʃʌt(ə)l"
    },
    {
        "name": "crew",
        "trans": [
            "全体机组人员"
        ],
        "usphone": "krʊ",
        "ukphone": "kruː"
    },
    {
        "name": "assist",
        "trans": [
            "帮助；协助"
        ],
        "usphone": "ə'sɪst",
        "ukphone": "ə'sɪst"
    },
    {
        "name": "emotional",
        "trans": [
            "情感（上）的"
        ],
        "usphone": "ɪ'moʃənl",
        "ukphone": "ɪ'məʊʃ(ə)n(ə)l"
    },
    {
        "name": "technical",
        "trans": [
            "技术上的"
        ],
        "usphone": "'tɛknɪkl",
        "ukphone": "'teknɪk(ə)l"
    },
    {
        "name": "journal",
        "trans": [
            "杂志"
        ],
        "usphone": "'dʒɝnl",
        "ukphone": "'dʒɜːn(ə)l"
    },
    {
        "name": "issue",
        "trans": [
            "问题；议题"
        ],
        "usphone": "'ɪʃu",
        "ukphone": "'ɪʃuː; 'ɪsjuː"
    },
    {
        "name": "recreation",
        "trans": [
            "消遣；娱乐"
        ],
        "usphone": ",rɛkrɪ'eʃən",
        "ukphone": ",rekrɪ'eɪʃ(ə)n"
    },
    {
        "name": "futurology",
        "trans": [
            "未来学"
        ],
        "usphone": "",
        "ukphone": ",fjuːtʃə'rɒlədʒɪ"
    },
    {
        "name": "latter",
        "trans": [
            "后者"
        ],
        "usphone": "'lætɚ",
        "ukphone": "'lætə"
    },
    {
        "name": "futurologist",
        "trans": [
            "未来学家"
        ],
        "usphone": "",
        "ukphone": ""
    },
    {
        "name": "seminar",
        "trans": [
            "研讨会"
        ],
        "usphone": "'sɛmɪnɑr",
        "ukphone": "'semɪnɑː"
    },
    {
        "name": "enterprise",
        "trans": [
            "事业；企业"
        ],
        "usphone": "'ɛntɚ'praɪz",
        "ukphone": "'entəpraɪz"
    },
    {
        "name": "click",
        "trans": [
            "点击"
        ],
        "usphone": "klɪk",
        "ukphone": "klɪk"
    },
    {
        "name": "handy",
        "trans": [
            "方便使用的"
        ],
        "usphone": "'hændi",
        "ukphone": "'hændɪ"
    },
    {
        "name": "shortly",
        "trans": [
            "不久；很快"
        ],
        "usphone": "'ʃɔrtli",
        "ukphone": "'ʃɔːtlɪ"
    },
    {
        "name": "download",
        "trans": [
            "下载"
        ],
        "usphone": ",daʊn'lod",
        "ukphone": "daʊn'ləʊd"
    },
    {
        "name": "update",
        "trans": [
            "更新"
        ],
        "usphone": ",ʌp'det",
        "ukphone": "ʌp'deɪt"
    },
    {
        "name": "stainless",
        "trans": [
            "无污迹的"
        ],
        "usphone": "ˈsteɪnlɪs",
        "ukphone": "'steɪnlɪs"
    },
    {
        "name": "stain",
        "trans": [
            "污迹,污点"
        ],
        "usphone": "sten",
        "ukphone": "steɪn"
    },
    {
        "name": "garment",
        "trans": [
            "衣服"
        ],
        "usphone": "'gɑrmənt",
        "ukphone": "'gɑːm(ə)nt"
    },
    {
        "name": "worn",
        "trans": [
            "磨损的"
        ],
        "usphone": "wɔrn",
        "ukphone": "wɔːn"
    },
    {
        "name": "starvation",
        "trans": [
            "饥饿"
        ],
        "usphone": "stɑr'veʃən",
        "ukphone": "stɑː'veɪʃn"
    },
    {
        "name": "welfare",
        "trans": [
            "福利"
        ],
        "usphone": "'wɛl'fɛr",
        "ukphone": "'welfeə"
    },
    {
        "name": "discrimination",
        "trans": [
            "歧视；识别力"
        ],
        "usphone": "dɪ,skrɪmɪ'neʃən",
        "ukphone": "dɪ,skrɪmɪ'neɪʃ(ə)n"
    },
    {
        "name": "conflict",
        "trans": [
            "争执；冲突"
        ],
        "usphone": "'kɑnflɪkt",
        "ukphone": "'kɒnflɪkt"
    },
    {
        "name": "equality",
        "trans": [
            "平等"
        ],
        "usphone": "ɪ'kwɑləti",
        "ukphone": "ɪ'kwɒlɪtɪ; iː-"
    },
    {
        "name": "cell",
        "trans": [
            "细胞"
        ],
        "usphone": "sɛl",
        "ukphone": "sel"
    },
    {
        "name": "assess",
        "trans": [
            "评估；评价"
        ],
        "usphone": "ə'sɛs",
        "ukphone": "ə'ses"
    },
    {
        "name": "database",
        "trans": [
            "数据库；资料库"
        ],
        "usphone": "'detəbes",
        "ukphone": "'deɪtəbeɪs"
    },
    {
        "name": "electronic",
        "trans": [
            "电子的"
        ],
        "usphone": "ɪˌlɛkˈtrɑnɪk",
        "ukphone": "ɪˌlekˈtrɒnɪk"
    },
    {
        "name": "dawn",
        "trans": [
            "开端；拂晓"
        ],
        "usphone": "dɔn",
        "ukphone": "dɔːn"
    },
    {
        "name": "digital",
        "trans": [
            "数字式的"
        ],
        "usphone": "'dɪdʒɪtl",
        "ukphone": "'dɪdʒɪt(ə)l"
    },
    {
        "name": "source",
        "trans": [
            "来源；出处"
        ],
        "usphone": "sɔrs",
        "ukphone": "sɔːs"
    },
    {
        "name": "specialist",
        "trans": [
            "专家"
        ],
        "usphone": "'spɛʃəlɪst",
        "ukphone": "'speʃ(ə)lɪst"
    },
    {
        "name": "participant",
        "trans": [
            "参加者"
        ],
        "usphone": "pɑr'tɪsəpənt",
        "ukphone": "pɑː'tɪsɪp(ə)nt"
    },
    {
        "name": "present",
        "trans": [
            "主持（电视或广播节目）；呈现"
        ],
        "usphone": "prɪˈzɛnt;(for n.)ˈprɛznt",
        "ukphone": "prɪˈzent;(for n.)ˈpreznt"
    },
    {
        "name": "category",
        "trans": [
            "类别；类型"
        ],
        "usphone": "'kætəɡɔri",
        "ukphone": "'kætɪg(ə)rɪ"
    },
    {
        "name": "autonomous",
        "trans": [
            "自主的；自治的"
        ],
        "usphone": "ɔ'tɑnəməs",
        "ukphone": "ɔː'tɒnəməs"
    },
    {
        "name": "programmer",
        "trans": [
            "电脑程序编制员"
        ],
        "usphone": "'progræmɚ",
        "ukphone": "'prəʊgræmə"
    },
    {
        "name": "in advance",
        "trans": [
            "预先"
        ],
        "usphone": "",
        "ukphone": ""
    },
    {
        "name": "creator",
        "trans": [
            "创造者"
        ],
        "usphone": "krɪ'etɚ",
        "ukphone": "kriː'eɪtə"
    },
    {
        "name": "premiere",
        "trans": [
            "首次公演，公映"
        ],
        "usphone": "prɪ'mɪr",
        "ukphone": "'premɪeə"
    },
    {
        "name": "caveman",
        "trans": [
            "(远古时的)穴居人"
        ],
        "usphone": "'keivmæn",
        "ukphone": ""
    },
    {
        "name": "give away",
        "trans": [
            "泄露（秘密）；暴露"
        ],
        "usphone": "",
        "ukphone": ""
    },
    {
        "name": "take over",
        "trans": [
            "接收，接管"
        ],
        "usphone": "",
        "ukphone": ""
    },
    {
        "name": "official",
        "trans": [
            "官员"
        ],
        "usphone": "əˈfɪʃəl; oʊˈfɪʃəl",
        "ukphone": "ə'fɪʃ(ə)l"
    },
    {
        "name": "invest",
        "trans": [
            "投资"
        ],
        "usphone": "ɪn'vɛst",
        "ukphone": "ɪn'vest"
    },
    {
        "name": "colleague",
        "trans": [
            "同事，同僚"
        ],
        "usphone": "'kɑliɡ",
        "ukphone": "'kɒliːg"
    },
    {
        "name": "hibernation",
        "trans": [
            "冬眠"
        ],
        "usphone": ",haibə'neiʃən",
        "ukphone": "ˌhaɪbər'neɪʃn"
    },
    {
        "name": "rescue",
        "trans": [
            "拯救，救援"
        ],
        "usphone": "'rɛskju",
        "ukphone": "'reskjuː"
    },
    {
        "name": "exit",
        "trans": [
            "出口"
        ],
        "usphone": "'ɛɡzɪt",
        "ukphone": "'eksɪt; 'egzɪt"
    },
    {
        "name": "disconnect",
        "trans": [
            "使不连接；切断"
        ],
        "usphone": ",dɪskə'nɛkt",
        "ukphone": "dɪskə'nekt"
    },
    {
        "name": "original",
        "trans": [
            "起初的；最早的"
        ],
        "usphone": "ə'rɪdʒənl",
        "ukphone": "ə'rɪdʒɪn(ə)l; ɒ-"
    },
    {
        "name": "operational",
        "trans": [
            "工作着的，即可使用的"
        ],
        "usphone": "'ɑpə'reʃənl",
        "ukphone": "ɒpə'reɪʃ(ə)n(ə)l"
    },
    {
        "name": "instructor",
        "trans": [
            "指导者；教练"
        ],
        "usphone": "ɪn'strʌktɚ",
        "ukphone": "ɪn'strʌktə"
    },
    {
        "name": "dilemma",
        "trans": [
            "困境，进退两难的窘境"
        ],
        "usphone": "dəˈlɛmə, daɪ-",
        "ukphone": "dɪ'lemə; daɪ-"
    },
    {
        "name": "microscope",
        "trans": [
            "显微镜"
        ],
        "usphone": "'maɪkrəskop",
        "ukphone": "'maɪkrəskəʊp"
    },
    {
        "name": "procedure",
        "trans": [
            "步骤；程序"
        ],
        "usphone": "prə'sidʒɚ",
        "ukphone": "prə'siːdʒə"
    },
    {
        "name": "organ",
        "trans": [
            "器官"
        ],
        "usphone": "'ɔrɡən",
        "ukphone": "'ɔːg(ə)n"
    },
    {
        "name": "donate",
        "trans": [
            "捐赠;赠送"
        ],
        "usphone": "'donet",
        "ukphone": "də(ʊ)'neɪt"
    },
    {
        "name": "correspond",
        "trans": [
            "通信；相当；符合"
        ],
        "usphone": ",kɔrə'spɑnd",
        "ukphone": "kɒrɪ'spɒnd"
    },
    {
        "name": "meanwhile",
        "trans": [
            "在此期间"
        ],
        "usphone": "'minwaɪl",
        "ukphone": "'miːnwaɪl"
    },
    {
        "name": "split",
        "trans": [
            "分开，分离"
        ],
        "usphone": "splɪt",
        "ukphone": "splɪt"
    },
    {
        "name": "premier",
        "trans": [
            "最重要的"
        ],
        "usphone": "prɪ'mɪr",
        "ukphone": "'premɪə; 'priː-"
    },
    {
        "name": "outspoken",
        "trans": [
            "直言的，坦率的"
        ],
        "usphone": "aʊt'spokən",
        "ukphone": "aʊt'spəʊk(ə)n"
    },
    {
        "name": "telescope",
        "trans": [
            "望远镜"
        ],
        "usphone": "'tɛləˌskop",
        "ukphone": "'telɪskəʊp"
    },
    {
        "name": "galaxy",
        "trans": [
            "星系"
        ],
        "usphone": "'ɡæləksi",
        "ukphone": "'gæləksɪ"
    },
    {
        "name": "mist",
        "trans": [
            "薄雾"
        ],
        "usphone": "mɪst",
        "ukphone": "mɪst"
    },
    {
        "name": "mould",
        "trans": [
            "霉，霉菌"
        ],
        "usphone": "məuld",
        "ukphone": "məʊld"
    },
    {
        "name": "penicillin",
        "trans": [
            "青霉素，盘尼西林"
        ],
        "usphone": ",pɛnɪ'sɪlɪn",
        "ukphone": "penɪ'sɪlɪn"
    },
    {
        "name": "outcome",
        "trans": [
            "后果，结果"
        ],
        "usphone": "'aʊt'kʌm",
        "ukphone": "'aʊtkʌm"
    },
    {
        "name": "cure",
        "trans": [
            "治愈"
        ],
        "usphone": "kjʊr",
        "ukphone": "kjʊə; kjɔː"
    },
    {
        "name": "navy",
        "trans": [
            "海军"
        ],
        "usphone": "'nevi",
        "ukphone": "'neɪvɪ"
    },
    {
        "name": "wrestle",
        "trans": [
            "努力解决；摔跤；搏斗"
        ],
        "usphone": "'rɛsl",
        "ukphone": "'res(ə)l"
    },
    {
        "name": "circuit",
        "trans": [
            "电路"
        ],
        "usphone": "'sɝkɪt",
        "ukphone": "'sɜːkɪt"
    },
    {
        "name": "microwave",
        "trans": [
            "微波炉"
        ],
        "usphone": "'maɪkrə'wev",
        "ukphone": "'maɪkrə(ʊ)weɪv"
    },
    {
        "name": "patent",
        "trans": [
            "专利"
        ],
        "usphone": "'pætnt",
        "ukphone": "'pæt(ə)nt; 'peɪt(ə)nt"
    },
    {
        "name": "jet",
        "trans": [
            "喷气式"
        ],
        "usphone": "dʒɛt",
        "ukphone": "dʒet"
    },
    {
        "name": "exploration",
        "trans": [
            "探测；探险"
        ],
        "usphone": ",ɛksplə'reʃən",
        "ukphone": "eksplə'reɪʃ(ə)n"
    },
    {
        "name": "dot",
        "trans": [
            "小圆点"
        ],
        "usphone": "dɑt",
        "ukphone": "dɒt"
    },
    {
        "name": "ancestor",
        "trans": [
            "祖先；祖宗"
        ],
        "usphone": "'ænsɛstɚ",
        "ukphone": "'ænsestə"
    },
    {
        "name": "outwards",
        "trans": [
            "向外地"
        ],
        "usphone": "'aʊtwɚdz",
        "ukphone": "'aʊtwədz"
    },
    {
        "name": "boundary",
        "trans": [
            "界线；边界"
        ],
        "usphone": "'baʊndri",
        "ukphone": "'baʊnd(ə)rɪ"
    },
    {
        "name": "fade",
        "trans": [
            "逐渐变弱"
        ],
        "usphone": "fed",
        "ukphone": "feɪd"
    },
    {
        "name": "barrier",
        "trans": [
            "障碍；屏障"
        ],
        "usphone": "'bærɪɚ",
        "ukphone": "'bærɪə"
    },
    {
        "name": "phenomenon",
        "trans": [
            "现象"
        ],
        "usphone": "fə'nɑmɪnən",
        "ukphone": "fɪ'nɒmɪnən"
    },
    {
        "name": "primitive",
        "trans": [
            "原始的"
        ],
        "usphone": "'prɪmətɪv",
        "ukphone": "'prɪmɪtɪv"
    },
    {
        "name": "orbit",
        "trans": [
            "轨道"
        ],
        "usphone": "'ɔrbɪt",
        "ukphone": "'ɔːbɪt"
    },
    {
        "name": "permanent",
        "trans": [
            "长久的，永久的"
        ],
        "usphone": "'pɝmənənt",
        "ukphone": "'pɜːm(ə)nənt"
    },
    {
        "name": "headline",
        "trans": [
            "大标题"
        ],
        "usphone": "'hɛdlaɪn",
        "ukphone": "'hedlaɪn"
    },
    {
        "name": "initial",
        "trans": [
            "最初的；开始的"
        ],
        "usphone": "ɪ'nɪʃəl",
        "ukphone": "ɪ'nɪʃəl"
    },
    {
        "name": "spin",
        "trans": [
            "快速旋转"
        ],
        "usphone": "spɪn",
        "ukphone": "spɪn"
    },
    {
        "name": "overhead",
        "trans": [
            "头顶上的"
        ],
        "usphone": ",ovɚ'hɛd",
        "ukphone": "əʊvə'hed"
    },
    {
        "name": "permit",
        "trans": [
            "允许，许可"
        ],
        "usphone": "pɚ'mɪt",
        "ukphone": "pə'mɪt"
    },
    {
        "name": "sneeze",
        "trans": [
            "打喷嚏"
        ],
        "usphone": "sniz",
        "ukphone": "sniːz"
    },
    {
        "name": "sniff",
        "trans": [
            "嗅；闻"
        ],
        "usphone": "snɪf",
        "ukphone": "snɪf"
    },
    {
        "name": "porridge",
        "trans": [
            "麦片粥"
        ],
        "usphone": "'pɔrɪdʒ",
        "ukphone": "'pɒrɪdʒ"
    },
    {
        "name": "ripe",
        "trans": [
            "成熟的"
        ],
        "usphone": "raɪp",
        "ukphone": "raɪp"
    },
    {
        "name": "melon",
        "trans": [
            "瓜；甜瓜"
        ],
        "usphone": "'mɛlən",
        "ukphone": "'melən"
    },
    {
        "name": "ripen",
        "trans": [
            "(使)成熟"
        ],
        "usphone": "'raɪpən",
        "ukphone": "'raɪp(ə)n"
    },
    {
        "name": "walnut",
        "trans": [
            "胡桃"
        ],
        "usphone": "'wɔlnət",
        "ukphone": "'wɔːlnʌt"
    },
    {
        "name": "press",
        "trans": [
            "按；压"
        ],
        "usphone": "prɛs",
        "ukphone": "pres"
    },
    {
        "name": "socket",
        "trans": [
            "插座"
        ],
        "usphone": "'sɑkɪt",
        "ukphone": "'sɒkɪt"
    },
    {
        "name": "shaver",
        "trans": [
            "（口）小伙子；电动剃须刀"
        ],
        "usphone": "'ʃevɚ",
        "ukphone": "'ʃeɪvə"
    },
    {
        "name": "Mars",
        "trans": [
            "火星"
        ],
        "usphone": "mɑrz",
        "ukphone": "mɑːz"
    },
    {
        "name": "Venus",
        "trans": [
            "金星"
        ],
        "usphone": "'vinəs",
        "ukphone": "'viːnəs"
    },
    {
        "name": "poisonous",
        "trans": [
            "有毒的"
        ],
        "usphone": "'pɔɪzənəs",
        "ukphone": "'pɒɪzənəs"
    },
    {
        "name": "carbon dioxide",
        "trans": [
            "二氧化碳"
        ],
        "usphone": "",
        "ukphone": ""
    },
    {
        "name": "poison",
        "trans": [
            "毒药；毒物"
        ],
        "usphone": "'pɔɪzn",
        "ukphone": "'pɒɪz(ə)n"
    },
    {
        "name": "canal",
        "trans": [
            "运河"
        ],
        "usphone": "kə'næl",
        "ukphone": "kə'næl"
    },
    {
        "name": "declare",
        "trans": [
            "宣告；宣布"
        ],
        "usphone": "dɪ'klɛr",
        "ukphone": "dɪ'kleə"
    },
    {
        "name": "souvenir",
        "trans": [
            "纪念品"
        ],
        "usphone": ",suvə'nɪr",
        "ukphone": ",suːvə'nɪə"
    },
    {
        "name": "settler",
        "trans": [
            "移民；殖民者"
        ],
        "usphone": "'sɛtlɚ",
        "ukphone": "'setlə"
    },
    {
        "name": "kidney",
        "trans": [
            "肾，肾脏"
        ],
        "usphone": "'kɪdni",
        "ukphone": "'kɪdnɪ"
    },
    {
        "name": "liver",
        "trans": [
            "肝脏"
        ],
        "usphone": "'lɪvɚ",
        "ukphone": "'lɪvə"
    },
    {
        "name": "interval",
        "trans": [
            "间隔；间歇"
        ],
        "usphone": "'ɪntɚvl",
        "ukphone": "'ɪntəv(ə)l"
    },
    {
        "name": "pump",
        "trans": [
            "用泵抽出（注入）"
        ],
        "usphone": "pʌmp",
        "ukphone": "pʌmp"
    },
    {
        "name": "digest",
        "trans": [
            "消化"
        ],
        "usphone": "daɪ'dʒɛst",
        "ukphone": "daɪ'dʒest; dɪ-"
    },
    {
        "name": "mineral",
        "trans": [
            "矿物"
        ],
        "usphone": "'mɪnərəl",
        "ukphone": "'mɪn(ə)r(ə)l"
    },
    {
        "name": "swap",
        "trans": [
            "交换"
        ],
        "usphone": "swɑp",
        "ukphone": "swɒp"
    },
    {
        "name": "hearing",
        "trans": [
            "听觉"
        ],
        "usphone": "'hɪrɪŋ",
        "ukphone": "'hɪərɪŋ"
    },
    {
        "name": "pulse",
        "trans": [
            "脉搏"
        ],
        "usphone": "pʌls",
        "ukphone": "pʌls"
    },
    {
        "name": "track and field",
        "trans": [
            "田径运动"
        ],
        "usphone": "",
        "ukphone": ""
    },
    {
        "name": "enhance",
        "trans": [
            "增强；提高"
        ],
        "usphone": "ɪn'hæns",
        "ukphone": "ɪn'hɑːns; -hæns; en-"
    },
    {
        "name": "performance-enhancing",
        "trans": [
            "增强表现的"
        ],
        "usphone": "",
        "ukphone": ""
    },
    {
        "name": "supreme",
        "trans": [
            "（程度）最大的，极度的"
        ],
        "usphone": "suˈprim",
        "ukphone": "suː'priːm"
    },
    {
        "name": "doping",
        "trans": [
            "服兴奋剂"
        ],
        "usphone": "'dopɪŋ",
        "ukphone": "'dəʊpɪŋ"
    },
    {
        "name": "abuse",
        "trans": [
            "滥用；虐待"
        ],
        "usphone": "ə'bjus",
        "ukphone": "ə'bjuːz"
    },
    {
        "name": "tolerate",
        "trans": [
            "容忍"
        ],
        "usphone": "'tɑləret",
        "ukphone": "'tɒləreɪt"
    },
    {
        "name": "fundamental",
        "trans": [
            "根本的；基础的"
        ],
        "usphone": ",fʌndə'mɛntl",
        "ukphone": "fʌndə'ment(ə)l"
    },
    {
        "name": "doubtful",
        "trans": [
            "怀疑的，不肯定的"
        ],
        "usphone": "'daʊtfəl",
        "ukphone": "'daʊtfʊl; -f(ə)l"
    },
    {
        "name": "seek",
        "trans": [
            "寻找"
        ],
        "usphone": "sik",
        "ukphone": "siːk"
    },
    {
        "name": "annual",
        "trans": [
            "每年的，一年一次的，年度的"
        ],
        "usphone": "'ænjuəl",
        "ukphone": "'ænjʊəl"
    },
    {
        "name": "lame",
        "trans": [
            "站不住脚的，不易令人相信的"
        ],
        "usphone": "lem",
        "ukphone": "leɪm"
    },
    {
        "name": "in vain",
        "trans": [
            "徒然，白费力气"
        ],
        "usphone": "",
        "ukphone": ""
    },
    {
        "name": "compulsory",
        "trans": [
            "强制性的，义务的"
        ],
        "usphone": "kəmˈpʌlsərɪ",
        "ukphone": "kəmˈpʌlsərɪ"
    },
    {
        "name": "at random",
        "trans": [
            "随便地，随意地"
        ],
        "usphone": "",
        "ukphone": ""
    },
    {
        "name": "gene-therapy",
        "trans": [
            "基因疗法"
        ],
        "usphone": "",
        "ukphone": ""
    },
    {
        "name": "threat",
        "trans": [
            "威胁"
        ],
        "usphone": "θrɛt",
        "ukphone": "θret"
    },
    {
        "name": "controversial",
        "trans": [
            "有争议的"
        ],
        "usphone": ",kɑntrə'vɝʃl",
        "ukphone": "kɒntrə'vɜːʃ(ə)l"
    },
    {
        "name": "oppose",
        "trans": [
            "反对"
        ],
        "usphone": "ə'poz",
        "ukphone": "ə'pəʊz"
    },
    {
        "name": "dash",
        "trans": [
            "短跑"
        ],
        "usphone": "dæʃ",
        "ukphone": "dæʃ"
    },
    {
        "name": "marathon",
        "trans": [
            "马拉松赛跑"
        ],
        "usphone": "'mærə,θɑn",
        "ukphone": "'mærəθ(ə)n"
    },
    {
        "name": "contradict",
        "trans": [
            "与（其他事物）相矛盾"
        ],
        "usphone": "'kɑntrə'dɪkt",
        "ukphone": "kɒntrə'dɪkt"
    },
    {
        "name": "violate",
        "trans": [
            "违反，违背"
        ],
        "usphone": "'vaɪəlet",
        "ukphone": "'vaɪəleɪt"
    },
    {
        "name": "at all costs",
        "trans": [
            "不管多大代价，无论如何"
        ],
        "usphone": "",
        "ukphone": ""
    },
    {
        "name": "impulse",
        "trans": [
            "脉冲"
        ],
        "usphone": "'ɪmpʌls",
        "ukphone": "'ɪmpʌls"
    },
    {
        "name": "complicated",
        "trans": [
            "复杂的"
        ],
        "usphone": "'kɑmplɪketɪd",
        "ukphone": "'kɒmplɪkeɪtɪd"
    },
    {
        "name": "miniature",
        "trans": [
            "微型复制品"
        ],
        "usphone": "ˈmɪniətʃɚ; ˈmɪnɪtʃɚ",
        "ukphone": "'mɪnɪtʃə"
    },
    {
        "name": "soundtrack",
        "trans": [
            "声迹"
        ],
        "usphone": "'saʊndtræk",
        "ukphone": "'saʊn(d)træk"
    },
    {
        "name": "interpret",
        "trans": [
            "翻译；解释"
        ],
        "usphone": "ɪn'tɝprɪt",
        "ukphone": "ɪn'tɜːprɪt"
    },
    {
        "name": "identify",
        "trans": [
            "确定；认出，识别"
        ],
        "usphone": "aɪ'dɛntɪfaɪ",
        "ukphone": "aɪ'dentɪfaɪ"
    },
    {
        "name": "emotion",
        "trans": [
            "情感，情绪"
        ],
        "usphone": "ɪ'moʃən",
        "ukphone": "ɪ'məʊʃ(ə)n"
    },
    {
        "name": "privileged",
        "trans": [
            "荣幸的"
        ],
        "usphone": "'prɪvəlɪdʒd",
        "ukphone": "'prɪvəlɪdʒd"
    },
    {
        "name": "cater",
        "trans": [
            "满足；迎合"
        ],
        "usphone": "'ketɚ",
        "ukphone": "'keɪtə"
    },
    {
        "name": "entry",
        "trans": [
            "进入；入学"
        ],
        "usphone": "'ɛntri",
        "ukphone": "ˈentrɪ"
    },
    {
        "name": "ample",
        "trans": [
            "充足的，充裕的"
        ],
        "usphone": "'æmpl",
        "ukphone": "'æmp(ə)l"
    },
    {
        "name": "herb",
        "trans": [
            "草药"
        ],
        "usphone": "ɝb",
        "ukphone": "hɜːb"
    },
    {
        "name": "scan",
        "trans": [
            "扫描"
        ],
        "usphone": "skæn",
        "ukphone": "skæn"
    },
    {
        "name": "treat",
        "trans": [
            "款待"
        ],
        "usphone": "trit",
        "ukphone": "triːt"
    },
    {
        "name": "storage",
        "trans": [
            "储存"
        ],
        "usphone": "'stɔrɪdʒ",
        "ukphone": "'stɔːrɪdʒ"
    },
    {
        "name": "postpone",
        "trans": [
            "推迟，延期"
        ],
        "usphone": "po'spon",
        "ukphone": "pəʊs(t)'pəʊn; pə'spəʊn"
    },
    {
        "name": "straight away",
        "trans": [
            "立刻，马上"
        ],
        "usphone": "",
        "ukphone": ""
    },
    {
        "name": "epidemic",
        "trans": [
            "流行病"
        ],
        "usphone": ",ɛpɪ'dɛmɪk",
        "ukphone": "epɪ'demɪk"
    },
    {
        "name": "cancer",
        "trans": [
            "癌，癌症"
        ],
        "usphone": "'kænsɚ",
        "ukphone": "'kænsə"
    },
    {
        "name": "wipe out",
        "trans": [
            "彻底毁灭"
        ],
        "usphone": "",
        "ukphone": ""
    },
    {
        "name": "urban",
        "trans": [
            "城市的"
        ],
        "usphone": "'ɝbən",
        "ukphone": "'ɜːb(ə)n"
    },
    {
        "name": "rebuild",
        "trans": [
            "重建"
        ],
        "usphone": ",ri'bɪld",
        "ukphone": "riː'bɪld"
    },
    {
        "name": "empire",
        "trans": [
            "帝国"
        ],
        "usphone": "'ɛmpaɪr",
        "ukphone": "'empaɪə"
    },
    {
        "name": "trial",
        "trans": [
            "实验"
        ],
        "usphone": "'traɪəl",
        "ukphone": "'traɪəl"
    },
    {
        "name": "prohibit",
        "trans": [
            "禁止"
        ],
        "usphone": "prə'hɪbɪt",
        "ukphone": "prə(ʊ)'hɪbɪt"
    },
    {
        "name": "unite",
        "trans": [
            "联合；团结;统一"
        ],
        "usphone": "ju'naɪt",
        "ukphone": "juː'naɪt"
    },
    {
        "name": "pause",
        "trans": [
            "停顿；暂停"
        ],
        "usphone": "pɔz",
        "ukphone": "pɔːz"
    },
    {
        "name": "acute",
        "trans": [
            "严重的；剧烈的"
        ],
        "usphone": "ə'kjut",
        "ukphone": "ə'kjuːt"
    },
    {
        "name": "statistics",
        "trans": [
            "统计资料；统计数字"
        ],
        "usphone": "stə'tɪstɪks",
        "ukphone": "stə'tɪstɪks"
    },
    {
        "name": "symptom",
        "trans": [
            "症状"
        ],
        "usphone": "'sɪmptəm",
        "ukphone": "'sɪm(p)təm"
    },
    {
        "name": "routine",
        "trans": [
            "常规；惯例"
        ],
        "usphone": "rʊ'tin",
        "ukphone": "ruː'tiːn"
    },
    {
        "name": "press.",
        "trans": [
            "新闻界；报界"
        ],
        "usphone": "prɛs",
        "ukphone": "pres"
    },
    {
        "name": "parallel",
        "trans": [
            "极相似之处；平行线"
        ],
        "usphone": "'pærəlɛl",
        "ukphone": "'pærəlel"
    },
    {
        "name": "tissue",
        "trans": [
            "组织"
        ],
        "usphone": "'tɪʃu",
        "ukphone": "'tɪʃuː; 'tɪsjuː"
    },
    {
        "name": "adaptation",
        "trans": [
            "变化；变种"
        ],
        "usphone": ",ædæp'teʃən",
        "ukphone": "ædəp'teɪʃ(ə)n"
    },
    {
        "name": "foresee",
        "trans": [
            "预见"
        ],
        "usphone": "fɔr'si",
        "ukphone": "fɔː'siː"
    },
    {
        "name": "mourn",
        "trans": [
            "感到悲痛；表示哀悼"
        ],
        "usphone": "mɔrn",
        "ukphone": "mɔːn"
    },
    {
        "name": "carrier",
        "trans": [
            "带菌者"
        ],
        "usphone": "'kærɪɚ",
        "ukphone": "'kærɪə"
    },
    {
        "name": "prescription",
        "trans": [
            "处方"
        ],
        "usphone": "prɪ'skrɪpʃən",
        "ukphone": "prɪ'skrɪpʃ(ə)n"
    },
    {
        "name": "tablet",
        "trans": [
            "药片"
        ],
        "usphone": "ˈtæblɪt",
        "ukphone": "'tæblɪt"
    },
    {
        "name": "underline",
        "trans": [
            "表明重要性；强调"
        ],
        "usphone": "'ʌndəlaɪn",
        "ukphone": "ʌndə'laɪn"
    },
    {
        "name": "thorough",
        "trans": [
            "彻底的；细致的"
        ],
        "usphone": "ˈθʌrəʊ; θʌro",
        "ukphone": "'θʌrə"
    },
    {
        "name": "systematic",
        "trans": [
            "系统化的"
        ],
        "usphone": "'sɪstə'mætɪk",
        "ukphone": "sɪstə'mætɪk"
    },
    {
        "name": "teamwork",
        "trans": [
            "协作；配合"
        ],
        "usphone": "'timwɝk",
        "ukphone": "'tiːmwɜːk"
    },
    {
        "name": "faith",
        "trans": [
            "信心"
        ],
        "usphone": "feθ",
        "ukphone": "feɪθ"
    },
    {
        "name": "stop sth.in its tracks",
        "trans": [
            "终止；消灭"
        ],
        "usphone": "",
        "ukphone": ""
    },
    {
        "name": "pill",
        "trans": [
            "药丸，药片"
        ],
        "usphone": "pɪl",
        "ukphone": "pɪl"
    },
    {
        "name": "coma",
        "trans": [
            "（因严重疾病或重伤引起的）昏迷"
        ],
        "usphone": "'komə",
        "ukphone": "'kəʊmə"
    },
    {
        "name": "weekly",
        "trans": [
            "每周一次的"
        ],
        "usphone": "'wikli",
        "ukphone": "'wiːklɪ"
    },
    {
        "name": "temporary",
        "trans": [
            "临时的；短暂的"
        ],
        "usphone": "ˈtempəreri",
        "ukphone": "ˈtɛmp(ə)rəri"
    },
    {
        "name": "numb",
        "trans": [
            "（思维、感觉、反应）麻木的"
        ],
        "usphone": "nʌm",
        "ukphone": "nʌm"
    },
    {
        "name": "sacred",
        "trans": [
            "神圣的"
        ],
        "usphone": "'sekrɪd",
        "ukphone": "'seɪkrɪd"
    },
    {
        "name": "rob",
        "trans": [
            "使丧失；抢劫"
        ],
        "usphone": "rɑb",
        "ukphone": "rɒb"
    },
    {
        "name": "terminal",
        "trans": [
            "致命的；晚期的"
        ],
        "usphone": "tɝ​mənl",
        "ukphone": "'tɜːmɪn(ə)l"
    },
    {
        "name": "helmet",
        "trans": [
            "头盔；防护帽"
        ],
        "usphone": "'hɛlmɪt",
        "ukphone": "'helmɪt"
    },
    {
        "name": "decline",
        "trans": [
            "下降"
        ],
        "usphone": "dɪ'klaɪn",
        "ukphone": "dɪ'klaɪn"
    },
    {
        "name": "minimum",
        "trans": [
            "最低；最小"
        ],
        "usphone": "'mɪnɪməm",
        "ukphone": "'mɪnɪməm"
    },
    {
        "name": "institution",
        "trans": [
            "团体；公共机构"
        ],
        "usphone": ",ɪnstɪ'tuʃən",
        "ukphone": "ɪnstɪ'tjuːʃ(ə)n"
    },
    {
        "name": "unconditionally",
        "trans": [
            "无条件地"
        ],
        "usphone": ",ʌnkən'diʃənəli",
        "ukphone": ""
    },
    {
        "name": "tentatively",
        "trans": [
            "不完全地"
        ],
        "usphone": "'tɛntətɪvli",
        "ukphone": "'tentətivli"
    },
    {
        "name": "equip",
        "trans": [
            "使有准备"
        ],
        "usphone": "ɪ'kwɪp",
        "ukphone": "ɪ'kwɪp"
    },
    {
        "name": "firm",
        "trans": [
            "商行，公司"
        ],
        "usphone": "fɝm",
        "ukphone": "fɜːm"
    },
    {
        "name": "fortune",
        "trans": [
            "大笔钱财,巨款"
        ],
        "usphone": "'fɔrtʃən",
        "ukphone": "'fɔːtʃuːn; -tʃ(ə)n"
    },
    {
        "name": "reverse",
        "trans": [
            "颠倒；改变"
        ],
        "usphone": "rɪ'vɝs",
        "ukphone": "rɪ'vɜːs"
    },
    {
        "name": "rate",
        "trans": [
            "比率"
        ],
        "usphone": "ret",
        "ukphone": "reɪt"
    },
    {
        "name": "enquiry",
        "trans": [
            "询问"
        ],
        "usphone": "ɛnˈkwaɪri, ˈɛnkwəri",
        "ukphone": "ɪn'kwaɪrɪ"
    },
    {
        "name": "deadline",
        "trans": [
            "截止日期，最后日期"
        ],
        "usphone": "ˈdedlaɪn",
        "ukphone": "'dedlaɪn"
    },
    {
        "name": "submit",
        "trans": [
            "提交"
        ],
        "usphone": "səb'mɪt",
        "ukphone": "səb'mɪt"
    },
    {
        "name": "appendix",
        "trans": [
            "附录"
        ],
        "usphone": "ə'pɛndɪks",
        "ukphone": "ə'pendɪks"
    },
    {
        "name": "extension",
        "trans": [
            "延期"
        ],
        "usphone": "ɪk'stɛnʃən",
        "ukphone": "ɪk'stenʃ(ə)n; ek-"
    },
    {
        "name": "tractor",
        "trans": [
            "拖拉机"
        ],
        "usphone": "'træktɚ",
        "ukphone": "'træktə"
    },
    {
        "name": "jealous",
        "trans": [
            "嫉妒的"
        ],
        "usphone": "'dʒɛləs",
        "ukphone": "'dʒeləs"
    },
    {
        "name": "spade",
        "trans": [
            "铲；锹"
        ],
        "usphone": "sped",
        "ukphone": "speɪd"
    },
    {
        "name": "aluminum",
        "trans": [
            "铝"
        ],
        "usphone": "ə'lʊmɪnəm",
        "ukphone": "ˌæljʊˈmɪnɪəm"
    },
    {
        "name": "tin",
        "trans": [
            "罐"
        ],
        "usphone": "tɪn",
        "ukphone": "tɪn"
    },
    {
        "name": "concern",
        "trans": [
            "担心；担忧"
        ],
        "usphone": "kən'sɝn",
        "ukphone": "kən'sɜːn"
    },
    {
        "name": "vote",
        "trans": [
            "表决"
        ],
        "usphone": "vot; voʊt",
        "ukphone": "vəʊt"
    },
    {
        "name": "sceptical",
        "trans": [
            "怀疑的"
        ],
        "usphone": "'skeptikəl",
        "ukphone": "'skeptɪk(ə)l"
    },
    {
        "name": "belly",
        "trans": [
            "肚子；腹部"
        ],
        "usphone": "'bɛli",
        "ukphone": "'belɪ"
    },
    {
        "name": "absurd",
        "trans": [
            "不合理的；荒谬的"
        ],
        "usphone": "əbˈsɝ​d",
        "ukphone": "əb'sɜːd"
    },
    {
        "name": "circumstance",
        "trans": [
            "情形；情况"
        ],
        "usphone": "ˈsɝ​kəmˌstəns",
        "ukphone": "ˈsɜ:kəmstəns"
    }
]