[
    {
        "name": "participate",
        "trans": [
            "参加"
        ],
        "usphone": "pɑr'tɪsə'peɪt",
        "ukphone": "pɑː'tɪsɪpeɪt"
    },
    {
        "name": "fill out",
        "trans": [
            "填写"
        ],
        "usphone": "",
        "ukphone": ""
    },
    {
        "name": "evaluate",
        "trans": [
            "评估，评价"
        ],
        "usphone": "ɪ'væljʊ'et",
        "ukphone": "ɪ'væljʊeɪt"
    },
    {
        "name": "arrange",
        "trans": [
            "安排，准备"
        ],
        "usphone": "ə'reɪn(d)ʒ",
        "ukphone": "ə'rendʒ"
    },
    {
        "name": "chimpanzee",
        "trans": [
            "黑猩猩"
        ],
        "usphone": ",tʃɪmpæn'zi",
        "ukphone": "tʃɪmpæn'ziː"
    },
    {
        "name": "dolphin",
        "trans": [
            "海豚"
        ],
        "usphone": "'dɑlfɪn",
        "ukphone": "'dɒlfɪn"
    },
    {
        "name": "sign",
        "trans": [
            "手势，符号"
        ],
        "usphone": "saɪn",
        "ukphone": "saɪn"
    },
    {
        "name": "hunt",
        "trans": [
            "打猎，猎杀"
        ],
        "usphone": "hʌnt",
        "ukphone": "hʌnt"
    },
    {
        "name": "actor",
        "trans": [
            "演员"
        ],
        "usphone": "'æktɚ",
        "ukphone": "'æktə"
    },
    {
        "name": "actress",
        "trans": [
            "女演员"
        ],
        "usphone": "'æktrɪs",
        "ukphone": "'æktrɪs"
    },
    {
        "name": "writer",
        "trans": [
            "作者，作家"
        ],
        "usphone": "'raɪtɚ",
        "ukphone": "'raɪtə"
    },
    {
        "name": "collection",
        "trans": [
            "收集，收取"
        ],
        "usphone": "kə'lɛkʃən",
        "ukphone": "kə'lekʃ(ə)n"
    },
    {
        "name": "boxing",
        "trans": [
            "拳击运动"
        ],
        "usphone": "'bɑksɪŋ",
        "ukphone": "'bɒksɪŋ"
    },
    {
        "name": "ski",
        "trans": [
            "滑雪"
        ],
        "usphone": "ski",
        "ukphone": "skiː"
    },
    {
        "name": "water skiing",
        "trans": [
            "滑水"
        ],
        "usphone": "",
        "ukphone": ""
    },
    {
        "name": "windsurfing",
        "trans": [
            "风帆滑浪"
        ],
        "usphone": "'wɪndsɝfɪŋ",
        "ukphone": "'wɪn(d)sɜːfɪŋ"
    },
    {
        "name": "frightening",
        "trans": [
            "令人惊恐的，骇人的"
        ],
        "usphone": "'fraɪtnɪŋ",
        "ukphone": "'fraɪt(ə)nɪŋ; 'fraɪtnɪŋ"
    },
    {
        "name": "underwater",
        "trans": [
            "在水下，供水下用的"
        ],
        "usphone": ",ʌndɚ'wɔtɚ",
        "ukphone": "ʌndə'wɔːtə"
    },
    {
        "name": "spirit",
        "trans": [
            "精神"
        ],
        "usphone": "'spɪrɪt",
        "ukphone": "'spɪrɪt"
    },
    {
        "name": "explorer",
        "trans": [
            "探险家"
        ],
        "usphone": "ɪk'splɔrɚ",
        "ukphone": "ek'splɔːrə(r)"
    },
    {
        "name": "sailor",
        "trans": [
            "水手，海员"
        ],
        "usphone": "'selɚ",
        "ukphone": "'seɪlə"
    },
    {
        "name": "Viking",
        "trans": [
            "维京人，北欧海盗"
        ],
        "usphone": "",
        "ukphone": ""
    },
    {
        "name": "voyage",
        "trans": [
            "航海；航空"
        ],
        "usphone": "'vɔɪɪdʒ",
        "ukphone": "'vɒɪɪdʒ"
    },
    {
        "name": "ancestor",
        "trans": [
            "祖先，祖宗"
        ],
        "usphone": "'ænsɛstɚ",
        "ukphone": "'ænsestə"
    },
    {
        "name": "set sail",
        "trans": [
            "启航"
        ],
        "usphone": "",
        "ukphone": ""
    },
    {
        "name": "AD",
        "trans": [
            "公元"
        ],
        "usphone": "",
        "ukphone": ""
    },
    {
        "name": "further",
        "trans": [
            "更远，较远"
        ],
        "usphone": "'fɝðɚ",
        "ukphone": "'fɜːðə"
    },
    {
        "name": "according to",
        "trans": [
            "根据，依照"
        ],
        "usphone": "",
        "ukphone": ""
    },
    {
        "name": "get into trouble",
        "trans": [
            "陷入麻烦，陷入困境"
        ],
        "usphone": "",
        "ukphone": ""
    },
    {
        "name": "persuade",
        "trans": [
            "说服，劝服"
        ],
        "usphone": "pɚ'swed",
        "ukphone": "pə'sweɪd"
    },
    {
        "name": "make it to",
        "trans": [
            "到达"
        ],
        "usphone": "",
        "ukphone": ""
    },
    {
        "name": "in search of",
        "trans": [
            "寻找，寻求"
        ],
        "usphone": "",
        "ukphone": ""
    },
    {
        "name": "unknown",
        "trans": [
            "不知道的，未知的"
        ],
        "usphone": ",ʌn'non",
        "ukphone": "ʌn'nəʊn"
    },
    {
        "name": "eventually",
        "trans": [
            "最终，终于"
        ],
        "usphone": "ɪ'vɛntʃuəli",
        "ukphone": "ɪ'ventʃʊəlɪ"
    },
    {
        "name": "present-day",
        "trans": [
            "当今的，现代的"
        ],
        "usphone": "'prezənt'dei",
        "ukphone": "'prezənt'dei"
    },
    {
        "name": "deed",
        "trans": [
            "行为，行动"
        ],
        "usphone": "did",
        "ukphone": "diːd"
    },
    {
        "name": "journey",
        "trans": [
            "旅行，旅程"
        ],
        "usphone": "ˈdʒɝ​nɪ",
        "ukphone": "'dʒɜːnɪ"
    },
    {
        "name": "lecture",
        "trans": [
            "讲授，演讲"
        ],
        "usphone": "'lɛktʃɚ",
        "ukphone": "'lektʃə"
    },
    {
        "name": "brake",
        "trans": [
            "制动器，刹车"
        ],
        "usphone": "brek",
        "ukphone": "breɪk"
    },
    {
        "name": "apologise",
        "trans": [
            "道歉"
        ],
        "usphone": "ə'pɔlədʒaɪz",
        "ukphone": "ə'pɒlədʒaɪz"
    },
    {
        "name": "the Antarctic",
        "trans": [
            "南极洲"
        ],
        "usphone": "",
        "ukphone": ""
    },
    {
        "name": "pollute",
        "trans": [
            "使污染"
        ],
        "usphone": "pə'lut",
        "ukphone": "pə'luːt"
    },
    {
        "name": "pollution",
        "trans": [
            "污染"
        ],
        "usphone": "pə'luʃən",
        "ukphone": "pə'luːʃ(ə)n"
    },
    {
        "name": "over-fishing",
        "trans": [
            "过度捕捞"
        ],
        "usphone": "",
        "ukphone": ""
    },
    {
        "name": "industrial",
        "trans": [
            "工业的"
        ],
        "usphone": "ɪn'dʌstrɪəl",
        "ukphone": "ɪn'dʌstrɪəl"
    },
    {
        "name": "agricultural",
        "trans": [
            "农业的"
        ],
        "usphone": ",ægrɪ'kʌltʃərəl",
        "ukphone": "æɡrɪ'kʌltʃərəl"
    },
    {
        "name": "chemical",
        "trans": [
            "化学物"
        ],
        "usphone": "'kɛmɪkl",
        "ukphone": "'kemɪk(ə)l"
    },
    {
        "name": "ban",
        "trans": [
            "禁止"
        ],
        "usphone": "bæn",
        "ukphone": "bæn"
    },
    {
        "name": "altogether",
        "trans": [
            "完全"
        ],
        "usphone": ",ɔltə'ɡɛðɚ",
        "ukphone": "ɔːltə'geðə; ɒl-"
    },
    {
        "name": "handle",
        "trans": [
            "对付；处理"
        ],
        "usphone": "'hændl",
        "ukphone": "'hænd(ə)l"
    },
    {
        "name": "department",
        "trans": [
            "部，系，局，部门"
        ],
        "usphone": "dɪ'pɑrtmənt",
        "ukphone": "dɪ'pɑːtm(ə)nt"
    },
    {
        "name": "make a living",
        "trans": [
            "谋生"
        ],
        "usphone": "",
        "ukphone": ""
    },
    {
        "name": "solution",
        "trans": [
            "解决办法；答案"
        ],
        "usphone": "sə'luʃən",
        "ukphone": "sə'luːʃ(ə)n"
    },
    {
        "name": "port",
        "trans": [
            "港口，海港"
        ],
        "usphone": "pɔrt",
        "ukphone": "pɔːt"
    },
    {
        "name": "present",
        "trans": [
            "演示；讲演"
        ],
        "usphone": "prɪˈzɛnt;(for n.)ˈprɛznt",
        "ukphone": "prɪˈzent;(for n.)ˈpreznt"
    },
    {
        "name": "intelligence",
        "trans": [
            "智力，理解力"
        ],
        "usphone": "ɪn'tɛlɪdʒəns",
        "ukphone": "ɪn'telɪdʒ(ə)ns"
    },
    {
        "name": "intelligent",
        "trans": [
            "有灵性的；聪明的"
        ],
        "usphone": "ɪn'tɛlɪdʒənt",
        "ukphone": "ɪn'telɪdʒ(ə)nt"
    },
    {
        "name": "Iceberg",
        "trans": [
            "冰山，浮冰"
        ],
        "usphone": "'aɪs'bɝg",
        "ukphone": "'aɪsbɜːg"
    },
    {
        "name": "seal",
        "trans": [
            "海豹"
        ],
        "usphone": "sil",
        "ukphone": "sil"
    },
    {
        "name": "energetic",
        "trans": [
            "有活力的"
        ],
        "usphone": ",ɛnɚ'dʒɛtɪk",
        "ukphone": ",enə'dʒetɪk"
    },
    {
        "name": "penguin",
        "trans": [
            "企鹅"
        ],
        "usphone": "'pɛŋɡwɪn",
        "ukphone": "'peŋgwɪn"
    },
    {
        "name": "coral",
        "trans": [
            "珊瑚"
        ],
        "usphone": "'kɔrəl",
        "ukphone": "'kɒr(ə)l"
    },
    {
        "name": "discovery",
        "trans": [
            "发现"
        ],
        "usphone": "dɪ'skʌvəri",
        "ukphone": "dɪ'skʌv(ə)rɪ"
    },
    {
        "name": "crab",
        "trans": [
            "蟹"
        ],
        "usphone": "kræb",
        "ukphone": "kræb"
    },
    {
        "name": "educate",
        "trans": [
            "教育"
        ],
        "usphone": "'ɛdʒuket",
        "ukphone": "'edjʊkeɪt"
    },
    {
        "name": "up-to-date",
        "trans": [
            "最新的；现代的"
        ],
        "usphone": "'ʌptə 'det",
        "ukphone": ",ʌp tə 'deɪt"
    },
    {
        "name": "attraction",
        "trans": [
            "吸引人的地方"
        ],
        "usphone": "ə'trækʃən",
        "ukphone": "ə'trækʃ(ə)n"
    },
    {
        "name": "attract",
        "trans": [
            "吸引"
        ],
        "usphone": "ə'trækt",
        "ukphone": "ə'trækt"
    },
    {
        "name": "watch out",
        "trans": [
            "注意"
        ],
        "usphone": "",
        "ukphone": ""
    },
    {
        "name": "shark",
        "trans": [
            "鲨鱼"
        ],
        "usphone": "ʃɑrk",
        "ukphone": "ʃɑːk"
    },
    {
        "name": "discount",
        "trans": [
            "折扣，减价"
        ],
        "usphone": "dɪs'kaʊnt",
        "ukphone": "'dɪskaʊnt"
    },
    {
        "name": "trick",
        "trans": [
            "戏法，把戏"
        ],
        "usphone": "trɪk",
        "ukphone": "trɪk"
    },
    {
        "name": "melt",
        "trans": [
            "融化，熔化"
        ],
        "usphone": "mɛlt",
        "ukphone": "melt"
    },
    {
        "name": "measure",
        "trans": [
            "(长度、数量)为；测量"
        ],
        "usphone": "'mɛʒɚ",
        "ukphone": "'meʒə"
    },
    {
        "name": "length",
        "trans": [
            "长度，长"
        ],
        "usphone": "lɛŋθ",
        "ukphone": "leŋθ"
    },
    {
        "name": "schoolboy",
        "trans": [
            "男生"
        ],
        "usphone": "'skulbɔɪ",
        "ukphone": "'skuːlbɒɪ"
    },
    {
        "name": "centimetre",
        "trans": [
            "厘米"
        ],
        "usphone": "'sɛntɪmitɚ",
        "ukphone": "'sentɪmiːtə"
    },
    {
        "name": "barrel",
        "trans": [
            "圆桶"
        ],
        "usphone": "'bærəl",
        "ukphone": "'bær(ə)l"
    },
    {
        "name": "whirlpool",
        "trans": [
            "漩涡"
        ],
        "usphone": "'wɝlpul",
        "ukphone": "'wɜːlpuːl"
    },
    {
        "name": "horrible",
        "trans": [
            "可怕的；令人厌恶的"
        ],
        "usphone": "ˈhɔrəbəl",
        "ukphone": "'hɒrəb(ə)l"
    },
    {
        "name": "float",
        "trans": [
            "漂，浮"
        ],
        "usphone": "flot",
        "ukphone": "fləʊt"
    },
    {
        "name": "terrify",
        "trans": [
            "令人感到恐惧"
        ],
        "usphone": "ˈtɛrəˌfaɪ",
        "ukphone": "'terɪfaɪ"
    },
    {
        "name": "escape",
        "trans": [
            "逃脱，逃跑"
        ],
        "usphone": "ɪˈskep",
        "ukphone": "ɪ'skeɪp; e-"
    },
    {
        "name": "terror",
        "trans": [
            "恐怖，恐惧"
        ],
        "usphone": "'tɛrɚ",
        "ukphone": "'terə"
    },
    {
        "name": "soul",
        "trans": [
            "灵魂"
        ],
        "usphone": "sol",
        "ukphone": "səʊl"
    },
    {
        "name": "survive",
        "trans": [
            "幸存，生存下来"
        ],
        "usphone": "sɚ'vaɪv",
        "ukphone": "sə'vaɪv"
    },
    {
        "name": "all at once",
        "trans": [
            "突然，忽然"
        ],
        "usphone": "",
        "ukphone": ""
    },
    {
        "name": "recover",
        "trans": [
            "恢复正常；康复"
        ],
        "usphone": "rɪ'kʌvɚ",
        "ukphone": "rɪ'kʌvə"
    },
    {
        "name": "scream",
        "trans": [
            "(因恐惧、疼痛、兴奋等)尖声大叫"
        ],
        "usphone": "skrim",
        "ukphone": "skriːm"
    },
    {
        "name": "sink",
        "trans": [
            "(sank，sank)下沉；沉没"
        ],
        "usphone": "sɪŋk",
        "ukphone": "sɪŋk"
    },
    {
        "name": "pick up",
        "trans": [
            "取，接载"
        ],
        "usphone": "",
        "ukphone": ""
    },
    {
        "name": "unable",
        "trans": [
            "不能的，不会的"
        ],
        "usphone": "ʌn'ebl",
        "ukphone": "ʌn'eɪb(ə)l"
    },
    {
        "name": "recognise",
        "trans": [
            "辨认出"
        ],
        "usphone": "",
        "ukphone": "'rekəɡnaɪz"
    },
    {
        "name": "Oceania",
        "trans": [
            "大洋洲"
        ],
        "usphone": ",oʃɪ'ænɪə",
        "ukphone": ",əʊsɪ'ɑːnɪə; -ʃɪ-"
    },
    {
        "name": "opposite",
        "trans": [
            "对立的人(物)；反义词"
        ],
        "usphone": "ˈɑpəzɪt; ˈɑpəsɪt",
        "ukphone": "'ɒpəzɪt; -sɪt"
    },
    {
        "name": "net",
        "trans": [
            "网"
        ],
        "usphone": "nɛt",
        "ukphone": "net"
    },
    {
        "name": "leak",
        "trans": [
            "渗漏；泄漏"
        ],
        "usphone": "lik",
        "ukphone": "liːk"
    },
    {
        "name": "stadium",
        "trans": [
            "运动场，体育场"
        ],
        "usphone": "'stedɪəm",
        "ukphone": "'steɪdɪəm"
    },
    {
        "name": "debate",
        "trans": [
            "辩论，争论"
        ],
        "usphone": "dɪ'bet",
        "ukphone": "dɪ'beɪt"
    },
    {
        "name": "local",
        "trans": [
            "当地的，地方性的"
        ],
        "usphone": "ˈloʊkl",
        "ukphone": "'ləʊk(ə)l"
    },
    {
        "name": "shopkeeper",
        "trans": [
            "店主，店东"
        ],
        "usphone": "'ʃɑp'kipɚ",
        "ukphone": "'ʃɒpkiːpə"
    },
    {
        "name": "bay",
        "trans": [
            "海湾，湾"
        ],
        "usphone": "be",
        "ukphone": "beɪ"
    },
    {
        "name": "wildlife",
        "trans": [
            "野生生物"
        ],
        "usphone": "'waɪldlaɪf",
        "ukphone": "'waɪl(d)laɪf"
    },
    {
        "name": "disagree",
        "trans": [
            "不同意，意见不合"
        ],
        "usphone": ",dɪsə'ɡri",
        "ukphone": "dɪsə'griː"
    },
    {
        "name": "adventure",
        "trans": [
            "奇遇，冒险的经历"
        ],
        "usphone": "əd'vɛntʃɚ",
        "ukphone": "əd'ventʃə"
    },
    {
        "name": "desert",
        "trans": [
            "沙漠，荒原",
            "抛弃，遗弃"
        ],
        "usphone": "(for v.) dɪˈzɝ​t; (for n.) 'dɛzɚt",
        "ukphone": "(for v.) dɪ'zɜːt; (for n.) 'dezət"
    },
    {
        "name": "canoe",
        "trans": [
            "乘独木舟",
            "独木舟"
        ],
        "usphone": "kə'nu",
        "ukphone": "kə'nuː"
    },
    {
        "name": "safari",
        "trans": [
            "(尤指在东非或中非的)游猎，探险旅行"
        ],
        "usphone": "sə'fɑri",
        "ukphone": "sə'fɑːrɪ"
    },
    {
        "name": "hike",
        "trans": [
            "徒步旅行，远足"
        ],
        "usphone": "haɪk",
        "ukphone": "haɪk"
    },
    {
        "name": "take off",
        "trans": [
            "起飞"
        ],
        "usphone": "",
        "ukphone": ""
    },
    {
        "name": "presenter",
        "trans": [
            "节目主持人"
        ],
        "usphone": "prɪ'zɛntɚ",
        "ukphone": "prɪ'zentə"
    },
    {
        "name": "major",
        "trans": [
            "较重要的；较严重的"
        ],
        "usphone": "'medʒɚ",
        "ukphone": "'meɪdʒə"
    },
    {
        "name": "wild",
        "trans": [
            "野生的；狂热的"
        ],
        "usphone": "waɪld",
        "ukphone": "waɪld"
    },
    {
        "name": "tiring",
        "trans": [
            "令人疲劳的"
        ],
        "usphone": "'taɪərɪŋ",
        "ukphone": "'taɪərɪŋ"
    },
    {
        "name": "raft",
        "trans": [
            "木排，木筏"
        ],
        "usphone": "ræft",
        "ukphone": "rɑːft"
    },
    {
        "name": "extra",
        "trans": [
            "特别的；额外的"
        ],
        "usphone": "'ɛkstrə",
        "ukphone": "'ekstrə"
    },
    {
        "name": "optional",
        "trans": [
            "可选择的，非强制的"
        ],
        "usphone": "'ɑpʃənl",
        "ukphone": "'ɒpʃ(ə)n(ə)l"
    },
    {
        "name": "horizon",
        "trans": [
            "地平线"
        ],
        "usphone": "hə'raɪzn",
        "ukphone": "hə'raɪz(ə)n"
    },
    {
        "name": "organization",
        "trans": [
            "团体，组织，机构"
        ],
        "usphone": ",ɔrɡənə'zeʃən",
        "ukphone": "ˌɔːɡənaɪ'zeɪʃn"
    },
    {
        "name": "uncomfortable",
        "trans": [
            "不舒服的，不自在的"
        ],
        "usphone": "ʌn'kʌmftəbl",
        "ukphone": "ʌn'kʌmf(ə)təb(ə)l"
    },
    {
        "name": "route",
        "trans": [
            "路程，路线"
        ],
        "usphone": "ruːt",
        "ukphone": "ruːt"
    },
    {
        "name": "porter",
        "trans": [
            "行李搬运工"
        ],
        "usphone": "'pɔrtɚ",
        "ukphone": "'pɔːtə"
    },
    {
        "name": "luggage",
        "trans": [
            "行李"
        ],
        "usphone": "'lʌɡɪdʒ",
        "ukphone": "'lʌgɪdʒ"
    },
    {
        "name": "accommodation",
        "trans": [
            "住所，住处"
        ],
        "usphone": "ə,kɑmə'deʃən",
        "ukphone": "əkɒmə'deɪʃ(ə)n"
    },
    {
        "name": "hostel",
        "trans": [
            "旅社，招待所"
        ],
        "usphone": "'hɑstl",
        "ukphone": "'hɒst(ə)l"
    },
    {
        "name": "maximum",
        "trans": [
            "最大的，最多的"
        ],
        "usphone": "ˈmæksəməm",
        "ukphone": "'mæksɪməm"
    },
    {
        "name": "altitude",
        "trans": [
            "高度，海拔"
        ],
        "usphone": "'æltɪtud",
        "ukphone": "'æltɪtjuːd"
    },
    {
        "name": "right now",
        "trans": [
            "就在此刻"
        ],
        "usphone": "",
        "ukphone": ""
    },
    {
        "name": "differ",
        "trans": [
            "不同于，有区别"
        ],
        "usphone": "'dɪfɚ",
        "ukphone": "'dɪfə"
    },
    {
        "name": "footprint",
        "trans": [
            "脚印，足迹"
        ],
        "usphone": "'fʊtprɪnt",
        "ukphone": "'fʊtprɪnt"
    },
    {
        "name": "anxious",
        "trans": [
            "忧虑的，担心的"
        ],
        "usphone": "'æŋkʃəs",
        "ukphone": "'æŋ(k)ʃəs"
    },
    {
        "name": "extreme",
        "trans": [
            "极度的，极端的"
        ],
        "usphone": "ɪk'strim",
        "ukphone": "ɪk'striːm; ek-"
    },
    {
        "name": "bungee jumping",
        "trans": [
            "蹦极"
        ],
        "usphone": "",
        "ukphone": ""
    },
    {
        "name": "snowboarding",
        "trans": [
            "单板滑雪"
        ],
        "usphone": "'snobɔrdɪŋ",
        "ukphone": ""
    },
    {
        "name": "snow rafting",
        "trans": [
            "动力雪橇滑降"
        ],
        "usphone": "",
        "ukphone": ""
    },
    {
        "name": "in order to do something",
        "trans": [
            "目的是，以便"
        ],
        "usphone": "",
        "ukphone": ""
    },
    {
        "name": "gymnastics",
        "trans": [
            "体操，体操训练"
        ],
        "usphone": "dʒɪm'næstɪks",
        "ukphone": "dʒɪm'næstɪks"
    },
    {
        "name": "similarity",
        "trans": [
            "相似性，类似性"
        ],
        "usphone": ",sɪmə'lærəti",
        "ukphone": "sɪmə'lærətɪ"
    },
    {
        "name": "upside down",
        "trans": [
            "颠倒地，倒置地"
        ],
        "usphone": "",
        "ukphone": ""
    },
    {
        "name": "exactly",
        "trans": [
            "确切地，精确地；确实如此"
        ],
        "usphone": "ɪɡ'zæktli",
        "ukphone": "ɪg'zæk(t)lɪ"
    },
    {
        "name": "risk",
        "trans": [
            "冒……的危险；冒险做"
        ],
        "usphone": "rɪsk",
        "ukphone": "rɪsk"
    },
    {
        "name": "excitement",
        "trans": [
            "兴奋，激动"
        ],
        "usphone": "ɪk'saɪtmənt",
        "ukphone": "ɪk'saɪtmənt"
    },
    {
        "name": "various",
        "trans": [
            "不同的，各种各样的"
        ],
        "usphone": "'vɛrɪəs",
        "ukphone": "'veərɪəs"
    },
    {
        "name": "flow",
        "trans": [
            "流动，涌出"
        ],
        "usphone": "flo",
        "ukphone": "fləʊ"
    },
    {
        "name": "equipment",
        "trans": [
            "配备，设备"
        ],
        "usphone": "ɪ'kwɪpmənt",
        "ukphone": "ɪ'kwɪpm(ə)nt"
    },
    {
        "name": "dull",
        "trans": [
            "枯燥无味的；暗淡的；迟钝的"
        ],
        "usphone": "dʌl",
        "ukphone": "dʌl"
    },
    {
        "name": "preference",
        "trans": [
            "较喜欢的东西，偏爱"
        ],
        "usphone": "'prɛfrəns",
        "ukphone": "'pref(ə)r(ə)ns"
    },
    {
        "name": "turn up",
        "trans": [
            "出现，到场"
        ],
        "usphone": "",
        "ukphone": ""
    },
    {
        "name": "back out",
        "trans": [
            "决定不履行(允诺的事)"
        ],
        "usphone": "",
        "ukphone": ""
    },
    {
        "name": "get across",
        "trans": [
            "使理解(某事)"
        ],
        "usphone": "",
        "ukphone": ""
    },
    {
        "name": "jog",
        "trans": [
            "慢跑"
        ],
        "usphone": "dʒɑɡ",
        "ukphone": "dʒɒg"
    },
    {
        "name": "traveller",
        "trans": [
            "旅行者，旅客"
        ],
        "usphone": "'trævəlɚ",
        "ukphone": "'træv(ə)lə"
    },
    {
        "name": "emperor",
        "trans": [
            "皇帝"
        ],
        "usphone": "'ɛmpərɚ",
        "ukphone": "ˈempərə(r)"
    },
    {
        "name": "court",
        "trans": [
            "宫廷；法庭"
        ],
        "usphone": "kɔrt",
        "ukphone": "kɔːt"
    },
    {
        "name": "in turn",
        "trans": [
            "轮流"
        ],
        "usphone": "",
        "ukphone": ""
    },
    {
        "name": "amaze",
        "trans": [
            "使惊愕(惊奇)"
        ],
        "usphone": "ə'mez",
        "ukphone": "ə'meɪz"
    },
    {
        "name": "goods",
        "trans": [
            "商品，物品"
        ],
        "usphone": "ɡʊdz",
        "ukphone": "ɡʊdz"
    },
    {
        "name": "confuse",
        "trans": [
            "使困惑"
        ],
        "usphone": "kən'fjʊz",
        "ukphone": "kən'fjuːz"
    },
    {
        "name": "fuel",
        "trans": [
            "燃料"
        ],
        "usphone": "'fjuəl",
        "ukphone": "fjʊəl"
    },
    {
        "name": "wealthy",
        "trans": [
            "富有的，富裕的"
        ],
        "usphone": "'wɛlθi",
        "ukphone": "'welθɪ"
    },
    {
        "name": "break out",
        "trans": [
            "(坏事)突然发生，爆发"
        ],
        "usphone": "",
        "ukphone": ""
    },
    {
        "name": "put...into prison",
        "trans": [
            "把……关进监狱"
        ],
        "usphone": "",
        "ukphone": ""
    },
    {
        "name": "author",
        "trans": [
            "作者"
        ],
        "usphone": "'ɔθɚ",
        "ukphone": "'ɔːθə"
    },
    {
        "name": "dictation",
        "trans": [
            "口述；听写"
        ],
        "usphone": "dɪk'teʃən",
        "ukphone": "dɪk'teɪʃ(ə)n"
    },
    {
        "name": "stand by",
        "trans": [
            "坚持(某种说法)"
        ],
        "usphone": "",
        "ukphone": ""
    },
    {
        "name": "statement",
        "trans": [
            "陈述"
        ],
        "usphone": "'stetmənt",
        "ukphone": "'steɪtm(ə)nt"
    },
    {
        "name": "quantity",
        "trans": [
            "量，数量"
        ],
        "usphone": "'kwɑntəti",
        "ukphone": "'kwɒntɪtɪ"
    },
    {
        "name": "professor",
        "trans": [
            "教授"
        ],
        "usphone": "prə'fɛsɚ",
        "ukphone": "prə'fesə"
    },
    {
        "name": "hunter",
        "trans": [
            "猎人"
        ],
        "usphone": "'hʌntɚ",
        "ukphone": "'hʌntə"
    },
    {
        "name": "skin",
        "trans": [
            "皮，皮肤"
        ],
        "usphone": "skɪn",
        "ukphone": "skɪn"
    },
    {
        "name": "the Antarctic.",
        "trans": [
            "南极地区"
        ],
        "usphone": "",
        "ukphone": ""
    },
    {
        "name": "on one's way",
        "trans": [
            "在途中"
        ],
        "usphone": "",
        "ukphone": ""
    },
    {
        "name": "Norwegian",
        "trans": [
            "挪威的",
            "挪威人"
        ],
        "usphone": "nɔ:'wi:dʒən",
        "ukphone": "nɔ:'wi:dʒən"
    },
    {
        "name": "preparation",
        "trans": [
            "准备，预备"
        ],
        "usphone": ",prɛpə'reʃən",
        "ukphone": ",prepə'reɪʃ(ə)n"
    },
    {
        "name": "sledge",
        "trans": [
            "雪车，雪橇"
        ],
        "usphone": "sledʒ",
        "ukphone": "sledʒ"
    },
    {
        "name": "break down",
        "trans": [
            "损坏，不能运转"
        ],
        "usphone": "",
        "ukphone": ""
    },
    {
        "name": "shock",
        "trans": [
            "震惊，惊骇"
        ],
        "usphone": "ʃɑk",
        "ukphone": "ʃɒk"
    },
    {
        "name": "goal",
        "trans": [
            "目的；目标"
        ],
        "usphone": "ɡol",
        "ukphone": "gəʊl"
    },
    {
        "name": "ambition",
        "trans": [
            "志向，抱负；野心"
        ],
        "usphone": "æm'bɪʃən",
        "ukphone": "æm'bɪʃ(ə)n"
    },
    {
        "name": "exhausted",
        "trans": [
            "疲惫的"
        ],
        "usphone": "ɪɡ'zɔstɪd",
        "ukphone": "ɪɡ'zɔːstɪd"
    },
    {
        "name": "run out of",
        "trans": [
            "用完，耗尽"
        ],
        "usphone": "",
        "ukphone": ""
    },
    {
        "name": "hopeless",
        "trans": [
            "没有希望的"
        ],
        "usphone": "ˈhoʊpləs",
        "ukphone": "'həʊpləs"
    },
    {
        "name": "cheerful",
        "trans": [
            "愉快的，高兴的"
        ],
        "usphone": "'tʃɪrfl",
        "ukphone": "'tʃɪəfʊl; -f(ə)l"
    },
    {
        "name": "distant",
        "trans": [
            "远处的；久远的"
        ],
        "usphone": "'dɪstənt",
        "ukphone": "'dɪst(ə)nt"
    },
    {
        "name": "carry on",
        "trans": [
            "继续做某事"
        ],
        "usphone": "",
        "ukphone": ""
    },
    {
        "name": "within",
        "trans": [
            "在……之内，在……内部"
        ],
        "usphone": "wɪ'ðɪn",
        "ukphone": "wɪð'ɪn"
    },
    {
        "name": "sadness",
        "trans": [
            "悲哀，忧伤"
        ],
        "usphone": "'sædnəs",
        "ukphone": "'sædnəs"
    },
    {
        "name": "function",
        "trans": [
            "运转；发挥作用"
        ],
        "usphone": "'fʌŋkʃən",
        "ukphone": "'fʌŋ(k)ʃ(ə)n"
    },
    {
        "name": "patience",
        "trans": [
            "耐心；忍耐力"
        ],
        "usphone": "'peʃns",
        "ukphone": "'peɪʃ(ə)ns"
    },
    {
        "name": "nationality",
        "trans": [
            "国籍"
        ],
        "usphone": ",næʃə'næləti",
        "ukphone": "ˌnæʃəˈnælətɪ"
    },
    {
        "name": "aim",
        "trans": [
            "目标；目的"
        ],
        "usphone": "em",
        "ukphone": "eɪm"
    },
    {
        "name": "Arctic",
        "trans": [
            "北极，北极区"
        ],
        "usphone": "'ɑrktɪk",
        "ukphone": "'ɑːktɪk"
    },
    {
        "name": "transport",
        "trans": [
            "运输，运送"
        ],
        "usphone": "'trænspɔrt",
        "ukphone": "træn'spɔːt; trɑːn-"
    },
    {
        "name": "observe",
        "trans": [
            "观察，观测"
        ],
        "usphone": "əb'zɝv",
        "ukphone": "əb'zɜːv"
    },
    {
        "name": "disadvantage",
        "trans": [
            "不利，不利条件"
        ],
        "usphone": ",dɪsəd'væntɪdʒ",
        "ukphone": "dɪsəd'vɑːntɪdʒ"
    },
    {
        "name": "staff",
        "trans": [
            "员工，全体工作人员"
        ],
        "usphone": "stæf",
        "ukphone": "stɑːf"
    },
    {
        "name": "survival",
        "trans": [
            "幸存，残存"
        ],
        "usphone": "sɚ'vaɪvl",
        "ukphone": "sə'vaɪv(ə)l"
    },
    {
        "name": "shelter",
        "trans": [
            "遮蔽；庇护所"
        ],
        "usphone": "'ʃɛltɚ",
        "ukphone": "'ʃeltə"
    },
    {
        "name": "philosophy",
        "trans": [
            "哲学"
        ],
        "usphone": "fə'lɑsəfi",
        "ukphone": "fɪ'lɒsəfɪ"
    },
    {
        "name": "limit",
        "trans": [
            "边界；限度"
        ],
        "usphone": "'lɪmɪt",
        "ukphone": "'lɪmɪt"
    },
    {
        "name": "ferry",
        "trans": [
            "渡船"
        ],
        "usphone": "'fɛri",
        "ukphone": "'ferɪ"
    },
    {
        "name": "minibus",
        "trans": [
            "小巴"
        ],
        "usphone": "'mɪnɪbʌs",
        "ukphone": "'mɪnɪbʌs"
    },
    {
        "name": "cyclist",
        "trans": [
            "骑自行车的人"
        ],
        "usphone": "'saɪklɪst",
        "ukphone": "'saɪklɪst"
    },
    {
        "name": "motorist",
        "trans": [
            "驾驶汽车的人"
        ],
        "usphone": "'motərɪst",
        "ukphone": "'məʊt(ə)rɪst"
    },
    {
        "name": "pedestrian",
        "trans": [
            "行人"
        ],
        "usphone": "pə'dɛstrɪən",
        "ukphone": "pɪˈdestrɪən"
    },
    {
        "name": "jam",
        "trans": [
            "阻塞，拥挤"
        ],
        "usphone": "dʒæm",
        "ukphone": "dʒæm"
    },
    {
        "name": "traffic jam",
        "trans": [
            "交通阻塞，塞车"
        ],
        "usphone": "",
        "ukphone": ""
    },
    {
        "name": "actually",
        "trans": [
            "实际地，真实地"
        ],
        "usphone": "'æktʃuəli",
        "ukphone": "ˈæktʃuəli"
    },
    {
        "name": "benefit",
        "trans": [
            "得益；好处"
        ],
        "usphone": "'bɛnɪfɪt",
        "ukphone": "'benɪfɪt"
    },
    {
        "name": "flat",
        "trans": [
            "平的"
        ],
        "usphone": "flæt",
        "ukphone": "flæt"
    },
    {
        "name": "therefore",
        "trans": [
            "所以，因此"
        ],
        "usphone": "'ðɛrfɔr",
        "ukphone": "'ðeəfɔː"
    },
    {
        "name": "convenient",
        "trans": [
            "方便的，便利的"
        ],
        "usphone": "kənˈvinjənt",
        "ukphone": "kən'viːnɪənt"
    },
    {
        "name": "parking",
        "trans": [
            "停车场"
        ],
        "usphone": "'pɑrkɪŋ",
        "ukphone": "'pɑːkɪŋ"
    },
    {
        "name": "convenience",
        "trans": [
            "方便，便利"
        ],
        "usphone": "kən'vinɪəns",
        "ukphone": "kən'viːnɪəns"
    },
    {
        "name": "hopeful",
        "trans": [
            "(人)抱有希望的"
        ],
        "usphone": "'hopfl",
        "ukphone": "'həʊpfʊl; -f(ə)l"
    },
    {
        "name": "neighbourhood",
        "trans": [
            "街坊；邻近地区"
        ],
        "usphone": "nebɚˌhʊd",
        "ukphone": "ˈneɪbəhʊd"
    },
    {
        "name": "wherever",
        "trans": [
            "无论在何处，无论到哪里"
        ],
        "usphone": "wɛr'ɛvɚ",
        "ukphone": "weər'evə"
    },
    {
        "name": "thief",
        "trans": [
            "贼，小偷"
        ],
        "usphone": "θif",
        "ukphone": "θiːf"
    },
    {
        "name": "chip",
        "trans": [
            "集成电路片，硅片"
        ],
        "usphone": "tʃɪp",
        "ukphone": "tʃɪp"
    },
    {
        "name": "insert",
        "trans": [
            "插入，嵌入"
        ],
        "usphone": "'ɪnsɝt",
        "ukphone": "ɪn'sɜːt"
    },
    {
        "name": "indeed",
        "trans": [
            "当然，确实"
        ],
        "usphone": "ɪn'did",
        "ukphone": "ɪn'diːd"
    },
    {
        "name": "fed up",
        "trans": [
            "不愉快的，厌烦的"
        ],
        "usphone": "",
        "ukphone": ""
    },
    {
        "name": "consequence",
        "trans": [
            "后果，结果"
        ],
        "usphone": "'kɑnsəkwɛns",
        "ukphone": "'kɒnsɪkw(ə)ns"
    },
    {
        "name": "arrest",
        "trans": [
            "逮捕，拘留"
        ],
        "usphone": "ə'rɛst",
        "ukphone": "ə'rest"
    },
    {
        "name": "bone",
        "trans": [
            "骨头"
        ],
        "usphone": "bon",
        "ukphone": "bəʊn"
    },
    {
        "name": "work out",
        "trans": [
            "锻炼身体，做运动"
        ],
        "usphone": "",
        "ukphone": ""
    },
    {
        "name": "argue",
        "trans": [
            "争辩，争吵"
        ],
        "usphone": "'ɑrgjʊ",
        "ukphone": "'ɑːgjuː"
    },
    {
        "name": "baggage",
        "trans": [
            "行李"
        ],
        "usphone": "'bæɡɪdʒ",
        "ukphone": "'bægɪdʒ"
    },
    {
        "name": "platform",
        "trans": [
            "站台，月台"
        ],
        "usphone": "'plæt'fɔrm",
        "ukphone": "'plætfɔːm"
    },
    {
        "name": "belt",
        "trans": [
            "带子"
        ],
        "usphone": "bɛlt",
        "ukphone": "belt"
    },
    {
        "name": "ambassador",
        "trans": [
            "大使"
        ],
        "usphone": "æm'bæsədɚ",
        "ukphone": "æm'bæsədə"
    },
    {
        "name": "sensitive",
        "trans": [
            "善解人意的；敏感的"
        ],
        "usphone": "'sɛnsətɪv",
        "ukphone": "'sensɪtɪv"
    },
    {
        "name": "grey",
        "trans": [
            "灰色的，灰白的"
        ],
        "usphone": "ɡre",
        "ukphone": "greɪ"
    },
    {
        "name": "gentle",
        "trans": [
            "和善的，温和的"
        ],
        "usphone": "'dʒɛntl",
        "ukphone": "'dʒent(ə)l"
    },
    {
        "name": "fierce",
        "trans": [
            "凶狠的，凶恶的"
        ],
        "usphone": "fɪrs",
        "ukphone": "fɪəs"
    },
    {
        "name": "vocabulary",
        "trans": [
            "词汇；词汇量"
        ],
        "usphone": "və'kæbjəlɛri",
        "ukphone": "və(ʊ)'kæbjʊlərɪ"
    },
    {
        "name": "interpreter",
        "trans": [
            "译员，口译者"
        ],
        "usphone": "ɪn'tɝprɪtɚ",
        "ukphone": "ɪn'tɜːprɪtə"
    },
    {
        "name": "schedule",
        "trans": [
            "时间表；进度表"
        ],
        "usphone": "ˈskedʒʊl; skɛdʒʊl",
        "ukphone": "ˈʃedju:l"
    },
    {
        "name": "timetable",
        "trans": [
            "时间表"
        ],
        "usphone": "'taɪm'tebl",
        "ukphone": "'taɪmteɪb(ə)l"
    },
    {
        "name": "foolish",
        "trans": [
            "愚蠢的"
        ],
        "usphone": "'fulɪʃ",
        "ukphone": "'fuːlɪʃ"
    },
    {
        "name": "responsibility",
        "trans": [
            "责任，负责，职责"
        ],
        "usphone": "rɪˌspɑːnsəˈbɪləti",
        "ukphone": "rɪˌspɒnsəˈbɪlətɪ"
    },
    {
        "name": "rely on",
        "trans": [
            "依赖，依靠"
        ],
        "usphone": "",
        "ukphone": ""
    },
    {
        "name": "hostess",
        "trans": [
            "女主人"
        ],
        "usphone": "'hostəs",
        "ukphone": "'həʊstɪs; -es; həʊ'stes"
    },
    {
        "name": "air hostess",
        "trans": [
            "空中小姐"
        ],
        "usphone": "",
        "ukphone": ""
    },
    {
        "name": "non-smoking",
        "trans": [
            "禁止吸烟的"
        ],
        "usphone": ",nɔn'sməukiŋ",
        "ukphone": ""
    },
    {
        "name": "case",
        "trans": [
            "大箱子"
        ],
        "usphone": "kes",
        "ukphone": "keɪs"
    },
    {
        "name": "suitcase",
        "trans": [
            "手提箱，皮箱"
        ],
        "usphone": "'sutkes",
        "ukphone": "'suːtkeɪs"
    },
    {
        "name": "pull up",
        "trans": [
            "(车辆)停止，停车"
        ],
        "usphone": "",
        "ukphone": ""
    },
    {
        "name": "pull out",
        "trans": [
            "(火车)驶离车站，出站"
        ],
        "usphone": "",
        "ukphone": ""
    },
    {
        "name": "content",
        "trans": [
            "容纳的东西；目录"
        ],
        "usphone": "'kɑntɛnt",
        "ukphone": "kən'tent"
    },
    {
        "name": "petrol",
        "trans": [
            "汽油"
        ],
        "usphone": "'pɛtrəl",
        "ukphone": "'petr(ə)l"
    },
    {
        "name": "gas",
        "trans": [
            "气体；煤气；汽油"
        ],
        "usphone": "ɡæs",
        "ukphone": "gæs"
    },
    {
        "name": "solar",
        "trans": [
            "太阳的，太阳光的"
        ],
        "usphone": "'solɚ",
        "ukphone": "'səʊlə"
    },
    {
        "name": "racer",
        "trans": [
            "赛车手"
        ],
        "usphone": "'resɚ",
        "ukphone": "'reɪsə"
    },
    {
        "name": "sunlight",
        "trans": [
            "阳光，日光"
        ],
        "usphone": "'sʌnlaɪt",
        "ukphone": "'sʌnlaɪt"
    },
    {
        "name": "kindergarten",
        "trans": [
            "幼儿园"
        ],
        "usphone": "'kɪndɚɡɑrtn",
        "ukphone": "'kɪndə,gɑːt(ə)n"
    },
    {
        "name": "so far",
        "trans": [
            "迄今为止，到目前为止"
        ],
        "usphone": "",
        "ukphone": ""
    },
    {
        "name": "take place",
        "trans": [
            "举行；发生"
        ],
        "usphone": "",
        "ukphone": ""
    },
    {
        "name": "northwest",
        "trans": [
            "西北，西北方"
        ],
        "usphone": "'nɔrθ'wɛst",
        "ukphone": ",nɔ:θ'west"
    },
    {
        "name": "southeast",
        "trans": [
            "东南，东南方"
        ],
        "usphone": ",saʊθ'ist",
        "ukphone": ",saʊθ'iːst"
    },
    {
        "name": "chapter",
        "trans": [
            "章节"
        ],
        "usphone": "'tʃæptɚ",
        "ukphone": "'tʃæptə"
    },
    {
        "name": "impression",
        "trans": [
            "印象，感觉"
        ],
        "usphone": "ɪm'prɛʃən",
        "ukphone": "ɪm'preʃ(ə)n"
    },
    {
        "name": "reliable",
        "trans": [
            "可靠的"
        ],
        "usphone": "rɪ'laɪəbl",
        "ukphone": "rɪ'laɪəb(ə)l"
    },
    {
        "name": "golf",
        "trans": [
            "高尔夫球(运动)"
        ],
        "usphone": "gɔlf",
        "ukphone": "gɒlf"
    },
    {
        "name": "operator",
        "trans": [
            "操作人员，接线员"
        ],
        "usphone": "'ɑpəretɚ",
        "ukphone": "'ɒpəreɪtə"
    },
    {
        "name": "appreciate",
        "trans": [
            "感谢；欣赏"
        ],
        "usphone": "ə'priʃɪet",
        "ukphone": "ə'priːʃɪeɪt; -sɪ-"
    },
    {
        "name": "essay",
        "trans": [
            "散文"
        ],
        "usphone": "'ɛse",
        "ukphone": "'eseɪ"
    },
    {
        "name": "shopping",
        "trans": [
            "购物"
        ],
        "usphone": "'ʃɑpɪŋ",
        "ukphone": "'ʃɒpɪŋ"
    },
    {
        "name": "carbon monoxide",
        "trans": [
            "一氧化碳"
        ],
        "usphone": "",
        "ukphone": ""
    },
    {
        "name": "highway",
        "trans": [
            "公路"
        ],
        "usphone": "'haɪwe",
        "ukphone": "'haɪweɪ"
    },
    {
        "name": "construction",
        "trans": [
            "建筑；建筑物"
        ],
        "usphone": "kən'strʌkʃən",
        "ukphone": "kən'strʌkʃ(ə)n"
    },
    {
        "name": "pavement",
        "trans": [
            "人行道"
        ],
        "usphone": "'pevmənt",
        "ukphone": "'peɪvm(ə)nt"
    },
    {
        "name": "crossroads",
        "trans": [
            "十字路口"
        ],
        "usphone": "'krɔsrodz",
        "ukphone": "'krɒsrəʊdz"
    },
    {
        "name": "amount",
        "trans": [
            "数量"
        ],
        "usphone": "ə'maʊnt",
        "ukphone": "ə'maʊnt"
    },
    {
        "name": "physical",
        "trans": [
            "身体的；物质的"
        ],
        "usphone": "'fɪzɪkl",
        "ukphone": "'fɪzɪk(ə)l"
    },
    {
        "name": "motor",
        "trans": [
            "机动车辆的",
            "马达，发动机"
        ],
        "usphone": "'motɚ",
        "ukphone": "'məʊtə"
    },
    {
        "name": "figure",
        "trans": [
            "数字，数目"
        ],
        "usphone": "'fɪɡjɚ",
        "ukphone": "'fɪgə"
    },
    {
        "name": "go up",
        "trans": [
            "上升"
        ],
        "usphone": "",
        "ukphone": ""
    },
    {
        "name": "engine",
        "trans": [
            "发动机，引擎"
        ],
        "usphone": "'ɛndʒɪn",
        "ukphone": "'endʒɪn"
    },
    {
        "name": "per",
        "trans": [
            "每，每一"
        ],
        "usphone": "pɚ",
        "ukphone": "pɜː"
    },
    {
        "name": "centigrade",
        "trans": [
            "摄氏(度)"
        ],
        "usphone": "'sɛntɪɡred",
        "ukphone": "'sentɪgreɪd"
    },
    {
        "name": "admit",
        "trans": [
            "承认，供认"
        ],
        "usphone": "əd'mɪt",
        "ukphone": "əd'mɪt"
    },
    {
        "name": "addicted",
        "trans": [
            "沉溺于……的"
        ],
        "usphone": "ə'dɪktɪd",
        "ukphone": "ə'dɪktɪd"
    },
    {
        "name": "on average",
        "trans": [
            "平均；通常"
        ],
        "usphone": "",
        "ukphone": ""
    },
    {
        "name": "occupy",
        "trans": [
            "占有(空间、面积、时间等)"
        ],
        "usphone": "'ɑkjupaɪ",
        "ukphone": "'ɒkjʊpaɪ"
    },
    {
        "name": "somehow",
        "trans": [
            "以某种方式"
        ],
        "usphone": "'sʌmhaʊ",
        "ukphone": "'sʌmhaʊ"
    },
    {
        "name": "whichever",
        "trans": [
            "无论哪个"
        ],
        "usphone": "wɪtʃ'ɛvɚ",
        "ukphone": "wɪtʃ'evə"
    },
    {
        "name": "suit",
        "trans": [
            "适合"
        ],
        "usphone": "sut",
        "ukphone": "sju:t; su:t"
    },
    {
        "name": "damage",
        "trans": [
            "损害，损失"
        ],
        "usphone": "'dæmɪdʒ",
        "ukphone": "'dæmɪdʒ"
    },
    {
        "name": "nowhere",
        "trans": [
            "无处，任何地方都不"
        ],
        "usphone": "'no'wɛr",
        "ukphone": "'nəʊhweə"
    },
    {
        "name": "crossing",
        "trans": [
            "交叉路口，人行横道"
        ],
        "usphone": "'krɔsɪŋ",
        "ukphone": "'krɒsɪŋ"
    },
    {
        "name": "tunnel",
        "trans": [
            "地道；隧道"
        ],
        "usphone": "'tʌnl",
        "ukphone": "'tʌnl"
    },
    {
        "name": "plus",
        "trans": [
            "加，加上"
        ],
        "usphone": "plʌs",
        "ukphone": "plʌs"
    },
    {
        "name": "frequent",
        "trans": [
            "时常发生的"
        ],
        "usphone": "'frikwənt",
        "ukphone": "'friːkw(ə)nt"
    },
    {
        "name": "fare",
        "trans": [
            "票价，车费"
        ],
        "usphone": "fɛr",
        "ukphone": "feə"
    }
]