[
  {
    "name": "conviction",
    "usphone": "kənˈvɪkʃn",
    "ukphone": "kənˈvɪkʃn",
    "trans": [
      "定罪;判罪;证明有罪"
    ]
  },
  {
    "name": "bound",
    "usphone": "baʊnd",
    "ukphone": "baʊnd",
    "trans": [
      "一定会发生的, 必定的"
    ]
  },
  {
    "name": "bleak",
    "usphone": "bliːk",
    "ukphone": "bliːk",
    "trans": [
      "凄凉的,绝望的"
    ]
  },
  {
    "name": "foresee",
    "usphone": "fɔːrˈsiː",
    "ukphone": "fɔːˈsiː",
    "trans": [
      "预知"
    ]
  },
  {
    "name": "grip",
    "usphone": "ɡrɪp",
    "ukphone": "ɡrɪp",
    "trans": [
      "控制，掌控"
    ]
  },
  {
    "name": "guzzle",
    "usphone": "ˈɡʌzl",
    "ukphone": "ˈɡʌzl",
    "trans": [
      "喝酒"
    ]
  },
  {
    "name": "excessive",
    "usphone": "ɪkˈsesɪv",
    "ukphone": "ɪkˈsesɪv",
    "trans": [
      "过多"
    ]
  },
  {
    "name": "skeptical",
    "usphone": "ˈskeptɪkl",
    "ukphone": "ˈskeptɪkl",
    "trans": [
      "持怀疑态度的"
    ]
  },
  {
    "name": "menial",
    "usphone": "ˈmiːniəl",
    "ukphone": "ˈmiːniəl",
    "trans": [
      "非技术性的,低下的"
    ]
  },
  {
    "name": "somewhat",
    "usphone": "ˈsʌmwʌt",
    "ukphone": "ˈsʌmwɒt",
    "trans": [
      "多少有点, 在某种程度上"
    ]
  },
  {
    "name": "convinced",
    "usphone": "kənˈvɪnst",
    "ukphone": "kənˈvɪnst",
    "trans": [
      "确信;坚信;深信"
    ]
  },
  {
    "name": "fervent",
    "usphone": "ˈfɜːrvənt",
    "ukphone": "ˈfɜːvənt",
    "trans": [
      "热情的, 强烈的, 炎热的,热心的"
    ]
  },
  {
    "name": "artificial",
    "usphone": "ˌɑːrtɪˈfɪʃl",
    "ukphone": "ˌɑːtɪˈfɪʃl",
    "trans": [
      "人造的, 仿造的, 虚伪的"
    ]
  },
  {
    "name": "perception",
    "usphone": "pərˈsepʃn",
    "ukphone": "pəˈsepʃn",
    "trans": [
      "知觉, 领悟力, 感觉"
    ]
  },
  {
    "name": "copy",
    "usphone": "ˈkɑːpi",
    "ukphone": "ˈkɒpi",
    "trans": [
      "复制"
    ]
  },
  {
    "name": "reshape",
    "usphone": "ˌriːˈʃeɪp",
    "ukphone": "ˌriːˈʃeɪp",
    "trans": [
      "改造...的形状,改变...的结构"
    ]
  },
  {
    "name": "infancy",
    "usphone": "ˈɪnfənsi",
    "ukphone": "ˈɪnfənsi",
    "trans": [
      "婴儿期"
    ]
  },
  {
    "name": "mimic",
    "usphone": "ˈmɪmɪk",
    "ukphone": "ˈmɪmɪk",
    "trans": [
      "戏弄性地模仿"
    ]
  },
  {
    "name": "sentient",
    "usphone": "ˈsentiənt",
    "ukphone": "ˈsentiənt",
    "trans": [
      "有感觉力的, 感觉灵敏的, 有感情的"
    ]
  },
  {
    "name": "charlatan",
    "usphone": "ˈʃɑːrlətən",
    "ukphone": "ˈʃɑːlətən",
    "trans": [
      "江湖郎中,江湖术士"
    ]
  },
  {
    "name": "imitate",
    "usphone": "ˈɪmɪteɪt",
    "ukphone": "ˈɪmɪteɪt",
    "trans": [
      "i模仿(某人的言谈﹑ 举止﹑ 衣着等)"
    ]
  },
  {
    "name": "rotten",
    "usphone": "ˈrɑːtn",
    "ukphone": "ˈrɒtn",
    "trans": [
      "腐烂的; 变质的"
    ]
  },
  {
    "name": "astrologer",
    "usphone": "əˈstrɑːlədʒər",
    "ukphone": "əˈstrɒlədʒə(r)",
    "trans": [
      "占星师"
    ]
  },
  {
    "name": "rationalist",
    "usphone": "ˈræʃnəlɪst",
    "ukphone": "ˈræʃnəlɪst",
    "trans": [
      "理性主义者,唯理论者"
    ]
  },
  {
    "name": "astronomer",
    "usphone": "əˈstrɑːnəmər",
    "ukphone": "əˈstrɒnəmə(r)",
    "trans": [
      "天文学家"
    ]
  },
  {
    "name": "anthropomorphic",
    "usphone": "ˌænθrəpəˈmɔːrfɪk",
    "ukphone": "ˌænθrəpəˈmɔːfɪk",
    "trans": [
      "拟人的(将神或动物看作具有人格的)"
    ]
  },
  {
    "name": "doomsday",
    "usphone": "ˈduːmzdeɪ",
    "ukphone": "ˈduːmzdeɪ",
    "trans": [
      "末日"
    ]
  },
  {
    "name": "safeguard",
    "usphone": "ˈseɪfɡɑːrd",
    "ukphone": "ˈseɪfɡɑːd",
    "trans": [
      "保护,保卫"
    ]
  },
  {
    "name": "celebrity",
    "usphone": "səˈlebrəti",
    "ukphone": "səˈlebrəti",
    "trans": [
      "名人"
    ]
  },
  {
    "name": "privacy",
    "usphone": "ˈpraɪvəsi",
    "ukphone": "ˈprɪvəsi",
    "trans": [
      "独处或不受干扰的状况,隐私,隐居"
    ]
  },
  {
    "name": "columnist",
    "usphone": "ˈkɑːləmnɪst",
    "ukphone": "ˈkɒləmnɪst",
    "trans": [
      "专栏写作者"
    ]
  },
  {
    "name": "paparazzo",
    "usphone": "ˌpæpəˈrætsoʊ",
    "ukphone": "ˌpæpəˈrætsəʊ",
    "trans": [
      "专门追逐名人的摄影记者, 狗仔队"
    ]
  },
  {
    "name": "obsess",
    "usphone": "əbˈses",
    "ukphone": "əbˈses",
    "trans": [
      "惦念; 着迷,放不下"
    ]
  },
  {
    "name": "pitch",
    "usphone": "pɪtʃ",
    "ukphone": "pɪtʃ",
    "trans": [
      "为...作宣传, 替...说好话"
    ]
  },
  {
    "name": "wannabe",
    "usphone": "ˈwɑːnəbi",
    "ukphone": "ˈwɒnəbi",
    "trans": [
      "(名人的)超级崇拜者"
    ]
  },
  {
    "name": "genre",
    "usphone": "ˈʒɑːnrə",
    "ukphone": "ˈʒɒ̃rə",
    "trans": [
      "类型"
    ]
  },
  {
    "name": "script",
    "usphone": "skrɪpt",
    "ukphone": "skrɪpt",
    "trans": [
      "剧本, 脚本, 讲稿"
    ]
  },
  {
    "name": "campaign",
    "usphone": "kæmˈpeɪn",
    "ukphone": "kæmˈpeɪn",
    "trans": [
      "作战, 参加竞选"
    ]
  },
  {
    "name": "cruelty",
    "usphone": "ˈkruːəlti",
    "ukphone": "ˈkruːəlti",
    "trans": [
      "残暴; 残忍; 残酷"
    ]
  },
  {
    "name": "awareness",
    "usphone": "əˈwernəs",
    "ukphone": "əˈweənəs",
    "trans": [
      "意识"
    ]
  },
  {
    "name": "adopt",
    "usphone": "əˈdɑːpt",
    "ukphone": "əˈdɒpt",
    "trans": [
      "收养, 领养"
    ]
  },
  {
    "name": "diabetes",
    "usphone": "ˌdaɪəˈbiːtiːz",
    "ukphone": "ˌdaɪəˈbiːtiːz",
    "trans": [
      "糖尿病"
    ]
  },
  {
    "name": "abuse",
    "usphone": "əˈbjuːs",
    "ukphone": "əˈbjuːs",
    "trans": [
      "滥用"
    ]
  },
  {
    "name": "domestic",
    "usphone": "dəˈmestɪk",
    "ukphone": "dəˈmestɪk",
    "trans": [
      "国家的, 国内的"
    ]
  },
  {
    "name": "flag",
    "usphone": "flæɡ",
    "ukphone": "flæɡ",
    "trans": [
      "标记"
    ]
  },
  {
    "name": "cascade",
    "usphone": "kæˈskeɪd",
    "ukphone": "kæˈskeɪd",
    "trans": [
      "如瀑布落下,如瀑布下坠"
    ]
  },
  {
    "name": "ornate",
    "usphone": "ɔːrˈneɪt",
    "ukphone": "ɔːˈneɪt",
    "trans": [
      "装饰华丽的"
    ]
  },
  {
    "name": "elegant",
    "usphone": "ˈelɪɡənt",
    "ukphone": "ˈelɪɡənt",
    "trans": [
      "优雅的, 文雅的, 雅致的"
    ]
  },
  {
    "name": "bandwagon",
    "usphone": "ˈbændwæɡən",
    "ukphone": "ˈbændwæɡən",
    "trans": [
      "(有越来越多人参与的)大型活动"
    ]
  },
  {
    "name": "posturing",
    "usphone": "ˈpɑːstʃərɪŋ",
    "ukphone": "ˈpɒstʃərɪŋ",
    "trans": [
      "装模作样,故作姿态"
    ]
  },
  {
    "name": "pious",
    "usphone": "ˈpaɪəs",
    "ukphone": "ˈpaɪəs",
    "trans": [
      "(对宗教)虔诚的"
    ]
  },
  {
    "name": "cancer",
    "usphone": "ˈkænsər",
    "ukphone": "ˈkænsə(r)",
    "trans": [
      "癌症, 肿瘤"
    ]
  },
  {
    "name": "savvy",
    "usphone": "ˈsævi",
    "ukphone": "ˈsævi",
    "trans": [
      "有常识的"
    ]
  },
  {
    "name": "innate",
    "usphone": "ɪˈneɪt",
    "ukphone": "ɪˈneɪt",
    "trans": [
      "天生的,固有的,天赋的"
    ]
  },
  {
    "name": "piercing",
    "usphone": "ˈpɪrsɪŋ",
    "ukphone": "ˈpɪəsɪŋ",
    "trans": [
      "尖叫声,刺耳的声音"
    ]
  },
  {
    "name": "permissible",
    "usphone": "pərˈmɪsəbl",
    "ukphone": "pəˈmɪsəbl",
    "trans": [
      "容许的; 可准许的"
    ]
  },
  {
    "name": "appreciative",
    "usphone": "əˈpriːʃətɪv",
    "ukphone": "əˈpriːʃətɪv",
    "trans": [
      "赞赏的,感激的,感恩的"
    ]
  },
  {
    "name": "comparable",
    "usphone": "ˈkɑːmpərəbl",
    "ukphone": "ˈkɒmpərəbl",
    "trans": [
      "可比较的,比得上的"
    ]
  },
  {
    "name": "pole",
    "usphone": "poʊl",
    "ukphone": "pəʊl",
    "trans": [
      "杆"
    ]
  },
  {
    "name": "resemblance",
    "usphone": "rɪˈzembləns",
    "ukphone": "rɪˈzembləns",
    "trans": [
      "相似处, 酷肖, 类似"
    ]
  },
  {
    "name": "lateral",
    "usphone": "ˈlætərəl",
    "ukphone": "ˈlætərəl",
    "trans": [
      "侧面的;旁边的"
    ]
  },
  {
    "name": "association",
    "usphone": "əˌsoʊʃiˈeɪʃn",
    "ukphone": "əˌsəʊʃiˈeɪʃn",
    "trans": [
      "协会, 社团"
    ]
  },
  {
    "name": "connection",
    "usphone": "kəˈnekʃn",
    "ukphone": "kəˈnekʃn",
    "trans": [
      "连接物"
    ]
  },
  {
    "name": "alternative",
    "usphone": "ɔːlˈtɜːrnətɪv",
    "ukphone": "ɔːlˈtɜːnətɪv",
    "trans": [
      "供选择的, 可替代的"
    ]
  },
  {
    "name": "generate",
    "usphone": "ˈdʒenəreɪt",
    "ukphone": "ˈdʒenəreɪt",
    "trans": [
      "产生, 形成"
    ]
  },
  {
    "name": "logic",
    "usphone": "ˈlɑːdʒɪk",
    "ukphone": "ˈlɒdʒɪk",
    "trans": [
      "逻辑, 道理"
    ]
  },
  {
    "name": "indirect",
    "usphone": "ˌɪndəˈrekt",
    "ukphone": "ˌɪndəˈrekt",
    "trans": [
      "间接的"
    ]
  },
  {
    "name": "technique",
    "usphone": "tekˈniːk",
    "ukphone": "tekˈniːk",
    "trans": [
      "技术, 技巧, 技法, 手段"
    ]
  },
  {
    "name": "relate",
    "usphone": "rɪˈleɪt",
    "ukphone": "rɪˈleɪt",
    "trans": [
      "相关, 与 有关"
    ]
  },
  {
    "name": "stimulate",
    "usphone": "ˈstɪmjuleɪt",
    "ukphone": "ˈstɪmjuleɪt",
    "trans": [
      "刺激"
    ]
  },
  {
    "name": "identical",
    "usphone": "aɪˈdentɪkl",
    "ukphone": "aɪˈdentɪkl",
    "trans": [
      "完全相同的, 完全相似的; 同源的"
    ]
  },
  {
    "name": "iconic",
    "usphone": "aɪˈkɑːnɪk",
    "ukphone": "aɪˈkɒnɪk",
    "trans": [
      "标志性的"
    ]
  },
  {
    "name": "notorious",
    "usphone": "noʊˈtɔːriəs",
    "ukphone": "nəʊˈtɔːriəs",
    "trans": [
      "臭名昭着的; 声名狼藉的"
    ]
  },
  {
    "name": "tackle",
    "usphone": "ˈtækl",
    "ukphone": "ˈtækl",
    "trans": [
      "处理"
    ]
  },
  {
    "name": "diagram",
    "usphone": "ˈdaɪəɡræm",
    "ukphone": "ˈdaɪəɡræm",
    "trans": [
      "图表"
    ]
  },
  {
    "name": "graffiti",
    "usphone": "ɡrəˈfiːti",
    "ukphone": "ɡrəˈfiːti",
    "trans": [
      "涂鸦"
    ]
  },
  {
    "name": "visualize",
    "usphone": "ˈvɪʒuəlaɪz",
    "ukphone": "ˈvɪʒuəlaɪz",
    "trans": [
      "形象, 想象, 形象化; 想象, 显现"
    ]
  },
  {
    "name": "cubism",
    "usphone": "ˈkjuːbɪzəm",
    "ukphone": "ˈkjuːbɪzəm",
    "trans": [
      "立体派,立体主义"
    ]
  },
  {
    "name": "tattoo",
    "usphone": "tæˈtuː",
    "ukphone": "təˈtuː",
    "trans": [
      "纹身"
    ]
  },
  {
    "name": "pivotal",
    "usphone": "ˈpɪvətl",
    "ukphone": "ˈpɪvətl",
    "trans": [
      "重要的, 关键的, 轴的"
    ]
  },
  {
    "name": "Impressionism",
    "usphone": "ɪmˈpreʃənɪzəm",
    "ukphone": "ɪmˈpreʃənɪzəm",
    "trans": [
      "给人以深刻印象的(尤指因巨大 壮观或重要)"
    ]
  },
  {
    "name": "misnomer",
    "usphone": "ˌmɪsˈnoʊmər",
    "ukphone": "ˌmɪsˈnəʊmə(r)",
    "trans": [
      "错用名称; 用词错误; 描述失当"
    ]
  },
  {
    "name": "investment",
    "usphone": "ɪnˈvestmənt",
    "ukphone": "ɪnˈvestmənt",
    "trans": [
      "投资"
    ]
  },
  {
    "name": "merger",
    "usphone": "ˈmɜːrdʒər",
    "ukphone": "ˈmɜːdʒə(r)",
    "trans": [
      "合并,兼并"
    ]
  },
  {
    "name": "capital",
    "usphone": "ˈkæpɪtl",
    "ukphone": "ˈkæpɪtl",
    "trans": [
      "资金, 资本"
    ]
  },
  {
    "name": "return",
    "usphone": "rɪˈtɜːrn",
    "ukphone": "rɪˈtɜːn",
    "trans": [
      "收益, 回报"
    ]
  },
  {
    "name": "scheme",
    "usphone": "skiːm",
    "ukphone": "skiːm",
    "trans": [
      "计划，方案，安排"
    ]
  },
  {
    "name": "stock",
    "usphone": "stɑːk",
    "ukphone": "stɒk",
    "trans": [
      "股票"
    ]
  },
  {
    "name": "brokerage",
    "usphone": "ˈbroʊkərɪdʒ",
    "ukphone": "ˈbrəʊkərɪdʒ",
    "trans": [
      "经纪人业务"
    ]
  },
  {
    "name": "firm",
    "usphone": "fɜːrm",
    "ukphone": "fɜːm",
    "trans": [
      "公司, 企业"
    ]
  },
  {
    "name": "gestation",
    "usphone": "dʒeˈsteɪʃn",
    "ukphone": "dʒeˈsteɪʃn",
    "trans": [
      "妊娠"
    ]
  },
  {
    "name": "period",
    "usphone": "ˈpɪriəd",
    "ukphone": "ˈpɪəriəd",
    "trans": [
      "一段时间"
    ]
  },
  {
    "name": "share",
    "usphone": "ʃer",
    "ukphone": "ʃeə(r)",
    "trans": [
      "股份"
    ]
  },
  {
    "name": "minute",
    "usphone": "maɪˈnjuːt",
    "ukphone": "maɪˈnjuːt",
    "trans": [
      "极小的; 极少的"
    ]
  },
  {
    "name": "defer",
    "usphone": "dɪˈfɜːr",
    "ukphone": "dɪˈfɜː(r)",
    "trans": [
      "延缓"
    ]
  },
  {
    "name": "prioritize",
    "usphone": "praɪˈɔːrətaɪz",
    "ukphone": "praɪˈɒrətaɪz",
    "trans": [
      "把(任务)区分优先次序"
    ]
  },
  {
    "name": "splurge",
    "usphone": "splɜːrdʒ",
    "ukphone": "splɜːdʒ",
    "trans": [
      "挥霍"
    ]
  },
  {
    "name": "frugal",
    "usphone": "ˈfruːɡl",
    "ukphone": "ˈfruːɡl",
    "trans": [
      "节俭的, 省钱的"
    ]
  },
  {
    "name": "surplus",
    "usphone": "ˈsɜːrpləs",
    "ukphone": "ˈsɜːpləs",
    "trans": [
      "剩余, 盈余, 过剩"
    ]
  },
  {
    "name": "frivolous",
    "usphone": "ˈfrɪvələs",
    "ukphone": "ˈfrɪvələs",
    "trans": [
      "轻佻的, 妄动的,琐碎的"
    ]
  },
  {
    "name": "soar",
    "usphone": "sɔːr",
    "ukphone": "sɔː(r)",
    "trans": [
      "急速上升,骤升"
    ]
  },
  {
    "name": "depression",
    "usphone": "dɪˈpreʃn",
    "ukphone": "dɪˈpreʃn",
    "trans": [
      "抑郁症"
    ]
  },
  {
    "name": "crash",
    "usphone": "kræʃ",
    "ukphone": "kræʃ",
    "trans": [
      "破产, 倒闭"
    ]
  },
  {
    "name": "counter-intuitive",
    "trans": [
      "反直觉的"
    ]
  },
  {
    "name": "munitions",
    "usphone": "mjuːˈnɪʃnz",
    "ukphone": "mjuːˈnɪʃnz",
    "trans": [
      "军需品,军火"
    ]
  },
  {
    "name": "run",
    "usphone": "rʌn",
    "ukphone": "rʌn",
    "trans": [
      "挤兑"
    ]
  },
  {
    "name": "deceptive",
    "usphone": "dɪˈseptɪv",
    "ukphone": "dɪˈseptɪv",
    "trans": [
      "骗人的"
    ]
  },
  {
    "name": "guarantee",
    "usphone": "ˌɡærənˈtiː",
    "ukphone": "ˌɡærənˈtiː",
    "trans": [
      "担保"
    ]
  },
  {
    "name": "regulate",
    "usphone": "ˈreɡjuleɪt",
    "ukphone": "ˈreɡjuleɪt",
    "trans": [
      "控制,管理"
    ]
  },
  {
    "name": "syndicate",
    "usphone": "ˈsɪndɪkət",
    "ukphone": "ˈsɪndɪkət",
    "trans": [
      "辛迪加,企业联合组织, 财团"
    ]
  },
  {
    "name": "gamble",
    "usphone": "ˈɡæmbl",
    "ukphone": "ˈɡæmbl",
    "trans": [
      "赌博, 下赌注"
    ]
  },
  {
    "name": "deflation",
    "usphone": "ˌdiːˈfleɪʃn",
    "ukphone": "ˌdiːˈfleɪʃn",
    "trans": [
      "通货紧缩"
    ]
  },
  {
    "name": "prioritize",
    "usphone": "praɪˈɔːrətaɪz",
    "ukphone": "praɪˈɒrətaɪz",
    "trans": [
      "把(任务)区分优先次序"
    ]
  },
  {
    "name": "breather",
    "usphone": "ˈbriːðər",
    "ukphone": "ˈbriːðə(r)",
    "trans": [
      "短时间的休息"
    ]
  },
  {
    "name": "chronic",
    "usphone": "ˈkrɑːnɪk",
    "ukphone": "ˈkrɒnɪk",
    "trans": [
      "(病)慢性的,(人)久病的"
    ]
  },
  {
    "name": "ruminate",
    "usphone": "ˈruːmɪneɪt",
    "ukphone": "ˈruːmɪneɪt",
    "trans": [
      "深思; 沉思; 思索"
    ]
  },
  {
    "name": "lucid",
    "usphone": "ˈluːsɪd",
    "ukphone": "ˈluːsɪd",
    "trans": [
      "表达清楚的,易懂的"
    ]
  },
  {
    "name": "impulsive",
    "usphone": "ɪmˈpʌlsɪv",
    "ukphone": "ɪmˈpʌlsɪv",
    "trans": [
      "指人或人的行为)凭冲动的, 易冲动的"
    ]
  },
  {
    "name": "trivial",
    "usphone": "ˈtrɪviəl",
    "ukphone": "ˈtrɪviəl",
    "trans": [
      "不重要的, 琐碎的"
    ]
  },
  {
    "name": "intuition",
    "usphone": "ˌɪntuˈɪʃn",
    "ukphone": "ˌɪntjuˈɪʃn",
    "trans": [
      "直觉; 直觉力"
    ]
  },
  {
    "name": "claim",
    "usphone": "kleɪm",
    "ukphone": "kleɪm",
    "trans": [
      "声称, 主张"
    ]
  },
  {
    "name": "originate",
    "usphone": "əˈrɪdʒɪneɪt",
    "ukphone": "əˈrɪdʒɪneɪt",
    "trans": [
      "发端,发源,源自"
    ]
  },
  {
    "name": "seemingly",
    "usphone": "ˈsiːmɪŋli",
    "ukphone": "ˈsiːmɪŋli",
    "trans": [
      "表面上地"
    ]
  },
  {
    "name": "marital",
    "usphone": "ˈmærɪtl",
    "ukphone": "ˈmærɪtl",
    "trans": [
      "夫的; 妻的; 婚姻的"
    ]
  },
  {
    "name": "dispute",
    "usphone": "dɪˈspjuːt",
    "ukphone": "dɪˈspjuːt",
    "trans": [
      "争议"
    ]
  },
  {
    "name": "cutback",
    "usphone": "ˈkʌtbæk",
    "ukphone": "ˈkʌtbæk",
    "trans": [
      "削减"
    ]
  },
  {
    "name": "strife",
    "usphone": "straɪf",
    "ukphone": "straɪf",
    "trans": [
      "纷争"
    ]
  },
  {
    "name": "serene",
    "usphone": "səˈriːn",
    "ukphone": "səˈriːn",
    "trans": [
      "平静的; 宁静的"
    ]
  },
  {
    "name": "divorce",
    "usphone": "dɪˈvɔːrs",
    "ukphone": "dɪˈvɔːs",
    "trans": [
      "离婚"
    ]
  },
  {
    "name": "exquisite",
    "usphone": "ɪkˈskwɪzɪt",
    "ukphone": "ɪkˈskwɪzɪt",
    "trans": [
      "精美"
    ]
  },
  {
    "name": "uplifting",
    "usphone": "ˌʌpˈlɪftɪŋ",
    "ukphone": "ˌʌpˈlɪftɪŋ",
    "trans": [
      "举起,抬高"
    ]
  },
  {
    "name": "workload",
    "usphone": "ˈwɜːrkloʊd",
    "ukphone": "ˈwɜːkləʊd",
    "trans": [
      "工作量"
    ]
  },
  {
    "name": "enchanting",
    "usphone": "ɪnˈtʃæntɪŋ",
    "ukphone": "ɪnˈtʃɑːntɪŋ",
    "trans": [
      "迷人的"
    ]
  },
  {
    "name": "frazzled",
    "usphone": "ˈfræzld",
    "ukphone": "ˈfræzld",
    "trans": [
      "疲惫的, 易怒的"
    ]
  },
  {
    "name": "hectic",
    "usphone": "ˈhektɪk",
    "ukphone": "ˈhektɪk",
    "trans": [
      "忙乱"
    ]
  },
  {
    "name": "redundancy",
    "usphone": "rɪˈdʌndənsi",
    "ukphone": "rɪˈdʌndənsi",
    "trans": [
      "裁员"
    ]
  },
  {
    "name": "custody",
    "usphone": "ˈkʌstədi",
    "ukphone": "ˈkʌstədi",
    "trans": [
      "保管,监护"
    ]
  },
  {
    "name": "cope",
    "usphone": "koʊp",
    "ukphone": "kəʊp",
    "trans": [
      "处理, 应付"
    ]
  },
  {
    "name": "bankruptcy",
    "usphone": "ˈbæŋkrʌptsi",
    "ukphone": "ˈbæŋkrʌptsi",
    "trans": [
      "破产状态"
    ]
  },
  {
    "name": "delectable",
    "usphone": "dɪˈlektəbl",
    "ukphone": "dɪˈlektəbl",
    "trans": [
      "美味的"
    ]
  },
  {
    "name": "transcend",
    "usphone": "trænˈsend",
    "ukphone": "trænˈsend",
    "trans": [
      "超越,超过"
    ]
  },
  {
    "name": "industrial",
    "usphone": "ɪnˈdʌstriəl",
    "ukphone": "ɪnˈdʌstriəl",
    "trans": [
      "工业的, 与工业有关的"
    ]
  },
  {
    "name": "espionage",
    "usphone": "ˈespiənɑːʒ",
    "ukphone": "ˈespiənɑːʒ",
    "trans": [
      "间谍"
    ]
  },
  {
    "name": "experiment",
    "usphone": "ɪkˈsperɪmənt",
    "ukphone": "ɪkˈsperɪmənt",
    "trans": [
      "实验"
    ]
  },
  {
    "name": "catastrophe",
    "usphone": "kəˈtæstrəfi",
    "ukphone": "kəˈtæstrəfi",
    "trans": [
      "大灾难"
    ]
  },
  {
    "name": "theoretical",
    "usphone": "ˌθiːəˈretɪkl",
    "ukphone": "ˌθɪəˈretɪkl",
    "trans": [
      "理论上的,假设的"
    ]
  },
  {
    "name": "origin",
    "usphone": "ˈɔːrɪdʒɪn",
    "ukphone": "ˈɒrɪdʒɪn",
    "trans": [
      "起源, 根源"
    ]
  },
  {
    "name": "disgruntled",
    "usphone": "dɪsˈɡrʌntld",
    "ukphone": "dɪsˈɡrʌntld",
    "trans": [
      "不满的"
    ]
  },
  {
    "name": "insider",
    "usphone": "ɪnˈsaɪdər",
    "ukphone": "ɪnˈsaɪdə(r)",
    "trans": [
      "内部的人, 会员, 知道内情的人, 权威人士"
    ]
  },
  {
    "name": "unethical",
    "usphone": "ʌnˈeθɪkl",
    "ukphone": "ʌnˈeθɪkl",
    "trans": [
      "无原则的(尤指业务或职业道德方面)"
    ]
  },
  {
    "name": "corporate",
    "usphone": "ˈkɔːrpərət",
    "ukphone": "ˈkɔːpərət",
    "trans": [
      "公司的,社团的"
    ]
  },
  {
    "name": "intelligence",
    "usphone": "ɪnˈtelɪdʒəns",
    "ukphone": "ɪnˈtelɪdʒəns",
    "trans": [
      "智力, 理解力"
    ]
  },
  {
    "name": "fable",
    "usphone": "ˈfeɪbl",
    "ukphone": "ˈfeɪbl",
    "trans": [
      "寓言"
    ]
  },
  {
    "name": "myth",
    "usphone": "mɪθ",
    "ukphone": "mɪθ",
    "trans": [
      "神话"
    ]
  },
  {
    "name": "metaphor",
    "usphone": "ˈmetəfər",
    "ukphone": "ˈmetəfə(r)",
    "trans": [
      "隐喻,象征"
    ]
  },
  {
    "name": "sighting",
    "usphone": "ˈsaɪtɪŋ",
    "ukphone": "ˈsaɪtɪŋ",
    "trans": [
      "瞄准,观测"
    ]
  },
  {
    "name": "trend",
    "usphone": "trend",
    "ukphone": "trend",
    "trans": [
      "趋势, 倾向"
    ]
  },
  {
    "name": "blackmail",
    "usphone": "ˈblækmeɪl",
    "ukphone": "ˈblækmeɪl",
    "trans": [
      "敲诈;勒索;要挟;胁迫"
    ]
  },
  {
    "name": "improbable",
    "usphone": "ɪmˈprɑːbəbl",
    "ukphone": "ɪmˈprɒbəbl",
    "trans": [
      "未必会发生的; 不大可能的"
    ]
  },
  {
    "name": "implausible",
    "usphone": "ɪmˈplɔːzəbl",
    "ukphone": "ɪmˈplɔːzəbl",
    "trans": [
      "不像真实的; 难以置信的; 说服不了人的"
    ]
  },
  {
    "name": "gullible",
    "usphone": "ˈɡʌləbl",
    "ukphone": "ˈɡʌləbl",
    "trans": [
      "轻信"
    ]
  },
  {
    "name": "legend",
    "usphone": "ˈledʒənd",
    "ukphone": "ˈledʒənd",
    "trans": [
      "传说"
    ]
  },
  {
    "name": "coerce",
    "usphone": "koʊˈɜːrs",
    "ukphone": "kəʊˈɜːs",
    "trans": [
      "强迫,胁迫,迫使"
    ]
  },
  {
    "name": "naive",
    "usphone": "naɪˈiːv",
    "ukphone": "naɪˈiːv",
    "trans": [
      "天真的,幼稚的,轻信的"
    ]
  },
  {
    "name": "occurrence",
    "usphone": "əˈkɜːrəns",
    "ukphone": "əˈkʌrəns",
    "trans": [
      "事件; 事情"
    ]
  },
  {
    "name": "doubtful",
    "usphone": "ˈdaʊtfl",
    "ukphone": "ˈdaʊtfl",
    "trans": [
      "疑问的"
    ]
  },
  {
    "name": "elude",
    "usphone": "iˈluːd",
    "ukphone": "iˈluːd",
    "trans": [
      "躲避"
    ]
  },
  {
    "name": "encounter",
    "usphone": "ɪnˈkaʊntər",
    "ukphone": "ɪnˈkaʊntə(r)",
    "trans": [
      "碰见, 意外遇见"
    ]
  },
  {
    "name": "existence",
    "usphone": "ɪɡˈzɪstəns",
    "ukphone": "ɪɡˈzɪstəns",
    "trans": [
      "存在, 生存"
    ]
  },
  {
    "name": "skeptic",
    "usphone": "ˈskeptɪk",
    "ukphone": "ˈskeptɪk",
    "trans": [
      "怀疑者, 怀疑论者"
    ]
  }
]