[
    {
        "name": "platitude",
        "usphone": "ˈplætɪtuːd",
        "ukphone": "ˈplætɪtjuːd",
        "trans": [
            "陈词滥调,老调重弹"
        ]
    },
    {
        "name": "sympathy",
        "usphone": "ˈsɪmpəθi",
        "ukphone": "ˈsɪmpəθi",
        "trans": [
            "同情, 同情心"
        ]
    },
    {
        "name": "funeral",
        "usphone": "ˈfjuːnərəl",
        "ukphone": "ˈfjuːnərəl",
        "trans": [
            "葬礼"
        ]
    },
    {
        "name": "condolence",
        "usphone": "kənˈdoʊləns",
        "ukphone": "kənˈdəʊləns",
        "trans": [
            "吊唁;慰唁"
        ]
    },
    {
        "name": "favor",
        "trans": [
            "帮助, 帮忙"
        ],
        "usphone": "'fevɚ",
        "ukphone": "'feɪvər"
    },
    {
        "name": "inappropriate",
        "usphone": "ˌɪnəˈproʊpriət",
        "ukphone": "ˌɪnəˈprəʊpriət",
        "trans": [
            "(对某人[某事物])不恰当的, 不适合的"
        ]
    },
    {
        "name": "acceptable",
        "usphone": "əkˈseptəbl",
        "ukphone": "əkˈseptəbl",
        "trans": [
            "可接受的"
        ]
    },
    {
        "name": "criticism",
        "usphone": "ˈkrɪtɪsɪzəm",
        "ukphone": "ˈkrɪtɪsɪzəm",
        "trans": [
            "批评, 指责"
        ]
    },
    {
        "name": "direct",
        "usphone": "dəˈrekt",
        "ukphone": "dəˈrekt",
        "trans": [
            "直截了当的"
        ]
    },
    {
        "name": "respect",
        "usphone": "rɪˈspekt",
        "ukphone": "rɪˈspekt",
        "trans": [
            "敬重, 尊敬, 尊重, 重视, 注重, 敬意"
        ]
    },
    {
        "name": "joke",
        "usphone": "dʒoʊk",
        "ukphone": "dʒəʊk",
        "trans": [
            "开玩笑, 戏弄"
        ]
    },
    {
        "name": "physical",
        "usphone": "ˈfɪzɪkl",
        "ukphone": "ˈfɪzɪkl",
        "trans": [
            "身体的"
        ]
    },
    {
        "name": "contact",
        "usphone": "ˈkɑːntækt",
        "ukphone": "ˈkɒntækt",
        "trans": [
            "接触"
        ]
    },
    {
        "name": "hug",
        "usphone": "hʌɡ",
        "ukphone": "hʌɡ",
        "trans": [
            "拥抱"
        ]
    },
    {
        "name": "slap",
        "usphone": "slæp",
        "ukphone": "slæp",
        "trans": [
            "拍击,掌击,掴"
        ]
    },
    {
        "name": "back",
        "usphone": "bæk",
        "ukphone": "bæk",
        "trans": [
            "背部, 后背"
        ]
    },
    {
        "name": "handshake",
        "usphone": "ˈhændʃeɪk",
        "ukphone": "ˈhændʃeɪk",
        "trans": [
            "握手"
        ]
    },
    {
        "name": "consider",
        "usphone": "kənˈsɪdər",
        "ukphone": "kənˈsɪdə(r)",
        "trans": [
            "考虑"
        ]
    },
    {
        "name": "common",
        "usphone": "ˈkɑːmən",
        "ukphone": "ˈkɒmən",
        "trans": [
            "普通的, 一般的"
        ]
    },
    {
        "name": "pleasure",
        "usphone": "ˈpleʒər",
        "ukphone": "ˈpleʒə(r)",
        "trans": [
            "愉快, 高兴, 乐事, 满足, 乐趣"
        ]
    },
    {
        "name": "lack",
        "usphone": "læk",
        "ukphone": "læk",
        "trans": [
            "欠缺, 没有, 不足"
        ]
    },
    {
        "name": "cleanliness",
        "usphone": "ˈklenlinəs",
        "ukphone": "ˈklenlinəs",
        "trans": [
            "清洁"
        ]
    },
    {
        "name": "disruptive",
        "usphone": "dɪsˈrʌptɪv",
        "ukphone": "dɪsˈrʌptɪv",
        "trans": [
            "破坏性"
        ]
    },
    {
        "name": "noise",
        "usphone": "nɔɪz",
        "ukphone": "nɔɪz",
        "trans": [
            "噪音, 喧闹声"
        ]
    },
    {
        "name": "courtesy",
        "usphone": "ˈkɜːrtəsi",
        "ukphone": "ˈkɜːtəsi",
        "trans": [
            "礼貌; 客气"
        ]
    },
    {
        "name": "express",
        "usphone": "ɪkˈspres",
        "ukphone": "ɪkˈspres",
        "trans": [
            "表达, 传达"
        ]
    },
    {
        "name": "fond",
        "usphone": "fɑːnd",
        "ukphone": "fɒnd",
        "trans": [
            "溺爱的, 喜欢的"
        ]
    },
    {
        "name": "incorporate",
        "usphone": "ɪnˈkɔːrpəreɪt",
        "ukphone": "ɪnˈkɔːpəreɪt",
        "trans": [
            "把…合并,使并入"
        ]
    },
    {
        "name": "promote",
        "usphone": "prəˈmoʊt",
        "ukphone": "prəˈməʊt",
        "trans": [
            "促进, 提升"
        ]
    },
    {
        "name": "teamwork",
        "usphone": "ˈtiːmwɜːrk",
        "ukphone": "ˈtiːmwɜːk",
        "trans": [
            "合作,协同工作"
        ]
    },
    {
        "name": "principle",
        "usphone": "ˈprɪnsəpl",
        "ukphone": "ˈprɪnsəpl",
        "trans": [
            "原则, 主义, 原理, 信条"
        ]
    },
    {
        "name": "core",
        "usphone": "kɔːr",
        "ukphone": "kɔː(r)",
        "trans": [
            "重点的，重要的"
        ]
    },
    {
        "name": "value",
        "usphone": "ˈvæljuː",
        "ukphone": "ˈvæljuː",
        "trans": [
            "价值观"
        ]
    },
    {
        "name": "adventurous",
        "usphone": "ədˈventʃərəs",
        "ukphone": "ədˈventʃərəs",
        "trans": [
            "爱冒险的,胆子大的"
        ]
    },
    {
        "name": "ethic",
        "usphone": "ˈeθɪk",
        "ukphone": "ˈeθɪk",
        "trans": [
            "伦理"
        ]
    },
    {
        "name": "passionate",
        "usphone": "ˈpæʃənət",
        "ukphone": "ˈpæʃənət",
        "trans": [
            "热情的, 激情的, 易怒的"
        ]
    },
    {
        "name": "honesty",
        "usphone": "ˈɑːnəsti",
        "ukphone": "ˈɒnəsti",
        "trans": [
            "诚实"
        ]
    },
    {
        "name": "quality",
        "usphone": "ˈkwɑːləti",
        "ukphone": "ˈkwɒləti",
        "trans": [
            "质量, 品质"
        ]
    },
    {
        "name": "humility",
        "usphone": "hjuːˈmɪləti",
        "ukphone": "hjuːˈmɪləti",
        "trans": [
            "谦逊"
        ]
    },
    {
        "name": "corporate",
        "usphone": "ˈkɔːrpərət",
        "ukphone": "ˈkɔːpərət",
        "trans": [
            "公司的,社团的"
        ]
    },
    {
        "name": "headquarters",
        "usphone": "ˈhedkwɔːrtərz",
        "ukphone": "ˌhedˈkwɔːtəz",
        "trans": [
            "司令部"
        ]
    },
    {
        "name": "branch",
        "usphone": "bræntʃ",
        "ukphone": "brɑːntʃ",
        "trans": [
            "(机构, 企业)分部, 部门"
        ]
    },
    {
        "name": "vertical",
        "usphone": "ˈvɜːrtɪkl",
        "ukphone": "ˈvɜːtɪkl",
        "trans": [
            "垂直的, 直立的, 纵向的"
        ]
    },
    {
        "name": "rigid",
        "usphone": "ˈrɪdʒɪd",
        "ukphone": "ˈrɪdʒɪd",
        "trans": [
            "严格的; 坚强的; 不变的"
        ]
    },
    {
        "name": "restructure",
        "usphone": "ˌriːˈstrʌktʃər",
        "ukphone": "ˌriːˈstrʌktʃə(r)",
        "trans": [
            "重组, 改组"
        ]
    },
    {
        "name": "top-heavy",
        "trans": [
            "头重脚轻的"
        ]
    },
    {
        "name": "flatten",
        "usphone": "ˈflætn",
        "ukphone": "ˈflætn",
        "trans": [
            "弄平，使变平"
        ]
    },
    {
        "name": "hierarchy",
        "usphone": "ˈhaɪərɑːrki",
        "ukphone": "ˈhaɪərɑːki",
        "trans": [
            "阶层"
        ]
    },
    {
        "name": "mission",
        "usphone": "ˈmɪʃn",
        "ukphone": "ˈmɪʃn",
        "trans": [
            "责任,使命"
        ]
    },
    {
        "name": "statement",
        "usphone": "ˈsteɪtmənt",
        "ukphone": "ˈsteɪtmənt",
        "trans": [
            "陈述, 声明, 说法"
        ]
    },
    {
        "name": "task",
        "usphone": "tæsk",
        "ukphone": "tɑːsk",
        "trans": [
            "任务"
        ]
    },
    {
        "name": "politics",
        "usphone": "ˈpɑːlətɪks",
        "ukphone": "ˈpɒlətɪks",
        "trans": [
            "政治"
        ]
    },
    {
        "name": "higher-up",
        "trans": [
            "高增长"
        ]
    },
    {
        "name": "repercussion",
        "usphone": "ˌriːpərˈkʌʃn",
        "ukphone": "ˌriːpəˈkʌʃn",
        "trans": [
            "后果,间接后果"
        ]
    },
    {
        "name": "participate",
        "usphone": "pɑːrˈtɪsɪpeɪt",
        "ukphone": "pɑːˈtɪsɪpeɪt",
        "trans": [
            "参加, 参与"
        ]
    },
    {
        "name": "horizontal",
        "usphone": "ˌhɔːrəˈzɑːntl",
        "ukphone": "ˌhɒrɪˈzɒntl",
        "trans": [
            "水平的"
        ]
    },
    {
        "name": "throwback",
        "usphone": "ˈθroʊbæk",
        "ukphone": "ˈθrəʊbæk",
        "trans": [
            "像过去存在过的人或事"
        ]
    },
    {
        "name": "underestimate",
        "usphone": "ˌʌndərˈestɪmeɪt",
        "ukphone": "ˌʌndərˈestɪmeɪt",
        "trans": [
            "低估"
        ]
    },
    {
        "name": "anachronism",
        "usphone": "əˈnækrənɪzəm",
        "ukphone": "əˈnækrənɪzəm",
        "trans": [
            "过时的人(或风俗,思想)"
        ]
    },
    {
        "name": "autocrat",
        "usphone": "ˈɔːtəkræt",
        "ukphone": "ˈɔːtəkræt",
        "trans": [
            "独裁者"
        ]
    },
    {
        "name": "drive",
        "usphone": "draɪv",
        "ukphone": "draɪv",
        "trans": [
            "动力, 推动力"
        ]
    },
    {
        "name": "earn",
        "usphone": "ɜːrn",
        "ukphone": "ɜːn",
        "trans": [
            "赚, 挣钱"
        ]
    },
    {
        "name": "empathy",
        "usphone": "ˈempəθi",
        "ukphone": "ˈempəθi",
        "trans": [
            "换位思考"
        ]
    },
    {
        "name": "hardship",
        "usphone": "ˈhɑːrdʃɪp",
        "ukphone": "ˈhɑːdʃɪp",
        "trans": [
            "困苦"
        ]
    },
    {
        "name": "hierarchy",
        "usphone": "ˈhaɪərɑːrki",
        "ukphone": "ˈhaɪərɑːki",
        "trans": [
            "阶层"
        ]
    },
    {
        "name": "monetary",
        "usphone": "ˈmʌnɪteri",
        "ukphone": "ˈmʌnɪtri",
        "trans": [
            "钱的; 货币的"
        ]
    },
    {
        "name": "potential",
        "usphone": "pəˈtenʃl",
        "ukphone": "pəˈtenʃl",
        "trans": [
            "可能性"
        ]
    },
    {
        "name": "mentor",
        "usphone": "ˈmentɔːr",
        "ukphone": "ˈmentɔː(r)",
        "trans": [
            "有经验可信赖的顾问"
        ]
    },
    {
        "name": "development",
        "usphone": "dɪˈveləpmənt",
        "ukphone": "dɪˈveləpmənt",
        "trans": [
            "生长"
        ]
    },
    {
        "name": "path",
        "usphone": "pæθ",
        "ukphone": "pɑːθ",
        "trans": [
            "道路, 路"
        ]
    },
    {
        "name": "advance",
        "usphone": "ədˈvæns",
        "ukphone": "ədˈvɑːns",
        "trans": [
            "促进, 改善, 加速"
        ]
    },
    {
        "name": "tailor",
        "usphone": "ˈteɪlər",
        "ukphone": "ˈteɪlə(r)",
        "trans": [
            "裁制; 使合适; 修改; 做裁缝"
        ]
    },
    {
        "name": "charisma",
        "usphone": "kəˈrɪzmə",
        "ukphone": "kəˈrɪzmə",
        "trans": [
            "个人魅力"
        ]
    },
    {
        "name": "deception",
        "usphone": "dɪˈsepʃn",
        "ukphone": "dɪˈsepʃn",
        "trans": [
            "欺骗"
        ]
    },
    {
        "name": "just",
        "usphone": "dʒʌst",
        "ukphone": "dʒʌst",
        "trans": [
            "公道的, 公正的, 公平的"
        ]
    },
    {
        "name": "keen",
        "usphone": "kiːn",
        "ukphone": "kiːn",
        "trans": [
            "良好的, 敏锐的, 灵敏的, 敏捷的"
        ]
    },
    {
        "name": "fairness",
        "usphone": "ˈfernəs",
        "ukphone": "ˈfeənəs",
        "trans": [
            "公平"
        ]
    },
    {
        "name": "approachable",
        "usphone": "əˈproʊtʃəbl",
        "ukphone": "əˈprəʊtʃəbl",
        "trans": [
            "随和的,可接近的"
        ]
    },
    {
        "name": "visionary",
        "usphone": "ˈvɪʒəneri",
        "ukphone": "ˈvɪʒənri",
        "trans": [
            "空想家, 好幻想的人, 梦想者"
        ]
    },
    {
        "name": "fearless",
        "usphone": "ˈfɪrləs",
        "ukphone": "ˈfɪələs",
        "trans": [
            "不怕"
        ]
    },
    {
        "name": "inspiring",
        "usphone": "ɪnˈspaɪərɪŋ",
        "ukphone": "ɪnˈspaɪərɪŋ",
        "trans": [
            "令人振奋的, 激励人的, 鼓舞人心的"
        ]
    },
    {
        "name": "moral",
        "usphone": "ˈmɔːrəl",
        "ukphone": "ˈmɒrəl",
        "trans": [
            "道德(上)的"
        ]
    },
    {
        "name": "circumstance",
        "usphone": "ˈsɜːrkəmstæns",
        "ukphone": "ˈsɜːkəmstəns",
        "trans": [
            "环境, 情况, 形式"
        ]
    },
    {
        "name": "persuade",
        "usphone": "pərˈsweɪd",
        "ukphone": "pəˈsweɪd",
        "trans": [
            "劝说, 说服"
        ]
    },
    {
        "name": "connection",
        "usphone": "kəˈnekʃn",
        "ukphone": "kəˈnekʃn",
        "trans": [
            "连接点, 接点"
        ]
    },
    {
        "name": "mute",
        "usphone": "mjuːt",
        "ukphone": "mjuːt",
        "trans": [
            "使声音(尤指乐器声)减弱, 柔和"
        ]
    },
    {
        "name": "echo",
        "usphone": "ˈekoʊ",
        "ukphone": "ˈekəʊ",
        "trans": [
            "呼应"
        ]
    },
    {
        "name": "type",
        "usphone": "taɪp",
        "ukphone": "taɪp",
        "trans": [
            "打字"
        ]
    },
    {
        "name": "headset",
        "usphone": "ˈhedset",
        "ukphone": "ˈhedset",
        "trans": [
            "耳机"
        ]
    },
    {
        "name": "attachment",
        "usphone": "əˈtætʃmənt",
        "ukphone": "əˈtætʃmənt",
        "trans": [
            "爱慕"
        ]
    },
    {
        "name": "subject",
        "usphone": "ˈsʌbdʒɪkt",
        "ukphone": "ˈsʌbdʒɪkt",
        "trans": [
            "主题"
        ]
    },
    {
        "name": "cc",
        "usphone": "ˌsiːˈsiː",
        "ukphone": "ˌsiːˈsiː",
        "trans": [
            "副本"
        ]
    },
    {
        "name": "reply",
        "usphone": "rɪˈplaɪ",
        "ukphone": "rɪˈplaɪ",
        "trans": [
            "回复"
        ]
    },
    {
        "name": "emoticon",
        "usphone": "ɪˈmoʊtɪkɑːn",
        "ukphone": "ɪˈməʊtɪkɒn",
        "trans": [
            "表情"
        ]
    },
    {
        "name": "model",
        "usphone": "ˈmɑːdl",
        "ukphone": "ˈmɒdl",
        "trans": [
            "型号, 样式"
        ]
    },
    {
        "name": "retail",
        "usphone": "ˈriːteɪl",
        "ukphone": "ˈriːteɪl",
        "trans": [
            "零售; 零卖"
        ]
    },
    {
        "name": "bulk",
        "usphone": "bʌlk",
        "ukphone": "bʌlk",
        "trans": [
            "大块,主体"
        ]
    },
    {
        "name": "discount",
        "usphone": "ˈdɪskaʊnt",
        "ukphone": "ˈdɪskaʊnt",
        "trans": [
            "折扣"
        ]
    },
    {
        "name": "unit",
        "usphone": "ˈjuːnɪt",
        "ukphone": "ˈjuːnɪt",
        "trans": [
            "单位"
        ]
    },
    {
        "name": "vendor",
        "usphone": "ˈvendər",
        "ukphone": "ˈvendə(r)",
        "trans": [
            "小贩; 推销员"
        ]
    },
    {
        "name": "margin",
        "usphone": "ˈmɑːrdʒən",
        "ukphone": "ˈmɑːdʒɪn",
        "trans": [
            "页边空白处"
        ]
    },
    {
        "name": "gesture",
        "usphone": "ˈdʒestʃər",
        "ukphone": "ˈdʒestʃə(r)",
        "trans": [
            "手势"
        ]
    },
    {
        "name": "cultural",
        "usphone": "ˈkʌltʃərəl",
        "ukphone": "ˈkʌltʃərəl",
        "trans": [
            "文化的"
        ]
    },
    {
        "name": "sensitivity",
        "usphone": "ˌsensəˈtɪvəti",
        "ukphone": "ˌsensəˈtɪvəti",
        "trans": [
            "(话题等)棘手、敏感、容易引起纷争"
        ]
    },
    {
        "name": "point",
        "usphone": "pɔɪnt",
        "ukphone": "pɔɪnt",
        "trans": [
            "指向, 指"
        ]
    },
    {
        "name": "comfortable",
        "usphone": "ˈkʌmftəbl",
        "ukphone": "ˈkʌmftəbl",
        "trans": [
            "自在的, 无忧无虑的"
        ]
    },
    {
        "name": "silence",
        "usphone": "ˈsaɪləns",
        "ukphone": "ˈsaɪləns",
        "trans": [
            "寂静"
        ]
    },
    {
        "name": "indirect",
        "usphone": "ˌɪndəˈrekt",
        "ukphone": "ˌɪndəˈrekt",
        "trans": [
            "间接的"
        ]
    },
    {
        "name": "communication",
        "usphone": "kəˌmjuːnɪˈkeɪʃn",
        "ukphone": "kəˌmjuːnɪˈkeɪʃn",
        "trans": [
            "交流, 交际"
        ]
    },
    {
        "name": "forward",
        "usphone": "ˈfɔːrwərd",
        "ukphone": "ˈfɔːwəd",
        "trans": [
            "运送"
        ]
    },
    {
        "name": "hesitate",
        "usphone": "ˈhezɪteɪt",
        "ukphone": "ˈhezɪteɪt",
        "trans": [
            "踌躇"
        ]
    },
    {
        "name": "concern",
        "usphone": "kənˈsɜːrn",
        "ukphone": "kənˈsɜːn",
        "trans": [
            "关注的事"
        ]
    },
    {
        "name": "consider",
        "usphone": "kənˈsɪdər",
        "ukphone": "kənˈsɪdə(r)",
        "trans": [
            "考虑"
        ]
    },
    {
        "name": "reassure",
        "usphone": "ˌriːəˈʃʊr",
        "ukphone": "ˌriːəˈʃʊə(r)",
        "trans": [
            "消除某人的恐惧或疑虑; 恢复某人的信心; 使某人放心"
        ]
    },
    {
        "name": "blunder",
        "usphone": "ˈblʌndər",
        "ukphone": "ˈblʌndə(r)",
        "trans": [
            "愚蠢的错误,笨拙的错误"
        ]
    },
    {
        "name": "ashamed",
        "usphone": "əˈʃeɪmd",
        "ukphone": "əˈʃeɪmd",
        "trans": [
            "惭愧的, 羞耻的, 不要意思的"
        ]
    },
    {
        "name": "idiot",
        "usphone": "ˈɪdiət",
        "ukphone": "ˈɪdiət",
        "trans": [
            "白痴"
        ]
    },
    {
        "name": "awkward",
        "usphone": "ˈɔːkwərd",
        "ukphone": "ˈɔːkwəd",
        "trans": [
            "尴尬的, 不合适的, 棘手的"
        ]
    },
    {
        "name": "ordinarily",
        "usphone": "ˌɔːrdnˈerəli",
        "ukphone": "ˈɔːdnrəli",
        "trans": [
            "通常, 大概, 普通"
        ]
    },
    {
        "name": "aspiration",
        "usphone": "ˌæspəˈreɪʃn",
        "ukphone": "ˌæspəˈreɪʃn",
        "trans": [
            "抱负,野心"
        ]
    },
    {
        "name": "offensive",
        "usphone": "əˈfensɪv",
        "ukphone": "əˈfensɪv",
        "trans": [
            "冒犯的, 得罪人的, 唐突的, 无礼的"
        ]
    },
    {
        "name": "embarrassed",
        "usphone": "ɪmˈbærəst",
        "ukphone": "ɪmˈbærəst",
        "trans": [
            "感到尴尬的"
        ]
    },
    {
        "name": "support",
        "usphone": "səˈpɔːrt",
        "ukphone": "səˈpɔːt",
        "trans": [
            "支持"
        ]
    },
    {
        "name": "careless",
        "usphone": "ˈkerləs",
        "ukphone": "ˈkeələs",
        "trans": [
            "粗心的, 大意的"
        ]
    },
    {
        "name": "rude",
        "usphone": "ruːd",
        "ukphone": "ruːd",
        "trans": [
            "粗鲁的"
        ]
    },
    {
        "name": "inappropriate",
        "usphone": "ˌɪnəˈproʊpriət",
        "ukphone": "ˌɪnəˈprəʊpriət",
        "trans": [
            "(对某人[某事物])不恰当的, 不适合的"
        ]
    },
    {
        "name": "criticize",
        "usphone": "ˈkrɪtɪsaɪz",
        "ukphone": "ˈkrɪtɪsaɪz",
        "trans": [
            "批评, 抨击"
        ]
    },
    {
        "name": "hard",
        "usphone": "hɑːrd",
        "ukphone": "hɑːd",
        "trans": [
            "寒冷的, 恶劣的"
        ]
    },
    {
        "name": "right",
        "usphone": "raɪt",
        "ukphone": "raɪt",
        "trans": [
            "权利"
        ]
    },
    {
        "name": "apologize",
        "usphone": "əˈpɑːlədʒaɪz",
        "ukphone": "əˈpɒlədʒaɪz",
        "trans": [
            "道歉"
        ]
    },
    {
        "name": "sincere",
        "usphone": "sɪnˈsɪr",
        "ukphone": "sɪnˈsɪə(r)",
        "trans": [
            "真诚的, 诚挚的, 真实的"
        ]
    },
    {
        "name": "forgive",
        "usphone": "fərˈɡɪv",
        "ukphone": "fəˈɡɪv",
        "trans": [
            "原谅, 饶恕"
        ]
    },
    {
        "name": "unacceptable",
        "usphone": "ˌʌnəkˈseptəbl",
        "ukphone": "ˌʌnəkˈseptəbl",
        "trans": [
            "难以接受的, 不受欢迎的"
        ]
    },
    {
        "name": "stupid",
        "usphone": "ˈstuːpɪd",
        "ukphone": "ˈstjuːpɪd",
        "trans": [
            "愚蠢的, 笨的, 迟钝的, 麻木的, 无知觉的"
        ]
    },
    {
        "name": "appropriate",
        "usphone": "əˈproʊpriət",
        "ukphone": "əˈprəʊpriət",
        "trans": [
            "合适的, 适当的"
        ]
    },
    {
        "name": "excuse",
        "usphone": "ɪkˈskjuːs",
        "ukphone": "ɪkˈskjuːs",
        "trans": [
            "借口"
        ]
    },
    {
        "name": "beyond",
        "usphone": "bɪˈjɑːnd",
        "ukphone": "bɪˈjɒnd",
        "trans": [
            "在 较远的一边, 超越"
        ]
    },
    {
        "name": "tough",
        "usphone": "tʌf",
        "ukphone": "tʌf",
        "trans": [
            "困难的, 棘手的"
        ]
    },
    {
        "name": "regret",
        "usphone": "rɪˈɡret",
        "ukphone": "rɪˈɡret",
        "trans": [
            "遗憾"
        ]
    },
    {
        "name": "blood",
        "usphone": "blʌd",
        "ukphone": "blʌd",
        "trans": [
            "血"
        ]
    },
    {
        "name": "nope",
        "usphone": "noʊp",
        "ukphone": "nəʊp",
        "trans": [
            "不,不是,没有"
        ]
    },
    {
        "name": "double",
        "usphone": "ˈdʌbl",
        "ukphone": "ˈdʌbl",
        "trans": [
            "两人的"
        ]
    },
    {
        "name": "suite",
        "usphone": "swiːt",
        "ukphone": "swiːt",
        "trans": [
            "套房"
        ]
    },
    {
        "name": "king-size",
        "trans": [
            "特长且大的, 加长型的"
        ]
    },
    {
        "name": "queen-size",
        "trans": [
            "大号的"
        ]
    },
    {
        "name": "executive",
        "usphone": "ɪɡˈzekjətɪv",
        "ukphone": "ɪɡˈzekjətɪv",
        "trans": [
            "管理的, 行政的"
        ]
    },
    {
        "name": "complimentary",
        "usphone": "ˌkɑːmplɪˈmentri",
        "ukphone": "ˌkɒmplɪˈmentri",
        "trans": [
            "赞赏的,恭维的,表示敬意的"
        ]
    },
    {
        "name": "classic",
        "usphone": "ˈklæsɪk",
        "ukphone": "ˈklæsɪk",
        "trans": [
            "古典的"
        ]
    },
    {
        "name": "deposit",
        "usphone": "dɪˈpɑːzɪt",
        "ukphone": "dɪˈpɒzɪt",
        "trans": [
            "保证金"
        ]
    },
    {
        "name": "minibar",
        "usphone": "ˈmɪnibɑːr",
        "ukphone": "ˈmɪnibɑː(r)",
        "trans": [
            "迷你冰箱"
        ]
    },
    {
        "name": "long-distance",
        "trans": [
            "长途的"
        ]
    },
    {
        "name": "incidental",
        "usphone": "ˌɪnsɪˈdentl",
        "ukphone": "ˌɪnsɪˈdentl",
        "trans": [
            "偶然的;附带的"
        ]
    },
    {
        "name": "charge",
        "usphone": "tʃɑːrdʒ",
        "ukphone": "tʃɑːdʒ",
        "trans": [
            "费用"
        ]
    },
    {
        "name": "broken",
        "usphone": "ˈbroʊkən",
        "ukphone": "ˈbrəʊkən",
        "trans": [
            "被破坏的, 受伤的, 断裂的"
        ]
    },
    {
        "name": "thermostat",
        "usphone": "ˈθɜːrməstæt",
        "ukphone": "ˈθɜːməstæt",
        "trans": [
            "恒温器,定温器"
        ]
    },
    {
        "name": "detector",
        "usphone": "dɪˈtektər",
        "ukphone": "dɪˈtektə(r)",
        "trans": [
            "探测器"
        ]
    },
    {
        "name": "sheet",
        "usphone": "ʃiːt",
        "ukphone": "ʃiːt",
        "trans": [
            "床单"
        ]
    },
    {
        "name": "dirty",
        "usphone": "ˈdɜːrti",
        "ukphone": "ˈdɜːti",
        "trans": [
            "脏的"
        ]
    },
    {
        "name": "stain",
        "usphone": "steɪn",
        "ukphone": "steɪn",
        "trans": [
            "斑点,污点"
        ]
    },
    {
        "name": "carpet",
        "usphone": "ˈkɑːrpɪt",
        "ukphone": "ˈkɑːpɪt",
        "trans": [
            "地毯"
        ]
    },
    {
        "name": "option",
        "usphone": "ˈɑːpʃn",
        "ukphone": "ˈɒpʃn",
        "trans": [
            "选择, 选择权, 选择自由"
        ]
    },
    {
        "name": "concierge",
        "usphone": "kɔːnˈsjerʒ",
        "ukphone": "ˈkɒnsieəʒ",
        "trans": [
            "(欧洲的)旅馆服务台职员"
        ]
    },
    {
        "name": "upscale",
        "usphone": "ˌʌpˈskeɪl",
        "ukphone": "ˌʌpˈskeɪl",
        "trans": [
            "高消费的, 高端的"
        ]
    },
    {
        "name": "amenity",
        "usphone": "əˈmenəti",
        "ukphone": "əˈmiːnəti",
        "trans": [
            "生活便利设施"
        ]
    },
    {
        "name": "attentive",
        "usphone": "əˈtentɪv",
        "ukphone": "əˈtentɪv",
        "trans": [
            "专注的"
        ]
    },
    {
        "name": "spacious",
        "usphone": "ˈspeɪʃəs",
        "ukphone": "ˈspeɪʃəs",
        "trans": [
            "宽敞的"
        ]
    },
    {
        "name": "luxurious",
        "usphone": "lʌɡˈʒʊriəs",
        "ukphone": "lʌɡˈʒʊəriəs",
        "trans": [
            "奢侈的,极舒适的"
        ]
    },
    {
        "name": "incompetent",
        "usphone": "ɪnˈkɑːmpɪtənt",
        "ukphone": "ɪnˈkɒmpɪtənt",
        "trans": [
            "无能力的, 不称职的"
        ]
    },
    {
        "name": "cleanliness",
        "usphone": "ˈklenlinəs",
        "ukphone": "ˈklenlinəs",
        "trans": [
            "清洁"
        ]
    },
    {
        "name": "quitter",
        "usphone": "ˈkwɪtər",
        "ukphone": "ˈkwɪtə(r)",
        "trans": [
            "轻言放弃的人,无志气的人,懦夫"
        ]
    }
]