[
    {
        "name": "sing",
        "usphone": "sɪŋ",
        "ukphone": "sɪŋ",
        "trans": [
            "唱歌"
        ]
    },
    {
        "name": "check",
        "usphone": "tʃek",
        "ukphone": "tʃek",
        "trans": [
            "检查，核对"
        ]
    },
    {
        "name": "evening",
        "usphone": "ˈiːvnɪŋ",
        "ukphone": "ˈiːvnɪŋ",
        "trans": [
            "晚上"
        ]
    },
    {
        "name": "excuse me",
        "trans": [
            "used when you did not hear what sb said and you want them to repeat it"
        ]
    },
    {
        "name": "late",
        "usphone": "leɪt",
        "ukphone": "leɪt",
        "trans": [
            "晚的, 迟到"
        ]
    },
    {
        "name": "meeting",
        "usphone": "ˈmiːtɪŋ",
        "ukphone": "ˈmiːtɪŋ",
        "trans": [
            "会议, 集会, 会"
        ]
    },
    {
        "name": "midnight",
        "usphone": "ˈmɪdnaɪt",
        "ukphone": "ˈmɪdnaɪt",
        "trans": [
            "半夜十二点钟, 午夜, 子夜"
        ]
    },
    {
        "name": "morning",
        "usphone": "ˈmɔːrnɪŋ",
        "ukphone": "ˈmɔːnɪŋ",
        "trans": [
            "早晨, 上午"
        ]
    },
    {
        "name": "noon",
        "usphone": "nuːn",
        "ukphone": "nuːn",
        "trans": [
            "正午, 中午"
        ]
    },
    {
        "name": "o'clock",
        "usphone": "əˈklɑːk",
        "ukphone": "əˈklɒk",
        "trans": [
            ". 点钟"
        ]
    },
    {
        "name": "p.m.",
        "usphone": "ˌpiːˈem",
        "ukphone": "ˌpiːˈem",
        "trans": [
            "下午"
        ]
    },
    {
        "name": "study",
        "usphone": "ˈstʌdi",
        "ukphone": "ˈstʌdi",
        "trans": [
            "学习"
        ]
    },
    {
        "name": "time",
        "usphone": "taɪm",
        "ukphone": "taɪm",
        "trans": [
            "时间"
        ]
    },
    {
        "name": "work",
        "usphone": "wɜːrk",
        "ukphone": "wɜːk",
        "trans": [
            "工作"
        ]
    },
    {
        "name": "internet",
        "usphone": "ˈɪntərnet",
        "ukphone": "ˈɪntənet",
        "trans": [
            "因特网"
        ]
    },
    {
        "name": "ride",
        "usphone": "raɪd",
        "ukphone": "raɪd",
        "trans": [
            "骑"
        ]
    },
    {
        "name": "sleep",
        "usphone": "sliːp",
        "ukphone": "sliːp",
        "trans": [
            "睡觉"
        ]
    },
    {
        "name": "surf",
        "usphone": "sɜːrf",
        "ukphone": "sɜːf",
        "trans": [
            "作冲浪运动"
        ]
    },
    {
        "name": "tennis",
        "usphone": "ˈtenɪs",
        "ukphone": "ˈtenɪs",
        "trans": [
            "网球"
        ]
    },
    {
        "name": "Thursday",
        "usphone": "ˈθɜːrzdeɪ",
        "ukphone": "ˈθɜːzdeɪ",
        "trans": [
            "星期四, 周四"
        ]
    },
    {
        "name": "weekend",
        "usphone": "ˈwiːkend",
        "ukphone": "ˌwiːkˈend",
        "trans": [
            "周末"
        ]
    },
    {
        "name": "coffee break",
        "trans": [
            "工间喝咖啡的休息时间"
        ]
    },
    {
        "name": "company",
        "usphone": "ˈkʌmpəni",
        "ukphone": "ˈkʌmpəni",
        "trans": [
            "公司, 企业"
        ]
    },
    {
        "name": "read",
        "usphone": "riːd",
        "ukphone": "riːd",
        "trans": [
            "阅读，读书（能力）"
        ]
    },
    {
        "name": "April",
        "usphone": "ˈeɪprəl",
        "ukphone": "ˈeɪprəl",
        "trans": [
            "四月"
        ]
    },
    {
        "name": "August",
        "usphone": "ˈɔːɡəst",
        "ukphone": "ˈɔːɡəst",
        "trans": [
            "八月"
        ]
    },
    {
        "name": "birthday",
        "usphone": "ˈbɜːrθdeɪ",
        "ukphone": "ˈbɜːθdeɪ",
        "trans": [
            "生日"
        ]
    },
    {
        "name": "computer game",
        "trans": [
            "电脑玩具,电脑游戏"
        ]
    },
    {
        "name": "dance",
        "usphone": "dæns",
        "ukphone": "dɑːns",
        "trans": [
            "跳舞, 舞蹈"
        ]
    },
    {
        "name": "December",
        "usphone": "dɪˈsembər",
        "ukphone": "dɪˈsembə(r)",
        "trans": [
            "十二月"
        ]
    },
    {
        "name": "February",
        "usphone": "ˈfebrueri",
        "ukphone": "ˈfebruəri",
        "trans": [
            "二月"
        ]
    },
    {
        "name": "go out",
        "trans": [
            "外出"
        ]
    },
    {
        "name": "January",
        "usphone": "ˈdʒænjueri",
        "ukphone": "ˈdʒænjuəri",
        "trans": [
            "一月份"
        ]
    },
    {
        "name": "July",
        "usphone": "dʒuˈlaɪ",
        "ukphone": "dʒuˈlaɪ",
        "trans": [
            "七月份"
        ]
    },
    {
        "name": "June",
        "usphone": "dʒuːn",
        "ukphone": "dʒuːn",
        "trans": [
            "六月份"
        ]
    },
    {
        "name": "March",
        "usphone": "mɑːrtʃ",
        "ukphone": "mɑːtʃ",
        "trans": [
            "三月"
        ]
    },
    {
        "name": "May",
        "usphone": "meɪ",
        "ukphone": "meɪ",
        "trans": [
            "五月"
        ]
    },
    {
        "name": "movie",
        "usphone": "ˈmuːvi",
        "ukphone": "ˈmuːvi",
        "trans": [
            "电影, 影片"
        ]
    },
    {
        "name": "November",
        "usphone": "noʊˈvembər",
        "ukphone": "nəʊˈvembə(r)",
        "trans": [
            "十一月份"
        ]
    },
    {
        "name": "October",
        "usphone": "ɑːkˈtoʊbər",
        "ukphone": "ɒkˈtəʊbə(r)",
        "trans": [
            "十月"
        ]
    },
    {
        "name": "September",
        "usphone": "sepˈtembər",
        "ukphone": "sepˈtembə(r)",
        "trans": [
            "九月"
        ]
    },
    {
        "name": "favorite",
        "usphone": "ˈfeɪvərɪt",
        "ukphone": "ˈfeɪvərɪt",
        "trans": [
            "偏爱的人或事物"
        ]
    },
    {
        "name": "hospital",
        "usphone": "ˈhɑːspɪtl",
        "ukphone": "ˈhɒspɪtl",
        "trans": [
            "医院"
        ]
    },
    {
        "name": "housewife",
        "usphone": "ˈhaʊswaɪf",
        "ukphone": "ˈhaʊswaɪf",
        "trans": [
            "家庭主妇"
        ]
    },
    {
        "name": "in the morning",
        "trans": [
            "during the morning of the next day; tomorrow morning"
        ]
    },
    {
        "name": "Monday",
        "usphone": "ˈmʌndeɪ",
        "ukphone": "ˈmʌndeɪ",
        "trans": [
            "星期一"
        ]
    },
    {
        "name": "school",
        "usphone": "skuːl",
        "ukphone": "skuːl",
        "trans": [
            "学校"
        ]
    },
    {
        "name": "Sunday",
        "usphone": "ˈsʌndeɪ",
        "ukphone": "ˈsʌndeɪ",
        "trans": [
            "星期日, 周日, 礼拜天"
        ]
    },
    {
        "name": "police officer",
        "trans": [
            "警官"
        ]
    },
    {
        "name": "police station",
        "trans": [
            "派出所,警察局"
        ],
        "usphone": "pə'lis 'steʃən",
        "ukphone": "pə'liːs 'steɪʃən"
    },
    {
        "name": "Saturday",
        "usphone": "ˈsætərdeɪ",
        "ukphone": "ˈsætədeɪ",
        "trans": [
            "星期六, 周六"
        ]
    },
    {
        "name": "Tuesday",
        "usphone": "ˈtuːzdeɪ",
        "ukphone": "ˈtjuːzdeɪ",
        "trans": [
            "星期二, 周二"
        ]
    },
    {
        "name": "Wednesday",
        "usphone": "ˈwenzdeɪ",
        "ukphone": "ˈwenzdeɪ",
        "trans": [
            "星期三, 周三"
        ]
    },
    {
        "name": "Friday",
        "usphone": "ˈfraɪdeɪ",
        "ukphone": "ˈfraɪdeɪ",
        "trans": [
            "星期五"
        ]
    },
    {
        "name": "get up",
        "trans": [
            "站起； 起来"
        ]
    },
    {
        "name": "a.m.",
        "usphone": "ˌeɪˈem",
        "ukphone": "ˌeɪˈem",
        "trans": [
            "午前, 上午"
        ]
    },
    {
        "name": "afternoon",
        "usphone": "ˌæftərˈnuːn",
        "ukphone": "ˌɑːftəˈnuːn",
        "trans": [
            "下午"
        ]
    },
    {
        "name": "apartment",
        "usphone": "əˈpɑːrtmənt",
        "ukphone": "əˈpɑːtmənt",
        "trans": [
            "公寓"
        ]
    },
    {
        "name": "aunt",
        "usphone": "ænt",
        "ukphone": "ɑːnt",
        "trans": [
            "阿姨, 婶婶"
        ]
    },
    {
        "name": "birthday",
        "usphone": "ˈbɜːrθdeɪ",
        "ukphone": "ˈbɜːθdeɪ",
        "trans": [
            "生日"
        ]
    },
    {
        "name": "brother",
        "usphone": "ˈbrʌðər",
        "ukphone": "ˈbrʌðə(r)",
        "trans": [
            "兄弟"
        ]
    },
    {
        "name": "celebrate",
        "usphone": "ˈselɪbreɪt",
        "ukphone": "ˈselɪbreɪt",
        "trans": [
            "庆祝, 祝贺"
        ]
    },
    {
        "name": "chocolate",
        "usphone": "ˈtʃɑːklət",
        "ukphone": "ˈtʃɒklət",
        "trans": [
            "巧克力"
        ]
    },
    {
        "name": "dance",
        "usphone": "dæns",
        "ukphone": "dɑːns",
        "trans": [
            "跳舞, 舞蹈"
        ]
    },
    {
        "name": "invite",
        "usphone": "ɪnˈvaɪt",
        "ukphone": "ɪnˈvaɪt",
        "trans": [
            "邀请, 请求"
        ]
    },
    {
        "name": "March",
        "usphone": "mɑːrtʃ",
        "ukphone": "mɑːtʃ",
        "trans": [
            "三月"
        ]
    },
    {
        "name": "May",
        "usphone": "meɪ",
        "ukphone": "meɪ",
        "trans": [
            "五月"
        ]
    },
    {
        "name": "never",
        "usphone": "ˈnevər",
        "ukphone": "ˈnevə(r)",
        "trans": [
            "从未, 永不, 决不"
        ]
    },
    {
        "name": "November",
        "usphone": "noʊˈvembər",
        "ukphone": "nəʊˈvembə(r)",
        "trans": [
            "十一月份"
        ]
    },
    {
        "name": "October",
        "usphone": "ɑːkˈtoʊbər",
        "ukphone": "ɒkˈtəʊbə(r)",
        "trans": [
            "十月"
        ]
    },
    {
        "name": "present",
        "usphone": "ˈpreznt",
        "ukphone": "ˈpreznt",
        "trans": [
            "礼物"
        ]
    },
    {
        "name": "September",
        "usphone": "sepˈtembər",
        "ukphone": "sepˈtembə(r)",
        "trans": [
            "九月"
        ]
    },
    {
        "name": "sing",
        "usphone": "sɪŋ",
        "ukphone": "sɪŋ",
        "trans": [
            "唱歌"
        ]
    },
    {
        "name": "always",
        "usphone": "ˈɔːlweɪz",
        "ukphone": "ˈɔːlweɪz",
        "trans": [
            "总是, 永远"
        ]
    },
    {
        "name": "April",
        "usphone": "ˈeɪprəl",
        "ukphone": "ˈeɪprəl",
        "trans": [
            "四月"
        ]
    },
    {
        "name": "August",
        "usphone": "ˈɔːɡəst",
        "ukphone": "ˈɔːɡəst",
        "trans": [
            "八月"
        ]
    },
    {
        "name": "book",
        "usphone": "bʊk",
        "ukphone": "bʊk",
        "trans": [
            "书, 书籍"
        ]
    },
    {
        "name": "camera",
        "usphone": "ˈkæmərə",
        "ukphone": "ˈkæmərə",
        "trans": [
            "照相机"
        ]
    },
    {
        "name": "card",
        "usphone": "kɑːrd",
        "ukphone": "kɑːd",
        "trans": [
            "明信片"
        ]
    },
    {
        "name": "December",
        "usphone": "dɪˈsembər",
        "ukphone": "dɪˈsembə(r)",
        "trans": [
            "十二月"
        ]
    },
    {
        "name": "February",
        "usphone": "ˈfebrueri",
        "ukphone": "ˈfebruəri",
        "trans": [
            "二月"
        ]
    },
    {
        "name": "go out",
        "trans": [
            "外出"
        ]
    },
    {
        "name": "January",
        "usphone": "ˈdʒænjueri",
        "ukphone": "ˈdʒænjuəri",
        "trans": [
            "一月份"
        ]
    },
    {
        "name": "July",
        "usphone": "dʒuˈlaɪ",
        "ukphone": "dʒuˈlaɪ",
        "trans": [
            "七月份"
        ]
    },
    {
        "name": "June",
        "usphone": "dʒuːn",
        "ukphone": "dʒuːn",
        "trans": [
            "六月份"
        ]
    },
    {
        "name": "party",
        "usphone": "ˈpɑːrti",
        "ukphone": "ˈpɑːti",
        "trans": [
            "政党"
        ]
    },
    {
        "name": "perfume",
        "usphone": "pərˈfjuːm",
        "ukphone": "ˈpɜːfjuːm",
        "trans": [
            "香水"
        ]
    },
    {
        "name": "sister",
        "usphone": "ˈsɪstər",
        "ukphone": "ˈsɪstə(r)",
        "trans": [
            "姐妹"
        ]
    },
    {
        "name": "uncle",
        "usphone": "ˈʌŋkl",
        "ukphone": "ˈʌŋkl",
        "trans": [
            "伯父, 姨丈, 叔父, 舅舅"
        ]
    },
    {
        "name": "usually",
        "usphone": "ˈjuːʒuəli",
        "ukphone": "ˈjuːʒuəli",
        "trans": [
            "经常, 通常"
        ]
    },
    {
        "name": "cloud",
        "usphone": "klaʊd",
        "ukphone": "klaʊd",
        "trans": [
            "云"
        ]
    },
    {
        "name": "cloudy",
        "usphone": "ˈklaʊdi",
        "ukphone": "ˈklaʊdi",
        "trans": [
            "多云的,阴天的,愁容满面的"
        ]
    },
    {
        "name": "cold",
        "usphone": "koʊld",
        "ukphone": "kəʊld",
        "trans": [
            "寒冷的, 冷的"
        ]
    },
    {
        "name": "cool",
        "usphone": "kuːl",
        "ukphone": "kuːl",
        "trans": [
            "清凉的, 凉爽的, 凉快的"
        ]
    },
    {
        "name": "degree",
        "usphone": "dɪˈɡriː",
        "ukphone": "dɪˈɡriː",
        "trans": [
            "度"
        ]
    },
    {
        "name": "fog",
        "usphone": "fɔɡ",
        "ukphone": "fɒɡ",
        "trans": [
            "雾"
        ]
    },
    {
        "name": "foggy",
        "usphone": "ˈfɔːɡi",
        "ukphone": "ˈfɒɡi",
        "trans": [
            "模糊的，有雾的"
        ]
    },
    {
        "name": "hot",
        "usphone": "hɑːt",
        "ukphone": "hɒt",
        "trans": [
            "热的"
        ]
    },
    {
        "name": "minus",
        "usphone": "ˈmaɪnəs",
        "ukphone": "ˈmaɪnəs",
        "trans": [
            "减,减去"
        ]
    },
    {
        "name": "rain",
        "usphone": "reɪn",
        "ukphone": "reɪn",
        "trans": [
            "雨"
        ]
    },
    {
        "name": "rainy",
        "usphone": "ˈreɪni",
        "ukphone": "ˈreɪni",
        "trans": [
            "下雨的, 含雨的, 带雨的, 多雨的"
        ]
    },
    {
        "name": "snow",
        "usphone": "snoʊ",
        "ukphone": "snəʊ",
        "trans": [
            "雪"
        ]
    },
    {
        "name": "snowy",
        "usphone": "ˈsnoʊi",
        "ukphone": "ˈsnəʊi",
        "trans": [
            "被大雪覆盖的"
        ]
    },
    {
        "name": "sun",
        "usphone": "sʌn",
        "ukphone": "sʌn",
        "trans": [
            "太阳"
        ]
    },
    {
        "name": "sunny",
        "usphone": "ˈsʌni",
        "ukphone": "ˈsʌni",
        "trans": [
            "阳光充足的, 睛朗的, 明媚的"
        ]
    },
    {
        "name": "warm",
        "usphone": "wɔːrm",
        "ukphone": "wɔːm",
        "trans": [
            "暖和的, 温暖的, 暖的"
        ]
    },
    {
        "name": "weather",
        "usphone": "ˈweðər",
        "ukphone": "ˈweðə(r)",
        "trans": [
            "天气, 气候, 气象"
        ]
    },
    {
        "name": "wind",
        "usphone": "wɪnd",
        "ukphone": "wɪnd",
        "trans": [
            "风, 气流"
        ]
    },
    {
        "name": "windy",
        "usphone": "ˈwɪndi",
        "ukphone": "ˈwɪndi",
        "trans": [
            "多风的, 坏天气的, 风强的"
        ]
    },
    {
        "name": "dislike",
        "usphone": "dɪsˈlaɪk",
        "ukphone": "dɪsˈlaɪk",
        "trans": [
            "不喜欢, 讨厌"
        ]
    },
    {
        "name": "fall",
        "usphone": "fɔːl",
        "ukphone": "fɔːl",
        "trans": [
            "秋天, 秋季"
        ]
    },
    {
        "name": "hate",
        "usphone": "heɪt",
        "ukphone": "heɪt",
        "trans": [
            "讨厌"
        ]
    },
    {
        "name": "spring",
        "usphone": "sprɪŋ",
        "ukphone": "sprɪŋ",
        "trans": [
            "春天, 春季"
        ]
    },
    {
        "name": "summer",
        "usphone": "ˈsʌmər",
        "ukphone": "ˈsʌmə(r)",
        "trans": [
            "夏天, 夏季"
        ]
    },
    {
        "name": "winter",
        "usphone": "ˈwɪntər",
        "ukphone": "ˈwɪntə(r)",
        "trans": [
            "冬季, 冬天"
        ]
    },
    {
        "name": "eat out",
        "trans": [
            "在饭馆等处吃饭（不在家中吃）"
        ]
    },
    {
        "name": "TV",
        "usphone": "ˌtiːˈviː",
        "ukphone": "ˌtiːˈviː",
        "trans": [
            "电视机, 电视"
        ]
    },
    {
        "name": "watch",
        "usphone": "wɑːtʃ",
        "ukphone": "wɒtʃ",
        "trans": [
            "观看, 注视"
        ]
    },
    {
        "name": "holiday",
        "usphone": "ˈhɑːlədeɪ",
        "ukphone": "ˈhɒlədeɪ",
        "trans": [
            "假期"
        ]
    },
    {
        "name": "should",
        "usphone": "ʃəd",
        "ukphone": "ʃəd",
        "trans": [
            "应该, 应当"
        ]
    },
    {
        "name": "vacation",
        "usphone": "vəˈkeɪʃn",
        "ukphone": "vəˈkeɪʃn",
        "trans": [
            "假期, 休假"
        ]
    },
    {
        "name": "sometimes",
        "usphone": "ˈsʌmtaɪmz",
        "ukphone": "ˈsʌmtaɪmz",
        "trans": [
            "有时, 往往, 时常"
        ]
    },
    {
        "name": "badminton",
        "usphone": "ˈbædmɪntən",
        "ukphone": "ˈbædmɪntən",
        "trans": [
            "羽毛球"
        ]
    },
    {
        "name": "baseball",
        "usphone": "ˈbeɪsbɔːl",
        "ukphone": "ˈbeɪsbɔːl",
        "trans": [
            "棒球"
        ]
    },
    {
        "name": "cooking",
        "usphone": "ˈkʊkɪŋ",
        "ukphone": "ˈkʊkɪŋ",
        "trans": [
            "烹调"
        ]
    },
    {
        "name": "dancing",
        "usphone": "ˈdænsɪŋ",
        "ukphone": "ˈdɑːnsɪŋ",
        "trans": [
            "跳舞"
        ]
    },
    {
        "name": "enjoy",
        "usphone": "ɪnˈdʒɔɪ",
        "ukphone": "ɪnˈdʒɔɪ",
        "trans": [
            "喜欢, 享受"
        ]
    },
    {
        "name": "football",
        "usphone": "ˈfʊtbɔːl",
        "ukphone": "ˈfʊtbɔːl",
        "trans": [
            "足球"
        ]
    },
    {
        "name": "ice hockey",
        "trans": [
            "冰球"
        ]
    },
    {
        "name": "karate",
        "usphone": "kəˈrɑːti",
        "ukphone": "kəˈrɑːti",
        "trans": [
            "空手道"
        ]
    },
    {
        "name": "painting",
        "usphone": "ˈpeɪntɪŋ",
        "ukphone": "ˈpeɪntɪŋ",
        "trans": [
            "油画"
        ]
    },
    {
        "name": "running",
        "usphone": "ˈrʌnɪŋ",
        "ukphone": "ˈrʌnɪŋ",
        "trans": [
            "赛跑"
        ]
    },
    {
        "name": "soccer",
        "usphone": "ˈsɑːkər",
        "ukphone": "ˈsɒkə(r)",
        "trans": [
            "足球"
        ]
    },
    {
        "name": "surfing",
        "usphone": "ˈsɜːrfɪŋ",
        "ukphone": "ˈsɜːfɪŋ",
        "trans": [
            "冲浪"
        ]
    },
    {
        "name": "swimming",
        "usphone": "ˈswɪmɪŋ",
        "ukphone": "ˈswɪmɪŋ",
        "trans": [
            "游泳"
        ]
    },
    {
        "name": "table tennis",
        "trans": [
            "乒乓球"
        ]
    },
    {
        "name": "volleyball",
        "usphone": "ˈvɑːlibɔːl",
        "ukphone": "ˈvɒlibɔːl",
        "trans": [
            "排球"
        ]
    },
    {
        "name": "yoga",
        "usphone": "ˈjoʊɡə",
        "ukphone": "ˈjəʊɡə",
        "trans": [
            "瑜伽"
        ]
    },
    {
        "name": "falling",
        "trans": [
            "掉落, 落下"
        ]
    },
    {
        "name": "rise",
        "usphone": "raɪz",
        "ukphone": "raɪz",
        "trans": [
            "上升"
        ]
    },
    {
        "name": "few",
        "usphone": "fjuː",
        "ukphone": "fjuː",
        "trans": [
            "少数的"
        ]
    },
    {
        "name": "hiking",
        "usphone": "ˈhaɪkɪŋ",
        "ukphone": "ˈhaɪkɪŋ",
        "trans": [
            "徒步旅行"
        ]
    },
    {
        "name": "many",
        "usphone": "ˈmeni",
        "ukphone": "ˈmeni",
        "trans": [
            "许多"
        ]
    },
    {
        "name": "most",
        "usphone": "moʊst",
        "ukphone": "məʊst",
        "trans": [
            "最大量, 最多数, 最高额"
        ]
    },
    {
        "name": "picnic",
        "usphone": "ˈpɪknɪk",
        "ukphone": "ˈpɪknɪk",
        "trans": [
            "野餐"
        ]
    },
    {
        "name": "season",
        "usphone": "ˈsiːzn",
        "ukphone": "ˈsiːzn",
        "trans": [
            "季节"
        ]
    },
    {
        "name": "summer",
        "usphone": "ˈsʌmər",
        "ukphone": "ˈsʌmə(r)",
        "trans": [
            "夏天, 夏季"
        ]
    },
    {
        "name": "wear",
        "usphone": "wer",
        "ukphone": "weə(r)",
        "trans": [
            "穿, 穿戴, 佩戴"
        ]
    },
    {
        "name": "where",
        "usphone": "wer",
        "ukphone": "weə(r)",
        "trans": [
            "在哪里, 到哪里, 在 位置"
        ]
    },
    {
        "name": "cool",
        "usphone": "kuːl",
        "ukphone": "kuːl",
        "trans": [
            "清凉的, 凉爽的, 凉快的"
        ]
    },
    {
        "name": "eat out",
        "trans": [
            "在饭馆等处吃饭（不在家中吃）"
        ]
    },
    {
        "name": "hat",
        "usphone": "hæt",
        "ukphone": "hæt",
        "trans": [
            "帽子"
        ]
    },
    {
        "name": "hot",
        "usphone": "hɑːt",
        "ukphone": "hɒt",
        "trans": [
            "热的"
        ]
    },
    {
        "name": "like",
        "usphone": "laɪk",
        "ukphone": "laɪk",
        "trans": [
            "像, 如"
        ]
    },
    {
        "name": "rain",
        "usphone": "reɪn",
        "ukphone": "reɪn",
        "trans": [
            "雨"
        ]
    },
    {
        "name": "shorts",
        "usphone": "ʃɔːrts",
        "ukphone": "ʃɔːts",
        "trans": [
            "短裤"
        ]
    },
    {
        "name": "skiing",
        "usphone": "ˈskiːɪŋ",
        "ukphone": "ˈskiːɪŋ",
        "trans": [
            "滑雪"
        ]
    },
    {
        "name": "snow",
        "usphone": "snoʊ",
        "ukphone": "snəʊ",
        "trans": [
            "雪"
        ]
    },
    {
        "name": "spring",
        "usphone": "sprɪŋ",
        "ukphone": "sprɪŋ",
        "trans": [
            "春天, 春季"
        ]
    },
    {
        "name": "sun",
        "usphone": "sʌn",
        "ukphone": "sʌn",
        "trans": [
            "太阳"
        ]
    },
    {
        "name": "warm",
        "usphone": "wɔːrm",
        "ukphone": "wɔːm",
        "trans": [
            "暖和的, 温暖的, 暖的"
        ]
    },
    {
        "name": "what",
        "usphone": "wɑːt",
        "ukphone": "wɒt",
        "trans": [
            "什么, 怎么"
        ]
    },
    {
        "name": "why",
        "usphone": "waɪ",
        "ukphone": "waɪ",
        "trans": [
            "为什么, 为何"
        ]
    },
    {
        "name": "wind",
        "usphone": "wɪnd",
        "ukphone": "wɪnd",
        "trans": [
            "风, 气流"
        ]
    },
    {
        "name": "winter",
        "usphone": "ˈwɪntər",
        "ukphone": "ˈwɪntə(r)",
        "trans": [
            "冬季, 冬天"
        ]
    },
    {
        "name": "chess",
        "usphone": "tʃes",
        "ukphone": "tʃes",
        "trans": [
            "国际象棋"
        ]
    },
    {
        "name": "gymnastics",
        "usphone": "dʒɪmˈnæstɪks",
        "ukphone": "dʒɪmˈnæstɪks",
        "trans": [
            "体操"
        ]
    },
    {
        "name": "autumn",
        "usphone": "ˈɔːtəm",
        "ukphone": "ˈɔːtəm",
        "trans": [
            "秋天"
        ]
    },
    {
        "name": "because",
        "usphone": "bɪˈkɔːz",
        "ukphone": "bɪˈkɒz",
        "trans": [
            "因为, 由于"
        ]
    },
    {
        "name": "cloud",
        "usphone": "klaʊd",
        "ukphone": "klaʊd",
        "trans": [
            "云"
        ]
    },
    {
        "name": "cold",
        "usphone": "koʊld",
        "ukphone": "kəʊld",
        "trans": [
            "寒冷的, 冷的"
        ]
    },
    {
        "name": "degree",
        "usphone": "dɪˈɡriː",
        "ukphone": "dɪˈɡriː",
        "trans": [
            "度"
        ]
    },
    {
        "name": "glove",
        "usphone": "ɡlʌv",
        "ukphone": "ɡlʌv",
        "trans": [
            "手套"
        ]
    },
    {
        "name": "scarf",
        "usphone": "skɑːrf",
        "ukphone": "skɑːf",
        "trans": [
            "围巾; 头巾; 披肩"
        ]
    },
    {
        "name": "bored",
        "usphone": "bɔːrd",
        "ukphone": "bɔːd",
        "trans": [
            "烦人的, 不耐烦的"
        ]
    },
    {
        "name": "cigarette",
        "usphone": "ˈsɪɡəret",
        "ukphone": "ˌsɪɡəˈret",
        "trans": [
            "香烟"
        ]
    },
    {
        "name": "exercise",
        "usphone": "ˈeksərsaɪz",
        "ukphone": "ˈeksəsaɪz",
        "trans": [
            "锻炼"
        ]
    },
    {
        "name": "feel",
        "usphone": "fiːl",
        "ukphone": "fiːl",
        "trans": [
            "感觉"
        ]
    },
    {
        "name": "flu",
        "usphone": "fluː",
        "ukphone": "fluː",
        "trans": [
            "流感"
        ]
    },
    {
        "name": "healthy",
        "usphone": "ˈhelθi",
        "ukphone": "ˈhelθi",
        "trans": [
            "健康的"
        ]
    },
    {
        "name": "relax",
        "usphone": "rɪˈlæks",
        "ukphone": "rɪˈlæks",
        "trans": [
            "放松, 休息"
        ]
    },
    {
        "name": "sick",
        "usphone": "sɪk",
        "ukphone": "sɪk",
        "trans": [
            "病的"
        ]
    },
    {
        "name": "smell",
        "usphone": "smel",
        "ukphone": "smel",
        "trans": [
            "闻起来"
        ]
    },
    {
        "name": "smoke",
        "usphone": "smoʊk",
        "ukphone": "sməʊk",
        "trans": [
            "抽烟, 吸烟"
        ]
    },
    {
        "name": "sound",
        "usphone": "saʊnd",
        "ukphone": "saʊnd",
        "trans": [
            "听起来"
        ]
    },
    {
        "name": "taste",
        "usphone": "teɪst",
        "ukphone": "teɪst",
        "trans": [
            "尝起来"
        ]
    },
    {
        "name": "about",
        "usphone": "əˈbaʊt",
        "ukphone": "əˈbaʊt",
        "trans": [
            "大约, 左右"
        ]
    },
    {
        "name": "day",
        "usphone": "deɪ",
        "ukphone": "deɪ",
        "trans": [
            "一天, 一日"
        ]
    },
    {
        "name": "every",
        "usphone": "ˈevri",
        "ukphone": "ˈevri",
        "trans": [
            "每一个"
        ]
    },
    {
        "name": "month",
        "usphone": "mʌnθ",
        "ukphone": "mʌnθ",
        "trans": [
            "月份"
        ]
    },
    {
        "name": "once",
        "usphone": "wʌns",
        "ukphone": "wʌns",
        "trans": [
            "一次, 一回"
        ]
    },
    {
        "name": "shape",
        "usphone": "ʃeɪp",
        "ukphone": "ʃeɪp",
        "trans": [
            "形状"
        ]
    },
    {
        "name": "time",
        "usphone": "taɪm",
        "ukphone": "taɪm",
        "trans": [
            "次"
        ]
    },
    {
        "name": "twice",
        "usphone": "twaɪs",
        "ukphone": "twaɪs",
        "trans": [
            "2倍"
        ]
    },
    {
        "name": "week",
        "usphone": "wiːk",
        "ukphone": "wiːk",
        "trans": [
            "周, 星期"
        ]
    },
    {
        "name": "year",
        "usphone": "jɪr",
        "ukphone": "jɪə(r)",
        "trans": [
            "年, 一年"
        ]
    },
    {
        "name": "aspirin",
        "usphone": "ˈæsprɪn",
        "ukphone": "ˈæsprɪn",
        "trans": [
            "阿司匹林"
        ]
    },
    {
        "name": "cough",
        "usphone": "kɔːf",
        "ukphone": "kɒf",
        "trans": [
            "咳嗽"
        ]
    },
    {
        "name": "drink",
        "usphone": "drɪŋk",
        "ukphone": "drɪŋk",
        "trans": [
            "喝"
        ]
    },
    {
        "name": "fever",
        "usphone": "ˈfiːvər",
        "ukphone": "ˈfiːvə(r)",
        "trans": [
            "发烧"
        ]
    },
    {
        "name": "get",
        "usphone": "ɡet",
        "ukphone": "ɡet",
        "trans": [
            "得到"
        ]
    },
    {
        "name": "headache",
        "usphone": "ˈhedeɪk",
        "ukphone": "ˈhedeɪk",
        "trans": [
            "头痛, 头疼"
        ]
    },
    {
        "name": "hurt",
        "usphone": "hɜːrt",
        "ukphone": "hɜːt",
        "trans": [
            "受伤"
        ]
    },
    {
        "name": "liquid",
        "usphone": "ˈlɪkwɪd",
        "ukphone": "ˈlɪkwɪd",
        "trans": [
            "液体"
        ]
    },
    {
        "name": "sore",
        "usphone": "sɔːr",
        "ukphone": "sɔː(r)",
        "trans": [
            "疼痛的"
        ]
    },
    {
        "name": "symptom",
        "usphone": "ˈsɪmptəm",
        "ukphone": "ˈsɪmptəm",
        "trans": [
            "征候,征兆"
        ]
    },
    {
        "name": "take",
        "usphone": "teɪk",
        "ukphone": "teɪk",
        "trans": [
            "放"
        ]
    },
    {
        "name": "tired",
        "usphone": "ˈtaɪərd",
        "ukphone": "ˈtaɪəd",
        "trans": [
            "疲劳的"
        ]
    },
    {
        "name": "wrong",
        "usphone": "rɔːŋ",
        "ukphone": "rɒŋ",
        "trans": [
            "有问题的, 出错的"
        ]
    },
    {
        "name": "no problem",
        "trans": [
            "used after sb has thanked you or said they are sorry for sth"
        ]
    },
    {
        "name": "belt",
        "usphone": "belt",
        "ukphone": "belt",
        "trans": [
            "腰带, 皮带"
        ]
    },
    {
        "name": "big",
        "usphone": "bɪɡ",
        "ukphone": "bɪɡ",
        "trans": [
            "(体积)大, (量)大, (程度)深"
        ]
    },
    {
        "name": "expensive",
        "usphone": "ɪkˈspensɪv",
        "ukphone": "ɪkˈspensɪv",
        "trans": [
            "贵的"
        ]
    },
    {
        "name": "pound",
        "usphone": "paʊnd",
        "ukphone": "paʊnd",
        "trans": [
            "英镑"
        ]
    },
    {
        "name": "return",
        "usphone": "rɪˈtɜːrn",
        "ukphone": "rɪˈtɜːn",
        "trans": [
            "退还, 返还, 归还"
        ]
    },
    {
        "name": "ruble",
        "trans": [
            "卢布(俄罗斯货币单位)"
        ]
    },
    {
        "name": "UK",
        "usphone": "ˌjuːˈkeɪ",
        "ukphone": "ˌjuːˈkeɪ",
        "trans": [
            "英国"
        ]
    },
    {
        "name": "watch",
        "usphone": "wɑːtʃ",
        "ukphone": "wɒtʃ",
        "trans": [
            "手表"
        ]
    },
    {
        "name": "boot",
        "usphone": "buːt",
        "ukphone": "buːt",
        "trans": [
            "靴, 长靴"
        ]
    },
    {
        "name": "euro",
        "usphone": "ˈjʊroʊ",
        "ukphone": "ˈjʊərəʊ",
        "trans": [
            "欧元"
        ]
    },
    {
        "name": "on sale",
        "trans": [
            "being offered at a reduced price"
        ]
    },
    {
        "name": "peso",
        "usphone": "ˈpeɪsoʊ",
        "ukphone": "ˈpeɪsəʊ",
        "trans": [
            "比索(拉丁美洲国家和菲律宾的货币单位)"
        ]
    },
    {
        "name": "receipt",
        "usphone": "rɪˈsiːt",
        "ukphone": "rɪˈsiːt",
        "trans": [
            "收据"
        ]
    },
    {
        "name": "small",
        "usphone": "smɔːl",
        "ukphone": "smɔːl",
        "trans": [
            "(尺寸等)小的"
        ]
    },
    {
        "name": "sneaker",
        "usphone": "ˈsniːkər",
        "ukphone": "ˈsniːkə(r)",
        "trans": [
            "运动鞋"
        ]
    },
    {
        "name": "sunglasses",
        "usphone": "ˈsʌnɡlæsɪz",
        "ukphone": "ˈsʌnɡlɑːsɪz",
        "trans": [
            "墨镜,太阳镜"
        ]
    },
    {
        "name": "US",
        "usphone": "ˌjuːˈes",
        "ukphone": "ˌjuːˈes",
        "trans": [
            "美国,美国的"
        ]
    },
    {
        "name": "wallet",
        "usphone": "ˈwɑːlɪt",
        "ukphone": "ˈwɒlɪt",
        "trans": [
            "钱包, 钱夹"
        ]
    },
    {
        "name": "yen",
        "usphone": "jen",
        "ukphone": "jen",
        "trans": [
            "圆(日本的货币单位)"
        ]
    },
    {
        "name": "bank",
        "usphone": "bæŋk",
        "ukphone": "bæŋk",
        "trans": [
            "银行"
        ]
    },
    {
        "name": "hospital",
        "usphone": "ˈhɑːspɪtl",
        "ukphone": "ˈhɒspɪtl",
        "trans": [
            "医院"
        ]
    },
    {
        "name": "nope",
        "usphone": "noʊp",
        "ukphone": "nəʊp",
        "trans": [
            "不,不是,没有"
        ]
    },
    {
        "name": "airport",
        "usphone": "ˈerpɔːrt",
        "ukphone": "ˈeəpɔːt",
        "trans": [
            "机场"
        ]
    },
    {
        "name": "between",
        "usphone": "bɪˈtwiːn",
        "ukphone": "bɪˈtwiːn",
        "trans": [
            "在......中间, 在 之间"
        ]
    },
    {
        "name": "bike",
        "usphone": "baɪk",
        "ukphone": "baɪk",
        "trans": [
            "自行车, 单车"
        ]
    },
    {
        "name": "bus",
        "usphone": "bʌs",
        "ukphone": "bʌs",
        "trans": [
            "公共汽车"
        ]
    },
    {
        "name": "bus station",
        "trans": [
            "公交站,巴士站"
        ]
    },
    {
        "name": "OK",
        "usphone": "oʊˈkeɪ",
        "ukphone": "əʊˈkeɪ",
        "trans": [
            "好, 行"
        ]
    },
    {
        "name": "pool",
        "usphone": "puːl",
        "ukphone": "puːl",
        "trans": [
            "游泳池"
        ]
    },
    {
        "name": "so",
        "usphone": "soʊ",
        "ukphone": "səʊ",
        "trans": [
            "这么, 那么, 就那样, 像这样, 多么, 非常, 如此"
        ]
    },
    {
        "name": "sure",
        "usphone": "ʃʊr",
        "ukphone": "ʃʊə(r)",
        "trans": [
            "确信的, 有把握的, 确实的, 一定的, 必定的, 可靠的"
        ]
    },
    {
        "name": "yeah",
        "usphone": "jeə",
        "ukphone": "jeə",
        "trans": [
            "是, 好的"
        ]
    },
    {
        "name": "at",
        "usphone": "ət",
        "ukphone": "ət",
        "trans": [
            "在......"
        ]
    },
    {
        "name": "boat",
        "usphone": "boʊt",
        "ukphone": "bəʊt",
        "trans": [
            "船, 小船"
        ]
    },
    {
        "name": "by",
        "usphone": "baɪ",
        "ukphone": "baɪ",
        "trans": [
            "在附近, 在身旁, 靠近"
        ]
    },
    {
        "name": "car",
        "usphone": "kɑːr",
        "ukphone": "kɑː(r)",
        "trans": [
            "车, 汽车"
        ]
    },
    {
        "name": "change",
        "usphone": "tʃeɪndʒ",
        "ukphone": "tʃeɪndʒ",
        "trans": [
            "换车"
        ]
    },
    {
        "name": "far",
        "usphone": "fɑːr",
        "ukphone": "fɑː(r)",
        "trans": [
            "很远地"
        ]
    },
    {
        "name": "line",
        "usphone": "laɪn",
        "ukphone": "laɪn",
        "trans": [
            "线路"
        ]
    },
    {
        "name": "near",
        "usphone": "nɪr",
        "ukphone": "nɪə(r)",
        "trans": [
            "近的"
        ]
    },
    {
        "name": "next",
        "usphone": "nekst",
        "ukphone": "nekst",
        "trans": [
            "接下去, 然后"
        ]
    },
    {
        "name": "number",
        "usphone": "ˈnʌmbər",
        "ukphone": "ˈnʌmbə(r)",
        "trans": [
            "(排名)第...号"
        ]
    },
    {
        "name": "pardon me",
        "trans": [
            "used by some people to say 'sorry' when they have accidentally made a rude noise or done sth wrong"
        ]
    },
    {
        "name": "plane",
        "usphone": "pleɪn",
        "ukphone": "pleɪn",
        "trans": [
            "飞机"
        ]
    },
    {
        "name": "stop",
        "usphone": "stɑːp",
        "ukphone": "stɒp",
        "trans": [
            "车站"
        ]
    },
    {
        "name": "take",
        "usphone": "teɪk",
        "ukphone": "teɪk",
        "trans": [
            "乘坐"
        ]
    },
    {
        "name": "taxi",
        "usphone": "ˈtæksi",
        "ukphone": "ˈtæksi",
        "trans": [
            "出租车"
        ]
    },
    {
        "name": "then",
        "usphone": "ðen",
        "ukphone": "ðen",
        "trans": [
            "当时, 在那时"
        ]
    },
    {
        "name": "train",
        "usphone": "treɪn",
        "ukphone": "treɪn",
        "trans": [
            "火车, 轨道交通"
        ]
    },
    {
        "name": "bakery",
        "usphone": "ˈbeɪkəri",
        "ukphone": "ˈbeɪkəri",
        "trans": [
            "面包店"
        ]
    },
    {
        "name": "behind",
        "usphone": "bɪˈhaɪnd",
        "ukphone": "bɪˈhaɪnd",
        "trans": [
            "在 后面"
        ]
    },
    {
        "name": "bookshop",
        "trans": [
            "书店"
        ],
        "usphone": "'bʊkʃɑp",
        "ukphone": "'bʊkʃɒp"
    },
    {
        "name": "both",
        "usphone": "boʊθ",
        "ukphone": "bəʊθ",
        "trans": [
            "(两者)都"
        ]
    },
    {
        "name": "bus stop",
        "trans": [
            "公交站,巴士站"
        ]
    },
    {
        "name": "coffee shop",
        "trans": [
            "供应甜食和简便速食的咖啡馆"
        ]
    },
    {
        "name": "excellent",
        "usphone": "ˈeksələnt",
        "ukphone": "ˈeksələnt",
        "trans": [
            "出色地"
        ]
    },
    {
        "name": "in front of",
        "trans": [
            "in a position that is further forward than sb/sth but not very far away"
        ],
        "usphone": "ɪn frʌnt ʌv",
        "ukphone": "ɪn frʌnt əv"
    },
    {
        "name": "movie theater",
        "trans": [
            "电影院"
        ]
    },
    {
        "name": "next to",
        "trans": [
            "靠近, 贴近"
        ]
    },
    {
        "name": "parking lot",
        "trans": [
            "停车场"
        ]
    },
    {
        "name": "place",
        "usphone": "pleɪs",
        "ukphone": "pleɪs",
        "trans": [
            "城﹑ 镇﹑ 建筑"
        ]
    },
    {
        "name": "playground",
        "usphone": "ˈpleɪɡraʊnd",
        "ukphone": "ˈpleɪɡraʊnd",
        "trans": [
            "操场,运动场,游乐场"
        ]
    },
    {
        "name": "post office",
        "trans": [
            "邮局"
        ],
        "usphone": "ˈpost ɔfɪs",
        "ukphone": "ˈpəust ɔfis"
    },
    {
        "name": "supermarket",
        "usphone": "ˈsuːpərmɑːrkət",
        "ukphone": "ˈsuːpəmɑːkɪt",
        "trans": [
            "超市"
        ]
    },
    {
        "name": "correct",
        "usphone": "kəˈrekt",
        "ukphone": "kəˈrekt",
        "trans": [
            "正确的, 准确的"
        ]
    },
    {
        "name": "left",
        "usphone": "left",
        "ukphone": "left",
        "trans": [
            "左方的, 左侧的"
        ]
    },
    {
        "name": "right",
        "usphone": "raɪt",
        "ukphone": "raɪt",
        "trans": [
            "右边的, 右的, 右侧的"
        ]
    },
    {
        "name": "road",
        "usphone": "roʊd",
        "ukphone": "rəʊd",
        "trans": [
            "路, 道路, 公路"
        ]
    },
    {
        "name": "department store",
        "trans": [
            "百货商店"
        ]
    },
    {
        "name": "harbor",
        "usphone": "ˈhɑːrbər",
        "ukphone": "ˈhɑːbə(r)",
        "trans": [
            "海港"
        ]
    },
    {
        "name": "library",
        "usphone": "ˈlaɪbreri",
        "ukphone": "ˈlaɪbrəri",
        "trans": [
            "图书馆, 藏书室, 图书室"
        ]
    },
    {
        "name": "market",
        "usphone": "ˈmɑːrkɪt",
        "ukphone": "ˈmɑːkɪt",
        "trans": [
            "市场, 集市"
        ]
    },
    {
        "name": "on",
        "usphone": "ɑːn",
        "ukphone": "ɒn",
        "trans": [
            "在 之上"
        ]
    },
    {
        "name": "opposite",
        "usphone": "ˈɑːpəzət",
        "ukphone": "ˈɒpəzɪt",
        "trans": [
            "反面的, 相反的"
        ]
    },
    {
        "name": "swimming pool",
        "trans": [
            "游泳池"
        ]
    },
    {
        "name": "there",
        "usphone": "ðer",
        "ukphone": "ðeə(r)",
        "trans": [
            "表示存在"
        ]
    },
    {
        "name": "station",
        "usphone": "ˈsteɪʃn",
        "ukphone": "ˈsteɪʃn",
        "trans": [
            "车站"
        ]
    },
    {
        "name": "store",
        "usphone": "stɔːr",
        "ukphone": "stɔː(r)",
        "trans": [
            "商店"
        ]
    },
    {
        "name": "subway",
        "usphone": "ˈsʌbweɪ",
        "ukphone": "ˈsʌbweɪ",
        "trans": [
            "地铁"
        ]
    },
    {
        "name": "university",
        "usphone": "ˌjuːnɪˈvɜːrsəti",
        "ukphone": "ˌjuːnɪˈvɜːsəti",
        "trans": [
            "大学"
        ]
    },
    {
        "name": "armchair",
        "usphone": "ˈɑːrmtʃer",
        "ukphone": "ˈɑːmtʃeə(r)",
        "trans": [
            "扶手椅"
        ]
    },
    {
        "name": "at",
        "usphone": "ət",
        "ukphone": "ət",
        "trans": [
            "在......"
        ]
    },
    {
        "name": "balcony",
        "usphone": "ˈbælkəni",
        "ukphone": "ˈbælkəni",
        "trans": [
            "阳台,露台"
        ]
    },
    {
        "name": "bath",
        "usphone": "bæθ",
        "ukphone": "bɑːθ",
        "trans": [
            "浴盆, 浴缸"
        ]
    },
    {
        "name": "behind",
        "usphone": "bɪˈhaɪnd",
        "ukphone": "bɪˈhaɪnd",
        "trans": [
            "在 后面"
        ]
    },
    {
        "name": "refrigerator",
        "usphone": "rɪˈfrɪdʒəreɪtər",
        "ukphone": "rɪˈfrɪdʒəreɪtə(r)",
        "trans": [
            "冰箱"
        ]
    },
    {
        "name": "shower",
        "usphone": "ˈʃaʊər",
        "ukphone": "ˈʃaʊə(r)",
        "trans": [
            "淋浴"
        ]
    },
    {
        "name": "stove",
        "usphone": "stoʊv",
        "ukphone": "stəʊv",
        "trans": [
            "炉子"
        ]
    },
    {
        "name": "whose",
        "usphone": "huːz",
        "ukphone": "huːz",
        "trans": [
            "谁的"
        ]
    },
    {
        "name": "yard",
        "usphone": "jɑːrd",
        "ukphone": "jɑːd",
        "trans": [
            "院子"
        ]
    },
    {
        "name": "neighborhood",
        "trans": [
            "居住区"
        ],
        "usphone": "'nebɚ,hʊd",
        "ukphone": "'neɪbə,hʊd"
    },
    {
        "name": "public transportation",
        "trans": [
            "公共交通事业,公共交通, 公共交通工具"
        ]
    },
    {
        "name": "bathtub",
        "usphone": "bæθtʌb",
        "ukphone": "ˈbɑːθtʌb",
        "trans": [
            "浴缸"
        ]
    },
    {
        "name": "bookshelf",
        "usphone": "ˈbʊkʃelf",
        "ukphone": "ˈbʊkʃelf",
        "trans": [
            "书架"
        ]
    },
    {
        "name": "fireplace",
        "usphone": "ˈfaɪərpleɪs",
        "ukphone": "ˈfaɪəpleɪs",
        "trans": [
            "壁炉"
        ]
    },
    {
        "name": "fridge",
        "usphone": "frɪdʒ",
        "ukphone": "frɪdʒ",
        "trans": [
            "电冰箱"
        ]
    },
    {
        "name": "light",
        "usphone": "laɪt",
        "ukphone": "laɪt",
        "trans": [
            "光, 光线, 光亮"
        ]
    },
    {
        "name": "mailbox",
        "usphone": "ˈmeɪlbɑːks",
        "ukphone": "ˈmeɪlbɒks",
        "trans": [
            "邮箱,信箱"
        ]
    },
    {
        "name": "microwave",
        "usphone": "ˈmaɪkrəweɪv",
        "ukphone": "ˈmaɪkrəweɪv",
        "trans": [
            "微波"
        ]
    },
    {
        "name": "put",
        "usphone": "pʊt",
        "ukphone": "pʊt",
        "trans": [
            "放, 放置"
        ]
    },
    {
        "name": "stairway",
        "usphone": "ˈsterweɪ",
        "ukphone": "ˈsteəweɪ",
        "trans": [
            "扶梯,楼梯"
        ]
    },
    {
        "name": "better",
        "usphone": "ˈbetər",
        "ukphone": "ˈbetə(r)",
        "trans": [
            "较好的, 更好的"
        ]
    },
    {
        "name": "clean",
        "usphone": "kliːn",
        "ukphone": "kliːn",
        "trans": [
            "干净的"
        ]
    },
    {
        "name": "dangerous",
        "usphone": "ˈdeɪndʒərəs",
        "ukphone": "ˈdeɪndʒərəs",
        "trans": [
            "危险的"
        ]
    },
    {
        "name": "dirty",
        "usphone": "ˈdɜːrti",
        "ukphone": "ˈdɜːti",
        "trans": [
            "脏的"
        ]
    },
    {
        "name": "lovely",
        "usphone": "ˈlʌvli",
        "ukphone": "ˈlʌvli",
        "trans": [
            "秀美动人的, 可爱的"
        ]
    },
    {
        "name": "modern",
        "usphone": "ˈmɑːdərn",
        "ukphone": "ˈmɒdn",
        "trans": [
            "现代的, 近代的"
        ]
    },
    {
        "name": "noisy",
        "usphone": "ˈnɔɪzi",
        "ukphone": "ˈnɔɪzi",
        "trans": [
            "喧闹的, 嘈杂的"
        ]
    },
    {
        "name": "old",
        "usphone": "oʊld",
        "ukphone": "əʊld",
        "trans": [
            "多年的, 长时间的, 旧交的"
        ]
    },
    {
        "name": "roommate",
        "usphone": "ˈruːmmeɪt",
        "ukphone": "ˈruːmmeɪt",
        "trans": [
            "同屋,室友"
        ]
    },
    {
        "name": "safe",
        "usphone": "seɪf",
        "ukphone": "seɪf",
        "trans": [
            "安全的"
        ]
    },
    {
        "name": "share",
        "usphone": "ʃer",
        "ukphone": "ʃeə(r)",
        "trans": [
            "分担"
        ]
    },
    {
        "name": "sofa",
        "usphone": "ˈsoʊfə",
        "ukphone": "ˈsəʊfə",
        "trans": [
            "沙发"
        ]
    },
    {
        "name": "toilet",
        "usphone": "ˈtɔɪlət",
        "ukphone": "ˈtɔɪlət",
        "trans": [
            "厕所"
        ]
    },
    {
        "name": "under",
        "usphone": "ˈʌndər",
        "ukphone": "ˈʌndə(r)",
        "trans": [
            "在 之下, 低于"
        ]
    },
    {
        "name": "wardrobe",
        "usphone": "ˈwɔːrdroʊb",
        "ukphone": "ˈwɔːdrəʊb",
        "trans": [
            "衣柜"
        ]
    },
    {
        "name": "closet",
        "usphone": "ˈklɑːzət",
        "ukphone": "ˈklɒzɪt",
        "trans": [
            "小房间, 储藏室"
        ]
    },
    {
        "name": "dishwasher",
        "usphone": "ˈdɪʃwɔːʃər",
        "ukphone": "ˈdɪʃwɒʃə(r)",
        "trans": [
            "洗碗机"
        ]
    },
    {
        "name": "garage",
        "usphone": "ɡəˈrɑːʒ",
        "ukphone": "ˈɡærɑːʒ",
        "trans": [
            "车库"
        ]
    },
    {
        "name": "house",
        "usphone": "haʊs",
        "ukphone": "haʊs",
        "trans": [
            "房子, 住宅"
        ]
    },
    {
        "name": "paint",
        "usphone": "peɪnt",
        "ukphone": "peɪnt",
        "trans": [
            "油漆, 粉刷"
        ]
    },
    {
        "name": "dining room",
        "trans": [
            "饭厅"
        ]
    },
    {
        "name": "drawer",
        "usphone": "drɔːr",
        "ukphone": "drɔː(r)",
        "trans": [
            "抽屉"
        ]
    },
    {
        "name": "duvet",
        "usphone": "ˈduːveɪ",
        "ukphone": "ˈduːveɪ",
        "trans": [
            "羽绒被"
        ]
    },
    {
        "name": "garden",
        "usphone": "ˈɡɑːrdn",
        "ukphone": "ˈɡɑːdn",
        "trans": [
            "花园, 庭园"
        ]
    },
    {
        "name": "hall",
        "usphone": "hɔːl",
        "ukphone": "hɔːl",
        "trans": [
            "走廊, 大厅"
        ]
    },
    {
        "name": "in front of",
        "trans": [
            "in a position that is further forward than sb/sth but not very far away"
        ],
        "usphone": "ɪn frʌnt ʌv",
        "ukphone": "ɪn frʌnt əv"
    },
    {
        "name": "rug",
        "usphone": "rʌɡ",
        "ukphone": "rʌɡ",
        "trans": [
            "厚地毯"
        ]
    },
    {
        "name": "table",
        "usphone": "ˈteɪbl",
        "ukphone": "ˈteɪbl",
        "trans": [
            "桌子"
        ]
    },
    {
        "name": "washing",
        "usphone": "ˈwɑːʃɪŋ",
        "ukphone": "ˈwɒʃɪŋ",
        "trans": [
            "洗, 清洗, 洗涤"
        ]
    },
    {
        "name": "bathroom",
        "usphone": "ˈbæθruːm",
        "ukphone": "ˈbɑːθruːm",
        "trans": [
            "浴室, 盥洗室"
        ]
    },
    {
        "name": "bed",
        "usphone": "bed",
        "ukphone": "bed",
        "trans": [
            "床"
        ]
    },
    {
        "name": "bedroom",
        "usphone": "ˈbedruːm",
        "ukphone": "ˈbedruːm",
        "trans": [
            "卧室"
        ]
    },
    {
        "name": "cleaning",
        "usphone": "ˈkliːnɪŋ",
        "ukphone": "ˈkliːnɪŋ",
        "trans": [
            "清洗,清除,清洁,去污"
        ]
    },
    {
        "name": "coffee table",
        "trans": [
            "咖啡茶几;放咖啡及摆杂志的小而长的矮桌"
        ]
    },
    {
        "name": "decorate",
        "usphone": "ˈdekəreɪt",
        "ukphone": "ˈdekəreɪt",
        "trans": [
            "装饰"
        ]
    },
    {
        "name": "in",
        "usphone": "ɪn",
        "ukphone": "ɪn",
        "trans": [
            "在 内"
        ]
    },
    {
        "name": "lamp",
        "usphone": "læmp",
        "ukphone": "læmp",
        "trans": [
            "灯, 油灯, 灯火"
        ]
    },
    {
        "name": "living room",
        "trans": [
            "客厅,起居室"
        ],
        "usphone": "'lɪvɪŋ rum",
        "ukphone": "'lɪvɪŋ ru:m"
    },
    {
        "name": "picture",
        "usphone": "ˈpɪktʃər",
        "ukphone": "ˈpɪktʃə(r)",
        "trans": [
            "图画"
        ]
    },
    {
        "name": "pillow",
        "usphone": "ˈpɪloʊ",
        "ukphone": "ˈpɪləʊ",
        "trans": [
            "枕头"
        ]
    },
    {
        "name": "plant",
        "usphone": "plænt",
        "ukphone": "plɑːnt",
        "trans": [
            "植物"
        ]
    },
    {
        "name": "sink",
        "usphone": "sɪŋk",
        "ukphone": "sɪŋk",
        "trans": [
            "洗涤槽, 水槽"
        ]
    }
]