[
  {
    "name": "market",
    "usphone": "ˈmɑːrkɪt",
    "ukphone": "ˈmɑːkɪt",
    "trans": [
      "市场, 集市"
    ]
  },
  {
    "name": "medical",
    "usphone": "ˈmedɪkl",
    "ukphone": "ˈmedɪkl",
    "trans": [
      "医学的, 医术的, 医疗的"
    ]
  },
  {
    "name": "natural",
    "usphone": "ˈnætʃrəl",
    "ukphone": "ˈnætʃrəl",
    "trans": [
      "自然的, 天然的"
    ]
  },
  {
    "name": "technology",
    "usphone": "tekˈnɑːlədʒi",
    "ukphone": "tekˈnɒlədʒi",
    "trans": [
      "技术, 工艺"
    ]
  },
  {
    "name": "human",
    "usphone": "ˈhjuːmən",
    "ukphone": "ˈhjuːmən",
    "trans": [
      "人类"
    ]
  },
  {
    "name": "predict",
    "usphone": "prɪˈdɪkt",
    "ukphone": "prɪˈdɪkt",
    "trans": [
      "预测"
    ]
  },
  {
    "name": "shocking",
    "usphone": "ˈʃɑːkɪŋ",
    "ukphone": "ˈʃɒkɪŋ",
    "trans": [
      "令人震惊的, 骇人的"
    ]
  },
  {
    "name": "doubt",
    "usphone": "daʊt",
    "ukphone": "daʊt",
    "trans": [
      "怀疑"
    ]
  },
  {
    "name": "optimistic",
    "usphone": "ˌɑːptɪˈmɪstɪk",
    "ukphone": "ˌɒptɪˈmɪstɪk",
    "trans": [
      "乐观的; 有信心的"
    ]
  },
  {
    "name": "pessimistic",
    "usphone": "ˌpesɪˈmɪstɪk",
    "ukphone": "ˌpesɪˈmɪstɪk",
    "trans": [
      "悲观的; 悲观主义的"
    ]
  },
  {
    "name": "create",
    "usphone": "kriˈeɪt",
    "ukphone": "kriˈeɪt",
    "trans": [
      "创造, 创新"
    ]
  },
  {
    "name": "criticize",
    "usphone": "ˈkrɪtɪsaɪz",
    "ukphone": "ˈkrɪtɪsaɪz",
    "trans": [
      "批评, 抨击"
    ]
  },
  {
    "name": "compete",
    "usphone": "kəmˈpiːt",
    "ukphone": "kəmˈpiːt",
    "trans": [
      "竞争"
    ]
  },
  {
    "name": "innovation",
    "usphone": "ˌɪnəˈveɪʃn",
    "ukphone": "ˌɪnəˈveɪʃn",
    "trans": [
      "新方法,新事物;革新,创新"
    ]
  },
  {
    "name": "realistic",
    "usphone": "ˌriːəˈlɪstɪk",
    "ukphone": "ˌriːəˈlɪstɪk",
    "trans": [
      "现实的, 实际可行的"
    ]
  },
  {
    "name": "developing",
    "usphone": "dɪˈveləpɪŋ",
    "ukphone": "dɪˈveləpɪŋ",
    "trans": [
      "发展中的"
    ]
  },
  {
    "name": "body",
    "usphone": "ˈbɑːdi",
    "ukphone": "ˈbɒdi",
    "trans": [
      "身体, 躯体"
    ]
  },
  {
    "name": "cell",
    "usphone": "sel",
    "ukphone": "sel",
    "trans": [
      "牢房"
    ]
  },
  {
    "name": "coal",
    "usphone": "koʊl",
    "ukphone": "kəʊl",
    "trans": [
      "煤, 煤炭"
    ]
  },
  {
    "name": "commute",
    "usphone": "kəˈmjuːt",
    "ukphone": "kəˈmjuːt",
    "trans": [
      "(购用月票或季票)通勤"
    ]
  },
  {
    "name": "demonstrate",
    "usphone": "ˈdemənstreɪt",
    "ukphone": "ˈdemənstreɪt",
    "trans": [
      "表明, 证明"
    ]
  },
  {
    "name": "DNA",
    "usphone": "ˌdiːenˈeɪ",
    "ukphone": "ˌdiːenˈeɪ",
    "trans": [
      "基因"
    ]
  },
  {
    "name": "effective",
    "usphone": "ɪˈfektɪv",
    "ukphone": "ɪˈfektɪv",
    "trans": [
      "有效的"
    ]
  },
  {
    "name": "electric",
    "usphone": "ɪˈlektrɪk",
    "ukphone": "ɪˈlektrɪk",
    "trans": [
      "电的"
    ]
  },
  {
    "name": "environment",
    "usphone": "ɪnˈvaɪrənmənt",
    "ukphone": "ɪnˈvaɪrənmənt",
    "trans": [
      "环境"
    ]
  },
  {
    "name": "pollution",
    "usphone": "pəˈluːʃn",
    "ukphone": "pəˈluːʃn",
    "trans": [
      "污染"
    ]
  },
  {
    "name": "robot",
    "usphone": "ˈroʊbɑːt",
    "ukphone": "ˈrəʊbɒt",
    "trans": [
      "机器人"
    ]
  },
  {
    "name": "scanner",
    "usphone": "ˈskænər",
    "ukphone": "ˈskænə(r)",
    "trans": [
      "扫描仪"
    ]
  },
  {
    "name": "teleconference",
    "usphone": "ˈtelikɑːnfərəns",
    "ukphone": "ˈtelikɒnfərəns",
    "trans": [
      "电话会议"
    ]
  },
  {
    "name": "apply",
    "usphone": "əˈplaɪ",
    "ukphone": "əˈplaɪ",
    "trans": [
      "申请, 请求"
    ]
  },
  {
    "name": "career",
    "usphone": "kəˈrɪr",
    "ukphone": "kəˈrɪə(r)",
    "trans": [
      "职业生涯"
    ]
  },
  {
    "name": "wish",
    "usphone": "wɪʃ",
    "ukphone": "wɪʃ",
    "trans": [
      "愿, 希望, 想要"
    ]
  },
  {
    "name": "organized",
    "usphone": "ˈɔːrɡənaɪzd",
    "ukphone": "ˈɔːɡənaɪzd",
    "trans": [
      "有组织的"
    ]
  },
  {
    "name": "path",
    "usphone": "pæθ",
    "ukphone": "pɑːθ",
    "trans": [
      "道路, 路"
    ]
  },
  {
    "name": "potential",
    "usphone": "pəˈtenʃl",
    "ukphone": "pəˈtenʃl",
    "trans": [
      "可能性"
    ]
  },
  {
    "name": "professional",
    "usphone": "prəˈfeʃənl",
    "ukphone": "prəˈfeʃənl",
    "trans": [
      "专业的, 职业的"
    ]
  },
  {
    "name": "rewarding",
    "usphone": "rɪˈwɔːrdɪŋ",
    "ukphone": "rɪˈwɔːdɪŋ",
    "trans": [
      "有益的, 有报酬的, 有所得的"
    ]
  },
  {
    "name": "skill",
    "usphone": "skɪl",
    "ukphone": "skɪl",
    "trans": [
      "技术, 技能, 技巧"
    ]
  },
  {
    "name": "undecided",
    "usphone": "ˌʌndɪˈsaɪdɪd",
    "ukphone": "ˌʌndɪˈsaɪdɪd",
    "trans": [
      "未决定的, 未下决心的, 未做决定的"
    ]
  },
  {
    "name": "application",
    "usphone": "ˌæplɪˈkeɪʃn",
    "ukphone": "ˌæplɪˈkeɪʃn",
    "trans": [
      "申请, 请求"
    ]
  },
  {
    "name": "become",
    "usphone": "bɪˈkʌm",
    "ukphone": "bɪˈkʌm",
    "trans": [
      "成为, 变成"
    ]
  },
  {
    "name": "abroad",
    "usphone": "əˈbrɔːd",
    "ukphone": "əˈbrɔːd",
    "trans": [
      "在国外, 到国外"
    ]
  },
  {
    "name": "project",
    "usphone": "ˈprɑːdʒekt",
    "ukphone": "ˈprɒdʒekt",
    "trans": [
      "方案, 计划"
    ]
  },
  {
    "name": "management",
    "usphone": "ˈmænɪdʒmənt",
    "ukphone": "ˈmænɪdʒmənt",
    "trans": [
      "经营, 管理"
    ]
  },
  {
    "name": "communication",
    "usphone": "kəˌmjuːnɪˈkeɪʃn",
    "ukphone": "kəˌmjuːnɪˈkeɪʃn",
    "trans": [
      "交流, 交际"
    ]
  },
  {
    "name": "technical",
    "usphone": "ˈteknɪkl",
    "ukphone": "ˈteknɪkl",
    "trans": [
      "技术的"
    ]
  },
  {
    "name": "background",
    "usphone": "ˈbækɡraʊnd",
    "ukphone": "ˈbækɡraʊnd",
    "trans": [
      "出生背景, 学历"
    ]
  },
  {
    "name": "course",
    "usphone": "kɔːrs",
    "ukphone": "kɔːs",
    "trans": [
      "课程"
    ]
  },
  {
    "name": "move",
    "usphone": "muːv",
    "ukphone": "muːv",
    "trans": [
      "搬家, 迁移, 调遣, 调动"
    ]
  },
  {
    "name": "make",
    "usphone": "meɪk",
    "ukphone": "meɪk",
    "trans": [
      "获得, 挣得, 赢得"
    ]
  },
  {
    "name": "hope",
    "usphone": "hoʊp",
    "ukphone": "həʊp",
    "trans": [
      "希望"
    ]
  },
  {
    "name": "possibility",
    "usphone": "ˌpɑːsəˈbɪləti",
    "ukphone": "ˌpɒsəˈbɪləti",
    "trans": [
      "可能性, 可能的事"
    ]
  },
  {
    "name": "development",
    "usphone": "dɪˈveləpmənt",
    "ukphone": "dɪˈveləpmənt",
    "trans": [
      "生长"
    ]
  },
  {
    "name": "dream",
    "usphone": "driːm",
    "ukphone": "driːm",
    "trans": [
      "梦, 梦境"
    ]
  },
  {
    "name": "energy",
    "usphone": "ˈenərdʒi",
    "ukphone": "ˈenədʒi",
    "trans": [
      "精力, 活力"
    ]
  },
  {
    "name": "future",
    "usphone": "ˈfjuːtʃər",
    "ukphone": "ˈfjuːtʃə(r)",
    "trans": [
      "未来, 将来"
    ]
  },
  {
    "name": "jealous",
    "usphone": "ˈdʒeləs",
    "ukphone": "ˈdʒeləs",
    "trans": [
      "妒忌的, 猜疑的"
    ]
  },
  {
    "name": "lawyer",
    "usphone": "ˈlɔːjər",
    "ukphone": "ˈlɔːjə(r)",
    "trans": [
      "律师"
    ]
  },
  {
    "name": "reach",
    "usphone": "riːtʃ",
    "ukphone": "riːtʃ",
    "trans": [
      "与 交流"
    ]
  },
  {
    "name": "reference",
    "usphone": "ˈrefrəns",
    "ukphone": "ˈrefrəns",
    "trans": [
      "介绍信，推荐信"
    ]
  },
  {
    "name": "response",
    "usphone": "rɪˈspɑːns",
    "ukphone": "rɪˈspɒns",
    "trans": [
      "回答, 答复"
    ]
  },
  {
    "name": "CV",
    "usphone": "ˌsiːˈviː",
    "ukphone": "ˌsiːˈviː",
    "trans": [
      "简历"
    ]
  },
  {
    "name": "duty",
    "usphone": "ˈduːti",
    "ukphone": "ˈdjuːti",
    "trans": [
      "职责, 值班"
    ]
  },
  {
    "name": "description",
    "usphone": "dɪˈskrɪpʃn",
    "ukphone": "dɪˈskrɪpʃn",
    "trans": [
      "类型"
    ]
  },
  {
    "name": "title",
    "usphone": "ˈtaɪtl",
    "ukphone": "ˈtaɪtl",
    "trans": [
      "标题"
    ]
  },
  {
    "name": "education",
    "usphone": "ˌedʒuˈkeɪʃn",
    "ukphone": "ˌedʒuˈkeɪʃn",
    "trans": [
      "教育"
    ]
  },
  {
    "name": "experience",
    "usphone": "ɪkˈspɪriəns",
    "ukphone": "ɪkˈspɪəriəns",
    "trans": [
      "经验"
    ]
  },
  {
    "name": "salary",
    "usphone": "ˈsæləri",
    "ukphone": "ˈsæləri",
    "trans": [
      "薪水, 工资, 报酬"
    ]
  },
  {
    "name": "benefit",
    "usphone": "ˈbenɪfɪt",
    "ukphone": "ˈbenɪfɪt",
    "trans": [
      "利益, 好处, 有利的影响"
    ]
  },
  {
    "name": "goal",
    "usphone": "ɡoʊl",
    "ukphone": "ɡəʊl",
    "trans": [
      "球门"
    ]
  },
  {
    "name": "resume",
    "usphone": "ˈrezəmeɪ",
    "ukphone": "ˈrezjumeɪ",
    "trans": [
      "摘要, 概要, 简历"
    ]
  },
  {
    "name": "responsibility",
    "usphone": "rɪˌspɑːnsəˈbɪləti",
    "ukphone": "rɪˌspɒnsəˈbɪləti",
    "trans": [
      "责任, 负担, 职责"
    ]
  },
  {
    "name": "opportunity",
    "usphone": "ˌɑːpərˈtuːnəti",
    "ukphone": "ˌɒpəˈtjuːnəti",
    "trans": [
      "机会, 良机"
    ]
  },
  {
    "name": "available",
    "usphone": "əˈveɪləbl",
    "ukphone": "əˈveɪləbl",
    "trans": [
      "可利用的, 有空的"
    ]
  },
  {
    "name": "position",
    "usphone": "pəˈzɪʃn",
    "ukphone": "pəˈzɪʃn",
    "trans": [
      "职务, 职位"
    ]
  },
  {
    "name": "benefit",
    "usphone": "ˈbenɪfɪt",
    "ukphone": "ˈbenɪfɪt",
    "trans": [
      "利益, 好处, 有利的影响"
    ]
  },
  {
    "name": "interview",
    "usphone": "ˈɪntərvjuː",
    "ukphone": "ˈɪntəvjuː",
    "trans": [
      "面试"
    ]
  },
  {
    "name": "strength",
    "usphone": "streŋθ",
    "ukphone": "streŋθ",
    "trans": [
      "优势, 长处"
    ]
  },
  {
    "name": "weakness",
    "usphone": "ˈwiːknəs",
    "ukphone": "ˈwiːknəs",
    "trans": [
      "虚弱, 弱点, 薄弱, 软弱"
    ]
  },
  {
    "name": "impression",
    "usphone": "ɪmˈpreʃn",
    "ukphone": "ɪmˈpreʃn",
    "trans": [
      "影响"
    ]
  },
  {
    "name": "environment",
    "usphone": "ɪnˈvaɪrənmənt",
    "ukphone": "ɪnˈvaɪrənmənt",
    "trans": [
      "环境"
    ]
  },
  {
    "name": "compensation",
    "usphone": "ˌkɑːmpenˈseɪʃn",
    "ukphone": "ˌkɒmpenˈseɪʃn",
    "trans": [
      "补偿金,赔偿金,弥补"
    ]
  },
  {
    "name": "package",
    "usphone": "ˈpækɪdʒ",
    "ukphone": "ˈpækɪdʒ",
    "trans": [
      "包裹"
    ]
  },
  {
    "name": "fit",
    "usphone": "fɪt",
    "ukphone": "fɪt",
    "trans": [
      "配、合适"
    ]
  },
  {
    "name": "process",
    "usphone": "ˈprɑːses",
    "ukphone": "ˈprəʊses",
    "trans": [
      "过程, 程序, 步骤, 工序"
    ]
  },
  {
    "name": "attach",
    "usphone": "əˈtætʃ",
    "ukphone": "əˈtætʃ",
    "trans": [
      "附加, 附上"
    ]
  },
  {
    "name": "feedback",
    "usphone": "ˈfiːdbæk",
    "ukphone": "ˈfiːdbæk",
    "trans": [
      "反馈"
    ]
  },
  {
    "name": "jingle",
    "usphone": "ˈdʒɪŋɡl",
    "ukphone": "ˈdʒɪŋɡl",
    "trans": [
      "金属发出的)叮当声(如硬币﹑ 钥匙或小铃的声音):"
    ]
  },
  {
    "name": "keen",
    "usphone": "kiːn",
    "ukphone": "kiːn",
    "trans": [
      "热衷的, 热心的, 热切的, 渴望(做某事)"
    ]
  },
  {
    "name": "logo",
    "usphone": "ˈloʊɡoʊ",
    "ukphone": "ˈləʊɡəʊ",
    "trans": [
      "商标, 标识, 图形"
    ]
  },
  {
    "name": "sitcom",
    "usphone": "ˈsɪtkɑːm",
    "ukphone": "ˈsɪtkɒm",
    "trans": [
      "情景喜剧"
    ]
  },
  {
    "name": "slogan",
    "usphone": "ˈsloʊɡən",
    "ukphone": "ˈsləʊɡən",
    "trans": [
      "口号"
    ]
  },
  {
    "name": "star",
    "usphone": "stɑːr",
    "ukphone": "stɑː(r)",
    "trans": [
      "扮演角色"
    ]
  },
  {
    "name": "violence",
    "usphone": "ˈvaɪələns",
    "ukphone": "ˈvaɪələns",
    "trans": [
      "猛烈, 暴力, 暴行"
    ]
  },
  {
    "name": "news",
    "usphone": "nuːz",
    "ukphone": "njuːz",
    "trans": [
      "新闻, 消息, 报导"
    ]
  },
  {
    "name": "reality",
    "usphone": "riˈæləti",
    "ukphone": "riˈæləti",
    "trans": [
      "现实"
    ]
  },
  {
    "name": "documentary",
    "usphone": "ˌdɑːkjuˈmentri",
    "ukphone": "ˌdɒkjuˈmentri",
    "trans": [
      "记录"
    ]
  },
  {
    "name": "show",
    "usphone": "ʃoʊ",
    "ukphone": "ʃəʊ",
    "trans": [
      "表演, 演出"
    ]
  },
  {
    "name": "weather",
    "usphone": "ˈweðər",
    "ukphone": "ˈweðə(r)",
    "trans": [
      "天气, 气候, 气象"
    ]
  },
  {
    "name": "drama",
    "usphone": "ˈdrɑːmə",
    "ukphone": "ˈdrɑːmə",
    "trans": [
      "戏剧"
    ]
  },
  {
    "name": "game",
    "usphone": "ɡeɪm",
    "ukphone": "ɡeɪm",
    "trans": [
      "比赛"
    ]
  },
  {
    "name": "sport",
    "usphone": "spɔːrt",
    "ukphone": "spɔːt",
    "trans": [
      "运动, 文体活动"
    ]
  },
  {
    "name": "set",
    "usphone": "set",
    "ukphone": "set",
    "trans": [
      "以 为背景"
    ]
  },
  {
    "name": "acting",
    "usphone": "ˈæktɪŋ",
    "ukphone": "ˈæktɪŋ",
    "trans": [
      "演出,演戏"
    ]
  },
  {
    "name": "ad",
    "usphone": "æd",
    "ukphone": "æd",
    "trans": [
      "广告"
    ]
  },
  {
    "name": "restriction",
    "usphone": "rɪˈstrɪkʃn",
    "ukphone": "rɪˈstrɪkʃn",
    "trans": [
      "限制, 约束"
    ]
  },
  {
    "name": "rating",
    "usphone": "ˈreɪtɪŋ",
    "ukphone": "ˈreɪtɪŋ",
    "trans": [
      "(人或事物按品质﹑ 特性等划分的)等级, 级别"
    ]
  },
  {
    "name": "entertaining",
    "usphone": "ˌentərˈteɪnɪŋ",
    "ukphone": "ˌentəˈteɪnɪŋ",
    "trans": [
      "令人愉快的"
    ]
  },
  {
    "name": "channel",
    "usphone": "ˈtʃænl",
    "ukphone": "ˈtʃænl",
    "trans": [
      "频道"
    ]
  },
  {
    "name": "commercial",
    "usphone": "kəˈmɜːrʃl",
    "ukphone": "kəˈmɜːʃl",
    "trans": [
      "商业广告"
    ]
  },
  {
    "name": "complex",
    "usphone": "kəmˈpleks",
    "ukphone": "ˈkɒmpleks",
    "trans": [
      "复杂的, 难懂的, 费解的"
    ]
  },
  {
    "name": "dialogue",
    "usphone": "ˈdaɪəlɑːɡ",
    "ukphone": "ˈdaɪəlɒɡ",
    "trans": [
      "对话"
    ]
  },
  {
    "name": "endorse",
    "usphone": "ɪnˈdɔːrs",
    "ukphone": "ɪnˈdɔːs",
    "trans": [
      "背书"
    ]
  },
  {
    "name": "episode",
    "usphone": "ˈepɪsoʊd",
    "ukphone": "ˈepɪsəʊd",
    "trans": [
      "插曲"
    ]
  },
  {
    "name": "pass",
    "usphone": "pæs",
    "ukphone": "pɑːs",
    "trans": [
      "通过"
    ]
  },
  {
    "name": "PhD",
    "usphone": "ˌpiːeɪtʃˈdiː",
    "ukphone": "ˌpiːeɪtʃˈdiː",
    "trans": [
      "哲学博士学位; 博士学位"
    ]
  },
  {
    "name": "primary",
    "usphone": "ˈpraɪmeri",
    "ukphone": "ˈpraɪməri",
    "trans": [
      "首要的, 主要的, 初级的, 根本的"
    ]
  },
  {
    "name": "private",
    "usphone": "ˈpraɪvət",
    "ukphone": "ˈpraɪvət",
    "trans": [
      "私人的, 私下的"
    ]
  },
  {
    "name": "public",
    "usphone": "ˈpʌblɪk",
    "ukphone": "ˈpʌblɪk",
    "trans": [
      "公众的, 公用的, 公共的"
    ]
  },
  {
    "name": "qualification",
    "usphone": "ˌkwɑːlɪfɪˈkeɪʃn",
    "ukphone": "ˌkwɒlɪfɪˈkeɪʃn",
    "trans": [
      "资质, 资格"
    ]
  },
  {
    "name": "college",
    "usphone": "ˈkɑːlɪdʒ",
    "ukphone": "ˈkɒlɪdʒ",
    "trans": [
      "学院, 大学, 高等专科学校"
    ]
  },
  {
    "name": "university",
    "usphone": "ˌjuːnɪˈvɜːrsəti",
    "ukphone": "ˌjuːnɪˈvɜːsəti",
    "trans": [
      "大学"
    ]
  },
  {
    "name": "elementary",
    "usphone": "ˌelɪˈmentri",
    "ukphone": "ˌelɪˈmentri",
    "trans": [
      "初级的"
    ]
  },
  {
    "name": "degree",
    "usphone": "dɪˈɡriː",
    "ukphone": "dɪˈɡriː",
    "trans": [
      "度"
    ]
  },
  {
    "name": "BA",
    "usphone": "ˌbiːˈeɪ",
    "ukphone": "ˌbiːˈeɪ",
    "trans": [
      "文学学士"
    ]
  },
  {
    "name": "MA",
    "usphone": "ˌemˈeɪ",
    "ukphone": "ˌemˈeɪ",
    "trans": [
      "文学硕士"
    ]
  },
  {
    "name": "MBA",
    "usphone": "ˌembiːˈeɪ",
    "ukphone": "ˌembiːˈeɪ",
    "trans": [
      "工商管理硕士"
    ]
  },
  {
    "name": "certificate",
    "usphone": "sərˈtɪfɪkət",
    "ukphone": "səˈtɪfɪkət",
    "trans": [
      "证书"
    ]
  },
  {
    "name": "goal",
    "usphone": "ɡoʊl",
    "ukphone": "ɡəʊl",
    "trans": [
      "球门"
    ]
  },
  {
    "name": "cost",
    "usphone": "kɔːst",
    "ukphone": "kɒst",
    "trans": [
      "费用, 花费, 开销"
    ]
  },
  {
    "name": "location",
    "usphone": "loʊˈkeɪʃn",
    "ukphone": "ləʊˈkeɪʃn",
    "trans": [
      "位置, 场所, 所在地"
    ]
  },
  {
    "name": "reputation",
    "usphone": "ˌrepjuˈteɪʃn",
    "ukphone": "ˌrepjuˈteɪʃn",
    "trans": [
      "名誉, 声誉"
    ]
  },
  {
    "name": "recommendation",
    "usphone": "ˌrekəmenˈdeɪʃn",
    "ukphone": "ˌrekəmenˈdeɪʃn",
    "trans": [
      "推荐; 劝告, 建议"
    ]
  },
  {
    "name": "advantage",
    "usphone": "ədˈvæntɪdʒ",
    "ukphone": "ədˈvɑːntɪdʒ",
    "trans": [
      "优势, 好处, 优点"
    ]
  },
  {
    "name": "trend",
    "usphone": "trend",
    "ukphone": "trend",
    "trans": [
      "趋势, 倾向"
    ]
  },
  {
    "name": "doctorate",
    "usphone": "ˈdɑːktərət",
    "ukphone": "ˈdɒktərət",
    "trans": [
      "博士学位"
    ]
  },
  {
    "name": "fail",
    "usphone": "feɪl",
    "ukphone": "feɪl",
    "trans": [
      "不及格"
    ]
  },
  {
    "name": "instructor",
    "usphone": "ɪnˈstrʌktər",
    "ukphone": "ɪnˈstrʌktə(r)",
    "trans": [
      "教师;指导者"
    ]
  },
  {
    "name": "live",
    "usphone": "laɪv",
    "ukphone": "laɪv",
    "trans": [
      "现场直播的"
    ]
  },
  {
    "name": "MD",
    "usphone": "ˌemˈdiː",
    "ukphone": "ˌemˈdiː",
    "trans": [
      "医学博士"
    ]
  },
  {
    "name": "common",
    "usphone": "ˈkɑːmən",
    "ukphone": "ˈkɒmən",
    "trans": [
      "普通的, 一般的"
    ]
  },
  {
    "name": "mention",
    "usphone": "ˈmenʃn",
    "ukphone": "ˈmenʃn",
    "trans": [
      "提到, 说起"
    ]
  },
  {
    "name": "transfer",
    "usphone": "trænsˈfɜːr",
    "ukphone": "trænsˈfɜː(r)",
    "trans": [
      "转学, 转校"
    ]
  },
  {
    "name": "replace",
    "usphone": "rɪˈpleɪs",
    "ukphone": "rɪˈpleɪs",
    "trans": [
      "取代, 替代"
    ]
  },
  {
    "name": "leave",
    "usphone": "liːv",
    "ukphone": "liːv",
    "trans": [
      "辞去(工作等), 脱离(组织等), 离开(家)"
    ]
  },
  {
    "name": "join",
    "usphone": "dʒɔɪn",
    "ukphone": "dʒɔɪn",
    "trans": [
      "加入, 参加, 成为...的一员"
    ]
  },
  {
    "name": "quit",
    "usphone": "kwɪt",
    "ukphone": "kwɪt",
    "trans": [
      "辞职, 离开, 放弃"
    ]
  },
  {
    "name": "move",
    "usphone": "muːv",
    "ukphone": "muːv",
    "trans": [
      "搬家, 迁移, 调遣, 调动"
    ]
  },
  {
    "name": "recruit",
    "usphone": "rɪˈkruːt",
    "ukphone": "rɪˈkruːt",
    "trans": [
      "招募,招聘,征募"
    ]
  },
  {
    "name": "expand",
    "usphone": "ɪkˈspænd",
    "ukphone": "ɪkˈspænd",
    "trans": [
      "扩大, 扩张, 扩大"
    ]
  },
  {
    "name": "downsize",
    "usphone": "ˈdaʊnsaɪz",
    "ukphone": "ˈdaʊnsaɪz",
    "trans": [
      "缩小"
    ]
  },
  {
    "name": "confidential",
    "usphone": "ˌkɑːnfɪˈdenʃl",
    "ukphone": "ˌkɒnfɪˈdenʃl",
    "trans": [
      "秘密的;机密的;保密的"
    ]
  },
  {
    "name": "suppose",
    "usphone": "səˈpoʊz",
    "ukphone": "səˈpəʊz",
    "trans": [
      "推想, 猜想, 假设"
    ]
  },
  {
    "name": "intranet",
    "usphone": "ˈɪntrənet",
    "ukphone": "ˈɪntrənet",
    "trans": [
      "(国际互连网的企业)内部网(络)"
    ]
  },
  {
    "name": "projector",
    "usphone": "prəˈdʒektər",
    "ukphone": "prəˈdʒektə(r)",
    "trans": [
      "放映机,投影仪"
    ]
  },
  {
    "name": "database",
    "usphone": "ˈdeɪtəbeɪs",
    "ukphone": "ˈdeɪtəbeɪs",
    "trans": [
      "数据库"
    ]
  },
  {
    "name": "hack",
    "usphone": "hæk",
    "ukphone": "hæk",
    "trans": [
      "破解"
    ]
  },
  {
    "name": "defect",
    "usphone": "ˈdiːfekt",
    "ukphone": "ˈdiːfekt",
    "trans": [
      "缺陷"
    ]
  },
  {
    "name": "major",
    "usphone": "ˈmeɪdʒər",
    "ukphone": "ˈmeɪdʒə(r)",
    "trans": [
      "重要的, 主要的, 较大的"
    ]
  },
  {
    "name": "customer",
    "usphone": "ˈkʌstəmər",
    "ukphone": "ˈkʌstəmə(r)",
    "trans": [
      "顾客"
    ]
  },
  {
    "name": "steal",
    "usphone": "stiːl",
    "ukphone": "stiːl",
    "trans": [
      "偷窃, 偷盗, 窃取"
    ]
  },
  {
    "name": "information",
    "usphone": "ˌɪnfərˈmeɪʃn",
    "ukphone": "ˌɪnfəˈmeɪʃn",
    "trans": [
      "信息, 数据"
    ]
  },
  {
    "name": "product",
    "usphone": "ˈprɑːdʌkt",
    "ukphone": "ˈprɒdʌkt",
    "trans": [
      "产品"
    ]
  },
  {
    "name": "inform",
    "usphone": "ɪnˈfɔːrm",
    "ukphone": "ɪnˈfɔːm",
    "trans": [
      "告知, 通知"
    ]
  },
  {
    "name": "discover",
    "usphone": "dɪˈskʌvər",
    "ukphone": "dɪˈskʌvə(r)",
    "trans": [
      "发现"
    ]
  },
  {
    "name": "attention",
    "usphone": "əˈtenʃn",
    "ukphone": "əˈtenʃn",
    "trans": [
      "兴趣, 注意力"
    ]
  },
  {
    "name": "severe",
    "usphone": "sɪˈvɪr",
    "ukphone": "sɪˈvɪə(r)",
    "trans": [
      "严重的, 非常恶劣的"
    ]
  },
  {
    "name": "issue",
    "usphone": "ˈɪʃuː",
    "ukphone": "ˈɪʃuː",
    "trans": [
      "问题"
    ]
  },
  {
    "name": "concern",
    "usphone": "kənˈsɜːrn",
    "ukphone": "kənˈsɜːn",
    "trans": [
      "担忧, 忧虑"
    ]
  },
  {
    "name": "impact",
    "usphone": "ˈɪmpækt",
    "ukphone": "ˈɪmpækt",
    "trans": [
      "影响, 产生影响"
    ]
  },
  {
    "name": "affect",
    "usphone": "əˈfekt",
    "ukphone": "əˈfekt",
    "trans": [
      "影响"
    ]
  }
]