[
    {
        "name": "school",
        "usphone": "skuːl",
        "ukphone": "skuːl",
        "trans": [
            "培训基地"
        ]
    },
    {
        "name": "bye",
        "usphone": "baɪ",
        "ukphone": "baɪ",
        "trans": [
            "再见"
        ]
    },
    {
        "name": "hello",
        "usphone": "həˈloʊ",
        "ukphone": "həˈləʊ",
        "trans": [
            "你好(用于打招呼)"
        ]
    },
    {
        "name": "he",
        "usphone": "hi",
        "ukphone": "hi",
        "trans": [
            "他(代词)"
        ]
    },
    {
        "name": "she",
        "usphone": "ʃi",
        "ukphone": "ʃi",
        "trans": [
            "她"
        ]
    },
    {
        "name": "phone",
        "usphone": "foʊn",
        "ukphone": "fəʊn",
        "trans": [
            "电话"
        ]
    },
    {
        "name": "telephone",
        "usphone": "ˈtelɪfoʊn",
        "ukphone": "ˈtelɪfəʊn",
        "trans": [
            "电话"
        ]
    },
    {
        "name": "they",
        "usphone": "ðeɪ",
        "ukphone": "ðeɪ",
        "trans": [
            "他们, 它们"
        ]
    },
    {
        "name": "you",
        "usphone": "jə",
        "ukphone": "ju",
        "trans": [
            "你, 你们"
        ]
    },
    {
        "name": "student",
        "usphone": "ˈstuːdnt",
        "ukphone": "ˈstjuːdnt",
        "trans": [
            "学生"
        ]
    },
    {
        "name": "eight",
        "usphone": "eɪt",
        "ukphone": "eɪt",
        "trans": [
            "数字8"
        ]
    },
    {
        "name": "eighteen",
        "usphone": "ˌeɪˈtiːn",
        "ukphone": "ˌeɪˈtiːn",
        "trans": [
            "数字18"
        ]
    },
    {
        "name": "eleven",
        "usphone": "ɪˈlevn",
        "ukphone": "ɪˈlevn",
        "trans": [
            "数字11"
        ]
    },
    {
        "name": "fifteen",
        "usphone": "ˌfɪfˈtiːn",
        "ukphone": "ˌfɪfˈtiːn",
        "trans": [
            "数字15"
        ]
    },
    {
        "name": "fine",
        "usphone": "faɪn",
        "ukphone": "faɪn",
        "trans": [
            "身体好的"
        ]
    },
    {
        "name": "five",
        "usphone": "faɪv",
        "ukphone": "faɪv",
        "trans": [
            "数字5"
        ]
    },
    {
        "name": "four",
        "usphone": "fɔːr",
        "ukphone": "fɔː(r)",
        "trans": [
            "数字4"
        ]
    },
    {
        "name": "fourteen",
        "usphone": "ˌfɔːrˈtiːn",
        "ukphone": "ˌfɔːˈtiːn",
        "trans": [
            "数字14"
        ]
    },
    {
        "name": "hi",
        "usphone": "haɪ",
        "ukphone": "haɪ",
        "trans": [
            "你好"
        ]
    },
    {
        "name": "how",
        "usphone": "haʊ",
        "ukphone": "haʊ",
        "trans": [
            "怎么样, 如何"
        ]
    },
    {
        "name": "meet",
        "usphone": "miːt",
        "ukphone": "miːt",
        "trans": [
            "(初次)认识, 会见"
        ]
    },
    {
        "name": "my",
        "usphone": "maɪ",
        "ukphone": "maɪ",
        "trans": [
            "我的"
        ]
    },
    {
        "name": "name",
        "usphone": "neɪm",
        "ukphone": "neɪm",
        "trans": [
            "名字, 姓名, 名称"
        ]
    },
    {
        "name": "nice",
        "usphone": "naɪs",
        "ukphone": "naɪs",
        "trans": [
            "吸引人的, 美好的, 令人愉快的"
        ]
    },
    {
        "name": "nine",
        "usphone": "naɪn",
        "ukphone": "naɪn",
        "trans": [
            "(数字)9"
        ]
    },
    {
        "name": "nineteen",
        "usphone": "ˌnaɪnˈtiːn",
        "ukphone": "ˌnaɪnˈtiːn",
        "trans": [
            "(数字)19"
        ]
    },
    {
        "name": "number",
        "usphone": "ˈnʌmbər",
        "ukphone": "ˈnʌmbə(r)",
        "trans": [
            "数, 数字"
        ]
    },
    {
        "name": "one",
        "usphone": "wʌn",
        "ukphone": "wʌn",
        "trans": [
            "一, 一个"
        ]
    },
    {
        "name": "seven",
        "usphone": "ˈsevn",
        "ukphone": "ˈsevn",
        "trans": [
            "(数字)7"
        ]
    },
    {
        "name": "seventeen",
        "usphone": "ˌsevnˈtiːn",
        "ukphone": "ˌsevnˈtiːn",
        "trans": [
            "(数字)17"
        ]
    },
    {
        "name": "six",
        "usphone": "sɪks",
        "ukphone": "sɪks",
        "trans": [
            "(数字)6"
        ]
    },
    {
        "name": "sixteen",
        "usphone": "ˌsɪksˈtiːn",
        "ukphone": "ˌsɪksˈtiːn",
        "trans": [
            "(数字)16"
        ]
    },
    {
        "name": "spell",
        "usphone": "spel",
        "ukphone": "spel",
        "trans": [
            "拼写"
        ]
    },
    {
        "name": "ten",
        "usphone": "ten",
        "ukphone": "ten",
        "trans": [
            "数字10"
        ]
    },
    {
        "name": "thanks",
        "usphone": "θæŋks",
        "ukphone": "θæŋks",
        "trans": [
            "多谢, 谢谢"
        ]
    },
    {
        "name": "that",
        "usphone": "ðæt",
        "ukphone": "ðæt",
        "trans": [
            "那, 那个"
        ]
    },
    {
        "name": "thirteen",
        "usphone": "ˌθɜːrˈtiːn",
        "ukphone": "ˌθɜːˈtiːn",
        "trans": [
            "(数字)13"
        ]
    },
    {
        "name": "this",
        "usphone": "ðɪs",
        "ukphone": "ðɪs",
        "trans": [
            "这, 这个, 这里"
        ]
    },
    {
        "name": "three",
        "usphone": "θriː",
        "ukphone": "θriː",
        "trans": [
            "数字3"
        ]
    },
    {
        "name": "twelve",
        "usphone": "twelv",
        "ukphone": "twelv",
        "trans": [
            "数字12"
        ]
    },
    {
        "name": "twenty",
        "usphone": "ˈtwenti",
        "ukphone": "ˈtwenti",
        "trans": [
            "数字20"
        ]
    },
    {
        "name": "two",
        "usphone": "tuː",
        "ukphone": "tuː",
        "trans": [
            "数字2"
        ]
    },
    {
        "name": "what",
        "usphone": "wɑːt",
        "ukphone": "wɒt",
        "trans": [
            "什么, 怎么"
        ]
    },
    {
        "name": "your",
        "usphone": "jʊr",
        "ukphone": "jɔː(r)",
        "trans": [
            "你的, 你们的"
        ]
    },
    {
        "name": "zero",
        "usphone": "ˈzɪroʊ",
        "ukphone": "ˈzɪərəʊ",
        "trans": [
            "数字零(0)"
        ]
    },
    {
        "name": "computer",
        "usphone": "kəmˈpjuːtər",
        "ukphone": "kəmˈpjuːtə(r)",
        "trans": [
            "电脑"
        ]
    },
    {
        "name": "notebook",
        "usphone": "ˈnoʊtbʊk",
        "ukphone": "ˈnəʊtbʊk",
        "trans": [
            "笔记本"
        ]
    },
    {
        "name": "his",
        "usphone": "hɪz",
        "ukphone": "hɪz",
        "trans": [
            "他的(所有格)"
        ]
    },
    {
        "name": "cute",
        "usphone": "kjuːt",
        "ukphone": "kjuːt",
        "trans": [
            "可爱的,漂亮的"
        ]
    },
    {
        "name": "blue",
        "usphone": "bluː",
        "ukphone": "bluː",
        "trans": [
            "天蓝色的"
        ]
    },
    {
        "name": "book",
        "usphone": "bʊk",
        "ukphone": "bʊk",
        "trans": [
            "书, 书籍"
        ]
    },
    {
        "name": "box",
        "usphone": "bɑːks",
        "ukphone": "bɒks",
        "trans": [
            "箱子, 盒子"
        ]
    },
    {
        "name": "brown",
        "usphone": "braʊn",
        "ukphone": "braʊn",
        "trans": [
            "棕色的, 褐色的"
        ]
    },
    {
        "name": "book",
        "usphone": "bʊk",
        "ukphone": "bʊk",
        "trans": [
            "书, 书籍"
        ]
    },
    {
        "name": "pen",
        "usphone": "pen",
        "ukphone": "pen",
        "trans": [
            "钢笔"
        ]
    },
    {
        "name": "headphones",
        "usphone": "ˈhedfoʊnz",
        "ukphone": "ˈhedfəʊnz",
        "trans": [
            "头戴耳机"
        ]
    },
    {
        "name": "desk",
        "usphone": "desk",
        "ukphone": "desk",
        "trans": [
            "办公桌, 书桌"
        ]
    },
    {
        "name": "her",
        "usphone": "hər",
        "ukphone": "hə(r)",
        "trans": [
            "她的"
        ]
    },
    {
        "name": "elevator",
        "usphone": "ˈelɪveɪtər",
        "ukphone": "ˈelɪveɪtə(r)",
        "trans": [
            "电梯"
        ]
    },
    {
        "name": "kitchen",
        "usphone": "ˈkɪtʃɪn",
        "ukphone": "ˈkɪtʃɪn",
        "trans": [
            "厨房"
        ]
    },
    {
        "name": "office",
        "usphone": "ˈɔːfɪs",
        "ukphone": "ˈɒfɪs",
        "trans": [
            "办公室"
        ]
    },
    {
        "name": "window",
        "usphone": "ˈwɪndoʊ",
        "ukphone": "ˈwɪndəʊ",
        "trans": [
            "窗户, 视窗, 窗口, 橱窗"
        ]
    },
    {
        "name": "black",
        "usphone": "blæk",
        "ukphone": "blæk",
        "trans": [
            "黑色的"
        ]
    },
    {
        "name": "button",
        "usphone": "ˈbʌtn",
        "ukphone": "ˈbʌtn",
        "trans": [
            "纽扣, 按钮"
        ]
    },
    {
        "name": "chair",
        "usphone": "tʃer",
        "ukphone": "tʃeə(r)",
        "trans": [
            "椅子"
        ]
    },
    {
        "name": "close",
        "usphone": "kloʊz",
        "ukphone": "kləʊz",
        "trans": [
            "合上, 收起"
        ]
    },
    {
        "name": "earphones",
        "usphone": "ˈɪrfoʊnz",
        "ukphone": "ˈɪəfəʊnz",
        "trans": [
            "耳机"
        ]
    },
    {
        "name": "eighty",
        "usphone": "ˈeɪti",
        "ukphone": "ˈeɪti",
        "trans": [
            "数字80"
        ]
    },
    {
        "name": "fifty",
        "usphone": "ˈfɪfti",
        "ukphone": "ˈfɪfti",
        "trans": [
            "数字50"
        ]
    },
    {
        "name": "forty",
        "usphone": "ˈfɔːrti",
        "ukphone": "ˈfɔːti",
        "trans": [
            "(数字)40"
        ]
    },
    {
        "name": "green",
        "usphone": "ɡriːn",
        "ukphone": "ɡriːn",
        "trans": [
            "绿的, 绿色的"
        ]
    },
    {
        "name": "keyboard",
        "usphone": "ˈkiːbɔːrd",
        "ukphone": "ˈkiːbɔːd",
        "trans": [
            "(打字机, 电脑等的)键盘"
        ]
    },
    {
        "name": "listen",
        "usphone": "ˈlɪsn",
        "ukphone": "ˈlɪsn",
        "trans": [
            "听, 留神听"
        ]
    },
    {
        "name": "microphone",
        "usphone": "ˈmaɪkrəfoʊn",
        "ukphone": "ˈmaɪkrəfəʊn",
        "trans": [
            "话筒"
        ]
    },
    {
        "name": "mouse",
        "usphone": "maʊs",
        "ukphone": "maʊs",
        "trans": [
            "老鼠, 鼠标"
        ]
    },
    {
        "name": "ninety",
        "usphone": "ˈnaɪnti",
        "ukphone": "ˈnaɪnti",
        "trans": [
            "(数字)90"
        ]
    },
    {
        "name": "open",
        "usphone": "ˈoʊpən",
        "ukphone": "ˈəʊpən",
        "trans": [
            "打开(门, 窗等)"
        ]
    },
    {
        "name": "orange",
        "usphone": "ˈɔːrɪndʒ",
        "ukphone": "ˈɒrɪndʒ",
        "trans": [
            "橙色的, 橘黄色的"
        ]
    },
    {
        "name": "pencil",
        "usphone": "ˈpensl",
        "ukphone": "ˈpensl",
        "trans": [
            "铅笔"
        ]
    },
    {
        "name": "pink",
        "usphone": "pɪŋk",
        "ukphone": "pɪŋk",
        "trans": [
            "粉红色的, 淡红色的"
        ]
    },
    {
        "name": "purple",
        "usphone": "ˈpɜːrpl",
        "ukphone": "ˈpɜːpl",
        "trans": [
            "紫色的"
        ]
    },
    {
        "name": "read",
        "usphone": "riːd",
        "ukphone": "riːd",
        "trans": [
            "阅读，读书（能力）"
        ]
    },
    {
        "name": "red",
        "usphone": "red",
        "ukphone": "red",
        "trans": [
            "红色的"
        ]
    },
    {
        "name": "say",
        "usphone": "seɪ",
        "ukphone": "seɪ",
        "trans": [
            "说"
        ]
    },
    {
        "name": "screen",
        "usphone": "skriːn",
        "ukphone": "skriːn",
        "trans": [
            "屏幕"
        ]
    },
    {
        "name": "seventy",
        "usphone": "ˈsevnti",
        "ukphone": "ˈsevnti",
        "trans": [
            "(数字)70"
        ]
    },
    {
        "name": "sixty",
        "usphone": "ˈsɪksti",
        "ukphone": "ˈsɪksti",
        "trans": [
            "(数字)60"
        ]
    },
    {
        "name": "table",
        "usphone": "ˈteɪbl",
        "ukphone": "ˈteɪbl",
        "trans": [
            "桌子"
        ]
    },
    {
        "name": "telephone",
        "usphone": "ˈtelɪfoʊn",
        "ukphone": "ˈtelɪfəʊn",
        "trans": [
            "电话"
        ]
    },
    {
        "name": "thirty",
        "usphone": "ˈθɜːrti",
        "ukphone": "ˈθɜːti",
        "trans": [
            "(数字)30"
        ]
    },
    {
        "name": "white",
        "usphone": "waɪt",
        "ukphone": "waɪt",
        "trans": [
            "白色的"
        ]
    },
    {
        "name": "write",
        "usphone": "raɪt",
        "ukphone": "raɪt",
        "trans": [
            "写, 写字, 书写"
        ]
    },
    {
        "name": "yellow",
        "usphone": "ˈjeloʊ",
        "ukphone": "ˈjeləʊ",
        "trans": [
            "黄色的"
        ]
    },
    {
        "name": "Australian",
        "usphone": "ɔːˈstreɪliən",
        "ukphone": "ɒˈstreɪliən",
        "trans": [
            "澳大利亚的"
        ]
    },
    {
        "name": "British",
        "usphone": "ˈbrɪtɪʃ",
        "ukphone": "ˈbrɪtɪʃ",
        "trans": [
            "英国的"
        ]
    },
    {
        "name": "crowded",
        "usphone": "ˈkraʊdɪd",
        "ukphone": "ˈkraʊdɪd",
        "trans": [
            "拥挤的"
        ]
    },
    {
        "name": "boring",
        "usphone": "ˈbɔːrɪŋ",
        "ukphone": "ˈbɔːrɪŋ",
        "trans": [
            "令人厌烦的, 无聊的"
        ]
    },
    {
        "name": "building",
        "usphone": "ˈbɪldɪŋ",
        "ukphone": "ˈbɪldɪŋ",
        "trans": [
            "建筑, 建筑物"
        ]
    },
    {
        "name": "shop",
        "usphone": "ʃɑːp",
        "ukphone": "ʃɒp",
        "trans": [
            "商店"
        ]
    },
    {
        "name": "museum",
        "usphone": "mjuˈziːəm",
        "ukphone": "mjuˈziːəm",
        "trans": [
            "博物馆, 展览馆"
        ]
    },
    {
        "name": "be",
        "usphone": "bi",
        "ukphone": "bi",
        "trans": [
            "存在"
        ]
    },
    {
        "name": "bye",
        "usphone": "baɪ",
        "ukphone": "baɪ",
        "trans": [
            "再见"
        ]
    },
    {
        "name": "from",
        "usphone": "frəm",
        "ukphone": "frəm",
        "trans": [
            "从......, 自..."
        ]
    },
    {
        "name": "he",
        "usphone": "hi",
        "ukphone": "hi",
        "trans": [
            "他(代词)"
        ]
    },
    {
        "name": "hello",
        "usphone": "həˈloʊ",
        "ukphone": "həˈləʊ",
        "trans": [
            "你好(用于打招呼)"
        ]
    },
    {
        "name": "her",
        "usphone": "hər",
        "ukphone": "hə(r)",
        "trans": [
            "她的"
        ]
    },
    {
        "name": "United States (of America)",
        "trans": [
            "美国, 美利坚合众国"
        ]
    },
    {
        "name": "country",
        "usphone": "ˈkʌntri",
        "ukphone": "ˈkʌntri",
        "trans": [
            "国家"
        ]
    },
    {
        "name": "French",
        "usphone": "frentʃ",
        "ukphone": "frentʃ",
        "trans": [
            "法国的，法国人的，法语的"
        ]
    },
    {
        "name": "American",
        "usphone": "əˈmerɪkən",
        "ukphone": "əˈmerɪkən",
        "trans": [
            "美洲的;(尤指)美国的"
        ]
    },
    {
        "name": "city",
        "usphone": "ˈsɪti",
        "ukphone": "ˈsɪti",
        "trans": [
            "城市"
        ]
    },
    {
        "name": "exciting",
        "usphone": "ɪkˈsaɪtɪŋ",
        "ukphone": "ɪkˈsaɪtɪŋ",
        "trans": [
            "令人兴奋的"
        ]
    },
    {
        "name": "park",
        "usphone": "pɑːrk",
        "ukphone": "pɑːk",
        "trans": [
            "公园"
        ]
    },
    {
        "name": "restaurant",
        "usphone": "ˈrestrɑːnt",
        "ukphone": "ˈrestrɒnt",
        "trans": [
            "餐馆, 餐厅"
        ]
    },
    {
        "name": "his",
        "usphone": "hɪz",
        "ukphone": "hɪz",
        "trans": [
            "他的(所有格)"
        ]
    },
    {
        "name": "how",
        "usphone": "haʊ",
        "ukphone": "haʊ",
        "trans": [
            "怎么样, 如何"
        ]
    },
    {
        "name": "I",
        "usphone": "aɪ",
        "ukphone": "aɪ",
        "trans": [
            "我"
        ]
    },
    {
        "name": "it",
        "usphone": "ɪt",
        "ukphone": "ɪt",
        "trans": [
            "它(代词)"
        ]
    },
    {
        "name": "like",
        "usphone": "laɪk",
        "ukphone": "laɪk",
        "trans": [
            "喜欢"
        ]
    },
    {
        "name": "live",
        "usphone": "lɪv",
        "ukphone": "lɪv",
        "trans": [
            "住, 居住"
        ]
    },
    {
        "name": "our",
        "usphone": "ɑːr",
        "ukphone": "ɑː(r)",
        "trans": [
            "我们的"
        ]
    },
    {
        "name": "she",
        "usphone": "ʃi",
        "ukphone": "ʃi",
        "trans": [
            "她"
        ]
    },
    {
        "name": "their",
        "usphone": "ðer",
        "ukphone": "ðeə(r)",
        "trans": [
            "他们的"
        ]
    },
    {
        "name": "they",
        "usphone": "ðeɪ",
        "ukphone": "ðeɪ",
        "trans": [
            "他们, 它们"
        ]
    },
    {
        "name": "UK",
        "usphone": "ˌjuːˈkeɪ",
        "ukphone": "ˌjuːˈkeɪ",
        "trans": [
            "英国"
        ]
    },
    {
        "name": "US",
        "usphone": "ˌjuːˈes",
        "ukphone": "ˌjuːˈes",
        "trans": [
            "美国,美国的"
        ]
    },
    {
        "name": "we",
        "usphone": "wi",
        "ukphone": "wi",
        "trans": [
            "我们"
        ]
    },
    {
        "name": "where",
        "usphone": "wer",
        "ukphone": "weə(r)",
        "trans": [
            "在哪里, 到哪里, 在 位 置"
        ]
    },
    {
        "name": "you",
        "usphone": "jə",
        "ukphone": "ju",
        "trans": [
            "你, 你们"
        ]
    },
    {
        "name": "male",
        "usphone": "meɪl",
        "ukphone": "meɪl",
        "trans": [
            "男性的, 男子的, 雄的, 公的"
        ]
    },
    {
        "name": "only child",
        "trans": [
            "独子,独女"
        ]
    },
    {
        "name": "people",
        "usphone": "ˈpiːpl",
        "ukphone": "ˈpiːpl",
        "trans": [
            "人, 人类, 人民"
        ]
    },
    {
        "name": "sister",
        "usphone": "ˈsɪstər",
        "ukphone": "ˈsɪstə(r)",
        "trans": [
            "姐妹"
        ]
    },
    {
        "name": "small",
        "usphone": "smɔːl",
        "ukphone": "smɔːl",
        "trans": [
            "(尺寸等)小的"
        ]
    },
    {
        "name": "son",
        "usphone": "sʌn",
        "ukphone": "sʌn",
        "trans": [
            "儿子, 孩子"
        ]
    },
    {
        "name": "uncle",
        "usphone": "ˈʌŋkl",
        "ukphone": "ˈʌŋkl",
        "trans": [
            "伯父, 姨丈, 叔父, 舅舅"
        ]
    },
    {
        "name": "ear",
        "usphone": "ɪr",
        "ukphone": "ɪə(r)",
        "trans": [
            "耳朵"
        ]
    },
    {
        "name": "eye",
        "usphone": "aɪ",
        "ukphone": "aɪ",
        "trans": [
            "眼睛, 眼珠"
        ]
    },
    {
        "name": "head",
        "usphone": "hed",
        "ukphone": "hed",
        "trans": [
            "头部"
        ]
    },
    {
        "name": "mouth",
        "usphone": "maʊθ",
        "ukphone": "maʊθ",
        "trans": [
            "口"
        ]
    },
    {
        "name": "nose",
        "usphone": "noʊz",
        "ukphone": "nəʊz",
        "trans": [
            "鼻子"
        ]
    },
    {
        "name": "red",
        "usphone": "red",
        "ukphone": "red",
        "trans": [
            "红色的"
        ]
    },
    {
        "name": "unhappy",
        "usphone": "ʌnˈhæpi",
        "ukphone": "ʌnˈhæpi",
        "trans": [
            "不快乐的, 不高兴的, 不幸福的, 不满的"
        ]
    },
    {
        "name": "architect",
        "usphone": "ˈɑːrkɪtekt",
        "ukphone": "ˈɑːkɪtekt",
        "trans": [
            "建筑师"
        ]
    },
    {
        "name": "doctor",
        "usphone": "ˈdɑːktər",
        "ukphone": "ˈdɒktə(r)",
        "trans": [
            "医生"
        ]
    },
    {
        "name": "engineer",
        "usphone": "ˌendʒɪˈnɪr",
        "ukphone": "ˌendʒɪˈnɪə(r)",
        "trans": [
            "工程师"
        ]
    },
    {
        "name": "husband",
        "usphone": "ˈhʌzbənd",
        "ukphone": "ˈhʌzbənd",
        "trans": [
            "丈夫"
        ]
    },
    {
        "name": "family",
        "usphone": "ˈfæməli",
        "ukphone": "ˈfæməli",
        "trans": [
            "家庭"
        ]
    },
    {
        "name": "mother",
        "usphone": "ˈmʌðər",
        "ukphone": "ˈmʌðə(r)",
        "trans": [
            "母亲, 妈妈"
        ]
    },
    {
        "name": "teacher",
        "usphone": "ˈtiːtʃər",
        "ukphone": "ˈtiːtʃə(r)",
        "trans": [
            "教师, 老师"
        ]
    },
    {
        "name": "wife",
        "usphone": "waɪf",
        "ukphone": "waɪf",
        "trans": [
            "妻子, 太太"
        ]
    },
    {
        "name": "green",
        "usphone": "ɡriːn",
        "ukphone": "ɡriːn",
        "trans": [
            "绿的, 绿色的"
        ]
    },
    {
        "name": "blue",
        "usphone": "bluː",
        "ukphone": "bluː",
        "trans": [
            "天蓝色的"
        ]
    },
    {
        "name": "brown",
        "usphone": "braʊn",
        "ukphone": "braʊn",
        "trans": [
            "棕色的, 褐色的"
        ]
    },
    {
        "name": "grandfather",
        "usphone": "ˈɡrænfɑːðər",
        "ukphone": "ˈɡrænfɑːðə(r)",
        "trans": [
            "爷爷, 外公"
        ]
    },
    {
        "name": "grandmother",
        "usphone": "ˈɡrænmʌðər",
        "ukphone": "ˈɡrænmʌðə(r)",
        "trans": [
            "奶奶, 外婆"
        ]
    },
    {
        "name": "black",
        "usphone": "blæk",
        "ukphone": "blæk",
        "trans": [
            "黑色的"
        ]
    },
    {
        "name": "face",
        "usphone": "feɪs",
        "ukphone": "feɪs",
        "trans": [
            "脸, 脸庞"
        ]
    },
    {
        "name": "hair",
        "usphone": "her",
        "ukphone": "heə(r)",
        "trans": [
            "头发, 毛发"
        ]
    },
    {
        "name": "smile",
        "usphone": "smaɪl",
        "ukphone": "smaɪl",
        "trans": [
            "微笑, 笑容"
        ]
    },
    {
        "name": "boss",
        "usphone": "bɔːs",
        "ukphone": "bɒs",
        "trans": [
            "老板, 领导"
        ]
    },
    {
        "name": "manager",
        "usphone": "ˈmænɪdʒər",
        "ukphone": "ˈmænɪdʒə(r)",
        "trans": [
            "主管, 经理, 负责人"
        ]
    },
    {
        "name": "artist",
        "usphone": "ˈɑːrtɪst",
        "ukphone": "ˈɑːtɪst",
        "trans": [
            "艺术家"
        ]
    },
    {
        "name": "clothes",
        "usphone": "kloʊðz",
        "ukphone": "kləʊðz",
        "trans": [
            "衣服"
        ]
    },
    {
        "name": "firefighter",
        "usphone": "ˈfaɪərfaɪtər",
        "ukphone": "ˈfaɪəfaɪtə(r)",
        "trans": [
            "消防队员"
        ]
    },
    {
        "name": "secretary",
        "usphone": "ˈsekrəteri",
        "ukphone": "ˈsekrətri",
        "trans": [
            "秘书"
        ]
    },
    {
        "name": "aunt",
        "usphone": "ænt",
        "ukphone": "ɑːnt",
        "trans": [
            "阿姨, 婶婶"
        ]
    },
    {
        "name": "big",
        "usphone": "bɪɡ",
        "ukphone": "bɪɡ",
        "trans": [
            "(体积)大, (量)大, (程度)深"
        ]
    },
    {
        "name": "brother",
        "usphone": "ˈbrʌðər",
        "ukphone": "ˈbrʌðə(r)",
        "trans": [
            "兄弟"
        ]
    },
    {
        "name": "businessman",
        "usphone": "ˈbɪznəsmæn",
        "ukphone": "ˈbɪznəsmæn",
        "trans": [
            "商人"
        ]
    },
    {
        "name": "daughter",
        "usphone": "ˈdɔːtər",
        "ukphone": "ˈdɔːtə(r)",
        "trans": [
            "女儿"
        ]
    },
    {
        "name": "family",
        "usphone": "ˈfæməli",
        "ukphone": "ˈfæməli",
        "trans": [
            "家庭"
        ]
    },
    {
        "name": "father",
        "usphone": "ˈfɑːðər",
        "ukphone": "ˈfɑːðə(r)",
        "trans": [
            "父亲"
        ]
    },
    {
        "name": "female",
        "usphone": "ˈfiːmeɪl",
        "ukphone": "ˈfiːmeɪl",
        "trans": [
            "女性的"
        ]
    },
    {
        "name": "grandparent",
        "usphone": "ˈɡrænperənt",
        "ukphone": "ˈɡrænpeərənt",
        "trans": [
            "爷爷奶奶, 外公外婆"
        ]
    },
    {
        "name": "have",
        "usphone": "həv",
        "ukphone": "həv",
        "trans": [
            "拥有"
        ]
    },
    {
        "name": "actor",
        "usphone": "ˈæktər",
        "ukphone": "ˈæktə(r)",
        "trans": [
            "男演员"
        ]
    },
    {
        "name": "address",
        "usphone": "əˈdres",
        "ukphone": "əˈdres",
        "trans": [
            "地址"
        ]
    },
    {
        "name": "architect",
        "usphone": "ˈɑːrkɪtekt",
        "ukphone": "ˈɑːkɪtekt",
        "trans": [
            "建筑师"
        ]
    },
    {
        "name": "artist",
        "usphone": "ˈɑːrtɪst",
        "ukphone": "ˈɑːtɪst",
        "trans": [
            "艺术家"
        ]
    },
    {
        "name": "boss",
        "usphone": "bɔːs",
        "ukphone": "bɒs",
        "trans": [
            "老板, 领导"
        ]
    },
    {
        "name": "business card",
        "trans": [
            "名片"
        ]
    },
    {
        "name": "doctor",
        "usphone": "ˈdɑːktər",
        "ukphone": "ˈdɒktə(r)",
        "trans": [
            "医生"
        ]
    },
    {
        "name": "drive",
        "usphone": "draɪv",
        "ukphone": "draɪv",
        "trans": [
            "驾驶, 开车"
        ]
    },
    {
        "name": "email",
        "usphone": "ˈiːmeɪl",
        "ukphone": "ˈiːmeɪl",
        "trans": [
            "电子邮件"
        ]
    },
    {
        "name": "engineer",
        "usphone": "ˌendʒɪˈnɪr",
        "ukphone": "ˌendʒɪˈnɪə(r)",
        "trans": [
            "工程师"
        ]
    },
    {
        "name": "firefighter",
        "usphone": "ˈfaɪərfaɪtər",
        "ukphone": "ˈfaɪəfaɪtə(r)",
        "trans": [
            "消防队员"
        ]
    },
    {
        "name": "hospital",
        "usphone": "ˈhɑːspɪtl",
        "ukphone": "ˈhɒspɪtl",
        "trans": [
            "医院"
        ]
    },
    {
        "name": "interesting",
        "usphone": "ˈɪntrəstɪŋ",
        "ukphone": "ˈɪntrəstɪŋ",
        "trans": [
            "有趣的, 引人关注的"
        ]
    },
    {
        "name": "manager",
        "usphone": "ˈmænɪdʒər",
        "ukphone": "ˈmænɪdʒə(r)",
        "trans": [
            "主管, 经理, 负责人"
        ]
    },
    {
        "name": "nurse",
        "usphone": "nɜːrs",
        "ukphone": "nɜːs",
        "trans": [
            "护士, 保姆"
        ]
    },
    {
        "name": "office",
        "usphone": "ˈɔːfɪs",
        "ukphone": "ˈɒfɪs",
        "trans": [
            "办公室"
        ]
    },
    {
        "name": "police officer",
        "trans": [
            "警官"
        ]
    },
    {
        "name": "really",
        "usphone": "ˈriːəli",
        "ukphone": "ˈriːəli",
        "trans": [
            "真实地, 真正地, 实际上"
        ]
    },
    {
        "name": "restaurant",
        "usphone": "ˈrestrɑːnt",
        "ukphone": "ˈrestrɒnt",
        "trans": [
            "餐馆, 餐厅"
        ]
    },
    {
        "name": "salary",
        "usphone": "ˈsæləri",
        "ukphone": "ˈsæləri",
        "trans": [
            "薪水, 工资, 报酬"
        ]
    },
    {
        "name": "school",
        "usphone": "skuːl",
        "ukphone": "skuːl",
        "trans": [
            "学校"
        ]
    },
    {
        "name": "secretary",
        "usphone": "ˈsekrəteri",
        "ukphone": "ˈsekrətri",
        "trans": [
            "秘书"
        ]
    },
    {
        "name": "shop",
        "usphone": "ʃɑːp",
        "ukphone": "ʃɒp",
        "trans": [
            "商店"
        ]
    },
    {
        "name": "teach",
        "usphone": "tiːtʃ",
        "ukphone": "tiːtʃ",
        "trans": [
            "教, 教授"
        ]
    },
    {
        "name": "teacher",
        "usphone": "ˈtiːtʃər",
        "ukphone": "ˈtiːtʃə(r)",
        "trans": [
            "教师, 老师"
        ]
    },
    {
        "name": "theater",
        "usphone": "ˈθiːətər",
        "ukphone": "ˈθɪətə(r)",
        "trans": [
            "剧院, 剧场"
        ]
    },
    {
        "name": "waiter",
        "usphone": "ˈweɪtər",
        "ukphone": "ˈweɪtə(r)",
        "trans": [
            "服务员, 侍者"
        ]
    },
    {
        "name": "waitress",
        "usphone": "ˈweɪtrəs",
        "ukphone": "ˈweɪtrəs",
        "trans": [
            "女服务生"
        ]
    },
    {
        "name": "dress",
        "usphone": "dres",
        "ukphone": "dres",
        "trans": [
            "裙子, 连衣裙"
        ]
    },
    {
        "name": "jacket",
        "usphone": "ˈdʒækɪt",
        "ukphone": "ˈdʒækɪt",
        "trans": [
            "短上衣, 夹克"
        ]
    },
    {
        "name": "jeans",
        "usphone": "dʒiːnz",
        "ukphone": "dʒiːnz",
        "trans": [
            "牛仔裤, 粗斜纹棉布裤, 工装裤"
        ]
    },
    {
        "name": "pants",
        "usphone": "pænts",
        "ukphone": "pænts",
        "trans": [
            "裤子"
        ]
    },
    {
        "name": "shirt",
        "usphone": "ʃɜːrt",
        "ukphone": "ʃɜːt",
        "trans": [
            "衬衫"
        ]
    },
    {
        "name": "purple",
        "usphone": "ˈpɜːrpl",
        "ukphone": "ˈpɜːpl",
        "trans": [
            "紫色的"
        ]
    },
    {
        "name": "yellow",
        "usphone": "ˈjeloʊ",
        "ukphone": "ˈjeləʊ",
        "trans": [
            "黄色的"
        ]
    },
    {
        "name": "baby",
        "usphone": "ˈbeɪbi",
        "ukphone": "ˈbeɪbi",
        "trans": [
            "婴儿"
        ]
    },
    {
        "name": "sweater",
        "usphone": "ˈswetər",
        "ukphone": "ˈswetə(r)",
        "trans": [
            "毛衣, 毛绒衫, 运动衫"
        ]
    },
    {
        "name": "cheap",
        "usphone": "tʃiːp",
        "ukphone": "tʃiːp",
        "trans": [
            "便宜的"
        ]
    },
    {
        "name": "want",
        "usphone": "wɑːnt",
        "ukphone": "wɒnt",
        "trans": [
            "需要, 想要, 希望"
        ]
    },
    {
        "name": "work",
        "usphone": "wɜːrk",
        "ukphone": "wɜːk",
        "trans": [
            "工作, 做工作, 从事体力劳动或脑力劳动"
        ]
    },
    {
        "name": "zip code",
        "trans": [
            "邮码, 邮政区码"
        ]
    },
    {
        "name": "shoe",
        "usphone": "ʃuː",
        "ukphone": "ʃuː",
        "trans": [
            "鞋子"
        ]
    },
    {
        "name": "skirt",
        "usphone": "skɜːrt",
        "ukphone": "skɜːt",
        "trans": [
            "裙子"
        ]
    },
    {
        "name": "sock",
        "usphone": "sɑːk",
        "ukphone": "sɒk",
        "trans": [
            "短袜, 袜子"
        ]
    },
    {
        "name": "T-shirt",
        "trans": [
            "短袖圆领衫"
        ],
        "usphone": "'ti,ʃɝt",
        "ukphone": "'ti, ʃɜ:t"
    },
    {
        "name": "go",
        "usphone": "ɡoʊ",
        "ukphone": "ɡəʊ",
        "trans": [
            "走"
        ]
    },
    {
        "name": "pink",
        "usphone": "pɪŋk",
        "ukphone": "pɪŋk",
        "trans": [
            "粉红色的, 淡红色的"
        ]
    },
    {
        "name": "white",
        "usphone": "waɪt",
        "ukphone": "waɪt",
        "trans": [
            "白色的"
        ]
    },
    {
        "name": "cotton",
        "usphone": "ˈkɑːtn",
        "ukphone": "ˈkɒtn",
        "trans": [
            "棉花"
        ]
    },
    {
        "name": "dollar",
        "usphone": "ˈdɑːlər",
        "ukphone": "ˈdɒlə(r)",
        "trans": [
            "美元"
        ]
    },
    {
        "name": "first",
        "usphone": "fɜːrst",
        "ukphone": "fɜːst",
        "trans": [
            "第一"
        ]
    },
    {
        "name": "home",
        "usphone": "hoʊm",
        "ukphone": "həʊm",
        "trans": [
            "家"
        ]
    },
    {
        "name": "second",
        "usphone": "ˈsekənd",
        "ukphone": "ˈsekənd",
        "trans": [
            "第二的"
        ]
    },
    {
        "name": "third",
        "usphone": "θɜːrd",
        "ukphone": "θɜːd",
        "trans": [
            "第三"
        ]
    },
    {
        "name": "woman",
        "usphone": "ˈwʊmən",
        "ukphone": "ˈwʊmən",
        "trans": [
            "女人, 妇女, 女性"
        ]
    },
    {
        "name": "arm",
        "usphone": "ɑːrm",
        "ukphone": "ɑːm",
        "trans": [
            "手臂, 胳膊"
        ]
    },
    {
        "name": "blond",
        "usphone": "blɑːnd",
        "ukphone": "blɒnd",
        "trans": [
            "亚麻色的，金色的，白皙的"
        ]
    },
    {
        "name": "body",
        "usphone": "ˈbɑːdi",
        "ukphone": "ˈbɒdi",
        "trans": [
            "身体, 躯体"
        ]
    },
    {
        "name": "ear",
        "usphone": "ɪr",
        "ukphone": "ɪə(r)",
        "trans": [
            "耳朵"
        ]
    },
    {
        "name": "eye",
        "usphone": "aɪ",
        "ukphone": "aɪ",
        "trans": [
            "眼睛, 眼珠"
        ]
    },
    {
        "name": "face",
        "usphone": "feɪs",
        "ukphone": "feɪs",
        "trans": [
            "脸, 脸庞"
        ]
    },
    {
        "name": "fat",
        "usphone": "fæt",
        "ukphone": "fæt",
        "trans": [
            "胖的, 肥胖的"
        ]
    },
    {
        "name": "finger",
        "usphone": "ˈfɪŋɡər",
        "ukphone": "ˈfɪŋɡə(r)",
        "trans": [
            "手指"
        ]
    },
    {
        "name": "foot",
        "usphone": "fʊt",
        "ukphone": "fʊt",
        "trans": [
            "脚"
        ]
    },
    {
        "name": "grey",
        "usphone": "ɡreɪ",
        "ukphone": "ɡreɪ",
        "trans": [
            "灰的, 灰色的"
        ]
    },
    {
        "name": "hair",
        "usphone": "her",
        "ukphone": "heə(r)",
        "trans": [
            "头发, 毛发"
        ]
    },
    {
        "name": "hand",
        "usphone": "hænd",
        "ukphone": "hænd",
        "trans": [
            "手"
        ]
    },
    {
        "name": "happy",
        "usphone": "ˈhæpi",
        "ukphone": "ˈhæpi",
        "trans": [
            "快乐的"
        ]
    },
    {
        "name": "head",
        "usphone": "hed",
        "ukphone": "hed",
        "trans": [
            "头部"
        ]
    },
    {
        "name": "know",
        "usphone": "noʊ",
        "ukphone": "nəʊ",
        "trans": [
            "知道, 了解"
        ]
    },
    {
        "name": "leg",
        "usphone": "leɡ",
        "ukphone": "leɡ",
        "trans": [
            "腿, 足, 小腿"
        ]
    },
    {
        "name": "long",
        "usphone": "lɔːŋ",
        "ukphone": "lɒŋ",
        "trans": [
            "长的, 远的"
        ]
    },
    {
        "name": "look",
        "usphone": "lʊk",
        "ukphone": "lʊk",
        "trans": [
            "看, 注意"
        ]
    },
    {
        "name": "mouth",
        "usphone": "maʊθ",
        "ukphone": "maʊθ",
        "trans": [
            "口"
        ]
    },
    {
        "name": "nose",
        "usphone": "noʊz",
        "ukphone": "nəʊz",
        "trans": [
            "鼻子"
        ]
    },
    {
        "name": "old",
        "usphone": "oʊld",
        "ukphone": "əʊld",
        "trans": [
            "老的, 上了年纪的"
        ]
    },
    {
        "name": "sad",
        "usphone": "sæd",
        "ukphone": "sæd",
        "trans": [
            "伤心"
        ]
    },
    {
        "name": "short",
        "usphone": "ʃɔːrt",
        "ukphone": "ʃɔːt",
        "trans": [
            "矮的"
        ]
    },
    {
        "name": "shoulder",
        "usphone": "ˈʃoʊldər",
        "ukphone": "ˈʃəʊldə(r)",
        "trans": [
            "肩膀, 肩部"
        ]
    },
    {
        "name": "size",
        "usphone": "saɪz",
        "ukphone": "saɪz",
        "trans": [
            "大小, 规模, 尺寸"
        ]
    },
    {
        "name": "slim",
        "usphone": "slɪm",
        "ukphone": "slɪm",
        "trans": [
            "细长的,狭长的,苗条的"
        ]
    },
    {
        "name": "tall",
        "usphone": "tɔːl",
        "ukphone": "tɔːl",
        "trans": [
            "高的"
        ]
    },
    {
        "name": "tattoo",
        "usphone": "tæˈtuː",
        "ukphone": "təˈtuː",
        "trans": [
            "纹身"
        ]
    },
    {
        "name": "thin",
        "usphone": "θɪn",
        "ukphone": "θɪn",
        "trans": [
            "瘦的, 肉少的"
        ]
    },
    {
        "name": "tired",
        "usphone": "ˈtaɪərd",
        "ukphone": "ˈtaɪəd",
        "trans": [
            "疲劳的"
        ]
    },
    {
        "name": "toe",
        "usphone": "toʊ",
        "ukphone": "təʊ",
        "trans": [
            "脚趾"
        ]
    },
    {
        "name": "unhappy",
        "usphone": "ʌnˈhæpi",
        "ukphone": "ʌnˈhæpi",
        "trans": [
            "不快乐的, 不高兴的, 不幸福的, 不满的"
        ]
    },
    {
        "name": "young",
        "usphone": "jʌŋ",
        "ukphone": "jʌŋ",
        "trans": [
            "年轻的, 幼小的, 新诞生的, 新成立的"
        ]
    },
    {
        "name": "banana",
        "usphone": "bəˈnænə",
        "ukphone": "bəˈnɑːnə",
        "trans": [
            "香蕉"
        ]
    },
    {
        "name": "carrot",
        "usphone": "ˈkærət",
        "ukphone": "ˈkærət",
        "trans": [
            "胡萝卜"
        ]
    },
    {
        "name": "egg",
        "usphone": "eɡ",
        "ukphone": "eɡ",
        "trans": [
            "蛋, 卵"
        ]
    },
    {
        "name": "fish",
        "usphone": "fɪʃ",
        "ukphone": "fɪʃ",
        "trans": [
            "鱼"
        ]
    },
    {
        "name": "fruit",
        "usphone": "fruːt",
        "ukphone": "fruːt",
        "trans": [
            "水果"
        ]
    },
    {
        "name": "knife",
        "usphone": "naɪf",
        "ukphone": "naɪf",
        "trans": [
            "刀, 小刀, 菜刀, 手术刀, 匕首"
        ]
    },
    {
        "name": "meat",
        "usphone": "miːt",
        "ukphone": "miːt",
        "trans": [
            "肉"
        ]
    },
    {
        "name": "noodle",
        "usphone": "ˈnuːdl",
        "ukphone": "ˈnuːdl",
        "trans": [
            "面条"
        ]
    },
    {
        "name": "vegetable",
        "usphone": "ˈvedʒtəbl",
        "ukphone": "ˈvedʒtəbl",
        "trans": [
            "蔬菜, 植物"
        ]
    },
    {
        "name": "awful",
        "usphone": "ˈɔːfl",
        "ukphone": "ˈɔːfl",
        "trans": [
            "可怕的, 糟糕的"
        ]
    },
    {
        "name": "cake",
        "usphone": "keɪk",
        "ukphone": "keɪk",
        "trans": [
            "蛋糕, 糕饼"
        ]
    },
    {
        "name": "drink",
        "usphone": "drɪŋk",
        "ukphone": "drɪŋk",
        "trans": [
            "饮料"
        ]
    },
    {
        "name": "hungry",
        "usphone": "ˈhʌŋɡri",
        "ukphone": "ˈhʌŋɡri",
        "trans": [
            "饥饿的, 饿的"
        ]
    },
    {
        "name": "salty",
        "usphone": "ˈsɔːlti",
        "ukphone": "ˈsɔːlti",
        "trans": [
            "咸的, 咸味的"
        ]
    },
    {
        "name": "soup",
        "usphone": "suːp",
        "ukphone": "suːp",
        "trans": [
            "汤"
        ]
    },
    {
        "name": "bag",
        "usphone": "bæɡ",
        "ukphone": "bæɡ",
        "trans": [
            "袋子, 包, 书包"
        ]
    },
    {
        "name": "coffee",
        "usphone": "ˈkɔːfi",
        "ukphone": "ˈkɒfi",
        "trans": [
            "咖啡"
        ]
    },
    {
        "name": "tea",
        "usphone": "tiː",
        "ukphone": "tiː",
        "trans": [
            "茶, 茶叶"
        ]
    },
    {
        "name": "bread",
        "usphone": "bred",
        "ukphone": "bred",
        "trans": [
            "面包"
        ]
    },
    {
        "name": "chicken",
        "usphone": "ˈtʃɪkɪn",
        "ukphone": "ˈtʃɪkɪn",
        "trans": [
            "鸡"
        ]
    },
    {
        "name": "cheese",
        "usphone": "tʃiːz",
        "ukphone": "tʃiːz",
        "trans": [
            "奶酪"
        ]
    },
    {
        "name": "dessert",
        "usphone": "dɪˈzɜːrt",
        "ukphone": "dɪˈzɜːt",
        "trans": [
            "甜点"
        ]
    },
    {
        "name": "ice cream",
        "trans": [
            "冰激凌"
        ],
        "usphone": "aɪs krim",
        "ukphone": "aɪs kri:m"
    },
    {
        "name": "pizza",
        "usphone": "ˈpiːtsə",
        "ukphone": "ˈpiːtsə",
        "trans": [
            "披萨"
        ]
    },
    {
        "name": "rice",
        "usphone": "raɪs",
        "ukphone": "raɪs",
        "trans": [
            "稻, 米"
        ]
    },
    {
        "name": "salad",
        "usphone": "ˈsæləd",
        "ukphone": "ˈsæləd",
        "trans": [
            "沙拉, 色拉"
        ]
    },
    {
        "name": "apple",
        "usphone": "ˈæpl",
        "ukphone": "ˈæpl",
        "trans": [
            "苹果"
        ]
    },
    {
        "name": "milk",
        "usphone": "mɪlk",
        "ukphone": "mɪlk",
        "trans": [
            "乳, 牛奶"
        ]
    },
    {
        "name": "tomato",
        "usphone": "təˈmeɪtoʊ",
        "ukphone": "təˈmɑːtəʊ",
        "trans": [
            "番茄, 西红柿"
        ]
    },
    {
        "name": "chocolate",
        "usphone": "ˈtʃɑːklət",
        "ukphone": "ˈtʃɒklət",
        "trans": [
            "巧克力"
        ]
    },
    {
        "name": "pasta",
        "usphone": "ˈpɑːstə",
        "ukphone": "ˈpæstə",
        "trans": [
            "意大利面,通心粉"
        ]
    },
    {
        "name": "sandwich",
        "usphone": "ˈsænwɪtʃ",
        "ukphone": "ˈsænwɪtʃ",
        "trans": [
            "三明治"
        ]
    },
    {
        "name": "spicy",
        "usphone": "ˈspaɪsi",
        "ukphone": "ˈspaɪsi",
        "trans": [
            "辛辣的, 香的"
        ]
    }
]