[
    {
        "name": "stadium",
        "usphone": "ˈsteɪdiəm",
        "ukphone": "ˈsteɪdiəm",
        "trans": [
            "体育馆"
        ]
    },
    {
        "name": "start",
        "usphone": "stɑːrt",
        "ukphone": "stɑːt",
        "trans": [
            "开始"
        ]
    },
    {
        "name": "surprising",
        "usphone": "sərˈpraɪzɪŋ",
        "ukphone": "səˈpraɪzɪŋ",
        "trans": [
            "令人惊讶的"
        ]
    },
    {
        "name": "admission",
        "usphone": "ədˈmɪʃn",
        "ukphone": "ədˈmɪʃn",
        "trans": [
            "允许,准入(机构、组织);进入或参与机构之权利"
        ]
    },
    {
        "name": "aquarium",
        "usphone": "əˈkweriəm",
        "ukphone": "əˈkweəriəm",
        "trans": [
            "水族馆"
        ]
    },
    {
        "name": "auditorium",
        "usphone": "ˌɔːdɪˈtɔːriəm",
        "ukphone": "ˌɔːdɪˈtɔːriəm",
        "trans": [
            "礼堂"
        ]
    },
    {
        "name": "bar",
        "usphone": "bɑːr",
        "ukphone": "bɑː(r)",
        "trans": [
            "酒吧"
        ]
    },
    {
        "name": "begin",
        "usphone": "bɪˈɡɪn",
        "ukphone": "bɪˈɡɪn",
        "trans": [
            "开始, 着手"
        ]
    },
    {
        "name": "cafe",
        "trans": [
            "咖啡馆"
        ],
        "usphone": "kə'fɛi",
        "ukphone": "'kæfeɪ"
    },
    {
        "name": "classic",
        "usphone": "ˈklæsɪk",
        "ukphone": "ˈklæsɪk",
        "trans": [
            "经典作品"
        ]
    },
    {
        "name": "comedy",
        "usphone": "ˈkɑːmədi",
        "ukphone": "ˈkɒmədi",
        "trans": [
            "喜剧"
        ]
    },
    {
        "name": "concert",
        "usphone": "ˈkɑːnsərt",
        "ukphone": "ˈkɒnsət",
        "trans": [
            "音乐会"
        ]
    },
    {
        "name": "drama",
        "usphone": "ˈdrɑːmə",
        "ukphone": "ˈdrɑːmə",
        "trans": [
            "戏剧"
        ]
    },
    {
        "name": "horror",
        "usphone": "ˈhɔːrər",
        "ukphone": "ˈhɒrə(r)",
        "trans": [
            "惊骇, 惊恐"
        ]
    },
    {
        "name": "lecture",
        "usphone": "ˈlektʃər",
        "ukphone": "ˈlektʃə(r)",
        "trans": [
            "授课, 演讲"
        ]
    },
    {
        "name": "musical",
        "usphone": "ˈmjuːzɪkl",
        "ukphone": "ˈmjuːzɪkl",
        "trans": [
            "音乐片, 音乐剧"
        ]
    },
    {
        "name": "nightclub",
        "usphone": "ˈnaɪtklʌb",
        "ukphone": "ˈnaɪtklʌb",
        "trans": [
            "夜总会"
        ]
    },
    {
        "name": "open",
        "usphone": "ˈoʊpən",
        "ukphone": "ˈəʊpən",
        "trans": [
            "打开(门, 窗等)"
        ]
    },
    {
        "name": "perform",
        "usphone": "pərˈfɔːrm",
        "ukphone": "pəˈfɔːm",
        "trans": [
            "执行, 履行, 进行"
        ]
    },
    {
        "name": "relaxing",
        "usphone": "rɪˈlæksɪŋ",
        "ukphone": "rɪˈlæksɪŋ",
        "trans": [
            "令人轻松的"
        ]
    },
    {
        "name": "romance",
        "usphone": "ˈroʊmæns",
        "ukphone": "rəʊˈmæns",
        "trans": [
            "富于想像力的故事; 浪漫故事"
        ]
    },
    {
        "name": "play",
        "usphone": "pleɪ",
        "ukphone": "pleɪ",
        "trans": [
            "剧本, 戏剧"
        ]
    },
    {
        "name": "dance",
        "usphone": "dæns",
        "ukphone": "dɑːns",
        "trans": [
            "跳舞, 舞蹈"
        ]
    },
    {
        "name": "game",
        "usphone": "ɡeɪm",
        "ukphone": "ɡeɪm",
        "trans": [
            "比赛"
        ]
    },
    {
        "name": "movie",
        "usphone": "ˈmuːvi",
        "ukphone": "ˈmuːvi",
        "trans": [
            "电影, 影片"
        ]
    },
    {
        "name": "restaurant",
        "usphone": "ˈrestrɑːnt",
        "ukphone": "ˈrestrɒnt",
        "trans": [
            "餐馆, 餐厅"
        ]
    },
    {
        "name": "close",
        "usphone": "kloʊz",
        "ukphone": "kləʊz",
        "trans": [
            "关闭"
        ]
    },
    {
        "name": "end",
        "usphone": "end",
        "ukphone": "end",
        "trans": [
            "结束"
        ]
    },
    {
        "name": "over",
        "usphone": "ˈoʊvər",
        "ukphone": "ˈəʊvə(r)",
        "trans": [
            "越过"
        ]
    },
    {
        "name": "bald",
        "usphone": "bɔːld",
        "ukphone": "bɔːld",
        "trans": [
            "秃头,谢顶,秃顶"
        ]
    },
    {
        "name": "boyfriend",
        "usphone": "ˈbɔɪfrend",
        "ukphone": "ˈbɔɪfrend",
        "trans": [
            "男朋友"
        ]
    },
    {
        "name": "fat",
        "usphone": "fæt",
        "ukphone": "fæt",
        "trans": [
            "胖的, 肥胖的"
        ]
    },
    {
        "name": "middle-aged",
        "trans": [
            "中年的"
        ]
    },
    {
        "name": "overweight",
        "usphone": "ˌoʊvərˈweɪt",
        "ukphone": "ˌəʊvəˈweɪt",
        "trans": [
            "超重的; 过重的"
        ]
    },
    {
        "name": "thin",
        "usphone": "θɪn",
        "ukphone": "θɪn",
        "trans": [
            "瘦的, 肉少的"
        ]
    },
    {
        "name": "girlfriend",
        "usphone": "ˈɡɜːrlfrend",
        "ukphone": "ˈɡɜːlfrend",
        "trans": [
            "女朋友"
        ]
    },
    {
        "name": "granddaughter",
        "usphone": "ˈɡrændɔːtər",
        "ukphone": "ˈɡrændɔːtə(r)",
        "trans": [
            "孙女, 外孙女"
        ]
    },
    {
        "name": "grandson",
        "usphone": "ˈɡrænsʌn",
        "ukphone": "ˈɡrænsʌn",
        "trans": [
            "孙子, 外孙"
        ]
    },
    {
        "name": "nephew",
        "usphone": "ˈnefjuː",
        "ukphone": "ˈnefjuː",
        "trans": [
            "侄子, 外甥"
        ]
    },
    {
        "name": "niece",
        "usphone": "niːs",
        "ukphone": "niːs",
        "trans": [
            "外甥女, 侄女"
        ]
    },
    {
        "name": "creative",
        "usphone": "kriˈeɪtɪv",
        "ukphone": "kriˈeɪtɪv",
        "trans": [
            "创造的; 创造性的; 创作的"
        ]
    },
    {
        "name": "efficient",
        "usphone": "ɪˈfɪʃnt",
        "ukphone": "ɪˈfɪʃnt",
        "trans": [
            "效率高的"
        ]
    },
    {
        "name": "creative",
        "usphone": "kriˈeɪtɪv",
        "ukphone": "kriˈeɪtɪv",
        "trans": [
            "创造的; 创造性的; 创作的"
        ]
    },
    {
        "name": "wife",
        "usphone": "waɪf",
        "ukphone": "waɪf",
        "trans": [
            "妻子, 太太"
        ]
    },
    {
        "name": "husband",
        "usphone": "ˈhʌzbənd",
        "ukphone": "ˈhʌzbənd",
        "trans": [
            "丈夫"
        ]
    },
    {
        "name": "aunt",
        "usphone": "ænt",
        "ukphone": "ɑːnt",
        "trans": [
            "阿姨, 婶婶"
        ]
    },
    {
        "name": "uncle",
        "usphone": "ˈʌŋkl",
        "ukphone": "ˈʌŋkl",
        "trans": [
            "伯父, 姨丈, 叔父, 舅舅"
        ]
    },
    {
        "name": "boss",
        "usphone": "bɔːs",
        "ukphone": "bɒs",
        "trans": [
            "老板, 领导"
        ]
    },
    {
        "name": "already",
        "usphone": "ɔːlˈredi",
        "ukphone": "ɔːlˈredi",
        "trans": [
            "已经, 早已"
        ]
    },
    {
        "name": "disorganized",
        "usphone": "dɪsˈɔːrɡənaɪzd",
        "ukphone": "dɪsˈɔːɡənaɪzd",
        "trans": [
            "杂乱无章"
        ]
    },
    {
        "name": "height",
        "usphone": "haɪt",
        "ukphone": "haɪt",
        "trans": [
            "高度"
        ]
    },
    {
        "name": "highly",
        "usphone": "ˈhaɪli",
        "ukphone": "ˈhaɪli",
        "trans": [
            "非常"
        ]
    },
    {
        "name": "late",
        "usphone": "leɪt",
        "ukphone": "leɪt",
        "trans": [
            "晚的, 迟到"
        ]
    },
    {
        "name": "lazy",
        "usphone": "ˈleɪzi",
        "ukphone": "ˈleɪzi",
        "trans": [
            "懒散的, 怠惰的"
        ]
    },
    {
        "name": "medium",
        "usphone": "ˈmiːdiəm",
        "ukphone": "ˈmiːdiəm",
        "trans": [
            "中间的, 中等的, 适中的"
        ]
    },
    {
        "name": "only",
        "usphone": "ˈoʊnli",
        "ukphone": "ˈəʊnli",
        "trans": [
            "只, 仅仅, 才"
        ]
    },
    {
        "name": "short",
        "usphone": "ʃɔːrt",
        "ukphone": "ʃɔːt",
        "trans": [
            "矮的"
        ]
    },
    {
        "name": "tall",
        "usphone": "tɔːl",
        "ukphone": "tɔːl",
        "trans": [
            "高的"
        ]
    },
    {
        "name": "young",
        "usphone": "jʌŋ",
        "ukphone": "jʌŋ",
        "trans": [
            "年轻的, 幼小的, 新诞生的, 新成立的"
        ]
    },
    {
        "name": "call",
        "usphone": "kɔːl",
        "ukphone": "kɔːl",
        "trans": [
            "打电话"
        ]
    },
    {
        "name": "iron",
        "usphone": "ˈaɪərn",
        "ukphone": "ˈaɪən",
        "trans": [
            "熨"
        ]
    },
    {
        "name": "yesterday",
        "usphone": "ˈjestərdeɪ",
        "ukphone": "ˈjestədeɪ",
        "trans": [
            "昨天"
        ]
    },
    {
        "name": "arrest",
        "usphone": "əˈrest",
        "ukphone": "əˈrest",
        "trans": [
            "逮捕, 拘捕"
        ]
    },
    {
        "name": "crime",
        "usphone": "kraɪm",
        "ukphone": "kraɪm",
        "trans": [
            "犯罪"
        ]
    },
    {
        "name": "trail",
        "usphone": "treɪl",
        "ukphone": "treɪl",
        "trans": [
            "崎岖小路"
        ]
    },
    {
        "name": "wolf",
        "usphone": "wʊlf",
        "ukphone": "wʊlf",
        "trans": [
            "狼"
        ]
    },
    {
        "name": "kill",
        "usphone": "kɪl",
        "ukphone": "kɪl",
        "trans": [
            "杀死, 引起死亡"
        ]
    },
    {
        "name": "police",
        "usphone": "pəˈliːs",
        "ukphone": "pəˈliːs",
        "trans": [
            "警察"
        ]
    },
    {
        "name": "steal",
        "usphone": "stiːl",
        "ukphone": "stiːl",
        "trans": [
            "偷窃, 偷盗, 窃取"
        ]
    },
    {
        "name": "backpack",
        "usphone": "ˈbækpæk",
        "ukphone": "ˈbækpæk",
        "trans": [
            "背包"
        ]
    },
    {
        "name": "bear",
        "usphone": "ber",
        "ukphone": "beə(r)",
        "trans": [
            "熊"
        ]
    },
    {
        "name": "boot",
        "usphone": "buːt",
        "ukphone": "buːt",
        "trans": [
            "靴, 长靴"
        ]
    },
    {
        "name": "cabin",
        "usphone": "ˈkæbɪn",
        "ukphone": "ˈkæbɪn",
        "trans": [
            "小木屋"
        ]
    },
    {
        "name": "deer",
        "usphone": "dɪr",
        "ukphone": "dɪə(r)",
        "trans": [
            "鹿"
        ]
    },
    {
        "name": "snake",
        "usphone": "sneɪk",
        "ukphone": "sneɪk",
        "trans": [
            "蛇"
        ]
    },
    {
        "name": "tent",
        "usphone": "tent",
        "ukphone": "tent",
        "trans": [
            "帐篷"
        ]
    },
    {
        "name": "leave",
        "usphone": "liːv",
        "ukphone": "liːv",
        "trans": [
            "离去, 动身"
        ]
    },
    {
        "name": "clean",
        "usphone": "kliːn",
        "ukphone": "kliːn",
        "trans": [
            "清洁, 清扫"
        ]
    },
    {
        "name": "watch",
        "usphone": "wɑːtʃ",
        "ukphone": "wɒtʃ",
        "trans": [
            "观看, 注视"
        ]
    },
    {
        "name": "wash",
        "usphone": "wɑːʃ",
        "ukphone": "wɒʃ",
        "trans": [
            "洗, 洗清, 洗涤, 洗涤, 洗澡"
        ]
    },
    {
        "name": "ago",
        "usphone": "əˈɡoʊ",
        "ukphone": "əˈɡəʊ",
        "trans": [
            ". 以前"
        ]
    },
    {
        "name": "drive",
        "usphone": "draɪv",
        "ukphone": "draɪv",
        "trans": [
            "驾驶, 开车"
        ]
    },
    {
        "name": "bring",
        "usphone": "brɪŋ",
        "ukphone": "brɪŋ",
        "trans": [
            "带来, 拿来, 取来"
        ]
    },
    {
        "name": "thief",
        "usphone": "θiːf",
        "ukphone": "θiːf",
        "trans": [
            "小偷, 贼"
        ]
    },
    {
        "name": "murder",
        "usphone": "ˈmɜːrdər",
        "ukphone": "ˈmɜːdə(r)",
        "trans": [
            "谋杀, 凶杀"
        ]
    },
    {
        "name": "somewhere",
        "usphone": "ˈsʌmwer",
        "ukphone": "ˈsʌmweə(r)",
        "trans": [
            "在某处, 某处"
        ]
    },
    {
        "name": "someone",
        "usphone": "ˈsʌmwʌn",
        "ukphone": "ˈsʌmwʌn",
        "trans": [
            "有人, 某人"
        ]
    },
    {
        "name": "something",
        "usphone": "ˈsʌmθɪŋ",
        "ukphone": "ˈsʌmθɪŋ",
        "trans": [
            "某事物"
        ]
    },
    {
        "name": "campfire",
        "usphone": "ˈkæmpfaɪər",
        "ukphone": "ˈkæmpfaɪə(r)",
        "trans": [
            "篝火"
        ]
    },
    {
        "name": "marry",
        "usphone": "ˈmæri",
        "ukphone": "ˈmæri",
        "trans": [
            "娶, 嫁, 和...结婚"
        ]
    },
    {
        "name": "promotion",
        "usphone": "prəˈmoʊʃn",
        "ukphone": "prəˈməʊʃn",
        "trans": [
            "晋升, 提升, 升迁"
        ]
    },
    {
        "name": "retire",
        "usphone": "rɪˈtaɪər",
        "ukphone": "rɪˈtaɪə(r)",
        "trans": [
            "退休, 退出, 退役, 退隐"
        ]
    },
    {
        "name": "retirement",
        "usphone": "rɪˈtaɪərmənt",
        "ukphone": "rɪˈtaɪəmənt",
        "trans": [
            "退休"
        ]
    },
    {
        "name": "abroad",
        "usphone": "əˈbrɔːd",
        "ukphone": "əˈbrɔːd",
        "trans": [
            "在国外, 到国外"
        ]
    },
    {
        "name": "appointment",
        "usphone": "əˈpɔɪntmənt",
        "ukphone": "əˈpɔɪntmənt",
        "trans": [
            "约定, 预约"
        ]
    },
    {
        "name": "background",
        "usphone": "ˈbækɡraʊnd",
        "ukphone": "ˈbækɡraʊnd",
        "trans": [
            "出生背景, 学历"
        ]
    },
    {
        "name": "candidate",
        "usphone": "ˈkændɪdət",
        "ukphone": "ˈkændɪdət",
        "trans": [
            "候选人"
        ]
    },
    {
        "name": "challenging",
        "usphone": "ˈtʃælɪndʒɪŋ",
        "ukphone": "ˈtʃælɪndʒɪŋ",
        "trans": [
            "挑战性的(有趣味性)"
        ]
    },
    {
        "name": "experience",
        "usphone": "ɪkˈspɪriəns",
        "ukphone": "ɪkˈspɪəriəns",
        "trans": [
            "经验"
        ]
    },
    {
        "name": "impressive",
        "usphone": "ɪmˈpresɪv",
        "ukphone": "ɪmˈpresɪv",
        "trans": [
            "给人深刻印象的"
        ]
    },
    {
        "name": "opportunity",
        "usphone": "ˌɑːpərˈtuːnəti",
        "ukphone": "ˌɒpəˈtjuːnəti",
        "trans": [
            "机会, 良机"
        ]
    },
    {
        "name": "position",
        "usphone": "pəˈzɪʃn",
        "ukphone": "pəˈzɪʃn",
        "trans": [
            "职务, 职位"
        ]
    },
    {
        "name": "strength",
        "usphone": "streŋθ",
        "ukphone": "streŋθ",
        "trans": [
            "优势, 长处"
        ]
    },
    {
        "name": "weakness",
        "usphone": "ˈwiːknəs",
        "ukphone": "ˈwiːknəs",
        "trans": [
            "虚弱, 弱点, 薄弱, 软弱"
        ]
    },
    {
        "name": "birth",
        "usphone": "bɜːrθ",
        "ukphone": "bɜːθ",
        "trans": [
            "出生, 分娩"
        ]
    },
    {
        "name": "born",
        "usphone": "bɔːrn",
        "ukphone": "bɔːn",
        "trans": [
            "出生"
        ]
    },
    {
        "name": "dead",
        "usphone": "ded",
        "ukphone": "ded",
        "trans": [
            "死的, 死亡的"
        ]
    },
    {
        "name": "die",
        "usphone": "daɪ",
        "ukphone": "daɪ",
        "trans": [
            "死亡"
        ]
    },
    {
        "name": "graduate",
        "usphone": "ˈɡrædʒuət",
        "ukphone": "ˈɡrædʒuət",
        "trans": [
            "毕业"
        ]
    },
    {
        "name": "marriage",
        "usphone": "ˈmærɪdʒ",
        "ukphone": "ˈmærɪdʒ",
        "trans": [
            "婚姻, 结婚"
        ]
    },
    {
        "name": "pregnant",
        "usphone": "ˈpreɡnənt",
        "ukphone": "ˈpreɡnənt",
        "trans": [
            "怀孕的"
        ]
    },
    {
        "name": "divorced",
        "usphone": "dɪˈvɔːrst",
        "ukphone": "dɪˈvɔːst",
        "trans": [
            "离婚的, 离异的"
        ]
    },
    {
        "name": "degree",
        "usphone": "dɪˈɡriː",
        "ukphone": "dɪˈɡriː",
        "trans": [
            "度"
        ]
    },
    {
        "name": "move",
        "usphone": "muːv",
        "ukphone": "muːv",
        "trans": [
            "搬家, 迁移, 调遣, 调动"
        ]
    },
    {
        "name": "resume",
        "usphone": "ˈrezəmeɪ",
        "ukphone": "ˈrezjumeɪ",
        "trans": [
            "摘要, 概要, 简历"
        ]
    },
    {
        "name": "interview",
        "usphone": "ˈɪntərvjuː",
        "ukphone": "ˈɪntəvjuː",
        "trans": [
            "面试"
        ]
    },
    {
        "name": "education",
        "usphone": "ˌedʒuˈkeɪʃn",
        "ukphone": "ˌedʒuˈkeɪʃn",
        "trans": [
            "教育"
        ]
    },
    {
        "name": "team",
        "usphone": "tiːm",
        "ukphone": "tiːm",
        "trans": [
            "队, 小组,"
        ]
    },
    {
        "name": "miss",
        "usphone": "mɪs",
        "ukphone": "mɪs",
        "trans": [
            "想念, 惦记"
        ]
    },
    {
        "name": "absolutely",
        "usphone": "ˈæbsəluːtli",
        "ukphone": "ˈæbsəluːtli",
        "trans": [
            "完全地"
        ]
    },
    {
        "name": "delighted",
        "usphone": "dɪˈlaɪtɪd",
        "ukphone": "dɪˈlaɪtɪd",
        "trans": [
            "高兴的, 开心的"
        ]
    },
    {
        "name": "just",
        "usphone": "dʒʌst",
        "ukphone": "dʒʌst",
        "trans": [
            "正好, 恰好"
        ]
    },
    {
        "name": "unlikely",
        "usphone": "ʌnˈlaɪkli",
        "ukphone": "ʌnˈlaɪkli",
        "trans": [
            "没希望的, 不太可能的"
        ]
    },
    {
        "name": "ready",
        "usphone": "ˈredi",
        "ukphone": "ˈredi",
        "trans": [
            "准备好的, 可以使用的"
        ]
    },
    {
        "name": "surprised",
        "usphone": "sərˈpraɪzd",
        "ukphone": "səˈpraɪzd",
        "trans": [
            "感到惊讶的"
        ]
    },
    {
        "name": "delightful",
        "usphone": "dɪˈlaɪtfl",
        "ukphone": "dɪˈlaɪtfl",
        "trans": [
            "愉快的"
        ]
    },
    {
        "name": "enjoyable",
        "usphone": "ɪnˈdʒɔɪəbl",
        "ukphone": "ɪnˈdʒɔɪəbl",
        "trans": [
            "令人愉快的"
        ]
    },
    {
        "name": "petrol",
        "usphone": "ˈpetrəl",
        "ukphone": "ˈpetrəl",
        "trans": [
            "汽油"
        ]
    },
    {
        "name": "pleased",
        "usphone": "pliːzd",
        "ukphone": "pliːzd",
        "trans": [
            "高兴的, 满足的"
        ]
    },
    {
        "name": "tasty",
        "usphone": "ˈteɪsti",
        "ukphone": "ˈteɪsti",
        "trans": [
            "好吃的,美味的"
        ]
    },
    {
        "name": "yummy",
        "usphone": "ˈjʌmi",
        "ukphone": "ˈjʌmi",
        "trans": [
            "(尤用作儿童口语) 味道好的; 好吃的"
        ]
    },
    {
        "name": "dear",
        "usphone": "dɪr",
        "ukphone": "dɪə(r)",
        "trans": [
            "重要的, 亲爱的"
        ]
    },
    {
        "name": "anyway",
        "usphone": "ˈeniweɪ",
        "ukphone": "ˈeniweɪ",
        "trans": [
            "无论如何"
        ]
    },
    {
        "name": "maybe",
        "usphone": "ˈmeɪbi",
        "ukphone": "ˈmeɪbi",
        "trans": [
            "大概, 或许, 可能"
        ]
    },
    {
        "name": "definitely",
        "usphone": "ˈdefɪnətli",
        "ukphone": "ˈdefɪnətli",
        "trans": [
            "肯定地"
        ]
    },
    {
        "name": "probably",
        "usphone": "ˈprɑːbəbli",
        "ukphone": "ˈprɒbəbli",
        "trans": [
            "大概, 或许, 很可能"
        ]
    },
    {
        "name": "house-warming",
        "trans": [
            "庆祝迁居的喜宴, 乔迁喜宴"
        ]
    },
    {
        "name": "crazy",
        "usphone": "ˈkreɪzi",
        "ukphone": "ˈkreɪzi",
        "trans": [
            "发疯的"
        ]
    },
    {
        "name": "gorgeous",
        "usphone": "ˈɡɔːrdʒəs",
        "ukphone": "ˈɡɔːdʒəs",
        "trans": [
            "华丽的"
        ]
    },
    {
        "name": "glad",
        "usphone": "ɡlæd",
        "ukphone": "ɡlæd",
        "trans": [
            "高兴的, 开心的"
        ]
    },
    {
        "name": "beautiful",
        "usphone": "ˈbjuːtɪfl",
        "ukphone": "ˈbjuːtɪfl",
        "trans": [
            "美丽的, 漂亮的"
        ]
    },
    {
        "name": "wonderful",
        "usphone": "ˈwʌndərfl",
        "ukphone": "ˈwʌndəfl",
        "trans": [
            "奇妙的, 令人惊奇的, 极好的"
        ]
    },
    {
        "name": "restroom",
        "usphone": "ˈrestruːm",
        "ukphone": "ˈrestruːm",
        "trans": [
            "卫生间,盥洗室"
        ]
    },
    {
        "name": "lovely",
        "usphone": "ˈlʌvli",
        "ukphone": "ˈlʌvli",
        "trans": [
            "秀美动人的, 可爱的"
        ]
    },
    {
        "name": "host",
        "usphone": "hoʊst",
        "ukphone": "həʊst",
        "trans": [
            "主办, 做东, 款待"
        ]
    },
    {
        "name": "hope",
        "usphone": "hoʊp",
        "ukphone": "həʊp",
        "trans": [
            "希望"
        ]
    },
    {
        "name": "really",
        "usphone": "ˈriːəli",
        "ukphone": "ˈriːəli",
        "trans": [
            "真实地, 真正地, 实际上"
        ]
    },
    {
        "name": "delicious",
        "usphone": "dɪˈlɪʃəs",
        "ukphone": "dɪˈlɪʃəs",
        "trans": [
            "美味的"
        ]
    },
    {
        "name": "waterfall",
        "usphone": "ˈwɔːtərfɔːl",
        "ukphone": "ˈwɔːtəfɔːl",
        "trans": [
            "瀑布"
        ]
    },
    {
        "name": "diving",
        "usphone": "ˈdaɪvɪŋ",
        "ukphone": "ˈdaɪvɪŋ",
        "trans": [
            "跳水"
        ]
    },
    {
        "name": "sightseeing",
        "usphone": "ˈsaɪtsiːɪŋ",
        "ukphone": "ˈsaɪtsiːɪŋ",
        "trans": [
            "游览"
        ]
    },
    {
        "name": "spa",
        "usphone": "spɑː",
        "ukphone": "spɑː",
        "trans": [
            "水疗"
        ]
    },
    {
        "name": "valley",
        "usphone": "ˈvæli",
        "ukphone": "ˈvæli",
        "trans": [
            "山谷, 溪谷, 流域"
        ]
    },
    {
        "name": "hill",
        "usphone": "hɪl",
        "ukphone": "hɪl",
        "trans": [
            "小山, 山丘"
        ]
    },
    {
        "name": "coast",
        "usphone": "koʊst",
        "ukphone": "kəʊst",
        "trans": [
            "海岸"
        ]
    },
    {
        "name": "ocean",
        "usphone": "ˈoʊʃn",
        "ukphone": "ˈəʊʃn",
        "trans": [
            "海洋, 海"
        ]
    },
    {
        "name": "beach",
        "usphone": "biːtʃ",
        "ukphone": "biːtʃ",
        "trans": [
            "海滩"
        ]
    },
    {
        "name": "river",
        "usphone": "ˈrɪvər",
        "ukphone": "ˈrɪvə(r)",
        "trans": [
            "河, 河流, 江"
        ]
    },
    {
        "name": "mountain",
        "usphone": "ˈmaʊntn",
        "ukphone": "ˈmaʊntən",
        "trans": [
            "山, 山脉"
        ]
    },
    {
        "name": "desert",
        "usphone": "ˈdezərt",
        "ukphone": "ˈdezət",
        "trans": [
            "戈壁, 沙漠"
        ]
    },
    {
        "name": "lake",
        "usphone": "leɪk",
        "ukphone": "leɪk",
        "trans": [
            "湖, 湖水"
        ]
    },
    {
        "name": "forest",
        "usphone": "ˈfɔːrɪst",
        "ukphone": "ˈfɒrɪst",
        "trans": [
            "森林"
        ]
    },
    {
        "name": "windy",
        "usphone": "ˈwɪndi",
        "ukphone": "ˈwɪndi",
        "trans": [
            "多风的, 坏天气的, 风强的"
        ]
    },
    {
        "name": "cloudy",
        "usphone": "ˈklaʊdi",
        "ukphone": "ˈklaʊdi",
        "trans": [
            "多云的,阴天的,愁容满面的"
        ]
    },
    {
        "name": "winter",
        "usphone": "ˈwɪntər",
        "ukphone": "ˈwɪntə(r)",
        "trans": [
            "冬季, 冬天"
        ]
    },
    {
        "name": "summer",
        "usphone": "ˈsʌmər",
        "ukphone": "ˈsʌmə(r)",
        "trans": [
            "夏天, 夏季"
        ]
    },
    {
        "name": "spring",
        "usphone": "sprɪŋ",
        "ukphone": "sprɪŋ",
        "trans": [
            "春天, 春季"
        ]
    },
    {
        "name": "fall",
        "usphone": "fɔːl",
        "ukphone": "fɔːl",
        "trans": [
            "秋天, 秋季"
        ]
    },
    {
        "name": "glacier",
        "usphone": "ˈɡleɪʃər",
        "ukphone": "ˈɡlæsiə(r)",
        "trans": [
            "冰川"
        ]
    },
    {
        "name": "wilderness",
        "usphone": "ˈwɪldərnəs",
        "ukphone": "ˈwɪldənəs",
        "trans": [
            "未开垦的荒地; 荒漠; 沙漠"
        ]
    },
    {
        "name": "warm",
        "usphone": "wɔːrm",
        "ukphone": "wɔːm",
        "trans": [
            "暖和的, 温暖的, 暖的"
        ]
    },
    {
        "name": "shopping",
        "usphone": "ˈʃɑːpɪŋ",
        "ukphone": "ˈʃɒpɪŋ",
        "trans": [
            "购物"
        ]
    },
    {
        "name": "camping",
        "usphone": "ˈkæmpɪŋ",
        "ukphone": "ˈkæmpɪŋ",
        "trans": [
            "露营"
        ]
    },
    {
        "name": "fishing",
        "usphone": "ˈfɪʃɪŋ",
        "ukphone": "ˈfɪʃɪŋ",
        "trans": [
            "钓鱼, 渔业"
        ]
    },
    {
        "name": "visit",
        "usphone": "ˈvɪzɪt",
        "ukphone": "ˈvɪzɪt",
        "trans": [
            "拜访, 参观, 访问, 游览"
        ]
    },
    {
        "name": "relax",
        "usphone": "rɪˈlæks",
        "ukphone": "rɪˈlæks",
        "trans": [
            "放松, 休息"
        ]
    },
    {
        "name": "lose",
        "usphone": "luːz",
        "ukphone": "luːz",
        "trans": [
            "失, 丢失"
        ]
    },
    {
        "name": "passport",
        "usphone": "ˈpæspɔːrt",
        "ukphone": "ˈpɑːspɔːt",
        "trans": [
            "护照"
        ]
    }
]