[
    {
        "name": "headline",
        "usphone": "ˈhedlaɪn",
        "ukphone": "ˈhedlaɪn",
        "trans": [
            "标题"
        ]
    },
    {
        "name": "body",
        "usphone": "ˈbɑːdi",
        "ukphone": "ˈbɒdi",
        "trans": [
            "(尤指建筑, 车辆或书, 文章等的)主体, 主要部份"
        ]
    },
    {
        "name": "paragraph",
        "usphone": "ˈpærəɡræf",
        "ukphone": "ˈpærəɡrɑːf",
        "trans": [
            "段,段落,节"
        ]
    },
    {
        "name": "national",
        "usphone": "ˈnæʃnəl",
        "ukphone": "ˈnæʃnəl",
        "trans": [
            "全国性的, 民族的, 国家的"
        ]
    },
    {
        "name": "international",
        "usphone": "ˌɪntərˈnæʃnəl",
        "ukphone": "ˌɪntəˈnæʃnəl",
        "trans": [
            "国际的"
        ]
    },
    {
        "name": "economy",
        "usphone": "ɪˈkɑːnəmi",
        "ukphone": "ɪˈkɒnəmi",
        "trans": [
            "经济"
        ]
    },
    {
        "name": "affair",
        "usphone": "əˈfer",
        "ukphone": "əˈfeə(r)",
        "trans": [
            "事务, 政治事件, 大事"
        ]
    },
    {
        "name": "mindless",
        "usphone": "ˈmaɪndləs",
        "ukphone": "ˈmaɪndləs",
        "trans": [
            "不小心的, 不顾虑的, 不留神的"
        ]
    },
    {
        "name": "entertainment",
        "usphone": "ˌentərˈteɪnmənt",
        "ukphone": "ˌentəˈteɪnmənt",
        "trans": [
            "娱乐, 消遣"
        ]
    },
    {
        "name": "reasonable",
        "usphone": "ˈriːznəbl",
        "ukphone": "ˈriːznəbl",
        "trans": [
            "合理的, 适当的"
        ]
    },
    {
        "name": "health",
        "usphone": "helθ",
        "ukphone": "helθ",
        "trans": [
            "健康"
        ]
    },
    {
        "name": "science",
        "usphone": "ˈsaɪəns",
        "ukphone": "ˈsaɪəns",
        "trans": [
            "科学"
        ]
    },
    {
        "name": "turn",
        "usphone": "tɜːrn",
        "ukphone": "tɜːn",
        "trans": [
            "瞄准"
        ]
    },
    {
        "name": "live",
        "usphone": "laɪv",
        "ukphone": "laɪv",
        "trans": [
            "现场直播的"
        ]
    },
    {
        "name": "studio",
        "usphone": "ˈstuːdioʊ",
        "ukphone": "ˈstjuːdiəʊ",
        "trans": [
            "演播室"
        ]
    },
    {
        "name": "moderate",
        "usphone": "ˈmɑːdərət",
        "ukphone": "ˈmɒdərət",
        "trans": [
            "温和主义者, 稳健派"
        ]
    },
    {
        "name": "demand",
        "usphone": "dɪˈmænd",
        "ukphone": "dɪˈmɑːnd",
        "trans": [
            "要求"
        ]
    },
    {
        "name": "precedent",
        "usphone": "ˈpresɪdənt",
        "ukphone": "ˈpresɪdənt",
        "trans": [
            "先例,前例"
        ]
    },
    {
        "name": "jubilation",
        "usphone": "ˌdʒuːbɪˈleɪʃn",
        "ukphone": "ˌdʒuːbɪˈleɪʃn",
        "trans": [
            "欢腾, 喜悦, 庆祝"
        ]
    },
    {
        "name": "challenger",
        "usphone": "ˈtʃælɪndʒər",
        "ukphone": "ˈtʃælɪndʒə(r)",
        "trans": [
            "挑战者,须全力应对的事物"
        ]
    },
    {
        "name": "outcome",
        "usphone": "ˈaʊtkʌm",
        "ukphone": "ˈaʊtkʌm",
        "trans": [
            "结果,结局"
        ]
    },
    {
        "name": "introduction",
        "usphone": "ˌɪntrəˈdʌkʃn",
        "ukphone": "ˌɪntrəˈdʌkʃn",
        "trans": [
            "引言"
        ]
    },
    {
        "name": "report",
        "usphone": "rɪˈpɔːrt",
        "ukphone": "rɪˈpɔːt",
        "trans": [
            "报道"
        ]
    },
    {
        "name": "radical",
        "usphone": "ˈrædɪkl",
        "ukphone": "ˈrædɪkl",
        "trans": [
            "根本的; 基本的"
        ]
    },
    {
        "name": "climax",
        "usphone": "ˈklaɪmæks",
        "ukphone": "ˈklaɪmæks",
        "trans": [
            "高潮,极点,层进法"
        ]
    },
    {
        "name": "resolution",
        "usphone": "ˌrezəˈluːʃn",
        "ukphone": "ˌrezəˈluːʃn",
        "trans": [
            "正式决定; 决议"
        ]
    },
    {
        "name": "reiterate",
        "usphone": "riˈɪtəreɪt",
        "ukphone": "riˈɪtəreɪt",
        "trans": [
            "反复地说,重申"
        ]
    },
    {
        "name": "assert",
        "usphone": "əˈsɜːrt",
        "ukphone": "əˈsɜːt",
        "trans": [
            "主张,断言,坚称"
        ]
    },
    {
        "name": "sarcasm",
        "usphone": "ˈsɑːrkæzəm",
        "ukphone": "ˈsɑːkæzəm",
        "trans": [
            "讥讽; 讽刺; 挖苦"
        ]
    },
    {
        "name": "recall",
        "usphone": "rɪˈkɔːl",
        "ukphone": "rɪˈkɔːl",
        "trans": [
            "回想起，回忆起"
        ]
    },
    {
        "name": "mention",
        "usphone": "ˈmenʃn",
        "ukphone": "ˈmenʃn",
        "trans": [
            "提到, 说起"
        ]
    },
    {
        "name": "connect",
        "usphone": "kəˈnekt",
        "ukphone": "kəˈnekt",
        "trans": [
            "联系"
        ]
    },
    {
        "name": "criticize",
        "usphone": "ˈkrɪtɪsaɪz",
        "ukphone": "ˈkrɪtɪsaɪz",
        "trans": [
            "批评, 抨击"
        ]
    },
    {
        "name": "yell",
        "usphone": "jel",
        "ukphone": "jel",
        "trans": [
            "号叫; 喊叫; 叫喊"
        ]
    },
    {
        "name": "pat",
        "usphone": "pæt",
        "ukphone": "pæt",
        "trans": [
            "轻拍,抚拍"
        ]
    },
    {
        "name": "shake",
        "usphone": "ʃeɪk",
        "ukphone": "ʃeɪk",
        "trans": [
            "握手"
        ]
    },
    {
        "name": "kiss",
        "usphone": "kɪs",
        "ukphone": "kɪs",
        "trans": [
            "亲吻, 接吻"
        ]
    },
    {
        "name": "hug",
        "usphone": "hʌɡ",
        "ukphone": "hʌɡ",
        "trans": [
            "拥抱"
        ]
    },
    {
        "name": "bow",
        "usphone": "baʊ",
        "ukphone": "baʊ",
        "trans": [
            "鞠躬,低头,压弯"
        ]
    },
    {
        "name": "clasp",
        "usphone": "klæsp",
        "ukphone": "klɑːsp",
        "trans": [
            "紧抱,扣紧,紧紧缠绕"
        ]
    },
    {
        "name": "regard",
        "usphone": "rɪˈɡɑːrd",
        "ukphone": "rɪˈɡɑːd",
        "trans": [
            "尊重,重视，敬爱"
        ]
    },
    {
        "name": "consider",
        "usphone": "kənˈsɪdər",
        "ukphone": "kənˈsɪdə(r)",
        "trans": [
            "考虑"
        ]
    },
    {
        "name": "rude",
        "usphone": "ruːd",
        "ukphone": "ruːd",
        "trans": [
            "粗鲁的"
        ]
    },
    {
        "name": "impolite",
        "usphone": "ˌɪmpəˈlaɪt",
        "ukphone": "ˌɪmpəˈlaɪt",
        "trans": [
            "粗鲁的; 不礼貌的"
        ]
    },
    {
        "name": "soften",
        "usphone": "ˈsɔːfn",
        "ukphone": "ˈsɒfn",
        "trans": [
            "弄软,软化"
        ]
    },
    {
        "name": "quite",
        "usphone": "kwaɪt",
        "ukphone": "kwaɪt",
        "trans": [
            "相当, 完全, 十分, 很"
        ]
    },
    {
        "name": "depersonalize",
        "usphone": "diːˈpɜːrsənəlaɪz",
        "ukphone": "diːˈpɜːsənəlaɪz",
        "trans": [
            "去个人标签化，去个性化"
        ]
    },
    {
        "name": "ramble",
        "usphone": "ˈræmbl",
        "ukphone": "ˈræmbl",
        "trans": [
            "漫步; 闲逛"
        ]
    },
    {
        "name": "elicit",
        "usphone": "iˈlɪsɪt",
        "ukphone": "iˈlɪsɪt",
        "trans": [
            "引出"
        ]
    },
    {
        "name": "nod",
        "usphone": "nɑːd",
        "ukphone": "nɒd",
        "trans": [
            "点了点头"
        ]
    },
    {
        "name": "gesture",
        "usphone": "ˈdʒestʃər",
        "ukphone": "ˈdʒestʃə(r)",
        "trans": [
            "手势"
        ]
    },
    {
        "name": "reserved",
        "usphone": "rɪˈzɜːrvd",
        "ukphone": "rɪˈzɜːvd",
        "trans": [
            "矜持的, 寡言的, 内向的"
        ]
    },
    {
        "name": "handshake",
        "usphone": "ˈhændʃeɪk",
        "ukphone": "ˈhændʃeɪk",
        "trans": [
            "握手"
        ]
    },
    {
        "name": "generalize",
        "usphone": "ˈdʒenrəlaɪz",
        "ukphone": "ˈdʒenrəlaɪz",
        "trans": [
            "概括"
        ]
    },
    {
        "name": "cue",
        "usphone": "kjuː",
        "ukphone": "kjuː",
        "trans": [
            "暗示,提示"
        ]
    },
    {
        "name": "accordingly",
        "usphone": "əˈkɔːrdɪŋli",
        "ukphone": "əˈkɔːdɪŋli",
        "trans": [
            "相应地,一致地,相符地"
        ]
    },
    {
        "name": "domain",
        "usphone": "doʊˈmeɪn",
        "ukphone": "dəˈmeɪn",
        "trans": [
            "领域"
        ]
    },
    {
        "name": "mindset",
        "usphone": "ˈmaɪndset",
        "ukphone": "ˈmaɪndset",
        "trans": [
            "精神状态, 心态, 意向"
        ]
    },
    {
        "name": "strategic",
        "usphone": "strəˈtiːdʒɪk",
        "ukphone": "strəˈtiːdʒɪk",
        "trans": [
            "战略的"
        ]
    },
    {
        "name": "orientation",
        "usphone": "ˌɔːriənˈteɪʃn",
        "ukphone": "ˌɔːriənˈteɪʃn",
        "trans": [
            "定位,倾向"
        ]
    },
    {
        "name": "expertise",
        "usphone": "ˌekspɜːrˈtiːz",
        "ukphone": "ˌekspɜːˈtiːz",
        "trans": [
            "专门知识"
        ]
    },
    {
        "name": "leadership",
        "usphone": "ˈliːdərʃɪp",
        "ukphone": "ˈliːdəʃɪp",
        "trans": [
            "领导"
        ]
    },
    {
        "name": "quality",
        "usphone": "ˈkwɑːləti",
        "ukphone": "ˈkwɒləti",
        "trans": [
            "质量, 品质"
        ]
    },
    {
        "name": "comfortable",
        "usphone": "ˈkʌmftəbl",
        "ukphone": "ˈkʌmftəbl",
        "trans": [
            "自在的, 无忧无虑的"
        ]
    },
    {
        "name": "partial",
        "usphone": "ˈpɑːrʃl",
        "ukphone": "ˈpɑːʃl",
        "trans": [
            "部分的; 不完全的"
        ]
    },
    {
        "name": "uncertain",
        "usphone": "ʌnˈsɜːrtn",
        "ukphone": "ʌnˈsɜːtn",
        "trans": [
            "不确定的, 无常的"
        ]
    },
    {
        "name": "strike",
        "usphone": "straɪk",
        "ukphone": "straɪk",
        "trans": [
            "突然出现, 冒出"
        ]
    },
    {
        "name": "figure",
        "usphone": "ˈfɪɡjər",
        "ukphone": "ˈfɪɡə(r)",
        "trans": [
            "数字"
        ]
    },
    {
        "name": "review",
        "usphone": "rɪˈvjuː",
        "ukphone": "rɪˈvjuː",
        "trans": [
            "检查, 评审"
        ]
    },
    {
        "name": "market",
        "usphone": "ˈmɑːrkɪt",
        "ukphone": "ˈmɑːkɪt",
        "trans": [
            "市场, 集市"
        ]
    },
    {
        "name": "adjust",
        "usphone": "əˈdʒʌst",
        "ukphone": "əˈdʒʌst",
        "trans": [
            "调整, 调节"
        ]
    },
    {
        "name": "curious",
        "usphone": "ˈkjʊriəs",
        "ukphone": "ˈkjʊəriəs",
        "trans": [
            "好奇的"
        ]
    },
    {
        "name": "study",
        "usphone": "ˈstʌdi",
        "ukphone": "ˈstʌdi",
        "trans": [
            "考虑"
        ]
    },
    {
        "name": "research",
        "usphone": "rɪˈsɜːrtʃ",
        "ukphone": "rɪˈsɜːtʃ",
        "trans": [
            "研究"
        ]
    },
    {
        "name": "keen",
        "usphone": "kiːn",
        "ukphone": "kiːn",
        "trans": [
            "热衷的, 热心的, 热切的, 渴望(做某事)"
        ]
    },
    {
        "name": "chance",
        "usphone": "tʃæns",
        "ukphone": "tʃɑːns",
        "trans": [
            "机会, 可能性"
        ]
    },
    {
        "name": "willing",
        "usphone": "ˈwɪlɪŋ",
        "ukphone": "ˈwɪlɪŋ",
        "trans": [
            "乐意的, 心甘情愿的, 自愿的"
        ]
    },
    {
        "name": "fit",
        "usphone": "fɪt",
        "ukphone": "fɪt",
        "trans": [
            "配、合适"
        ]
    },
    {
        "name": "urgent",
        "usphone": "ˈɜːrdʒənt",
        "ukphone": "ˈɜːdʒənt",
        "trans": [
            "急迫的, 紧急的"
        ]
    },
    {
        "name": "priority",
        "usphone": "praɪˈɔːrəti",
        "ukphone": "praɪˈɒrəti",
        "trans": [
            "优先权, 优先, 优先顺序"
        ]
    },
    {
        "name": "top",
        "usphone": "tɑːp",
        "ukphone": "tɒp",
        "trans": [
            "最高的"
        ]
    },
    {
        "name": "manage",
        "usphone": "ˈmænɪdʒ",
        "ukphone": "ˈmænɪdʒ",
        "trans": [
            "设法做到, 勉力完成"
        ]
    },
    {
        "name": "correctly",
        "usphone": "kəˈrektlē",
        "ukphone": "kəˈrɛk(t)li",
        "trans": [
            "正确地"
        ]
    },
    {
        "name": "consider",
        "usphone": "kənˈsɪdər",
        "ukphone": "kənˈsɪdə(r)",
        "trans": [
            "考虑"
        ]
    },
    {
        "name": "user",
        "usphone": "ˈjuːzər",
        "ukphone": "ˈjuːzə(r)",
        "trans": [
            "使用者, 用户"
        ]
    },
    {
        "name": "public",
        "usphone": "ˈpʌblɪk",
        "ukphone": "ˈpʌblɪk",
        "trans": [
            "公众的, 公用的, 公共的"
        ]
    },
    {
        "name": "transport",
        "usphone": "ˈtrænspɔːrt",
        "ukphone": "ˈtrænspɔːt",
        "trans": [
            "运输, 交通运输系统"
        ]
    },
    {
        "name": "skyscraper",
        "usphone": "ˈskaɪskreɪpər",
        "ukphone": "ˈskaɪskreɪpə(r)",
        "trans": [
            "摩天大楼"
        ]
    },
    {
        "name": "quality",
        "usphone": "ˈkwɑːləti",
        "ukphone": "ˈkwɒləti",
        "trans": [
            "质量, 品质"
        ]
    },
    {
        "name": "cost",
        "usphone": "kɔːst",
        "ukphone": "kɒst",
        "trans": [
            "费用, 花费, 开销"
        ]
    },
    {
        "name": "architecture",
        "usphone": "ˈɑːrkɪtektʃər",
        "ukphone": "ˈɑːkɪtektʃə(r)",
        "trans": [
            "建筑学,建筑美学"
        ]
    },
    {
        "name": "local",
        "usphone": "ˈloʊkl",
        "ukphone": "ˈləʊkl",
        "trans": [
            "当地的"
        ]
    },
    {
        "name": "amenity",
        "usphone": "əˈmenəti",
        "ukphone": "əˈmiːnəti",
        "trans": [
            "生活便利设施"
        ]
    },
    {
        "name": "system",
        "usphone": "ˈsɪstəm",
        "ukphone": "ˈsɪstəm",
        "trans": [
            "系统"
        ]
    },
    {
        "name": "doubt",
        "usphone": "daʊt",
        "ukphone": "daʊt",
        "trans": [
            "怀疑"
        ]
    },
    {
        "name": "easily",
        "usphone": "ˈiːzəli",
        "ukphone": "ˈiːzəli",
        "trans": [
            "简单地"
        ]
    },
    {
        "name": "suburb",
        "usphone": "ˈsʌbɜːrb",
        "ukphone": "ˈsʌbɜːb",
        "trans": [
            "郊区,市郊"
        ]
    },
    {
        "name": "district",
        "usphone": "ˈdɪstrɪkt",
        "ukphone": "ˈdɪstrɪkt",
        "trans": [
            "区域"
        ]
    },
    {
        "name": "similarity",
        "usphone": "ˌsɪməˈlærəti",
        "ukphone": "ˌsɪməˈlærəti",
        "trans": [
            "相似度"
        ]
    },
    {
        "name": "despite",
        "usphone": "dɪˈspaɪt",
        "ukphone": "dɪˈspaɪt",
        "trans": [
            "不管, 不顾"
        ]
    },
    {
        "name": "aspect",
        "usphone": "ˈæspekt",
        "ukphone": "ˈæspekt",
        "trans": [
            "方面"
        ]
    },
    {
        "name": "bug",
        "usphone": "bʌɡ",
        "ukphone": "bʌɡ",
        "trans": [
            "装窃听器"
        ]
    },
    {
        "name": "extraordinary",
        "usphone": "ɪkˈstrɔːrdəneri",
        "ukphone": "ɪkˈstrɔːdnri",
        "trans": [
            "非凡的, 特别的"
        ]
    },
    {
        "name": "side",
        "usphone": "saɪd",
        "ukphone": "saɪd",
        "trans": [
            "方面, 角度"
        ]
    },
    {
        "name": "diverse",
        "usphone": "daɪˈvɜːrs",
        "ukphone": "daɪˈvɜːs",
        "trans": [
            "多种多样的"
        ]
    },
    {
        "name": "scene",
        "usphone": "siːn",
        "ukphone": "siːn",
        "trans": [
            "（活动）领域，圈子；界，坛"
        ]
    },
    {
        "name": "location",
        "usphone": "loʊˈkeɪʃn",
        "ukphone": "ləʊˈkeɪʃn",
        "trans": [
            "位置, 场所, 所在地"
        ]
    },
    {
        "name": "population",
        "usphone": "ˌpɑːpjuˈleɪʃn",
        "ukphone": "ˌpɒpjuˈleɪʃn",
        "trans": [
            "人口"
        ]
    },
    {
        "name": "metropolis",
        "usphone": "məˈtrɑːpəlɪs",
        "ukphone": "məˈtrɒpəlɪs",
        "trans": [
            "大城市; 首都; 首府"
        ]
    },
    {
        "name": "neighborhood",
        "trans": [
            "居住区"
        ],
        "usphone": "'nebɚ,hʊd",
        "ukphone": "'neɪbə,hʊd"
    },
    {
        "name": "village",
        "usphone": "ˈvɪlɪdʒ",
        "ukphone": "ˈvɪlɪdʒ",
        "trans": [
            "村庄, 乡村"
        ]
    },
    {
        "name": "angle",
        "usphone": "ˈæŋɡl",
        "ukphone": "ˈæŋɡl",
        "trans": [
            "角度, 角"
        ]
    },
    {
        "name": "straight",
        "usphone": "streɪt",
        "ukphone": "streɪt",
        "trans": [
            "坦诚的, 直率的"
        ]
    },
    {
        "name": "sympathize",
        "usphone": "ˈsɪmpəθaɪz",
        "ukphone": "ˈsɪmpəθaɪz",
        "trans": [
            "同情; 吊慰; 怜悯; 体谅, 谅解"
        ]
    },
    {
        "name": "position",
        "usphone": "pəˈzɪʃn",
        "ukphone": "pəˈzɪʃn",
        "trans": [
            "观点, 立场"
        ]
    },
    {
        "name": "contradict",
        "usphone": "ˌkɑːntrəˈdɪkt",
        "ukphone": "ˌkɒntrəˈdɪkt",
        "trans": [
            "驳斥;反驳;批驳"
        ]
    },
    {
        "name": "apology",
        "usphone": "əˈpɑːlədʒi",
        "ukphone": "əˈpɒlədʒi",
        "trans": [
            "道歉声明,认错,忏悔"
        ]
    },
    {
        "name": "mean",
        "usphone": "miːn",
        "ukphone": "miːn",
        "trans": [
            "意图, 打算"
        ]
    },
    {
        "name": "responsibility",
        "usphone": "rɪˌspɑːnsəˈbɪləti",
        "ukphone": "rɪˌspɒnsəˈbɪləti",
        "trans": [
            "责任, 负担, 职责"
        ]
    },
    {
        "name": "guilt",
        "usphone": "ɡɪlt",
        "ukphone": "ɡɪlt",
        "trans": [
            "有罪"
        ]
    },
    {
        "name": "ethic",
        "usphone": "ˈeθɪk",
        "ukphone": "ˈeθɪk",
        "trans": [
            "伦理"
        ]
    },
    {
        "name": "experience",
        "usphone": "ɪkˈspɪriəns",
        "ukphone": "ɪkˈspɪəriəns",
        "trans": [
            "经验"
        ]
    },
    {
        "name": "backtrack",
        "usphone": "ˈbæktræk",
        "ukphone": "ˈbæktræk",
        "trans": [
            "原路返回"
        ]
    },
    {
        "name": "heated",
        "usphone": "ˈhiːtɪd",
        "ukphone": "ˈhiːtɪd",
        "trans": [
            "加热"
        ]
    },
    {
        "name": "clarify",
        "usphone": "ˈklærəfaɪ",
        "ukphone": "ˈklærəfaɪ",
        "trans": [
            "澄清,说明,阐明,讲清楚"
        ]
    },
    {
        "name": "identify",
        "usphone": "aɪˈdentɪfaɪ",
        "ukphone": "aɪˈdentɪfaɪ",
        "trans": [
            "识别"
        ]
    },
    {
        "name": "principle",
        "usphone": "ˈprɪnsəpl",
        "ukphone": "ˈprɪnsəpl",
        "trans": [
            "原则, 主义, 原理, 信条"
        ]
    },
    {
        "name": "outcome",
        "usphone": "ˈaʊtkʌm",
        "ukphone": "ˈaʊtkʌm",
        "trans": [
            "结果,结局"
        ]
    },
    {
        "name": "resolution",
        "usphone": "ˌrezəˈluːʃn",
        "ukphone": "ˌrezəˈluːʃn",
        "trans": [
            "正式决定; 决议"
        ]
    },
    {
        "name": "dilemma",
        "usphone": "dɪˈlemə",
        "ukphone": "dɪˈlemə",
        "trans": [
            "困境"
        ]
    },
    {
        "name": "raise",
        "usphone": "reɪz",
        "ukphone": "reɪz",
        "trans": [
            "提升, 增加"
        ]
    },
    {
        "name": "misconstrue",
        "usphone": "ˌmɪskənˈstruː",
        "ukphone": "ˌmɪskənˈstruː",
        "trans": [
            "错误解释,误解"
        ]
    },
    {
        "name": "direction",
        "usphone": "dəˈrekʃn",
        "ukphone": "dəˈrekʃn",
        "trans": [
            "方面, 方向"
        ]
    },
    {
        "name": "course",
        "usphone": "kɔːrs",
        "ukphone": "kɔːs",
        "trans": [
            "行动方针"
        ]
    },
    {
        "name": "compromise",
        "usphone": "ˈkɑːmprəmaɪz",
        "ukphone": "ˈkɒmprəmaɪz",
        "trans": [
            "妥协,和解;妥协方案,折衷办法"
        ]
    },
    {
        "name": "downside",
        "usphone": "ˈdaʊnsaɪd",
        "ukphone": "ˈdaʊnsaɪd",
        "trans": [
            "缺点"
        ]
    },
    {
        "name": "doable",
        "usphone": "ˈduːəbl",
        "ukphone": "ˈduːəbl",
        "trans": [
            "可行"
        ]
    },
    {
        "name": "upside",
        "usphone": "ˈʌpsaɪd",
        "ukphone": "ˈʌpsaɪd",
        "trans": [
            "优点"
        ]
    },
    {
        "name": "lay-off",
        "trans": [
            "下岗"
        ]
    },
    {
        "name": "shake",
        "usphone": "ʃeɪk",
        "ukphone": "ʃeɪk",
        "trans": [
            "摆脱"
        ]
    },
    {
        "name": "drown",
        "usphone": "draʊn",
        "ukphone": "draʊn",
        "trans": [
            "淹死,淹死某人"
        ]
    },
    {
        "name": "unpredictable",
        "usphone": "ˌʌnprɪˈdɪktəbl",
        "ukphone": "ˌʌnprɪˈdɪktəbl",
        "trans": [
            "无法预料的; 不可预知的"
        ]
    },
    {
        "name": "overtime",
        "usphone": "ˈoʊvərtaɪm",
        "ukphone": "ˈəʊvətaɪm",
        "trans": [
            "加班; 加班时间; 超过时间"
        ]
    },
    {
        "name": "manage",
        "usphone": "ˈmænɪdʒ",
        "ukphone": "ˈmænɪdʒ",
        "trans": [
            "勉强生活下去"
        ]
    },
    {
        "name": "organized",
        "usphone": "ˈɔːrɡənaɪzd",
        "ukphone": "ˈɔːɡənaɪzd",
        "trans": [
            "有组织的"
        ]
    },
    {
        "name": "meet",
        "usphone": "miːt",
        "ukphone": "miːt",
        "trans": [
            "应付, 迎合, 满足"
        ]
    },
    {
        "name": "successful",
        "usphone": "səkˈsesfl",
        "ukphone": "səkˈsesfl",
        "trans": [
            "成功的"
        ]
    },
    {
        "name": "overwhelm",
        "usphone": "ˌoʊvərˈwelm",
        "ukphone": "ˌəʊvəˈwelm",
        "trans": [
            "战胜; 压倒; 征服; 覆盖"
        ]
    },
    {
        "name": "pressure",
        "usphone": "ˈpreʃər",
        "ukphone": "ˈpreʃə(r)",
        "trans": [
            "(工作, 生活等)压力"
        ]
    },
    {
        "name": "focus",
        "usphone": "ˈfoʊkəs",
        "ukphone": "ˈfəʊkəs",
        "trans": [
            "集中, 聚焦"
        ]
    },
    {
        "name": "target",
        "usphone": "ˈtɑːrɡɪt",
        "ukphone": "ˈtɑːɡɪt",
        "trans": [
            "目标"
        ]
    },
    {
        "name": "honest",
        "usphone": "ˈɑːnɪst",
        "ukphone": "ˈɒnɪst",
        "trans": [
            "诚实的, 老实的"
        ]
    },
    {
        "name": "clear",
        "usphone": "klɪr",
        "ukphone": "klɪə(r)",
        "trans": [
            "清楚的, 容易理解的"
        ]
    },
    {
        "name": "deadline",
        "usphone": "ˈdedlaɪn",
        "ukphone": "ˈdedlaɪn",
        "trans": [
            "期限"
        ]
    },
    {
        "name": "limitation",
        "usphone": "ˌlɪmɪˈteɪʃn",
        "ukphone": "ˌlɪmɪˈteɪʃn",
        "trans": [
            "限制,限定"
        ]
    },
    {
        "name": "struggle",
        "usphone": "ˈstrʌɡl",
        "ukphone": "ˈstrʌɡl",
        "trans": [
            "挣扎, 奋斗"
        ]
    },
    {
        "name": "open",
        "usphone": "ˈoʊpən",
        "ukphone": "ˈəʊpən",
        "trans": [
            "坦诚的"
        ]
    },
    {
        "name": "admit",
        "usphone": "ədˈmɪt",
        "ukphone": "ədˈmɪt",
        "trans": [
            "承认, 接受, 不得不说"
        ]
    },
    {
        "name": "allow",
        "usphone": "əˈlaʊ",
        "ukphone": "əˈlaʊ",
        "trans": [
            "准许, 许可"
        ]
    },
    {
        "name": "actually",
        "usphone": "ˈæktʃuəli",
        "ukphone": "ˈæktʃuəli",
        "trans": [
            "事实上, 到底"
        ]
    },
    {
        "name": "equity",
        "usphone": "ˈekwəti",
        "ukphone": "ˈekwəti",
        "trans": [
            "公平"
        ]
    },
    {
        "name": "investment",
        "usphone": "ɪnˈvestmənt",
        "ukphone": "ɪnˈvestmənt",
        "trans": [
            "投资"
        ]
    },
    {
        "name": "contingency",
        "usphone": "kənˈtɪndʒənsi",
        "ukphone": "kənˈtɪndʒənsi",
        "trans": [
            "可能发生的事;偶发事件"
        ]
    },
    {
        "name": "mortgage",
        "usphone": "ˈmɔːrɡɪdʒ",
        "ukphone": "ˈmɔːɡɪdʒ",
        "trans": [
            "抵押,按揭"
        ]
    },
    {
        "name": "rating",
        "usphone": "ˈreɪtɪŋ",
        "ukphone": "ˈreɪtɪŋ",
        "trans": [
            "(人或事物按品质﹑ 特性等划分的)等级, 级别"
        ]
    },
    {
        "name": "tax-free",
        "trans": [
            "免税的"
        ]
    },
    {
        "name": "financial",
        "usphone": "faɪˈnænʃl",
        "ukphone": "faɪˈnænʃl",
        "trans": [
            "资金的, 金融的"
        ]
    },
    {
        "name": "account",
        "usphone": "əˈkaʊnt",
        "ukphone": "əˈkaʊnt",
        "trans": [
            "账, 账户"
        ]
    }
]