[
    {
        "name": "benchmark",
        "usphone": "ˈbentʃmɑːrk",
        "ukphone": "ˈbentʃmɑːk",
        "trans": [
            "标准检查程序, 基准点, 参照点"
        ]
    },
    {
        "name": "assess",
        "usphone": "əˈses",
        "ukphone": "əˈses",
        "trans": [
            "评估,估价,评定"
        ]
    },
    {
        "name": "surpass",
        "usphone": "sərˈpæs",
        "ukphone": "səˈpɑːs",
        "trans": [
            "超越, 胜过"
        ]
    },
    {
        "name": "target",
        "usphone": "ˈtɑːrɡɪt",
        "ukphone": "ˈtɑːɡɪt",
        "trans": [
            "目标"
        ]
    },
    {
        "name": "incentivize",
        "usphone": "ɪnˈsentɪvaɪz",
        "ukphone": "ɪnˈsentɪvaɪz",
        "trans": [
            "刺激, 激励"
        ]
    },
    {
        "name": "pinpoint",
        "usphone": "ˈpɪnpɔɪnt",
        "ukphone": "ˈpɪnpɔɪnt",
        "trans": [
            "精确地找到, 瞄准, 使突出"
        ]
    },
    {
        "name": "define",
        "usphone": "dɪˈfaɪn",
        "ukphone": "dɪˈfaɪn",
        "trans": [
            "下定义, 解释"
        ]
    },
    {
        "name": "trait",
        "usphone": "treɪt",
        "ukphone": "treɪt",
        "trans": [
            "个性,特征,特点"
        ]
    },
    {
        "name": "proactive",
        "usphone": "ˌproʊˈæktɪv",
        "ukphone": "ˌprəʊˈæktɪv",
        "trans": [
            "积极主动的, 主动出击的, 先发制人的"
        ]
    },
    {
        "name": "adversity",
        "usphone": "ədˈvɜːrsəti",
        "ukphone": "ədˈvɜːsəti",
        "trans": [
            "逆境,窘境,泥潭"
        ]
    },
    {
        "name": "persistent",
        "usphone": "pərˈsɪstənt",
        "ukphone": "pəˈsɪstənt",
        "trans": [
            "固执的, 持续的, 坚持的"
        ]
    },
    {
        "name": "voucher",
        "usphone": "ˈvaʊtʃər",
        "ukphone": "ˈvaʊtʃə(r)",
        "trans": [
            "(代替现金的)凭单, 凭证, 代金券"
        ]
    },
    {
        "name": "entrepreneur",
        "usphone": "ˌɑːntrəprəˈnɜːr",
        "ukphone": "ˌɒntrəprəˈnɜː(r)",
        "trans": [
            "企业家"
        ]
    },
    {
        "name": "failure",
        "usphone": "ˈfeɪljər",
        "ukphone": "ˈfeɪljə(r)",
        "trans": [
            "失败"
        ]
    },
    {
        "name": "success",
        "usphone": "səkˈses",
        "ukphone": "səkˈses",
        "trans": [
            "成功"
        ]
    },
    {
        "name": "high-tech",
        "trans": [
            "高科技的"
        ],
        "usphone": ",haɪ'tɛk",
        "ukphone": "'haɪ'tek"
    },
    {
        "name": "start-up",
        "trans": [
            "开办阶段的企业"
        ]
    },
    {
        "name": "widespread",
        "usphone": "ˈwaɪdspred",
        "ukphone": "ˈwaɪdspred",
        "trans": [
            "分布广泛的, 普遍的"
        ]
    },
    {
        "name": "dot-com",
        "usphone": "ˌdɑːtˈkɑːm",
        "ukphone": "ˌdɒtˈkɒm",
        "trans": [
            "网络公司"
        ]
    },
    {
        "name": "reward",
        "usphone": "rɪˈwɔːrd",
        "ukphone": "rɪˈwɔːd",
        "trans": [
            "奖励"
        ]
    },
    {
        "name": "reach",
        "usphone": "riːtʃ",
        "ukphone": "riːtʃ",
        "trans": [
            "增加"
        ]
    },
    {
        "name": "substantial",
        "usphone": "səbˈstænʃl",
        "ukphone": "səbˈstænʃl",
        "trans": [
            "大量的, 可观的"
        ]
    },
    {
        "name": "quality",
        "usphone": "ˈkwɑːləti",
        "ukphone": "ˈkwɒləti",
        "trans": [
            "质量, 品质"
        ]
    },
    {
        "name": "manner",
        "usphone": "ˈmænər",
        "ukphone": "ˈmænə(r)",
        "trans": [
            "方式, 方法"
        ]
    },
    {
        "name": "resilient",
        "usphone": "rɪˈzɪliənt",
        "ukphone": "rɪˈzɪliənt",
        "trans": [
            "达观的, 适应性强的"
        ]
    },
    {
        "name": "pragmatic",
        "usphone": "præɡˈmætɪk",
        "ukphone": "præɡˈmætɪk",
        "trans": [
            "务实的,实事求是的,注重实效的"
        ]
    },
    {
        "name": "sculpture",
        "usphone": "ˈskʌlptʃər",
        "ukphone": "ˈskʌlptʃə(r)",
        "trans": [
            "雕塑; 雕刻"
        ]
    },
    {
        "name": "architecture",
        "usphone": "ˈɑːrkɪtektʃər",
        "ukphone": "ˈɑːkɪtektʃə(r)",
        "trans": [
            "建筑学,建筑美学"
        ]
    },
    {
        "name": "perspective",
        "usphone": "pərˈspektɪv",
        "ukphone": "pəˈspektɪv",
        "trans": [
            "观点,态度,看法"
        ]
    },
    {
        "name": "evoke",
        "usphone": "ɪˈvoʊk",
        "ukphone": "ɪˈvəʊk",
        "trans": [
            "唤起"
        ]
    },
    {
        "name": "craft",
        "usphone": "kræft",
        "ukphone": "krɑːft",
        "trans": [
            "手工艺"
        ]
    },
    {
        "name": "graphic",
        "usphone": "ˈɡræfɪk",
        "ukphone": "ˈɡræfɪk",
        "trans": [
            "图形"
        ]
    },
    {
        "name": "design",
        "usphone": "dɪˈzaɪn",
        "ukphone": "dɪˈzaɪn",
        "trans": [
            "设计"
        ]
    },
    {
        "name": "ceramic",
        "usphone": "səˈræmɪk",
        "ukphone": "səˈræmɪk",
        "trans": [
            "制陶工艺,陶器制法"
        ]
    },
    {
        "name": "architecture",
        "usphone": "ˈɑːrkɪtektʃər",
        "ukphone": "ˈɑːkɪtektʃə(r)",
        "trans": [
            "建筑学,建筑美学"
        ]
    },
    {
        "name": "photograph",
        "usphone": "ˈfoʊtəɡræf",
        "ukphone": "ˈfəʊtəɡrɑːf",
        "trans": [
            "相片, 照片"
        ]
    },
    {
        "name": "industrial",
        "usphone": "ɪnˈdʌstriəl",
        "ukphone": "ɪnˈdʌstriəl",
        "trans": [
            "工业的, 与工业有关的"
        ]
    },
    {
        "name": "painting",
        "usphone": "ˈpeɪntɪŋ",
        "ukphone": "ˈpeɪntɪŋ",
        "trans": [
            "油画"
        ]
    },
    {
        "name": "drawing",
        "usphone": "ˈdrɔːɪŋ",
        "ukphone": "ˈdrɔːɪŋ",
        "trans": [
            "图画"
        ]
    },
    {
        "name": "pottery",
        "usphone": "ˈpɑːtəri",
        "ukphone": "ˈpɒtəri",
        "trans": [
            "陶器"
        ]
    },
    {
        "name": "contrast",
        "usphone": "ˈkɑːntræst",
        "ukphone": "ˈkɒntrɑːst",
        "trans": [
            "对比, 对照"
        ]
    },
    {
        "name": "convey",
        "usphone": "kənˈveɪ",
        "ukphone": "kənˈveɪ",
        "trans": [
            "传递,表达(思想、感情等)"
        ]
    },
    {
        "name": "theme",
        "usphone": "θiːm",
        "ukphone": "θiːm",
        "trans": [
            "主题, 话题, 题目"
        ]
    },
    {
        "name": "inference",
        "usphone": "ˈɪnfərəns",
        "ukphone": "ˈɪnfərəns",
        "trans": [
            "推断结果,结论;推论,推理,推断"
        ]
    },
    {
        "name": "fascinate",
        "usphone": "ˈfæsɪneɪt",
        "ukphone": "ˈfæsɪneɪt",
        "trans": [
            "吸引"
        ]
    },
    {
        "name": "character",
        "usphone": "ˈkærəktər",
        "ukphone": "ˈkærəktə(r)",
        "trans": [
            "主要人物"
        ]
    },
    {
        "name": "thin",
        "usphone": "θɪn",
        "ukphone": "θɪn",
        "trans": [
            "瘦的, 肉少的"
        ]
    },
    {
        "name": "wiry",
        "usphone": "ˈwaɪəri",
        "ukphone": "ˈwaɪəri",
        "trans": [
            "肌肉强韧的,坚硬的,瘦长而结实的"
        ]
    },
    {
        "name": "dark",
        "usphone": "dɑːrk",
        "ukphone": "dɑːk",
        "trans": [
            "黑暗的, 暗的, 阴暗的"
        ]
    },
    {
        "name": "foggy",
        "usphone": "ˈfɔːɡi",
        "ukphone": "ˈfɒɡi",
        "trans": [
            "模糊的，有雾的"
        ]
    },
    {
        "name": "dim",
        "usphone": "dɪm",
        "ukphone": "dɪm",
        "trans": [
            "暗淡的"
        ]
    },
    {
        "name": "glow",
        "usphone": "ɡloʊ",
        "ukphone": "ɡləʊ",
        "trans": [
            "辉光"
        ]
    },
    {
        "name": "stimulate",
        "usphone": "ˈstɪmjuleɪt",
        "ukphone": "ˈstɪmjuleɪt",
        "trans": [
            "刺激"
        ]
    },
    {
        "name": "innovation",
        "usphone": "ˌɪnəˈveɪʃn",
        "ukphone": "ˌɪnəˈveɪʃn",
        "trans": [
            "新方法,新事物;革新,创新"
        ]
    },
    {
        "name": "curiosity",
        "usphone": "ˌkjʊriˈɑːsəti",
        "ukphone": "ˌkjʊəriˈɒsəti",
        "trans": [
            "好奇心"
        ]
    },
    {
        "name": "visualize",
        "usphone": "ˈvɪʒuəlaɪz",
        "ukphone": "ˈvɪʒuəlaɪz",
        "trans": [
            "形象, 想象, 形象化; 想象, 显现"
        ]
    },
    {
        "name": "moral",
        "usphone": "ˈmɔːrəl",
        "ukphone": "ˈmɒrəl",
        "trans": [
            "道德(上)的"
        ]
    },
    {
        "name": "gang",
        "usphone": "ɡæŋ",
        "ukphone": "ɡæŋ",
        "trans": [
            "团伙，匪帮"
        ]
    },
    {
        "name": "dilapidated",
        "usphone": "dɪˈlæpɪdeɪtɪd",
        "ukphone": "dɪˈlæpɪdeɪtɪd",
        "trans": [
            "残破的"
        ]
    },
    {
        "name": "combat",
        "usphone": "ˈkɑːmbæt",
        "ukphone": "ˈkɒmbæt",
        "trans": [
            "阻止,防止"
        ]
    },
    {
        "name": "revitalize",
        "usphone": "ˌriːˈvaɪtəlaɪz",
        "ukphone": "ˌriːˈvaɪtəlaɪz",
        "trans": [
            "使(某事物)恢复生机; 使新生; 使再兴"
        ]
    },
    {
        "name": "graffiti",
        "usphone": "ɡrəˈfiːti",
        "ukphone": "ɡrəˈfiːti",
        "trans": [
            "涂鸦"
        ]
    },
    {
        "name": "sponsor",
        "usphone": "ˈspɑːnsər",
        "ukphone": "ˈspɒnsə(r)",
        "trans": [
            "赞助商"
        ]
    },
    {
        "name": "vandalism",
        "usphone": "ˈvændəlɪzəm",
        "ukphone": "ˈvændəlɪzəm",
        "trans": [
            "人为破坏"
        ]
    },
    {
        "name": "attack",
        "usphone": "əˈtæk",
        "ukphone": "əˈtæk",
        "trans": [
            "攻击, 袭击"
        ]
    },
    {
        "name": "violent",
        "usphone": "ˈvaɪələnt",
        "ukphone": "ˈvaɪələnt",
        "trans": [
            "猛烈的, 强烈的, 暴力的, 极端的"
        ]
    },
    {
        "name": "neglected",
        "usphone": "nɪˈɡlektɪd",
        "ukphone": "nɪˈɡlektɪd",
        "trans": [
            "忽视的; 弃置的; 疏忽的, 玩忽的"
        ]
    },
    {
        "name": "disadvantaged",
        "usphone": "ˌdɪsədˈvæntɪdʒd",
        "ukphone": "ˌdɪsədˈvɑːntɪdʒd",
        "trans": [
            "贫困的"
        ]
    },
    {
        "name": "insufficient",
        "usphone": "ˌɪnsəˈfɪʃnt",
        "ukphone": "ˌɪnsəˈfɪʃnt",
        "trans": [
            "不足的"
        ]
    },
    {
        "name": "illiterate",
        "usphone": "ɪˈlɪtərət",
        "ukphone": "ɪˈlɪtərət",
        "trans": [
            "不识字的; 没受教育的"
        ]
    },
    {
        "name": "improbable",
        "usphone": "ɪmˈprɑːbəbl",
        "ukphone": "ɪmˈprɒbəbl",
        "trans": [
            "未必会发生的; 不大可能的"
        ]
    },
    {
        "name": "irregular",
        "usphone": "ɪˈreɡjələr",
        "ukphone": "ɪˈreɡjələ(r)",
        "trans": [
            "(形状)不规则的; (安排)无规律的; 不平坦的"
        ]
    },
    {
        "name": "undernourished",
        "usphone": "ˌʌndərˈnɜːrɪʃt",
        "ukphone": "ˌʌndəˈnʌrɪʃt",
        "trans": [
            "营养不良的"
        ]
    },
    {
        "name": "overpopulated",
        "usphone": "ˌoʊvərˈpɑːpjuleɪtɪd",
        "ukphone": "ˌəʊvəˈpɒpjuleɪtɪd",
        "trans": [
            "人口过多的"
        ]
    },
    {
        "name": "philanthropy",
        "usphone": "fɪˈlænθrəpi",
        "ukphone": "fɪˈlænθrəpi",
        "trans": [
            "博爱, 慈善, 仁慈"
        ]
    },
    {
        "name": "donor",
        "usphone": "ˈdoʊnər",
        "ukphone": "ˈdəʊnə(r)",
        "trans": [
            "捐赠者"
        ]
    },
    {
        "name": "expertise",
        "usphone": "ˌekspɜːrˈtiːz",
        "ukphone": "ˌekspɜːˈtiːz",
        "trans": [
            "专门知识"
        ]
    },
    {
        "name": "pledge",
        "usphone": "pledʒ",
        "ukphone": "pledʒ",
        "trans": [
            "发誓,起誓,保证"
        ]
    },
    {
        "name": "conform",
        "usphone": "kənˈfɔːrm",
        "ukphone": "kənˈfɔːm",
        "trans": [
            "顺应,顺从(大多数人或社会)"
        ]
    },
    {
        "name": "manipulate",
        "usphone": "məˈnɪpjuleɪt",
        "ukphone": "məˈnɪpjuleɪt",
        "trans": [
            "控制, 操纵, 影响"
        ]
    },
    {
        "name": "turnover",
        "usphone": "ˈtɜːrnoʊvər",
        "ukphone": "ˈtɜːnəʊvə(r)",
        "trans": [
            "营业额,周转额"
        ]
    },
    {
        "name": "perception",
        "usphone": "pərˈsepʃn",
        "ukphone": "pəˈsepʃn",
        "trans": [
            "知觉, 领悟力, 感觉"
        ]
    },
    {
        "name": "publicity",
        "usphone": "pʌbˈlɪsəti",
        "ukphone": "pʌbˈlɪsəti",
        "trans": [
            "宣传, 宣扬, 广告"
        ]
    },
    {
        "name": "conflict",
        "usphone": "ˈkɑːnflɪkt",
        "ukphone": "ˈkɒnflɪkt",
        "trans": [
            "冲突, 矛盾"
        ]
    },
    {
        "name": "climate",
        "usphone": "ˈklaɪmət",
        "ukphone": "ˈklaɪmət",
        "trans": [
            "气候"
        ]
    },
    {
        "name": "population",
        "usphone": "ˌpɑːpjuˈleɪʃn",
        "ukphone": "ˌpɒpjuˈleɪʃn",
        "trans": [
            "人口"
        ]
    },
    {
        "name": "natural",
        "usphone": "ˈnætʃrəl",
        "ukphone": "ˈnætʃrəl",
        "trans": [
            "自然的, 天然的"
        ]
    },
    {
        "name": "explosion",
        "usphone": "ɪkˈsploʊʒn",
        "ukphone": "ɪkˈspləʊʒn",
        "trans": [
            "爆炸"
        ]
    },
    {
        "name": "wildlife",
        "usphone": "ˈwaɪldlaɪf",
        "ukphone": "ˈwaɪldlaɪf",
        "trans": [
            "野生动植物"
        ]
    },
    {
        "name": "propose",
        "usphone": "prəˈpoʊz",
        "ukphone": "prəˈpəʊz",
        "trans": [
            "提议, 提案"
        ]
    },
    {
        "name": "conservation",
        "usphone": "ˌkɑːnsərˈveɪʃn",
        "ukphone": "ˌkɒnsəˈveɪʃn",
        "trans": [
            "(对自然环境的)保护"
        ]
    },
    {
        "name": "species",
        "usphone": "ˈspiːʃiːz",
        "ukphone": "ˈspiːʃiːz",
        "trans": [
            "种类,物种"
        ]
    },
    {
        "name": "extinct",
        "usphone": "ɪkˈstɪŋkt",
        "ukphone": "ɪkˈstɪŋkt",
        "trans": [
            "灭绝的"
        ]
    },
    {
        "name": "biodiversity",
        "usphone": "ˌbaɪoʊdaɪˈvɜːrsəti",
        "ukphone": "ˌbaɪəʊdaɪˈvɜːsəti",
        "trans": [
            "生物多样性(维持着生态环境平衡的大量各种生物的共存)"
        ]
    },
    {
        "name": "conflict",
        "usphone": "ˈkɑːnflɪkt",
        "ukphone": "ˈkɒnflɪkt",
        "trans": [
            "冲突, 矛盾"
        ]
    },
    {
        "name": "habitat",
        "usphone": "ˈhæbɪtæt",
        "ukphone": "ˈhæbɪtæt",
        "trans": [
            "栖息地"
        ]
    },
    {
        "name": "viable",
        "usphone": "ˈvaɪəbl",
        "ukphone": "ˈvaɪəbl",
        "trans": [
            "切实可行的; 可实施的"
        ]
    },
    {
        "name": "urge",
        "usphone": "ɜːrdʒ",
        "ukphone": "ɜːdʒ",
        "trans": [
            "力劝"
        ]
    },
    {
        "name": "petroleum",
        "usphone": "pəˈtroʊliəm",
        "ukphone": "pəˈtrəʊliəm",
        "trans": [
            "石油"
        ]
    },
    {
        "name": "biodegradable",
        "usphone": "ˌbaɪoʊdɪˈɡreɪdəbl",
        "ukphone": "ˌbaɪəʊdɪˈɡreɪdəbl",
        "trans": [
            "生物降解的"
        ]
    },
    {
        "name": "soil",
        "usphone": "sɔɪl",
        "ukphone": "sɔɪl",
        "trans": [
            "土壤, 土地"
        ]
    },
    {
        "name": "green",
        "usphone": "ɡriːn",
        "ukphone": "ɡriːn",
        "trans": [
            "保护环境的"
        ]
    },
    {
        "name": "recycle",
        "usphone": "ˌriːˈsaɪkl",
        "ukphone": "ˌriːˈsaɪkl",
        "trans": [
            "回收"
        ]
    },
    {
        "name": "reuse",
        "usphone": "ˌriːˈjuːz",
        "ukphone": "ˌriːˈjuːz",
        "trans": [
            "再用, 重新使用"
        ]
    },
    {
        "name": "resource",
        "usphone": "ˈriːsɔːrs",
        "ukphone": "rɪˈsɔːs",
        "trans": [
            "资源"
        ]
    },
    {
        "name": "packaging",
        "usphone": "ˈpækɪdʒɪŋ",
        "ukphone": "ˈpækɪdʒɪŋ",
        "trans": [
            "包装"
        ]
    },
    {
        "name": "sustainable",
        "usphone": "səˈsteɪnəbl",
        "ukphone": "səˈsteɪnəbl",
        "trans": [
            "可持续的, 合理利用的"
        ]
    },
    {
        "name": "coal",
        "usphone": "koʊl",
        "ukphone": "kəʊl",
        "trans": [
            "煤"
        ]
    },
    {
        "name": "solar",
        "usphone": "ˈsoʊlər",
        "ukphone": "ˈsəʊlə(r)",
        "trans": [
            "太阳的,根据太阳运行测量的;太阳的,日光的"
        ]
    },
    {
        "name": "waste",
        "usphone": "weɪst",
        "ukphone": "weɪst",
        "trans": [
            "废弃品, 废料, 废物, 垃圾"
        ]
    },
    {
        "name": "hydropower",
        "trans": [
            "水力发出的电力, 水电"
        ],
        "usphone": "'haɪdro,paʊɚ",
        "ukphone": "'haɪdrə(ʊ)paʊə"
    },
    {
        "name": "wind",
        "usphone": "wɪnd",
        "ukphone": "wɪnd",
        "trans": [
            "风, 气流"
        ]
    },
    {
        "name": "gas",
        "usphone": "ɡæs",
        "ukphone": "ɡæs",
        "trans": [
            "汽油"
        ]
    },
    {
        "name": "endangered",
        "usphone": "ɪnˈdeɪndʒərd",
        "ukphone": "ɪnˈdeɪndʒəd",
        "trans": [
            "濒危灭绝的"
        ]
    },
    {
        "name": "surprised",
        "usphone": "sərˈpraɪzd",
        "ukphone": "səˈpraɪzd",
        "trans": [
            "感到惊讶的"
        ]
    },
    {
        "name": "expect",
        "usphone": "ɪkˈspekt",
        "ukphone": "ɪkˈspekt",
        "trans": [
            "期待"
        ]
    },
    {
        "name": "income",
        "usphone": "ˈɪnkʌm",
        "ukphone": "ˈɪnkʌm",
        "trans": [
            "进款, 收入"
        ]
    },
    {
        "name": "wage",
        "usphone": "weɪdʒ",
        "ukphone": "weɪdʒ",
        "trans": [
            "薪水, 工资, 报偿"
        ]
    },
    {
        "name": "tax",
        "usphone": "tæks",
        "ukphone": "tæks",
        "trans": [
            "税金, 税"
        ]
    },
    {
        "name": "rate",
        "usphone": "reɪt",
        "ukphone": "reɪt",
        "trans": [
            "速率, 速度"
        ]
    },
    {
        "name": "interest",
        "usphone": "ˈɪntrəst",
        "ukphone": "ˈɪntrəst",
        "trans": [
            "利息"
        ]
    },
    {
        "name": "cut",
        "usphone": "kʌt",
        "ukphone": "kʌt",
        "trans": [
            "减少"
        ]
    },
    {
        "name": "profit",
        "usphone": "ˈprɑːfɪt",
        "ukphone": "ˈprɒfɪt",
        "trans": [
            "利润, 利益, 赢利"
        ]
    },
    {
        "name": "forecast",
        "usphone": "ˈfɔːrkæst",
        "ukphone": "ˈfɔːkɑːst",
        "trans": [
            "预测"
        ]
    },
    {
        "name": "round",
        "usphone": "raʊnd",
        "ukphone": "raʊnd",
        "trans": [
            "一轮"
        ]
    },
    {
        "name": "headcount",
        "usphone": "ˈhedkaʊnt",
        "ukphone": "ˈhedkaʊnt",
        "trans": [
            "员工总数"
        ]
    },
    {
        "name": "cap",
        "usphone": "kæp",
        "ukphone": "kæp",
        "trans": [
            "最高限度, 封顶"
        ]
    },
    {
        "name": "freeze",
        "usphone": "friːz",
        "ukphone": "friːz",
        "trans": [
            "冻结"
        ]
    },
    {
        "name": "pension",
        "usphone": "ˈpenʃn",
        "ukphone": "ˈpenʃn",
        "trans": [
            "抚恤金, 养老金"
        ]
    },
    {
        "name": "fund",
        "usphone": "fʌnd",
        "ukphone": "fʌnd",
        "trans": [
            "资金, 基金"
        ]
    },
    {
        "name": "investment",
        "usphone": "ɪnˈvestmənt",
        "ukphone": "ɪnˈvestmənt",
        "trans": [
            "投资"
        ]
    },
    {
        "name": "conservative",
        "usphone": "kənˈsɜːrvətɪv",
        "ukphone": "kənˈsɜːvətɪv",
        "trans": [
            "保守的"
        ]
    },
    {
        "name": "retirement",
        "usphone": "rɪˈtaɪərmənt",
        "ukphone": "rɪˈtaɪəmənt",
        "trans": [
            "退休"
        ]
    },
    {
        "name": "stable",
        "usphone": "ˈsteɪbl",
        "ukphone": "ˈsteɪbl",
        "trans": [
            "固定的, 稳定的"
        ]
    },
    {
        "name": "market",
        "usphone": "ˈmɑːrkɪt",
        "ukphone": "ˈmɑːkɪt",
        "trans": [
            "市场, 集市"
        ]
    },
    {
        "name": "guarantee",
        "usphone": "ˌɡærənˈtiː",
        "ukphone": "ˌɡærənˈtiː",
        "trans": [
            "保证, 许诺"
        ]
    },
    {
        "name": "return",
        "usphone": "rɪˈtɜːrn",
        "ukphone": "rɪˈtɜːn",
        "trans": [
            "收益, 回报"
        ]
    },
    {
        "name": "reflect",
        "usphone": "rɪˈflekt",
        "ukphone": "rɪˈflekt",
        "trans": [
            "反映, 表现, 反射"
        ]
    },
    {
        "name": "threaten",
        "usphone": "ˈθretn",
        "ukphone": "ˈθretn",
        "trans": [
            "威胁, 恐吓"
        ]
    },
    {
        "name": "risky",
        "usphone": "ˈrɪski",
        "ukphone": "ˈrɪski",
        "trans": [
            "危险的;冒险的,孤注一掷的"
        ]
    },
    {
        "name": "volatile",
        "usphone": "ˈvɑːlətl",
        "ukphone": "ˈvɒlətaɪl",
        "trans": [
            "(指人)情绪或兴趣多变的, 无常性的"
        ]
    },
    {
        "name": "adjust",
        "usphone": "əˈdʒʌst",
        "ukphone": "əˈdʒʌst",
        "trans": [
            "调整, 调节"
        ]
    },
    {
        "name": "bubble",
        "usphone": "ˈbʌbl",
        "ukphone": "ˈbʌbl",
        "trans": [
            "气泡, 泡沫"
        ]
    },
    {
        "name": "tariff",
        "usphone": "ˈtærɪf",
        "ukphone": "ˈtærɪf",
        "trans": [
            "关税"
        ]
    },
    {
        "name": "trade",
        "usphone": "treɪd",
        "ukphone": "treɪd",
        "trans": [
            "贸易, 交易"
        ]
    },
    {
        "name": "capital",
        "usphone": "ˈkæpɪtl",
        "ukphone": "ˈkæpɪtl",
        "trans": [
            "资金, 资本"
        ]
    },
    {
        "name": "cashless",
        "usphone": "ˈkæʃləs",
        "ukphone": "ˈkæʃləs",
        "trans": [
            "没钱的,无现金的"
        ]
    },
    {
        "name": "privacy",
        "usphone": "ˈpraɪvəsi",
        "ukphone": "ˈprɪvəsi",
        "trans": [
            "独处或不受干扰的状况,隐私,隐居"
        ]
    },
    {
        "name": "revenue",
        "usphone": "ˈrevənuː",
        "ukphone": "ˈrevənjuː",
        "trans": [
            "收入; (尤指)岁入,各项收入; 总收入"
        ]
    },
    {
        "name": "advocate",
        "usphone": "ˈædvəkeɪt",
        "ukphone": "ˈædvəkeɪt",
        "trans": [
            "提倡者,支持者,拥护者"
        ]
    },
    {
        "name": "monitor",
        "usphone": "ˈmɑːnɪtər",
        "ukphone": "ˈmɒnɪtə(r)",
        "trans": [
            "监控, 监听, 监测, 监视"
        ]
    },
    {
        "name": "cite",
        "usphone": "saɪt",
        "ukphone": "saɪt",
        "trans": [
            "引用,提出,举出;援引,引证"
        ]
    },
    {
        "name": "injection",
        "usphone": "ɪnˈdʒekʃn",
        "ukphone": "ɪnˈdʒekʃn",
        "trans": [
            "注射, 注射剂, (毛细血管等的)充血,"
        ]
    },
    {
        "name": "recession",
        "usphone": "rɪˈseʃn",
        "ukphone": "rɪˈseʃn",
        "trans": [
            "(经济)衰退; 不景气"
        ]
    },
    {
        "name": "boost",
        "usphone": "buːst",
        "ukphone": "buːst",
        "trans": [
            "提高,增长"
        ]
    },
    {
        "name": "debt",
        "usphone": "det",
        "ukphone": "det",
        "trans": [
            "债务"
        ]
    },
    {
        "name": "resource",
        "usphone": "ˈriːsɔːrs",
        "ukphone": "rɪˈsɔːs",
        "trans": [
            "资源"
        ]
    },
    {
        "name": "import",
        "usphone": "ˈɪmpɔːrt",
        "ukphone": "ˈɪmpɔːt",
        "trans": [
            "进口"
        ]
    },
    {
        "name": "export",
        "usphone": "ɪkˈspɔːrt",
        "ukphone": "ɪkˈspɔːt",
        "trans": [
            "出口"
        ]
    },
    {
        "name": "protectionism",
        "usphone": "prəˈtekʃənɪzəm",
        "ukphone": "prəˈtekʃənɪzəm",
        "trans": [
            "保护主义,贸易保护主义"
        ]
    },
    {
        "name": "domestic",
        "usphone": "dəˈmestɪk",
        "ukphone": "dəˈmestɪk",
        "trans": [
            "国家的, 国内的"
        ]
    },
    {
        "name": "global",
        "usphone": "ˈɡloʊbl",
        "ukphone": "ˈɡləʊbl",
        "trans": [
            "全球的, 全球性的"
        ]
    },
    {
        "name": "economy",
        "usphone": "ɪˈkɑːnəmi",
        "ukphone": "ɪˈkɒnəmi",
        "trans": [
            "经济"
        ]
    },
    {
        "name": "customs",
        "usphone": "ˈkʌstəmz",
        "ukphone": "ˈkʌstəmz",
        "trans": [
            "海关"
        ]
    },
    {
        "name": "duty",
        "usphone": "ˈduːti",
        "ukphone": "ˈdjuːti",
        "trans": [
            "职责, 值班"
        ]
    },
    {
        "name": "regional",
        "usphone": "ˈriːdʒənl",
        "ukphone": "ˈriːdʒənl",
        "trans": [
            "地区的, 区域性的"
        ]
    },
    {
        "name": "common",
        "usphone": "ˈkɑːmən",
        "ukphone": "ˈkɒmən",
        "trans": [
            "普通的, 一般的"
        ]
    },
    {
        "name": "currency",
        "usphone": "ˈkɜːrənsi",
        "ukphone": "ˈkʌrənsi",
        "trans": [
            "货币"
        ]
    },
    {
        "name": "freedom",
        "usphone": "ˈfriːdəm",
        "ukphone": "ˈfriːdəm",
        "trans": [
            "自由"
        ]
    },
    {
        "name": "movement",
        "usphone": "ˈmuːvmənt",
        "ukphone": "ˈmuːvmənt",
        "trans": [
            "(政治, 社会, 思想)运动团体"
        ]
    },
    {
        "name": "state",
        "usphone": "steɪt",
        "ukphone": "steɪt",
        "trans": [
            "州"
        ]
    },
    {
        "name": "growth",
        "usphone": "ɡroʊθ",
        "ukphone": "ɡrəʊθ",
        "trans": [
            "生长"
        ]
    }
]