[
  {
    "name": "cappuccino",
    "usphone": "ˌkæpuˈtʃiːnoʊ",
    "ukphone": "ˌkæpuˈtʃiːnəʊ",
    "trans": [
      "卡普奇诺咖啡"
    ]
  },
  {
    "name": "cheesecake",
    "usphone": "ˈtʃiːzkeɪk",
    "ukphone": "ˈtʃiːzkeɪk",
    "trans": [
      "乳酪蛋糕"
    ]
  },
  {
    "name": "espresso",
    "usphone": "eˈspresoʊ",
    "ukphone": "eˈspresəʊ",
    "trans": [
      "浓咖啡"
    ]
  },
  {
    "name": "brownie",
    "usphone": "ˈbraʊni",
    "ukphone": "ˈbraʊni",
    "trans": [
      "巧克力蛋糕"
    ]
  },
  {
    "name": "lasagna",
    "trans": [
      "卤汁宽面(加肉汁﹑ 蕃茄和乾酪烹制的)"
    ]
  },
  {
    "name": "organic",
    "usphone": "ɔːrˈɡænɪk",
    "ukphone": "ɔːˈɡænɪk",
    "trans": [
      "有机的"
    ]
  },
  {
    "name": "sundae",
    "usphone": "ˈsʌndeɪ",
    "ukphone": "ˈsʌndeɪ",
    "trans": [
      "圣代冰淇淋"
    ]
  },
  {
    "name": "vegan",
    "usphone": "ˈviːɡən",
    "ukphone": "ˈviːɡən",
    "trans": [
      "纯素主义者(既不吃也不用任何动物产品, 如蛋﹑ 丝绸﹑皮革)"
    ]
  },
  {
    "name": "vegetarian",
    "usphone": "ˌvedʒəˈteriən",
    "ukphone": "ˌvedʒəˈteəriən",
    "trans": [
      "素食者"
    ]
  },
  {
    "name": "wild",
    "usphone": "waɪld",
    "ukphone": "waɪld",
    "trans": [
      "野的, 野生的, 未驯化的"
    ]
  },
  {
    "name": "steak",
    "usphone": "steɪk",
    "ukphone": "steɪk",
    "trans": [
      "牛排"
    ]
  },
  {
    "name": "shrimp",
    "usphone": "ʃrɪmp",
    "ukphone": "ʃrɪmp",
    "trans": [
      "小虾"
    ]
  },
  {
    "name": "salad",
    "usphone": "ˈsæləd",
    "ukphone": "ˈsæləd",
    "trans": [
      "沙拉, 色拉"
    ]
  },
  {
    "name": "corn",
    "usphone": "kɔːrn",
    "ukphone": "kɔːn",
    "trans": [
      "玉米"
    ]
  },
  {
    "name": "bean",
    "usphone": "biːn",
    "ukphone": "biːn",
    "trans": [
      "豆子,豆荚,其他植物的类似种子"
    ]
  },
  {
    "name": "potato",
    "usphone": "pəˈteɪtoʊ",
    "ukphone": "pəˈteɪtəʊ",
    "trans": [
      "马铃薯, 土豆"
    ]
  },
  {
    "name": "dressing",
    "usphone": "ˈdresɪŋ",
    "ukphone": "ˈdresɪŋ",
    "trans": [
      "调味品"
    ]
  },
  {
    "name": "oil",
    "usphone": "ɔɪl",
    "ukphone": "ɔɪl",
    "trans": [
      "石油, 汽油"
    ]
  },
  {
    "name": "vinegar",
    "usphone": "ˈvɪnɪɡər",
    "ukphone": "ˈvɪnɪɡə(r)",
    "trans": [
      "醋"
    ]
  },
  {
    "name": "check",
    "usphone": "tʃek",
    "ukphone": "tʃek",
    "trans": [
      "支票"
    ]
  },
  {
    "name": "bill",
    "usphone": "bɪl",
    "ukphone": "bɪl",
    "trans": [
      "账单"
    ]
  },
  {
    "name": "bake",
    "usphone": "beɪk",
    "ukphone": "beɪk",
    "trans": [
      "烤, 烘焙"
    ]
  },
  {
    "name": "mash",
    "usphone": "mæʃ",
    "ukphone": "mæʃ",
    "trans": [
      "捣成糊状"
    ]
  },
  {
    "name": "pudding",
    "usphone": "ˈpʊdɪŋ",
    "ukphone": "ˈpʊdɪŋ",
    "trans": [
      "布丁"
    ]
  },
  {
    "name": "split",
    "usphone": "splɪt",
    "ukphone": "splɪt",
    "trans": [
      "（使）分开；（使）断裂；（使）（团体）意见不合； （使）分裂"
    ]
  },
  {
    "name": "tart",
    "usphone": "tɑːrt",
    "ukphone": "tɑːt",
    "trans": [
      "馅饼"
    ]
  },
  {
    "name": "fat-free",
    "trans": [
      "不含脂肪"
    ]
  },
  {
    "name": "local",
    "usphone": "ˈloʊkl",
    "ukphone": "ˈləʊkl",
    "trans": [
      "地方性的, 当地的, 本地的"
    ]
  },
  {
    "name": "low-fat",
    "trans": [
      "低脂肪的"
    ]
  },
  {
    "name": "asparagus",
    "usphone": "əˈspærəɡəs",
    "ukphone": "əˈspærəɡəs",
    "trans": [
      "芦笋"
    ]
  },
  {
    "name": "crash",
    "usphone": "kræʃ",
    "ukphone": "kræʃ",
    "trans": [
      "死机、系统崩溃"
    ]
  },
  {
    "name": "productive",
    "usphone": "prəˈdʌktɪv",
    "ukphone": "prəˈdʌktɪv",
    "trans": [
      "生产的,生产性的,多产的"
    ]
  },
  {
    "name": "flexible",
    "usphone": "ˈfleksəbl",
    "ukphone": "ˈfleksəbl",
    "trans": [
      "柔韧的, 灵活的, 易弯曲的, 可变通的"
    ]
  },
  {
    "name": "old- fashioned",
    "trans": [
      "旧式的, 过时的"
    ]
  },
  {
    "name": "dependable",
    "usphone": "dɪˈpendəbl",
    "ukphone": "dɪˈpendəbl",
    "trans": [
      "可靠的"
    ]
  },
  {
    "name": "powerful",
    "usphone": "ˈpaʊərfl",
    "ukphone": "ˈpaʊəfl",
    "trans": [
      "强有力的, 强大的, 有权的, 强健的"
    ]
  },
  {
    "name": "discount",
    "usphone": "ˈdɪskaʊnt",
    "ukphone": "ˈdɪskaʊnt",
    "trans": [
      "折扣"
    ]
  },
  {
    "name": "finalize",
    "usphone": "ˈfaɪnəlaɪz",
    "ukphone": "ˈfaɪnəlaɪz",
    "trans": [
      "完成, 确定"
    ]
  },
  {
    "name": "accept",
    "usphone": "əkˈsept",
    "ukphone": "əkˈsept",
    "trans": [
      "答应, 允准"
    ]
  },
  {
    "name": "total",
    "usphone": "ˈtoʊtl",
    "ukphone": "ˈtəʊtl",
    "trans": [
      "总数, 合计"
    ]
  },
  {
    "name": "service",
    "usphone": "ˈsɜːrvɪs",
    "ukphone": "ˈsɜːvɪs",
    "trans": [
      "服务"
    ]
  },
  {
    "name": "confirm",
    "usphone": "kənˈfɜːrm",
    "ukphone": "kənˈfɜːm",
    "trans": [
      "确认"
    ]
  },
  {
    "name": "upgrade",
    "usphone": "ˌʌpˈɡreɪd",
    "ukphone": "ˌʌpˈɡreɪd",
    "trans": [
      "升级; 更新, 安装程序更新的版本或用更新的零件替换系统零件 (计算机用语)"
    ]
  },
  {
    "name": "vendor",
    "usphone": "ˈvendər",
    "ukphone": "ˈvendə(r)",
    "trans": [
      "小贩; 推销员"
    ]
  },
  {
    "name": "basic",
    "usphone": "ˈbeɪsɪk",
    "ukphone": "ˈbeɪsɪk",
    "trans": [
      "基本的, 基础的"
    ]
  },
  {
    "name": "bulk",
    "usphone": "bʌlk",
    "ukphone": "bʌlk",
    "trans": [
      "大块,主体"
    ]
  },
  {
    "name": "clarify",
    "usphone": "ˈklærəfaɪ",
    "ukphone": "ˈklærəfaɪ",
    "trans": [
      "澄清,说明,阐明,讲清楚"
    ]
  },
  {
    "name": "contract",
    "usphone": "ˈkɑːntrækt",
    "ukphone": "ˈkɒntrækt",
    "trans": [
      "合同"
    ]
  },
  {
    "name": "durable",
    "usphone": "ˈdʊrəbl",
    "ukphone": "ˈdjʊərəbl",
    "trans": [
      "耐用的"
    ]
  },
  {
    "name": "enormous",
    "usphone": "ɪˈnɔːrməs",
    "ukphone": "ɪˈnɔːməs",
    "trans": [
      "巨大的, 庞大的"
    ]
  },
  {
    "name": "invoice",
    "usphone": "ˈɪnvɔɪs",
    "ukphone": "ˈɪnvɔɪs",
    "trans": [
      "发票; 发货清单; 服务费用清单"
    ]
  },
  {
    "name": "model",
    "usphone": "ˈmɑːdl",
    "ukphone": "ˈmɒdl",
    "trans": [
      "型号, 样式"
    ]
  },
  {
    "name": "negotiate",
    "usphone": "nɪˈɡoʊʃieɪt",
    "ukphone": "nɪˈɡəʊʃieɪt",
    "trans": [
      "商议; 谈判; 协商"
    ]
  },
  {
    "name": "offer",
    "usphone": "ˈɔːfər",
    "ukphone": "ˈɒfə(r)",
    "trans": [
      "提供, 提议"
    ]
  },
  {
    "name": "preliminary",
    "usphone": "prɪˈlɪmɪneri",
    "ukphone": "prɪˈlɪmɪnəri",
    "trans": [
      "初步的行动﹑ 事件﹑ 措施等"
    ]
  },
  {
    "name": "process",
    "usphone": "ˈprɑːses",
    "ukphone": "ˈprəʊses",
    "trans": [
      "过程, 程序, 步骤, 工序"
    ]
  },
  {
    "name": "solid",
    "usphone": "ˈsɑːlɪd",
    "ukphone": "ˈsɒlɪd",
    "trans": [
      "牢靠的, 有信誉的, 可靠的"
    ]
  },
  {
    "name": "specific",
    "usphone": "spəˈsɪfɪk",
    "ukphone": "spəˈsɪfɪk",
    "trans": [
      "明确的, 特定的, 具体的"
    ]
  },
  {
    "name": "standard",
    "usphone": "ˈstændərd",
    "ukphone": "ˈstændəd",
    "trans": [
      "普通的, 正常的, 一般的"
    ]
  },
  {
    "name": "overtime",
    "usphone": "ˈoʊvərtaɪm",
    "ukphone": "ˈəʊvətaɪm",
    "trans": [
      "加班; 加班时间; 超过时间"
    ]
  },
  {
    "name": "responsibility",
    "usphone": "rɪˌspɑːnsəˈbɪləti",
    "ukphone": "rɪˌspɒnsəˈbɪləti",
    "trans": [
      "责任, 负担, 职责"
    ]
  },
  {
    "name": "spend",
    "usphone": "spend",
    "ukphone": "spend",
    "trans": [
      "花费, 用(钱)"
    ]
  },
  {
    "name": "say",
    "usphone": "seɪ",
    "ukphone": "seɪ",
    "trans": [
      "发言权"
    ]
  },
  {
    "name": "compensation",
    "usphone": "ˌkɑːmpenˈseɪʃn",
    "ukphone": "ˌkɒmpenˈseɪʃn",
    "trans": [
      "补偿金,赔偿金,弥补"
    ]
  },
  {
    "name": "wonder",
    "usphone": "ˈwʌndər",
    "ukphone": "ˈwʌndə(r)",
    "trans": [
      "惊讶, 怀疑, 惊奇, 想知道"
    ]
  },
  {
    "name": "comfortable",
    "usphone": "ˈkʌmftəbl",
    "ukphone": "ˈkʌmftəbl",
    "trans": [
      "自在的, 无忧无虑的"
    ]
  },
  {
    "name": "grab",
    "usphone": "ɡræb",
    "ukphone": "ɡræb",
    "trans": [
      "抓住"
    ]
  },
  {
    "name": "brunch",
    "usphone": "brʌntʃ",
    "ukphone": "brʌntʃ",
    "trans": [
      "早午餐"
    ]
  },
  {
    "name": "population",
    "usphone": "ˌpɑːpjuˈleɪʃn",
    "ukphone": "ˌpɒpjuˈleɪʃn",
    "trans": [
      "人口"
    ]
  },
  {
    "name": "developed",
    "usphone": "dɪˈveləpt",
    "ukphone": "dɪˈveləpt",
    "trans": [
      "发达的"
    ]
  },
  {
    "name": "average",
    "usphone": "ˈævərɪdʒ",
    "ukphone": "ˈævərɪdʒ",
    "trans": [
      "平均数"
    ]
  },
  {
    "name": "struggle",
    "usphone": "ˈstrʌɡl",
    "ukphone": "ˈstrʌɡl",
    "trans": [
      "挣扎, 奋斗"
    ]
  },
  {
    "name": "age",
    "usphone": "eɪdʒ",
    "ukphone": "eɪdʒ",
    "trans": [
      "年龄"
    ]
  },
  {
    "name": "industry",
    "usphone": "ˈɪndəstri",
    "ukphone": "ˈɪndəstri",
    "trans": [
      "工业"
    ]
  },
  {
    "name": "look",
    "usphone": "lʊk",
    "ukphone": "lʊk",
    "trans": [
      "看上去, 好像"
    ]
  },
  {
    "name": "sound",
    "usphone": "saʊnd",
    "ukphone": "saʊnd",
    "trans": [
      "听起来"
    ]
  },
  {
    "name": "feel",
    "usphone": "fiːl",
    "ukphone": "fiːl",
    "trans": [
      "给人某种感觉"
    ]
  },
  {
    "name": "financial",
    "usphone": "faɪˈnænʃl",
    "ukphone": "faɪˈnænʃl",
    "trans": [
      "资金的, 金融的"
    ]
  },
  {
    "name": "optimistic",
    "usphone": "ˌɑːptɪˈmɪstɪk",
    "ukphone": "ˌɒptɪˈmɪstɪk",
    "trans": [
      "乐观的; 有信心的"
    ]
  },
  {
    "name": "retire",
    "usphone": "rɪˈtaɪər",
    "ukphone": "rɪˈtaɪə(r)",
    "trans": [
      "退休, 退出, 退役, 退隐"
    ]
  },
  {
    "name": "career",
    "usphone": "kəˈrɪr",
    "ukphone": "kəˈrɪə(r)",
    "trans": [
      "职业生涯"
    ]
  },
  {
    "name": "change",
    "usphone": "tʃeɪndʒ",
    "ukphone": "tʃeɪndʒ",
    "trans": [
      "改变, 变化"
    ]
  },
  {
    "name": "promotion",
    "usphone": "prəˈmoʊʃn",
    "ukphone": "prəˈməʊʃn",
    "trans": [
      "晋升, 提升, 升迁"
    ]
  },
  {
    "name": "off",
    "usphone": "ɔːf",
    "ukphone": "ɒf",
    "trans": [
      "(离)开, (走)开, (隔)开"
    ]
  },
  {
    "name": "seem",
    "usphone": "siːm",
    "ukphone": "siːm",
    "trans": [
      "看上去, 像是, 似乎"
    ]
  },
  {
    "name": "positive",
    "usphone": "ˈpɑːzətɪv",
    "ukphone": "ˈpɒzətɪv",
    "trans": [
      "肯定的, 绝对的, 积极的"
    ]
  },
  {
    "name": "investment",
    "usphone": "ɪnˈvestmənt",
    "ukphone": "ɪnˈvestmənt",
    "trans": [
      "投资"
    ]
  },
  {
    "name": "issue",
    "usphone": "ˈɪʃuː",
    "ukphone": "ˈɪʃuː",
    "trans": [
      "问题"
    ]
  },
  {
    "name": "doubt",
    "usphone": "daʊt",
    "ukphone": "daʊt",
    "trans": [
      "怀疑"
    ]
  },
  {
    "name": "doubt",
    "usphone": "daʊt",
    "ukphone": "daʊt",
    "trans": [
      "怀疑"
    ]
  },
  {
    "name": "advise",
    "usphone": "ədˈvaɪz",
    "ukphone": "ədˈvaɪz",
    "trans": [
      "劝告某人, 对 提建议"
    ]
  },
  {
    "name": "allow",
    "usphone": "əˈlaʊ",
    "ukphone": "əˈlaʊ",
    "trans": [
      "准许, 许可"
    ]
  },
  {
    "name": "antiseptic",
    "usphone": "ˌæntiˈseptɪk",
    "ukphone": "ˌæntiˈseptɪk",
    "trans": [
      "抗菌剂"
    ]
  },
  {
    "name": "avoid",
    "usphone": "əˈvɔɪd",
    "ukphone": "əˈvɔɪd",
    "trans": [
      "避免, 预防"
    ]
  },
  {
    "name": "bruise",
    "usphone": "bruːz",
    "ukphone": "bruːz",
    "trans": [
      "青肿,伤痕,淤青"
    ]
  },
  {
    "name": "compile",
    "usphone": "kəmˈpaɪl",
    "ukphone": "kəmˈpaɪl",
    "trans": [
      "汇编,编辑;收集资料等"
    ]
  },
  {
    "name": "concern",
    "usphone": "kənˈsɜːrn",
    "ukphone": "kənˈsɜːn",
    "trans": [
      "关心, 顾虑, 挂念"
    ]
  },
  {
    "name": "demand",
    "usphone": "dɪˈmænd",
    "ukphone": "dɪˈmɑːnd",
    "trans": [
      "要求, 需要"
    ]
  },
  {
    "name": "drill",
    "usphone": "drɪl",
    "ukphone": "drɪl",
    "trans": [
      "演练"
    ]
  },
  {
    "name": "ergonomic",
    "usphone": "ˌɜːrɡəˈnɑːmɪk",
    "ukphone": "ˌɜːɡəˈnɒmɪk",
    "trans": [
      "符合人体工程学"
    ]
  },
  {
    "name": "expert",
    "usphone": "ˈekspɜːrt",
    "ukphone": "ˈekspɜːt",
    "trans": [
      "专家"
    ]
  },
  {
    "name": "infect",
    "usphone": "ɪnˈfekt",
    "ukphone": "ɪnˈfekt",
    "trans": [
      "感染, 传染"
    ]
  },
  {
    "name": "insist",
    "usphone": "ɪnˈsɪst",
    "ukphone": "ɪnˈsɪst",
    "trans": [
      "坚持, 坚决认为"
    ]
  },
  {
    "name": "inspector",
    "usphone": "ɪnˈspektər",
    "ukphone": "ɪnˈspektə(r)",
    "trans": [
      "检查员; 视察员; 巡视员; 稽查员; 检验员; 督学."
    ]
  },
  {
    "name": "procedure",
    "usphone": "prəˈsiːdʒər",
    "ukphone": "prəˈsiːdʒə(r)",
    "trans": [
      "程序, 过程, 手续, 步骤"
    ]
  },
  {
    "name": "prohibit",
    "usphone": "prəˈhɪbɪt",
    "ukphone": "prəˈhɪbɪt",
    "trans": [
      "禁止,阻止"
    ]
  },
  {
    "name": "recommend",
    "usphone": "ˌrekəˈmend",
    "ukphone": "ˌrekəˈmend",
    "trans": [
      "建议, 推荐"
    ]
  },
  {
    "name": "rule",
    "usphone": "ruːl",
    "ukphone": "ruːl",
    "trans": [
      "规则, 规定"
    ]
  },
  {
    "name": "splinter",
    "usphone": "ˈsplɪntər",
    "ukphone": "ˈsplɪntə(r)",
    "trans": [
      "破片,碎片"
    ]
  },
  {
    "name": "architecture",
    "usphone": "ˈɑːrkɪtektʃər",
    "ukphone": "ˈɑːkɪtektʃə(r)",
    "trans": [
      "建筑学,建筑美学"
    ]
  },
  {
    "name": "quality",
    "usphone": "ˈkwɑːləti",
    "ukphone": "ˈkwɒləti",
    "trans": [
      "质量, 品质"
    ]
  },
  {
    "name": "historic",
    "usphone": "hɪˈstɔːrɪk",
    "ukphone": "hɪˈstɒrɪk",
    "trans": [
      "历史性"
    ]
  },
  {
    "name": "residential",
    "usphone": "ˌrezɪˈdenʃl",
    "ukphone": "ˌrezɪˈdenʃl",
    "trans": [
      "适合居住的, 住宅的"
    ]
  },
  {
    "name": "district",
    "usphone": "ˈdɪstrɪkt",
    "ukphone": "ˈdɪstrɪkt",
    "trans": [
      "区域"
    ]
  },
  {
    "name": "area",
    "usphone": "ˈeriə",
    "ukphone": "ˈeəriə",
    "trans": [
      "地区, 区域"
    ]
  },
  {
    "name": "crime",
    "usphone": "kraɪm",
    "ukphone": "kraɪm",
    "trans": [
      "犯罪"
    ]
  },
  {
    "name": "face",
    "usphone": "feɪs",
    "ukphone": "feɪs",
    "trans": [
      "面对"
    ]
  },
  {
    "name": "between",
    "usphone": "bɪˈtwiːn",
    "ukphone": "bɪˈtwiːn",
    "trans": [
      "在......中间, 在 之间"
    ]
  },
  {
    "name": "located",
    "usphone": "ˈloʊkeɪtɪd",
    "ukphone": "ləʊˈkeɪtɪd",
    "trans": [
      "坐落的, 位于的"
    ]
  },
  {
    "name": "relieved",
    "usphone": "rɪˈliːvd",
    "ukphone": "rɪˈliːvd",
    "trans": [
      "宽慰的, 放心的"
    ]
  },
  {
    "name": "reasonable",
    "usphone": "ˈriːznəbl",
    "ukphone": "ˈriːznəbl",
    "trans": [
      "合理的, 适当的"
    ]
  },
  {
    "name": "open",
    "usphone": "ˈoʊpən",
    "ukphone": "ˈəʊpən",
    "trans": [
      "坦诚的"
    ]
  },
  {
    "name": "assistant",
    "usphone": "əˈsɪstənt",
    "ukphone": "əˈsɪstənt",
    "trans": [
      "助手, 助理"
    ]
  },
  {
    "name": "employee",
    "usphone": "ɪmˈplɔɪiː",
    "ukphone": "ɪmˈplɔɪiː",
    "trans": [
      "雇员"
    ]
  },
  {
    "name": "welcoming",
    "usphone": "ˈwelkəmɪŋ",
    "ukphone": "ˈwelkəmɪŋ",
    "trans": [
      "受欢迎的, 可喜的, 可任意的"
    ]
  },
  {
    "name": "professional",
    "usphone": "prəˈfeʃənl",
    "ukphone": "prəˈfeʃənl",
    "trans": [
      "专业人员, 专业人才"
    ]
  },
  {
    "name": "responsible",
    "usphone": "rɪˈspɑːnsəbl",
    "ukphone": "rɪˈspɒnsəbl",
    "trans": [
      "可靠的, 可信赖的"
    ]
  },
  {
    "name": "mature",
    "usphone": "məˈtʃʊr",
    "ukphone": "məˈtʃʊə(r)",
    "trans": [
      "成熟的,懂事的"
    ]
  },
  {
    "name": "non-smoker",
    "trans": [
      "不吸烟的人"
    ]
  },
  {
    "name": "pet",
    "usphone": "pet",
    "ukphone": "pet",
    "trans": [
      "宠物"
    ]
  },
  {
    "name": "utility",
    "usphone": "juːˈtɪləti",
    "ukphone": "juːˈtɪləti",
    "trans": [
      "公用事业"
    ]
  },
  {
    "name": "rent",
    "usphone": "rent",
    "ukphone": "rent",
    "trans": [
      "租金"
    ]
  },
  {
    "name": "split",
    "usphone": "splɪt",
    "ukphone": "splɪt",
    "trans": [
      "（使）分开；（使）断裂；（使）（团体）意见不合； （使）分裂"
    ]
  },
  {
    "name": "roommate",
    "usphone": "ˈruːmmeɪt",
    "ukphone": "ˈruːmmeɪt",
    "trans": [
      "同屋,室友"
    ]
  },
  {
    "name": "balcony",
    "usphone": "ˈbælkəni",
    "ukphone": "ˈbælkəni",
    "trans": [
      "阳台,露台"
    ]
  },
  {
    "name": "trip",
    "usphone": "trɪp",
    "ukphone": "trɪp",
    "trans": [
      "旅行, 旅程"
    ]
  },
  {
    "name": "appetizer",
    "usphone": "ˈæpɪtaɪzər",
    "ukphone": "ˈæpɪtaɪzə(r)",
    "trans": [
      "开胃餐,餐前小菜"
    ]
  },
  {
    "name": "chat",
    "usphone": "tʃæt",
    "ukphone": "tʃæt",
    "trans": [
      "闲谈, 闲聊"
    ]
  },
  {
    "name": "sometime",
    "usphone": "ˈsʌmtaɪm",
    "ukphone": "ˈsʌmtaɪm",
    "trans": [
      "某时"
    ]
  },
  {
    "name": "call",
    "usphone": "kɔːl",
    "ukphone": "kɔːl",
    "trans": [
      "打电话, 讲电话"
    ]
  },
  {
    "name": "hint",
    "usphone": "hɪnt",
    "ukphone": "hɪnt",
    "trans": [
      "暗示,提示"
    ]
  },
  {
    "name": "couch",
    "usphone": "kaʊtʃ",
    "ukphone": "kaʊtʃ",
    "trans": [
      "长椅, 卧榻, 睡椅, 长沙发"
    ]
  },
  {
    "name": "age",
    "usphone": "eɪdʒ",
    "ukphone": "eɪdʒ",
    "trans": [
      "年龄"
    ]
  },
  {
    "name": "visit",
    "usphone": "ˈvɪzɪt",
    "ukphone": "ˈvɪzɪt",
    "trans": [
      "拜访, 参观, 访问, 游览"
    ]
  },
  {
    "name": "flight",
    "usphone": "flaɪt",
    "ukphone": "flaɪt",
    "trans": [
      "空中旅行"
    ]
  },
  {
    "name": "offend",
    "usphone": "əˈfend",
    "ukphone": "əˈfend",
    "trans": [
      "冒犯, 触怒, 伤害...的感情"
    ]
  },
  {
    "name": "mistake",
    "usphone": "mɪˈsteɪk",
    "ukphone": "mɪˈsteɪk",
    "trans": [
      "错误, 过失, 误会"
    ]
  },
  {
    "name": "apology",
    "usphone": "əˈpɑːlədʒi",
    "ukphone": "əˈpɒlədʒi",
    "trans": [
      "道歉声明,认错,忏悔"
    ]
  },
  {
    "name": "mess",
    "usphone": "mes",
    "ukphone": "mes",
    "trans": [
      "混乱, 凌乱的状态"
    ]
  },
  {
    "name": "hurt",
    "usphone": "hɜːrt",
    "ukphone": "hɜːt",
    "trans": [
      "受伤"
    ]
  },
  {
    "name": "project",
    "usphone": "ˈprɑːdʒekt",
    "ukphone": "ˈprɒdʒekt",
    "trans": [
      "方案, 计划"
    ]
  },
  {
    "name": "add",
    "usphone": "æd",
    "ukphone": "æd",
    "trans": [
      "增加, 加入, 添加"
    ]
  },
  {
    "name": "accept",
    "usphone": "əkˈsept",
    "ukphone": "əkˈsept",
    "trans": [
      "答应, 允准"
    ]
  },
  {
    "name": "mean",
    "usphone": "miːn",
    "ukphone": "miːn",
    "trans": [
      "意图, 打算,"
    ]
  },
  {
    "name": "anything",
    "usphone": "ˈeniθɪŋ",
    "ukphone": "ˈeniθɪŋ",
    "trans": [
      "任何事, 任何东西"
    ]
  },
  {
    "name": "terrible",
    "usphone": "ˈterəbl",
    "ukphone": "ˈterəbl",
    "trans": [
      "可怕的, 极坏的, 糟糕的"
    ]
  },
  {
    "name": "fault",
    "usphone": "fɔːlt",
    "ukphone": "fɔːlt",
    "trans": [
      "责任"
    ]
  },
  {
    "name": "harm",
    "usphone": "hɑːrm",
    "ukphone": "hɑːm",
    "trans": [
      "伤害.损害"
    ]
  },
  {
    "name": "problem",
    "usphone": "ˈprɑːbləm",
    "ukphone": "ˈprɒbləm",
    "trans": [
      "问题"
    ]
  },
  {
    "name": "safely",
    "usphone": "ˈseɪfli",
    "ukphone": "ˈseɪfli",
    "trans": [
      "安全地, 无危害地"
    ]
  },
  {
    "name": "embarrassed",
    "usphone": "ɪmˈbærəst",
    "ukphone": "ɪmˈbærəst",
    "trans": [
      "感到尴尬的"
    ]
  },
  {
    "name": "terribly",
    "usphone": "ˈterəbli",
    "ukphone": "ˈterəbli",
    "trans": [
      "非常, 极, 十分"
    ]
  },
  {
    "name": "forgive",
    "usphone": "fərˈɡɪv",
    "ukphone": "fəˈɡɪv",
    "trans": [
      "原谅, 饶恕"
    ]
  },
  {
    "name": "spill",
    "usphone": "spɪl",
    "ukphone": "spɪl",
    "trans": [
      "溢出,泻出"
    ]
  },
  {
    "name": "chip",
    "usphone": "tʃɪp",
    "ukphone": "tʃɪp",
    "trans": [
      "削(或凿下)碎片, 将...削成"
    ]
  }
]