[
    {
        "name": "jazz",
        "usphone": "dʒæz",
        "ukphone": "dʒæz",
        "trans": [
            "爵士乐"
        ]
    },
    {
        "name": "folk",
        "usphone": "foʊk",
        "ukphone": "fəʊk",
        "trans": [
            "人们"
        ]
    },
    {
        "name": "unlimited",
        "usphone": "ʌnˈlɪmɪtɪd",
        "ukphone": "ʌnˈlɪmɪtɪd",
        "trans": [
            "无限的; (数或量)极大的"
        ]
    },
    {
        "name": "sound",
        "usphone": "saʊnd",
        "ukphone": "saʊnd",
        "trans": [
            "音乐风格，乐曲特色"
        ]
    },
    {
        "name": "trial",
        "usphone": "ˈtraɪəl",
        "ukphone": "ˈtraɪəl",
        "trans": [
            "试验"
        ]
    },
    {
        "name": "live",
        "usphone": "laɪv",
        "ukphone": "laɪv",
        "trans": [
            "现场直播的"
        ]
    },
    {
        "name": "band",
        "usphone": "bænd",
        "ukphone": "bænd",
        "trans": [
            "乐队"
        ]
    },
    {
        "name": "DJ",
        "usphone": "ˈdiːdʒeɪ",
        "ukphone": "ˈdiːdʒeɪ",
        "trans": [
            "播放音乐的人"
        ]
    },
    {
        "name": "fan",
        "usphone": "fæn",
        "ukphone": "fæn",
        "trans": [
            ". 迷, 狂热爱好者"
        ]
    },
    {
        "name": "instrumental",
        "usphone": "ˌɪnstrəˈmentl",
        "ukphone": "ˌɪnstrəˈmentl",
        "trans": [
            "起作用的,有帮助的"
        ]
    },
    {
        "name": "hall",
        "usphone": "hɔːl",
        "ukphone": "hɔːl",
        "trans": [
            "走廊, 大厅"
        ]
    },
    {
        "name": "club",
        "usphone": "klʌb",
        "ukphone": "klʌb",
        "trans": [
            "(听音乐的)俱乐部, 夜总会"
        ]
    },
    {
        "name": "annoying",
        "usphone": "əˈnɔɪɪŋ",
        "ukphone": "əˈnɔɪɪŋ",
        "trans": [
            "恼人的, 讨厌的"
        ]
    },
    {
        "name": "offensive",
        "usphone": "əˈfensɪv",
        "ukphone": "əˈfensɪv",
        "trans": [
            "冒犯的, 得罪人的, 唐突的, 无礼的"
        ]
    },
    {
        "name": "romantic",
        "usphone": "roʊˈmæntɪk",
        "ukphone": "rəʊˈmæntɪk",
        "trans": [
            "浪漫的"
        ]
    },
    {
        "name": "edgy",
        "usphone": "ˈedʒi",
        "ukphone": "ˈedʒi",
        "trans": [
            "心急火燎"
        ]
    },
    {
        "name": "rough",
        "usphone": "rʌf",
        "ukphone": "rʌf",
        "trans": [
            "涩味的"
        ]
    },
    {
        "name": "subscription",
        "usphone": "səbˈskrɪpʃn",
        "ukphone": "səbˈskrɪpʃn",
        "trans": [
            "订阅费,订阅,付订金"
        ]
    },
    {
        "name": "venue",
        "usphone": "ˈvenjuː",
        "ukphone": "ˈvenjuː",
        "trans": [
            "聚集地点; 会场; (尤指)体育比赛场所"
        ]
    },
    {
        "name": "country",
        "usphone": "ˈkʌntri",
        "ukphone": "ˈkʌntri",
        "trans": [
            "国家"
        ]
    },
    {
        "name": "acoustic",
        "usphone": "əˈkuːstɪk",
        "ukphone": "əˈkuːstɪk",
        "trans": [
            "声学的,听觉的"
        ]
    },
    {
        "name": "rock",
        "usphone": "rɑːk",
        "ukphone": "rɒk",
        "trans": [
            "摇滚乐"
        ]
    },
    {
        "name": "techno",
        "usphone": "ˈteknoʊ",
        "ukphone": "ˈteknəʊ",
        "trans": [
            "节奏很快的一种电子摇滚乐"
        ]
    },
    {
        "name": "pop",
        "usphone": "pɑːp",
        "ukphone": "pɒp",
        "trans": [
            "流行音乐"
        ]
    },
    {
        "name": "orchestra",
        "usphone": "ˈɔːrkɪstrə",
        "ukphone": "ˈɔːkɪstrə",
        "trans": [
            "管弦乐队"
        ]
    },
    {
        "name": "punk",
        "usphone": "pʌŋk",
        "ukphone": "pʌŋk",
        "trans": [
            "朋克音乐"
        ]
    },
    {
        "name": "sentimental",
        "usphone": "ˌsentɪˈmentl",
        "ukphone": "ˌsentɪˈmentl",
        "trans": [
            "情感的, 情绪的"
        ]
    },
    {
        "name": "yoga",
        "usphone": "ˈjoʊɡə",
        "ukphone": "ˈjəʊɡə",
        "trans": [
            "瑜伽"
        ]
    },
    {
        "name": "fit",
        "usphone": "fɪt",
        "ukphone": "fɪt",
        "trans": [
            "健康的"
        ]
    },
    {
        "name": "shape",
        "usphone": "ʃeɪp",
        "ukphone": "ʃeɪp",
        "trans": [
            "形状"
        ]
    },
    {
        "name": "exercise",
        "usphone": "ˈeksərsaɪz",
        "ukphone": "ˈeksəsaɪz",
        "trans": [
            "运动"
        ]
    },
    {
        "name": "moderation",
        "usphone": "ˌmɑːdəˈreɪʃn",
        "ukphone": "ˌmɒdəˈreɪʃn",
        "trans": [
            "温和; 适度; 节制"
        ]
    },
    {
        "name": "lifestyle",
        "usphone": "ˈlaɪfstaɪl",
        "ukphone": "ˈlaɪfstaɪl",
        "trans": [
            "生活方式"
        ]
    },
    {
        "name": "crave",
        "usphone": "kreɪv",
        "ukphone": "kreɪv",
        "trans": [
            "渴望,渴求"
        ]
    },
    {
        "name": "avoid",
        "usphone": "əˈvɔɪd",
        "ukphone": "əˈvɔɪd",
        "trans": [
            "避免, 预防"
        ]
    },
    {
        "name": "insomnia",
        "usphone": "ɪnˈsɑːmniə",
        "ukphone": "ɪnˈsɒmniə",
        "trans": [
            "失眠(症)"
        ]
    },
    {
        "name": "worry",
        "usphone": "ˈwɜːri",
        "ukphone": "ˈwʌri",
        "trans": [
            "担忧, 担心, 发愁"
        ]
    },
    {
        "name": "anxious",
        "usphone": "ˈæŋkʃəs",
        "ukphone": "ˈæŋkʃəs",
        "trans": [
            "焦虑的"
        ]
    },
    {
        "name": "tired",
        "usphone": "ˈtaɪərd",
        "ukphone": "ˈtaɪəd",
        "trans": [
            "疲劳的"
        ]
    },
    {
        "name": "suffer",
        "usphone": "ˈsʌfər",
        "ukphone": "ˈsʌfə(r)",
        "trans": [
            "遭受, 忍受, 经历"
        ]
    },
    {
        "name": "feel",
        "usphone": "fiːl",
        "ukphone": "fiːl",
        "trans": [
            "感觉"
        ]
    },
    {
        "name": "kind",
        "usphone": "kaɪnd",
        "ukphone": "kaɪnd",
        "trans": [
            "种类, (动, 植物等的)类, 族, 特定种类的人"
        ]
    },
    {
        "name": "stress",
        "usphone": "stres",
        "ukphone": "stres",
        "trans": [
            "压力"
        ]
    },
    {
        "name": "overworked",
        "usphone": "ˌoʊvərˈwɜːrkt",
        "ukphone": "ˌəʊvəˈwɜːkt",
        "trans": [
            "工作过度的; 用滥的"
        ]
    },
    {
        "name": "approximately",
        "usphone": "əˈprɑːksɪmətli",
        "ukphone": "əˈprɒksɪmətli",
        "trans": [
            "大概, 大约"
        ]
    },
    {
        "name": "casual",
        "usphone": "ˈkæʒuəl",
        "ukphone": "ˈkæʒuəl",
        "trans": [
            "非正式的"
        ]
    },
    {
        "name": "vacation",
        "usphone": "vəˈkeɪʃn",
        "ukphone": "vəˈkeɪʃn",
        "trans": [
            "假期, 休假"
        ]
    },
    {
        "name": "enjoyable",
        "usphone": "ɪnˈdʒɔɪəbl",
        "ukphone": "ɪnˈdʒɔɪəbl",
        "trans": [
            "令人愉快的"
        ]
    },
    {
        "name": "aerobics",
        "usphone": "eˈroʊbɪks",
        "ukphone": "eəˈrəʊbɪks",
        "trans": [
            "有氧运动,增氧健身法"
        ]
    },
    {
        "name": "cardiovascular",
        "usphone": "ˌkɑːrdioʊˈvæskjələr",
        "ukphone": "ˌkɑːdiəʊˈvæskjələ(r)",
        "trans": [
            "心脏血管的"
        ]
    },
    {
        "name": "flexible",
        "usphone": "ˈfleksəbl",
        "ukphone": "ˈfleksəbl",
        "trans": [
            "柔韧的, 灵活的, 易弯曲的, 可变通的"
        ]
    },
    {
        "name": "weightlifting",
        "usphone": "ˈweɪtlɪftɪŋ",
        "ukphone": "ˈweɪtlɪftɪŋ",
        "trans": [
            "举重"
        ]
    },
    {
        "name": "balance",
        "usphone": "ˈbæləns",
        "ukphone": "ˈbæləns",
        "trans": [
            "平衡, 均衡"
        ]
    },
    {
        "name": "depressed",
        "usphone": "dɪˈprest",
        "ukphone": "dɪˈprest",
        "trans": [
            "沮丧的, 抑郁的"
        ]
    },
    {
        "name": "diet",
        "usphone": "ˈdaɪət",
        "ukphone": "ˈdaɪət",
        "trans": [
            "饮食"
        ]
    },
    {
        "name": "exhaustion",
        "usphone": "ɪɡˈzɔːstʃən",
        "ukphone": "ɪɡˈzɔːstʃən",
        "trans": [
            "衰竭"
        ]
    },
    {
        "name": "fatigued",
        "usphone": "fəˈtiːɡd",
        "ukphone": "fəˈtiːɡd",
        "trans": [
            "疲劳"
        ]
    },
    {
        "name": "demanding",
        "usphone": "dɪˈmændɪŋ",
        "ukphone": "dɪˈmɑːndɪŋ",
        "trans": [
            "严格的"
        ]
    },
    {
        "name": "engaging",
        "usphone": "ɪnˈɡeɪdʒɪŋ",
        "ukphone": "ɪnˈɡeɪdʒɪŋ",
        "trans": [
            "迷人的"
        ]
    },
    {
        "name": "build",
        "usphone": "bɪld",
        "ukphone": "bɪld",
        "trans": [
            "建造, 修建"
        ]
    },
    {
        "name": "challenging",
        "usphone": "ˈtʃælɪndʒɪŋ",
        "ukphone": "ˈtʃælɪndʒɪŋ",
        "trans": [
            "挑战性的(有趣味性)"
        ]
    },
    {
        "name": "rewarding",
        "usphone": "rɪˈwɔːrdɪŋ",
        "ukphone": "rɪˈwɔːdɪŋ",
        "trans": [
            "有益的, 有报酬的, 有所得的"
        ]
    },
    {
        "name": "satisfying",
        "usphone": "ˈsætɪsfaɪɪŋ",
        "ukphone": "ˈsætɪsfaɪɪŋ",
        "trans": [
            "令人满意的"
        ]
    },
    {
        "name": "difference",
        "usphone": "ˈdɪfrəns",
        "ukphone": "ˈdɪfrəns",
        "trans": [
            "区别, 不同"
        ]
    },
    {
        "name": "support",
        "usphone": "səˈpɔːrt",
        "ukphone": "səˈpɔːt",
        "trans": [
            "资助"
        ]
    },
    {
        "name": "plant",
        "usphone": "plænt",
        "ukphone": "plɑːnt",
        "trans": [
            "种植"
        ]
    },
    {
        "name": "earn",
        "usphone": "ɜːrn",
        "ukphone": "ɜːn",
        "trans": [
            "赚, 挣钱"
        ]
    },
    {
        "name": "simple",
        "usphone": "ˈsɪmpl",
        "ukphone": "ˈsɪmpl",
        "trans": [
            "简单的, 容易的"
        ]
    },
    {
        "name": "complicated",
        "usphone": "ˈkɑːmplɪkeɪtɪd",
        "ukphone": "ˈkɒmplɪkeɪtɪd",
        "trans": [
            "复杂的, 难懂的"
        ]
    },
    {
        "name": "rich",
        "usphone": "rɪtʃ",
        "ukphone": "rɪtʃ",
        "trans": [
            "富有的, 有钱的"
        ]
    },
    {
        "name": "critical",
        "usphone": "ˈkrɪtɪkl",
        "ukphone": "ˈkrɪtɪkl",
        "trans": [
            "重要的, 关键的"
        ]
    },
    {
        "name": "long-term",
        "trans": [
            "长期的"
        ],
        "usphone": "'lɔŋtɝm",
        "ukphone": "'lɒŋtɜːm"
    },
    {
        "name": "normal",
        "usphone": "ˈnɔːrml",
        "ukphone": "ˈnɔːml",
        "trans": [
            "正常的, 正规的, 标准的"
        ]
    },
    {
        "name": "role",
        "usphone": "roʊl",
        "ukphone": "rəʊl",
        "trans": [
            "角色, 职责"
        ]
    },
    {
        "name": "post",
        "usphone": "poʊst",
        "ukphone": "pəʊst",
        "trans": [
            "工作"
        ]
    },
    {
        "name": "position",
        "usphone": "pəˈzɪʃn",
        "ukphone": "pəˈzɪʃn",
        "trans": [
            "职务, 职位"
        ]
    },
    {
        "name": "industry",
        "usphone": "ˈɪndəstri",
        "ukphone": "ˈɪndəstri",
        "trans": [
            "工业"
        ]
    },
    {
        "name": "sector",
        "usphone": "ˈsektər",
        "ukphone": "ˈsektə(r)",
        "trans": [
            "部门, 行业, 机构"
        ]
    },
    {
        "name": "discipline",
        "usphone": "ˈdɪsəplɪn",
        "ukphone": "ˈdɪsəplɪn",
        "trans": [
            "纪律"
        ]
    },
    {
        "name": "recycle",
        "usphone": "ˌriːˈsaɪkl",
        "ukphone": "ˌriːˈsaɪkl",
        "trans": [
            "回收,再利用,循环使用"
        ]
    },
    {
        "name": "foolish",
        "usphone": "ˈfuːlɪʃ",
        "ukphone": "ˈfuːlɪʃ",
        "trans": [
            "愚蠢的, 傻的"
        ]
    },
    {
        "name": "odd",
        "usphone": "ɑːd",
        "ukphone": "ɒd",
        "trans": [
            "奇怪的, 古怪的, 奇特的, 异常的"
        ]
    },
    {
        "name": "poor",
        "usphone": "pɔːr",
        "ukphone": "pɔː(r)",
        "trans": [
            "贫穷的, 贫困的"
        ]
    },
    {
        "name": "talented",
        "usphone": "ˈtæləntɪd",
        "ukphone": "ˈtæləntɪd",
        "trans": [
            "有天才的, 有才干的"
        ]
    },
    {
        "name": "wise",
        "usphone": "waɪz",
        "ukphone": "waɪz",
        "trans": [
            "英明的, 慎虑的, 明智的"
        ]
    },
    {
        "name": "incorrect",
        "usphone": "ˌɪnkəˈrekt",
        "ukphone": "ˌɪnkəˈrekt",
        "trans": [
            "不正确的,错误的"
        ]
    },
    {
        "name": "exactly",
        "usphone": "ɪɡˈzæktli",
        "ukphone": "ɪɡˈzæktli",
        "trans": [
            "确切地、准确地"
        ]
    },
    {
        "name": "sure",
        "usphone": "ʃʊr",
        "ukphone": "ʃʊə(r)",
        "trans": [
            "确信的, 有把握的, 确实的, 一定的, 必定的, 可靠的"
        ]
    },
    {
        "name": "worry",
        "usphone": "ˈwɜːri",
        "ukphone": "ˈwʌri",
        "trans": [
            "担忧, 担心, 发愁"
        ]
    },
    {
        "name": "misunderstanding",
        "usphone": "ˌmɪsʌndərˈstændɪŋ",
        "ukphone": "ˌmɪsʌndəˈstændɪŋ",
        "trans": [
            "误会; 误解"
        ]
    },
    {
        "name": "spa",
        "usphone": "spɑː",
        "ukphone": "spɑː",
        "trans": [
            "水疗"
        ]
    },
    {
        "name": "minibar",
        "usphone": "ˈmɪnibɑːr",
        "ukphone": "ˈmɪnibɑː(r)",
        "trans": [
            "迷你冰箱"
        ]
    },
    {
        "name": "conference",
        "usphone": "ˈkɑːnfərəns",
        "ukphone": "ˈkɒnfərəns",
        "trans": [
            "会议, 大会"
        ]
    },
    {
        "name": "gym",
        "usphone": "dʒɪm",
        "ukphone": "dʒɪm",
        "trans": [
            "健身房"
        ]
    },
    {
        "name": "golf",
        "usphone": "ɡɑːlf",
        "ukphone": "ɡɒlf",
        "trans": [
            "高尔夫球"
        ]
    },
    {
        "name": "airport",
        "usphone": "ˈerpɔːrt",
        "ukphone": "ˈeəpɔːt",
        "trans": [
            "机场"
        ]
    },
    {
        "name": "critical",
        "usphone": "ˈkrɪtɪkl",
        "ukphone": "ˈkrɪtɪkl",
        "trans": [
            "重要的, 关键的"
        ]
    },
    {
        "name": "attend",
        "usphone": "əˈtend",
        "ukphone": "əˈtend",
        "trans": [
            "参加, 出席"
        ]
    },
    {
        "name": "report",
        "usphone": "rɪˈpɔːrt",
        "ukphone": "rɪˈpɔːt",
        "trans": [
            "说, 报告"
        ]
    },
    {
        "name": "absolutely",
        "usphone": "ˈæbsəluːtli",
        "ukphone": "ˈæbsəluːtli",
        "trans": [
            "完全地"
        ]
    },
    {
        "name": "deadline",
        "usphone": "ˈdedlaɪn",
        "ukphone": "ˈdedlaɪn",
        "trans": [
            "期限"
        ]
    },
    {
        "name": "informed",
        "usphone": "ɪnˈfɔːrmd",
        "ukphone": "ɪnˈfɔːmd",
        "trans": [
            "见多识广的, 消息灵通的, 有学问的"
        ]
    },
    {
        "name": "unfortunately",
        "usphone": "ʌnˈfɔːrtʃənətli",
        "ukphone": "ʌnˈfɔːtʃənətli",
        "trans": [
            "不幸地, 遗憾地"
        ]
    },
    {
        "name": "suit",
        "usphone": "suːt",
        "ukphone": "suːt",
        "trans": [
            "使合适, 使适应, 相称"
        ]
    },
    {
        "name": "book",
        "usphone": "bʊk",
        "ukphone": "bʊk",
        "trans": [
            "预定"
        ]
    },
    {
        "name": "value",
        "usphone": "ˈvæljuː",
        "ukphone": "ˈvæljuː",
        "trans": [
            "重要性"
        ]
    },
    {
        "name": "crucial",
        "usphone": "ˈkruːʃl",
        "ukphone": "ˈkruːʃl",
        "trans": [
            "紧急的"
        ]
    },
    {
        "name": "essential",
        "usphone": "ɪˈsenʃl",
        "ukphone": "ɪˈsenʃl",
        "trans": [
            "基本的, 必要的"
        ]
    },
    {
        "name": "imperative",
        "usphone": "ɪmˈperətɪv",
        "ukphone": "ɪmˈperətɪv",
        "trans": [
            "紧急; 重要; 需要立即处理"
        ]
    },
    {
        "name": "urgent",
        "usphone": "ˈɜːrdʒənt",
        "ukphone": "ˈɜːdʒənt",
        "trans": [
            "急迫的, 紧急的"
        ]
    },
    {
        "name": "vital",
        "usphone": "ˈvaɪtl",
        "ukphone": "ˈvaɪtl",
        "trans": [
            "至关重要的, 生死攸关的"
        ]
    },
    {
        "name": "until",
        "usphone": "ənˈtɪl",
        "ukphone": "ənˈtɪl",
        "trans": [
            "迄......之时, 在......以前, 到 为止, 直到......才, 在 以前"
        ]
    },
    {
        "name": "handle",
        "usphone": "ˈhændl",
        "ukphone": "ˈhændl",
        "trans": [
            "处理, 应对"
        ]
    },
    {
        "name": "budget",
        "usphone": "ˈbʌdʒɪt",
        "ukphone": "ˈbʌdʒɪt",
        "trans": [
            "廉价的, 便宜的"
        ]
    },
    {
        "name": "option",
        "usphone": "ˈɑːpʃn",
        "ukphone": "ˈɒpʃn",
        "trans": [
            "选择, 选择权, 选择自由"
        ]
    },
    {
        "name": "range",
        "usphone": "reɪndʒ",
        "ukphone": "reɪndʒ",
        "trans": [
            "系列"
        ]
    },
    {
        "name": "accessory",
        "usphone": "əkˈsesəri",
        "ukphone": "əkˈsesəri",
        "trans": [
            "附件,配件,饰品"
        ]
    },
    {
        "name": "strap",
        "usphone": "stræp",
        "ukphone": "stræp",
        "trans": [
            "条,带"
        ]
    },
    {
        "name": "cable",
        "usphone": "ˈkeɪbl",
        "ukphone": "ˈkeɪbl",
        "trans": [
            "(系船用的)缆绳, (船只, 桥梁等上的)巨缆"
        ]
    },
    {
        "name": "instruction",
        "usphone": "ɪnˈstrʌkʃn",
        "ukphone": "ɪnˈstrʌkʃn",
        "trans": [
            "说明"
        ]
    },
    {
        "name": "case",
        "usphone": "keɪs",
        "ukphone": "keɪs",
        "trans": [
            "盒子, 套"
        ]
    },
    {
        "name": "charger",
        "usphone": "ˈtʃɑːrdʒər",
        "ukphone": "ˈtʃɑːdʒə(r)",
        "trans": [
            "蓄电池"
        ]
    },
    {
        "name": "compare",
        "usphone": "kəmˈper",
        "ukphone": "kəmˈpeə(r)",
        "trans": [
            "比较, 对照"
        ]
    },
    {
        "name": "available",
        "usphone": "əˈveɪləbl",
        "ukphone": "əˈveɪləbl",
        "trans": [
            "可利用的, 有空的"
        ]
    },
    {
        "name": "receipt",
        "usphone": "rɪˈsiːt",
        "ukphone": "rɪˈsiːt",
        "trans": [
            "收据"
        ]
    },
    {
        "name": "slide",
        "usphone": "slaɪd",
        "ukphone": "slaɪd",
        "trans": [
            "滑, 滑动"
        ]
    },
    {
        "name": "card",
        "usphone": "kɑːrd",
        "ukphone": "kɑːd",
        "trans": [
            "信用卡"
        ]
    },
    {
        "name": "check",
        "usphone": "tʃek",
        "ukphone": "tʃek",
        "trans": [
            "支票"
        ]
    },
    {
        "name": "signature",
        "usphone": "ˈsɪɡnətʃər",
        "ukphone": "ˈsɪɡnətʃə(r)",
        "trans": [
            "签名"
        ]
    },
    {
        "name": "tax",
        "usphone": "tæks",
        "ukphone": "tæks",
        "trans": [
            "税金, 税"
        ]
    },
    {
        "name": "refund",
        "usphone": "ˈriːfʌnd",
        "ukphone": "ˈriːfʌnd",
        "trans": [
            "退款;"
        ]
    },
    {
        "name": "return",
        "usphone": "rɪˈtɜːrn",
        "ukphone": "rɪˈtɜːn",
        "trans": [
            "退还, 返还, 归还"
        ]
    },
    {
        "name": "policy",
        "usphone": "ˈpɑːləsi",
        "ukphone": "ˈpɒləsi",
        "trans": [
            "政策, 方针, 策略"
        ]
    },
    {
        "name": "revolutionize",
        "usphone": "ˌrevəˈluːʃənaɪz",
        "ukphone": "ˌrevəˈluːʃənaɪz",
        "trans": [
            "彻底改革"
        ]
    },
    {
        "name": "cause",
        "usphone": "kɔːz",
        "ukphone": "kɔːz",
        "trans": [
            "引起, 导致, 造成"
        ]
    },
    {
        "name": "result",
        "usphone": "rɪˈzʌlt",
        "ukphone": "rɪˈzʌlt",
        "trans": [
            "结果, 后果"
        ]
    },
    {
        "name": "effect",
        "usphone": "ɪˈfekt",
        "ukphone": "ɪˈfekt",
        "trans": [
            "作用, 影响"
        ]
    },
    {
        "name": "cashier",
        "usphone": "kæˈʃɪr",
        "ukphone": "kæˈʃɪə(r)",
        "trans": [
            "收银员"
        ]
    },
    {
        "name": "press",
        "usphone": "pres",
        "ukphone": "pres",
        "trans": [
            "压, 贴, 挤"
        ]
    },
    {
        "name": "describe",
        "usphone": "dɪˈskraɪb",
        "ukphone": "dɪˈskraɪb",
        "trans": [
            "描述"
        ]
    },
    {
        "name": "invent",
        "usphone": "ɪnˈvent",
        "ukphone": "ɪnˈvent",
        "trans": [
            "发明, 创造"
        ]
    },
    {
        "name": "produce",
        "usphone": "prəˈduːs",
        "ukphone": "prəˈdjuːs",
        "trans": [
            "生产, 制造"
        ]
    },
    {
        "name": "supplier",
        "usphone": "səˈplaɪər",
        "ukphone": "səˈplaɪə(r)",
        "trans": [
            "供应者, 供应商"
        ]
    },
    {
        "name": "seem",
        "usphone": "siːm",
        "ukphone": "siːm",
        "trans": [
            "看上去, 像是, 似乎"
        ]
    },
    {
        "name": "funny",
        "usphone": "ˈfʌni",
        "ukphone": "ˈfʌni",
        "trans": [
            "有趣的, 滑稽的"
        ]
    },
    {
        "name": "easy",
        "usphone": "ˈiːzi",
        "ukphone": "ˈiːzi",
        "trans": [
            "简单的, 轻松的"
        ]
    },
    {
        "name": "cold",
        "usphone": "koʊld",
        "ukphone": "kəʊld",
        "trans": [
            "冷漠的, 不友好的"
        ]
    },
    {
        "name": "hard",
        "usphone": "hɑːrd",
        "ukphone": "hɑːd",
        "trans": [
            "艰难的, 困难的"
        ]
    },
    {
        "name": "read",
        "usphone": "riːd",
        "ukphone": "riːd",
        "trans": [
            "推断出，读懂，看透（想法或心思）"
        ]
    },
    {
        "name": "aggressive",
        "usphone": "əˈɡresɪv",
        "ukphone": "əˈɡresɪv",
        "trans": [
            "挑衅的, 有侵略性的, 好斗的"
        ]
    },
    {
        "name": "remark",
        "usphone": "rɪˈmɑːrk",
        "ukphone": "rɪˈmɑːk",
        "trans": [
            "评论"
        ]
    },
    {
        "name": "comment",
        "usphone": "ˈkɑːment",
        "ukphone": "ˈkɒment",
        "trans": [
            "发表意见, 评论"
        ]
    },
    {
        "name": "mention",
        "usphone": "ˈmenʃn",
        "ukphone": "ˈmenʃn",
        "trans": [
            "提到, 说起"
        ]
    },
    {
        "name": "usually",
        "usphone": "ˈjuːʒuəli",
        "ukphone": "ˈjuːʒuəli",
        "trans": [
            "经常, 通常"
        ]
    },
    {
        "name": "generally",
        "usphone": "ˈdʒenrəli",
        "ukphone": "ˈdʒenrəli",
        "trans": [
            "总体地, 总的来说"
        ]
    },
    {
        "name": "possible",
        "usphone": "ˈpɑːsəbl",
        "ukphone": "ˈpɒsəbl",
        "trans": [
            "可能的"
        ]
    },
    {
        "name": "postpone",
        "usphone": "poʊˈspoʊn",
        "ukphone": "pəˈspəʊn",
        "trans": [
            "推迟,延迟,使延期"
        ]
    },
    {
        "name": "investigate",
        "usphone": "ɪnˈvestɪɡeɪt",
        "ukphone": "ɪnˈvestɪɡeɪt",
        "trans": [
            "调查, 审查, 研究"
        ]
    },
    {
        "name": "resolve",
        "usphone": "rɪˈzɑːlv",
        "ukphone": "rɪˈzɒlv",
        "trans": [
            "解决, 决定"
        ]
    },
    {
        "name": "attend",
        "usphone": "əˈtend",
        "ukphone": "əˈtend",
        "trans": [
            "参加, 出席"
        ]
    },
    {
        "name": "respond",
        "usphone": "rɪˈspɑːnd",
        "ukphone": "rɪˈspɒnd",
        "trans": [
            "回答"
        ]
    },
    {
        "name": "actually",
        "usphone": "ˈæktʃuəli",
        "ukphone": "ˈæktʃuəli",
        "trans": [
            "事实上, 到底"
        ]
    },
    {
        "name": "warm",
        "usphone": "wɔːrm",
        "ukphone": "wɔːm",
        "trans": [
            "变热情, 变友好"
        ]
    },
    {
        "name": "warm",
        "usphone": "wɔːrm",
        "ukphone": "wɔːm",
        "trans": [
            "加热, 使温暖, 变暖和"
        ]
    },
    {
        "name": "fun",
        "usphone": "fʌn",
        "ukphone": "fʌn",
        "trans": [
            "有趣的, 开心的"
        ]
    },
    {
        "name": "really",
        "usphone": "ˈriːəli",
        "ukphone": "ˈriːəli",
        "trans": [
            "真实地, 真正地, 实际上"
        ]
    },
    {
        "name": "pretty",
        "usphone": "ˈprɪti",
        "ukphone": "ˈprɪti",
        "trans": [
            "很, 极, 非常"
        ]
    },
    {
        "name": "very",
        "usphone": "ˈveri",
        "ukphone": "ˈveri",
        "trans": [
            "非常, 很, 甚"
        ]
    },
    {
        "name": "so",
        "usphone": "soʊ",
        "ukphone": "səʊ",
        "trans": [
            "这么, 那么, 就那样, 像这样, 多么, 非常, 如此"
        ]
    },
    {
        "name": "rather",
        "usphone": "ˈræðər",
        "ukphone": "ˈrɑːðə(r)",
        "trans": [
            "相当, 有点儿, 颇"
        ]
    },
    {
        "name": "quite",
        "usphone": "kwaɪt",
        "ukphone": "kwaɪt",
        "trans": [
            "相当, 完全, 十分, 很"
        ]
    },
    {
        "name": "insurance",
        "usphone": "ɪnˈʃʊrəns",
        "ukphone": "ɪnˈʃʊərəns",
        "trans": [
            "保险"
        ]
    }
]