[
    {
        "name": "identify",
        "usphone": "aɪˈdentɪfaɪ",
        "ukphone": "aɪˈdentɪfaɪ",
        "trans": [
            "辨认"
        ]
    },
    {
        "name": "major",
        "usphone": "ˈmeɪdʒər",
        "ukphone": "ˈmeɪdʒə(r)",
        "trans": [
            "重要的, 主要的, 较大的"
        ]
    },
    {
        "name": "aim",
        "usphone": "eɪm",
        "ukphone": "eɪm",
        "trans": [
            "目的, 目标"
        ]
    },
    {
        "name": "outcome",
        "usphone": "ˈaʊtkʌm",
        "ukphone": "ˈaʊtkʌm",
        "trans": [
            "结果,结局"
        ]
    },
    {
        "name": "approach",
        "usphone": "əˈproʊtʃ",
        "ukphone": "əˈprəʊtʃ",
        "trans": [
            "处理, 解决"
        ]
    },
    {
        "name": "chunk",
        "usphone": "tʃʌŋk",
        "ukphone": "tʃʌŋk",
        "trans": [
            "(肉,木材等的)大块,厚片"
        ]
    },
    {
        "name": "manageable",
        "usphone": "ˈmænɪdʒəbl",
        "ukphone": "ˈmænɪdʒəbl",
        "trans": [
            "易办的, 易管理的, 易控制的"
        ]
    },
    {
        "name": "milestone",
        "usphone": "ˈmaɪlstoʊn",
        "ukphone": "ˈmaɪlstəʊn",
        "trans": [
            "里程碑; 划时代的事件"
        ]
    },
    {
        "name": "monitor",
        "usphone": "ˈmɑːnɪtər",
        "ukphone": "ˈmɒnɪtə(r)",
        "trans": [
            "监控, 监听, 监测, 监视"
        ]
    },
    {
        "name": "progress",
        "usphone": "ˈprɑːɡres",
        "ukphone": "ˈprəʊɡres",
        "trans": [
            "进步, 前进, 发展"
        ]
    },
    {
        "name": "bump",
        "usphone": "bʌmp",
        "ukphone": "bʌmp",
        "trans": [
            "(撞击到坚硬物体的)嘣！嘭"
        ]
    },
    {
        "name": "troubleshoot",
        "usphone": "ˈtrʌblʃuːt",
        "ukphone": "ˈtrʌblʃuːt",
        "trans": [
            "排难解纷,排查故障"
        ]
    },
    {
        "name": "focus",
        "usphone": "ˈfoʊkəs",
        "ukphone": "ˈfəʊkəs",
        "trans": [
            "集中, 聚焦"
        ]
    },
    {
        "name": "review",
        "usphone": "rɪˈvjuː",
        "ukphone": "rɪˈvjuː",
        "trans": [
            "检查, 评审"
        ]
    },
    {
        "name": "reflect",
        "usphone": "rɪˈflekt",
        "ukphone": "rɪˈflekt",
        "trans": [
            "反映, 表现, 反射"
        ]
    },
    {
        "name": "assess",
        "usphone": "əˈses",
        "ukphone": "əˈses",
        "trans": [
            "评估,估价,评定"
        ]
    },
    {
        "name": "strategy",
        "usphone": "ˈstrætədʒi",
        "ukphone": "ˈstrætədʒi",
        "trans": [
            "策略, 战略"
        ]
    },
    {
        "name": "apply",
        "usphone": "əˈplaɪ",
        "ukphone": "əˈplaɪ",
        "trans": [
            "申请, 请求"
        ]
    },
    {
        "name": "regret",
        "usphone": "rɪˈɡret",
        "ukphone": "rɪˈɡret",
        "trans": [
            "后悔"
        ]
    },
    {
        "name": "hindsight",
        "usphone": "ˈhaɪndsaɪt",
        "ukphone": "ˈhaɪndsaɪt",
        "trans": [
            "事后的认识, 后见之明"
        ]
    },
    {
        "name": "wish",
        "usphone": "wɪʃ",
        "ukphone": "wɪʃ",
        "trans": [
            "愿, 希望, 想要"
        ]
    },
    {
        "name": "preview",
        "usphone": "ˈpriːvjuː",
        "ukphone": "ˈpriːvjuː",
        "trans": [
            "(在电影/电视公映前)观看并撰写预告性述评"
        ]
    },
    {
        "name": "timeline",
        "usphone": "ˈtaɪmlaɪn",
        "ukphone": "ˈtaɪmlaɪn",
        "trans": [
            "时间轴"
        ]
    },
    {
        "name": "issue",
        "usphone": "ˈɪʃuː",
        "ukphone": "ˈɪʃuː",
        "trans": [
            "问题"
        ]
    },
    {
        "name": "task",
        "usphone": "tæsk",
        "ukphone": "tɑːsk",
        "trans": [
            "任务"
        ]
    },
    {
        "name": "explode",
        "usphone": "ɪkˈsploʊd",
        "ukphone": "ɪkˈspləʊd",
        "trans": [
            "发怒，变危险"
        ]
    },
    {
        "name": "crazy",
        "usphone": "ˈkreɪzi",
        "ukphone": "ˈkreɪzi",
        "trans": [
            "发疯的"
        ]
    },
    {
        "name": "confident",
        "usphone": "ˈkɑːnfɪdənt",
        "ukphone": "ˈkɒnfɪdənt",
        "trans": [
            "自信的"
        ]
    },
    {
        "name": "doubt",
        "usphone": "daʊt",
        "ukphone": "daʊt",
        "trans": [
            "怀疑"
        ]
    },
    {
        "name": "annual",
        "usphone": "ˈænjuəl",
        "ukphone": "ˈænjuəl",
        "trans": [
            "年度的"
        ]
    },
    {
        "name": "pack",
        "usphone": "pæk",
        "ukphone": "pæk",
        "trans": [
            "挤满, 塞满"
        ]
    },
    {
        "name": "burst",
        "usphone": "bɜːrst",
        "ukphone": "bɜːst",
        "trans": [
            "爆裂, 胀开"
        ]
    },
    {
        "name": "association",
        "usphone": "əˌsoʊʃiˈeɪʃn",
        "ukphone": "əˌsəʊʃiˈeɪʃn",
        "trans": [
            "协会, 社团"
        ]
    },
    {
        "name": "connotation",
        "usphone": "ˌkɑːnəˈteɪʃn",
        "ukphone": "ˌkɒnəˈteɪʃn",
        "trans": [
            "隐含意义;含义"
        ]
    },
    {
        "name": "thought-provoking",
        "trans": [
            "发人深思的,令人深思的"
        ]
    },
    {
        "name": "audience",
        "usphone": "ˈɔːdiəns",
        "ukphone": "ˈɔːdiəns",
        "trans": [
            "观众"
        ]
    },
    {
        "name": "shocking",
        "usphone": "ˈʃɑːkɪŋ",
        "ukphone": "ˈʃɒkɪŋ",
        "trans": [
            "令人震惊的, 骇人的"
        ]
    },
    {
        "name": "seek",
        "usphone": "siːk",
        "ukphone": "siːk",
        "trans": [
            "寻找, 搜寻"
        ]
    },
    {
        "name": "far-fetched",
        "trans": [
            "牵强附会"
        ],
        "usphone": "'fɑ:'fetʃt",
        "ukphone": "fɑːr'fetʃt"
    },
    {
        "name": "convincing",
        "usphone": "kənˈvɪnsɪŋ",
        "ukphone": "kənˈvɪnsɪŋ",
        "trans": [
            "有说服力的;令人信服的"
        ]
    },
    {
        "name": "one-sided",
        "trans": [
            "一方的,单方的,不平衡的"
        ]
    },
    {
        "name": "unrealistic",
        "usphone": "ˌʌnriːəˈlɪstɪk",
        "ukphone": "ˌʌnrɪəˈlɪstɪk",
        "trans": [
            "不切实际的, 不实在的"
        ]
    },
    {
        "name": "scam",
        "usphone": "skæm",
        "ukphone": "skæm",
        "trans": [
            "骗局; 欺诈"
        ]
    },
    {
        "name": "attempt",
        "usphone": "əˈtempt",
        "ukphone": "əˈtempt",
        "trans": [
            "试图, 尝试, 企图"
        ]
    },
    {
        "name": "terms",
        "usphone": "tɜːrmz",
        "ukphone": "tɜːmz",
        "trans": [
            "条件, 条款"
        ]
    },
    {
        "name": "use",
        "usphone": "juːz",
        "ukphone": "juːz",
        "trans": [
            "使用, 运用"
        ]
    },
    {
        "name": "billing",
        "usphone": "ˈbɪlɪŋ",
        "ukphone": "ˈbɪlɪŋ",
        "trans": [
            "(演员表上的)排名,演员名次"
        ]
    },
    {
        "name": "cycle",
        "usphone": "ˈsaɪkl",
        "ukphone": "ˈsaɪkl",
        "trans": [
            "自行车"
        ]
    },
    {
        "name": "reserve",
        "usphone": "rɪˈzɜːrv",
        "ukphone": "rɪˈzɜːv",
        "trans": [
            "预约"
        ]
    },
    {
        "name": "right",
        "usphone": "raɪt",
        "ukphone": "raɪt",
        "trans": [
            "权利"
        ]
    },
    {
        "name": "period",
        "usphone": "ˈpɪriəd",
        "ukphone": "ˈpɪəriəd",
        "trans": [
            "一段时间"
        ]
    },
    {
        "name": "refund",
        "usphone": "ˈriːfʌnd",
        "ukphone": "ˈriːfʌnd",
        "trans": [
            "退款; 偿还金"
        ]
    },
    {
        "name": "partial",
        "usphone": "ˈpɑːrʃl",
        "ukphone": "ˈpɑːʃl",
        "trans": [
            "部分的; 不完全的"
        ]
    },
    {
        "name": "renew",
        "usphone": "rɪˈnuː",
        "ukphone": "rɪˈnjuː",
        "trans": [
            "使恢复; 使复原,重新开始"
        ]
    },
    {
        "name": "target",
        "usphone": "ˈtɑːrɡɪt",
        "ukphone": "ˈtɑːɡɪt",
        "trans": [
            "目标"
        ]
    },
    {
        "name": "campaign",
        "usphone": "kæmˈpeɪn",
        "ukphone": "kæmˈpeɪn",
        "trans": [
            "运动, 战役"
        ]
    },
    {
        "name": "personally",
        "usphone": "ˈpɜːrsənəli",
        "ukphone": "ˈpɜːsənəli",
        "trans": [
            "就自己而言"
        ]
    },
    {
        "name": "impact",
        "usphone": "ˈɪmpækt",
        "ukphone": "ˈɪmpækt",
        "trans": [
            "影响"
        ]
    },
    {
        "name": "hopeful",
        "usphone": "ˈhoʊpfl",
        "ukphone": "ˈhəʊpfl",
        "trans": [
            "有希望的"
        ]
    },
    {
        "name": "gargantuan",
        "usphone": "ɡɑːrˈɡæntʃuən",
        "ukphone": "ɡɑːˈɡæntʃuən",
        "trans": [
            "巨大的, 庞大的"
        ]
    },
    {
        "name": "effort",
        "usphone": "ˈefərt",
        "ukphone": "ˈefət",
        "trans": [
            "努力"
        ]
    },
    {
        "name": "imminent",
        "usphone": "ˈɪmɪnənt",
        "ukphone": "ˈɪmɪnənt",
        "trans": [
            "(尤指不愉快的事件)即将发生的"
        ]
    },
    {
        "name": "fortunately",
        "usphone": "ˈfɔːrtʃənətli",
        "ukphone": "ˈfɔːtʃənətli",
        "trans": [
            "幸好，幸亏"
        ]
    },
    {
        "name": "action",
        "usphone": "ˈækʃn",
        "ukphone": "ˈækʃn",
        "trans": [
            "行为, 行动"
        ]
    },
    {
        "name": "drought",
        "usphone": "draʊt",
        "ukphone": "draʊt",
        "trans": [
            "干旱"
        ]
    },
    {
        "name": "crop",
        "usphone": "krɑːp",
        "ukphone": "krɒp",
        "trans": [
            "农作物, 庄稼"
        ]
    },
    {
        "name": "momentum",
        "usphone": "moʊˈmentəm",
        "ukphone": "məˈmentəm",
        "trans": [
            "动力; 冲力; 势头"
        ]
    },
    {
        "name": "shortage",
        "usphone": "ˈʃɔːrtɪdʒ",
        "ukphone": "ˈʃɔːtɪdʒ",
        "trans": [
            "短缺,缺少; 不足"
        ]
    },
    {
        "name": "affordable",
        "usphone": "É™ËˆfÉ”ËrdÉ™bl",
        "ukphone": "É™ËˆfÉ”ËdÉ™bl",
        "trans": [
            "价格实惠"
        ]
    },
    {
        "name": "endangered",
        "usphone": "ɪnˈdeɪndʒərd",
        "ukphone": "ɪnˈdeɪndʒəd",
        "trans": [
            "濒危灭绝的"
        ]
    },
    {
        "name": "extinct",
        "usphone": "ɪkˈstɪŋkt",
        "ukphone": "ɪkˈstɪŋkt",
        "trans": [
            "灭绝的"
        ]
    },
    {
        "name": "species",
        "usphone": "ˈspiːʃiːz",
        "ukphone": "ˈspiːʃiːz",
        "trans": [
            "种类,物种"
        ]
    },
    {
        "name": "doom",
        "usphone": "duːm",
        "ukphone": "duːm",
        "trans": [
            "判决,使失败,厄运"
        ]
    },
    {
        "name": "melodramatic",
        "usphone": "ˌmelədrəˈmætɪk",
        "ukphone": "ˌmelədrəˈmætɪk",
        "trans": [
            "情节剧似的; 耸人听闻的"
        ]
    },
    {
        "name": "faith",
        "usphone": "feɪθ",
        "ukphone": "feɪθ",
        "trans": [
            "信心, 信念"
        ]
    },
    {
        "name": "supply",
        "usphone": "səˈplaɪ",
        "ukphone": "səˈplaɪ",
        "trans": [
            "提供, 供给"
        ]
    },
    {
        "name": "replace",
        "usphone": "rɪˈpleɪs",
        "ukphone": "rɪˈpleɪs",
        "trans": [
            "取代, 替代"
        ]
    },
    {
        "name": "install",
        "usphone": "ɪnˈstɔːl",
        "ukphone": "ɪnˈstɔːl",
        "trans": [
            "安装"
        ]
    },
    {
        "name": "factor",
        "usphone": "ˈfæktər",
        "ukphone": "ˈfæktə(r)",
        "trans": [
            "方面, 因素"
        ]
    },
    {
        "name": "move",
        "usphone": "muːv",
        "ukphone": "muːv",
        "trans": [
            "措施, 对策"
        ]
    },
    {
        "name": "maintain",
        "usphone": "meɪnˈteɪn",
        "ukphone": "meɪnˈteɪn",
        "trans": [
            "维持, 保持, 使继续"
        ]
    },
    {
        "name": "value",
        "usphone": "ˈvæljuː",
        "ukphone": "ˈvæljuː",
        "trans": [
            "重要性"
        ]
    },
    {
        "name": "apparently",
        "usphone": "əˈpærəntli",
        "ukphone": "əˈpærəntli",
        "trans": [
            "明显地"
        ]
    },
    {
        "name": "frankly",
        "usphone": "ˈfræŋkli",
        "ukphone": "ˈfræŋkli",
        "trans": [
            "坦白地; 真诚地"
        ]
    },
    {
        "name": "clearly",
        "usphone": "ˈklɪrli",
        "ukphone": "ˈklɪəli",
        "trans": [
            "清楚地"
        ]
    },
    {
        "name": "cost-effective",
        "usphone": "kɒstɪˈfɛktɪv",
        "ukphone": "kɒstɪˈfɛktɪv",
        "trans": [
            "有成本效益的, 划算的"
        ]
    },
    {
        "name": "hands-on",
        "trans": [
            "动手"
        ]
    },
    {
        "name": "on-demand",
        "trans": [
            "立即响应的"
        ]
    },
    {
        "name": "remote",
        "usphone": "rɪˈmoʊt",
        "ukphone": "rɪˈməʊt",
        "trans": [
            "远程的"
        ]
    },
    {
        "name": "participant",
        "usphone": "pɑːrˈtɪsɪpənt",
        "ukphone": "pɑːˈtɪsɪpənt",
        "trans": [
            "参与者"
        ]
    },
    {
        "name": "format",
        "usphone": "ˈfɔːrmæt",
        "ukphone": "ˈfɔːmæt",
        "trans": [
            "格式，版式, 设计"
        ]
    },
    {
        "name": "facilitator",
        "usphone": "fəˈsɪlɪteɪtər",
        "ukphone": "fəˈsɪlɪteɪtə(r)",
        "trans": [
            "调解人"
        ]
    },
    {
        "name": "custom-built",
        "trans": [
            "定制的"
        ]
    },
    {
        "name": "visual",
        "usphone": "ˈvɪʒuəl",
        "ukphone": "ˈvɪʒuəl",
        "trans": [
            "视觉的"
        ]
    },
    {
        "name": "physical",
        "usphone": "ˈfɪzɪkl",
        "ukphone": "ˈfɪzɪkl",
        "trans": [
            "身体的"
        ]
    },
    {
        "name": "solitary",
        "usphone": "ˈsɑːləteri",
        "ukphone": "ˈsɒlətri",
        "trans": [
            "孤独的"
        ]
    },
    {
        "name": "social",
        "usphone": "ˈsoʊʃl",
        "ukphone": "ˈsəʊʃl",
        "trans": [
            "社交的, 交谊的, 联谊的, 联欢的"
        ]
    },
    {
        "name": "respond",
        "usphone": "rɪˈspɑːnd",
        "ukphone": "rɪˈspɒnd",
        "trans": [
            "回答"
        ]
    },
    {
        "name": "connect",
        "usphone": "kəˈnekt",
        "ukphone": "kəˈnekt",
        "trans": [
            "联系"
        ]
    },
    {
        "name": "alarm",
        "usphone": "əˈlɑːrm",
        "ukphone": "əˈlɑːm",
        "trans": [
            "警告, 是某人警觉"
        ]
    },
    {
        "name": "attractive",
        "usphone": "əˈtræktɪv",
        "ukphone": "əˈtræktɪv",
        "trans": [
            "吸引人的, 诱人的"
        ]
    },
    {
        "name": "drawback",
        "usphone": "ˈdrɔːbæk",
        "ukphone": "ˈdrɔːbæk",
        "trans": [
            "缺陷"
        ]
    },
    {
        "name": "chief",
        "usphone": "tʃiːf",
        "ukphone": "tʃiːf",
        "trans": [
            "重要的, 主要的"
        ]
    },
    {
        "name": "complaint",
        "usphone": "kəmˈpleɪnt",
        "ukphone": "kəmˈpleɪnt",
        "trans": [
            "抱怨, 投诉"
        ]
    },
    {
        "name": "choice",
        "usphone": "tʃɔɪs",
        "ukphone": "tʃɔɪs",
        "trans": [
            "选择"
        ]
    },
    {
        "name": "principal",
        "usphone": "ˈprɪnsəpl",
        "ukphone": "ˈprɪnsəpl",
        "trans": [
            "最重要的,为首的,主要的"
        ]
    },
    {
        "name": "represent",
        "usphone": "ˌreprɪˈzent",
        "ukphone": "ˌreprɪˈzent",
        "trans": [
            "代表"
        ]
    },
    {
        "name": "valid",
        "usphone": "ˈvælɪd",
        "ukphone": "ˈvælɪd",
        "trans": [
            "正当的, 有效的, 有根据的, 合法的"
        ]
    },
    {
        "name": "point",
        "usphone": "pɔɪnt",
        "ukphone": "pɔɪnt",
        "trans": [
            "意见, 观点, 看法"
        ]
    },
    {
        "name": "perspective",
        "usphone": "pərˈspektɪv",
        "ukphone": "pəˈspektɪv",
        "trans": [
            "观点,态度,看法"
        ]
    },
    {
        "name": "position",
        "usphone": "pəˈzɪʃn",
        "ukphone": "pəˈzɪʃn",
        "trans": [
            "观点, 立场"
        ]
    },
    {
        "name": "topic",
        "usphone": "ˈtɑːpɪk",
        "ukphone": "ˈtɒpɪk",
        "trans": [
            "题目, 主题"
        ]
    },
    {
        "name": "aim",
        "usphone": "eɪm",
        "ukphone": "eɪm",
        "trans": [
            "目的, 目标"
        ]
    },
    {
        "name": "discussion",
        "usphone": "dɪˈskʌʃn",
        "ukphone": "dɪˈskʌʃn",
        "trans": [
            "讨论"
        ]
    },
    {
        "name": "tutor",
        "usphone": "ˈtuːtər",
        "ukphone": "ˈtjuːtə(r)",
        "trans": [
            "私人教师,家庭教师, 导师"
        ]
    },
    {
        "name": "quarter",
        "usphone": "ˈkwɔːrtər",
        "ukphone": "ˈkwɔːtə(r)",
        "trans": [
            "季, 季度"
        ]
    },
    {
        "name": "achievement",
        "usphone": "əˈtʃiːvmənt",
        "ukphone": "əˈtʃiːvmənt",
        "trans": [
            "成就, 成功"
        ]
    },
    {
        "name": "result",
        "usphone": "rɪˈzʌlt",
        "ukphone": "rɪˈzʌlt",
        "trans": [
            "结果"
        ]
    },
    {
        "name": "manufacturing",
        "usphone": "ˌmænjuˈfæktʃərɪŋ",
        "ukphone": "ˌmænjuˈfæktʃərɪŋ",
        "trans": [
            "制造业, 工业"
        ]
    },
    {
        "name": "solution",
        "usphone": "səˈluːʃn",
        "ukphone": "səˈluːʃn",
        "trans": [
            "解决办法"
        ]
    },
    {
        "name": "profit",
        "usphone": "ˈprɑːfɪt",
        "ukphone": "ˈprɒfɪt",
        "trans": [
            "利润, 利益, 赢利"
        ]
    },
    {
        "name": "fix",
        "usphone": "fɪks",
        "ukphone": "fɪks",
        "trans": [
            "修, 修理"
        ]
    },
    {
        "name": "highlight",
        "usphone": "ˈhaɪlaɪt",
        "ukphone": "ˈhaɪlaɪt",
        "trans": [
            "强调, 着重"
        ]
    },
    {
        "name": "include",
        "usphone": "ɪnˈkluːd",
        "ukphone": "ɪnˈkluːd",
        "trans": [
            "包括, 包含"
        ]
    },
    {
        "name": "closing",
        "usphone": "ˈkloʊzɪŋ",
        "ukphone": "ˈkləʊzɪŋ",
        "trans": [
            "结尾的,最后阶段的,结束的"
        ]
    },
    {
        "name": "consumer",
        "usphone": "kənˈsuːmər",
        "ukphone": "kənˈsjuːmə(r)",
        "trans": [
            "消费者"
        ]
    },
    {
        "name": "shopper",
        "usphone": "ˈʃɑːpər",
        "ukphone": "ˈʃɒpə(r)",
        "trans": [
            "购物者"
        ]
    },
    {
        "name": "client",
        "usphone": "ˈklaɪənt",
        "ukphone": "ˈklaɪənt",
        "trans": [
            "客户"
        ]
    },
    {
        "name": "value",
        "usphone": "ˈvæljuː",
        "ukphone": "ˈvæljuː",
        "trans": [
            "珍视, 重视"
        ]
    },
    {
        "name": "harvest",
        "usphone": "ˈhɑːrvɪst",
        "ukphone": "ˈhɑːvɪst",
        "trans": [
            "收成"
        ]
    },
    {
        "name": "rotten",
        "usphone": "ˈrɑːtn",
        "ukphone": "ˈrɒtn",
        "trans": [
            "腐烂的; 变质的"
        ]
    },
    {
        "name": "war",
        "usphone": "wɔːr",
        "ukphone": "wɔː(r)",
        "trans": [
            "战争"
        ]
    },
    {
        "name": "fork",
        "usphone": "fɔːrk",
        "ukphone": "fɔːk",
        "trans": [
            "叉"
        ]
    },
    {
        "name": "journey",
        "usphone": "ˈdʒɜːrni",
        "ukphone": "ˈdʒɜːni",
        "trans": [
            "(尤指长途)旅行, 行程"
        ]
    },
    {
        "name": "overtake",
        "usphone": "ˌoʊvərˈteɪk",
        "ukphone": "ˌəʊvəˈteɪk",
        "trans": [
            "追上, 超越(尤指运动着的人或车)"
        ]
    },
    {
        "name": "economical",
        "usphone": "ˌiːkəˈnɑːmɪkl",
        "ukphone": "ˌiːkəˈnɒmɪkl",
        "trans": [
            "经济的"
        ]
    },
    {
        "name": "cruise",
        "usphone": "kruːz",
        "ukphone": "kruːz",
        "trans": [
            "巡航,巡游"
        ]
    },
    {
        "name": "recap",
        "usphone": "ˈriːkæp",
        "ukphone": "ˈriːkæp",
        "trans": [
            "概括"
        ]
    },
    {
        "name": "summarize",
        "usphone": "ˈsʌməraɪz",
        "ukphone": "ˈsʌməraɪz",
        "trans": [
            "总结"
        ]
    },
    {
        "name": "key",
        "usphone": "kiː",
        "ukphone": "kiː",
        "trans": [
            "重要的, 基本的, 关键的"
        ]
    },
    {
        "name": "proceed",
        "usphone": "proʊˈsiːd",
        "ukphone": "prəˈsiːd",
        "trans": [
            "继续进行"
        ]
    },
    {
        "name": "examine",
        "usphone": "ɪɡˈzæmɪn",
        "ukphone": "ɪɡˈzæmɪn",
        "trans": [
            "检查"
        ]
    },
    {
        "name": "review",
        "usphone": "rɪˈvjuː",
        "ukphone": "rɪˈvjuː",
        "trans": [
            "检查, 评审"
        ]
    },
    {
        "name": "implement",
        "usphone": "ˈɪmplɪment",
        "ukphone": "ˈɪmplɪment",
        "trans": [
            "使(某事物)生效; 履行; 实施; 贯彻"
        ]
    },
    {
        "name": "guard",
        "usphone": "ɡɑːrd",
        "ukphone": "ɡɑːd",
        "trans": [
            "看守, 守护"
        ]
    },
    {
        "name": "open-plan",
        "trans": [
            "开敞式平面布置的"
        ]
    },
    {
        "name": "data",
        "usphone": "ˈdeɪtə",
        "ukphone": "ˈdeɪtə",
        "trans": [
            "数据"
        ]
    },
    {
        "name": "outlet",
        "usphone": "ˈaʊtlet",
        "ukphone": "ˈaʊtlet",
        "trans": [
            "(精力﹑ 强烈情感等的)发泄的出路"
        ]
    },
    {
        "name": "server",
        "usphone": "ˈsɜːrvər",
        "ukphone": "ˈsɜːvə(r)",
        "trans": [
            "服务器"
        ]
    },
    {
        "name": "echo",
        "usphone": "ˈekoʊ",
        "ukphone": "ˈekəʊ",
        "trans": [
            "呼应"
        ]
    },
    {
        "name": "delay",
        "usphone": "dɪˈleɪ",
        "ukphone": "dɪˈleɪ",
        "trans": [
            "延期, 拖延"
        ]
    },
    {
        "name": "mute",
        "usphone": "mjuːt",
        "ukphone": "mjuːt",
        "trans": [
            "使声音(尤指乐器声)减弱, 柔和"
        ]
    },
    {
        "name": "interrupt",
        "usphone": "ˌɪntəˈrʌpt",
        "ukphone": "ˌɪntəˈrʌpt",
        "trans": [
            "打扰, 打断"
        ]
    },
    {
        "name": "microphone",
        "usphone": "ˈmaɪkrəfoʊn",
        "ukphone": "ˈmaɪkrəfəʊn",
        "trans": [
            "话筒"
        ]
    },
    {
        "name": "consensus",
        "usphone": "kənˈsensəs",
        "ukphone": "kənˈsensəs",
        "trans": [
            "一致的意见;共识"
        ]
    },
    {
        "name": "comment",
        "usphone": "ˈkɑːment",
        "ukphone": "ˈkɒment",
        "trans": [
            "发表意见, 评论"
        ]
    },
    {
        "name": "delighted",
        "usphone": "dɪˈlaɪtɪd",
        "ukphone": "dɪˈlaɪtɪd",
        "trans": [
            "高兴的, 开心的"
        ]
    },
    {
        "name": "voice",
        "usphone": "vɔɪs",
        "ukphone": "vɔɪs",
        "trans": [
            "表达"
        ]
    },
    {
        "name": "trip",
        "usphone": "trɪp",
        "ukphone": "trɪp",
        "trans": [
            "绊倒, 失足"
        ]
    },
    {
        "name": "run",
        "usphone": "rʌn",
        "ukphone": "rʌn",
        "trans": [
            "持续"
        ]
    },
    {
        "name": "unique",
        "usphone": "juˈniːk",
        "ukphone": "juˈniːk",
        "trans": [
            "独一无二的, 独有的, 独特的"
        ]
    },
    {
        "name": "contribution",
        "usphone": "ˌkɑːntrɪˈbjuːʃn",
        "ukphone": "ˌkɒntrɪˈbjuːʃn",
        "trans": [
            "贡献, 捐助物"
        ]
    },
    {
        "name": "organization",
        "usphone": "ˌɔːrɡənəˈzeɪʃn",
        "ukphone": "ˌɔːɡənaɪˈzeɪʃn",
        "trans": [
            "组织, 机构"
        ]
    },
    {
        "name": "engage",
        "usphone": "ɪnˈɡeɪdʒ",
        "ukphone": "ɪnˈɡeɪdʒ",
        "trans": [
            "吸引, 引起(兴趣)"
        ]
    },
    {
        "name": "cost-effective",
        "usphone": "kɒstɪˈfɛktɪv",
        "ukphone": "kɒstɪˈfɛktɪv",
        "trans": [
            "有成本效益的"
        ]
    },
    {
        "name": "limited",
        "usphone": "ˈlɪmɪtɪd",
        "ukphone": "ˈlɪmɪtɪd",
        "trans": [
            "不多的, 有限的"
        ]
    },
    {
        "name": "budget",
        "usphone": "ˈbʌdʒɪt",
        "ukphone": "ˈbʌdʒɪt",
        "trans": [
            "预算"
        ]
    },
    {
        "name": "wholesale",
        "usphone": "ˈhoʊlseɪl",
        "ukphone": "ˈhəʊlseɪl",
        "trans": [
            "批发(的); 趸批出卖(的)"
        ]
    },
    {
        "name": "discount",
        "usphone": "ˈdɪskaʊnt",
        "ukphone": "ˈdɪskaʊnt",
        "trans": [
            "折扣"
        ]
    },
    {
        "name": "save",
        "usphone": "seɪv",
        "ukphone": "seɪv",
        "trans": [
            "节省，储蓄，积攒，攒钱"
        ]
    },
    {
        "name": "storage",
        "usphone": "ˈstɔːrɪdʒ",
        "ukphone": "ˈstɔːrɪdʒ",
        "trans": [
            "贮存, 贮藏"
        ]
    }
]