[
    {
        "name": "stupid",
        "usphone": "ˈstuːpɪd",
        "ukphone": "ˈstjuːpɪd",
        "trans": [
            "愚蠢的, 笨的, 迟钝的, 麻木的, 无知觉的"
        ]
    },
    {
        "name": "reliable",
        "usphone": "rɪˈlaɪəbl",
        "ukphone": "rɪˈlaɪəbl",
        "trans": [
            "可信赖的; 可靠的"
        ]
    },
    {
        "name": "organized",
        "usphone": "ˈɔːrɡənaɪzd",
        "ukphone": "ˈɔːɡənaɪzd",
        "trans": [
            "有组织的"
        ]
    },
    {
        "name": "fast",
        "usphone": "fæst",
        "ukphone": "fɑːst",
        "trans": [
            "快速的"
        ]
    },
    {
        "name": "hard",
        "usphone": "hɑːrd",
        "ukphone": "hɑːd",
        "trans": [
            "费力的"
        ]
    },
    {
        "name": "good",
        "usphone": "ɡʊd",
        "ukphone": "ɡʊd",
        "trans": [
            "优良的, 正直的"
        ]
    },
    {
        "name": "for",
        "usphone": "fər",
        "ukphone": "fə(r)",
        "trans": [
            "给"
        ]
    },
    {
        "name": "wonder",
        "usphone": "ˈwʌndər",
        "ukphone": "ˈwʌndə(r)",
        "trans": [
            "惊讶, 怀疑, 惊奇, 想知道"
        ]
    },
    {
        "name": "surprise",
        "usphone": "sərˈpraɪz",
        "ukphone": "səˈpraɪz",
        "trans": [
            "感到惊讶"
        ]
    },
    {
        "name": "worry",
        "usphone": "ˈwɜːri",
        "ukphone": "ˈwʌri",
        "trans": [
            "担忧, 担心, 发愁"
        ]
    },
    {
        "name": "say",
        "usphone": "seɪ",
        "ukphone": "seɪ",
        "trans": [
            "说"
        ]
    },
    {
        "name": "personal",
        "usphone": "ˈpɜːrsənl",
        "ukphone": "ˈpɜːsənl",
        "trans": [
            "个人的, 私人的"
        ]
    },
    {
        "name": "reason",
        "usphone": "ˈriːzn",
        "ukphone": "ˈriːzn",
        "trans": [
            "理由, 动机, 原因"
        ]
    },
    {
        "name": "tell",
        "usphone": "tel",
        "ukphone": "tel",
        "trans": [
            "告诉, 说"
        ]
    },
    {
        "name": "further",
        "usphone": "ˈfɜːrðər",
        "ukphone": "ˈfɜːðə(r)",
        "trans": [
            "另外的"
        ]
    },
    {
        "name": "anyone",
        "usphone": "ˈeniwʌn",
        "ukphone": "ˈeniwʌn",
        "trans": [
            "任何人"
        ]
    },
    {
        "name": "anything",
        "usphone": "ˈeniθɪŋ",
        "ukphone": "ˈeniθɪŋ",
        "trans": [
            "任何事, 任何东西"
        ]
    },
    {
        "name": "update",
        "usphone": "ˌʌpˈdeɪt",
        "ukphone": "ˌʌpˈdeɪt",
        "trans": [
            "更新(某事物), 升级"
        ]
    },
    {
        "name": "well",
        "usphone": "wel",
        "ukphone": "wel",
        "trans": [
            "好, 对, 满意的"
        ]
    },
    {
        "name": "outgoing",
        "usphone": "ˈaʊtɡoʊɪŋ",
        "ukphone": "ˈaʊtɡəʊɪŋ",
        "trans": [
            "外向的,好交际的"
        ]
    },
    {
        "name": "shy",
        "usphone": "ʃaɪ",
        "ukphone": "ʃaɪ",
        "trans": [
            "害羞的, 腼腆的, 胆怯的"
        ]
    },
    {
        "name": "agenda",
        "usphone": "əˈdʒendə",
        "ukphone": "əˈdʒendə",
        "trans": [
            "议程,讨论事项"
        ]
    },
    {
        "name": "ambitious",
        "usphone": "æmˈbɪʃəs",
        "ukphone": "æmˈbɪʃəs",
        "trans": [
            "有野心的,有雄心的"
        ]
    },
    {
        "name": "clever",
        "usphone": "ˈklevər",
        "ukphone": "ˈklevə(r)",
        "trans": [
            "聪明的, 机灵的, 熟练的"
        ]
    },
    {
        "name": "expect",
        "usphone": "ɪkˈspekt",
        "ukphone": "ɪkˈspekt",
        "trans": [
            "期待"
        ]
    },
    {
        "name": "hire",
        "usphone": "ˈhaɪər",
        "ukphone": "ˈhaɪə(r)",
        "trans": [
            "出租"
        ]
    },
    {
        "name": "honest",
        "usphone": "ˈɑːnɪst",
        "ukphone": "ˈɒnɪst",
        "trans": [
            "诚实的, 老实的"
        ]
    },
    {
        "name": "item",
        "usphone": "ˈaɪtəm",
        "ukphone": "ˈaɪtəm",
        "trans": [
            "条, 条款, 项, 项目, 条目"
        ]
    },
    {
        "name": "since",
        "usphone": "sɪns",
        "ukphone": "sɪns",
        "trans": [
            "自 以来, 从那时到现在"
        ]
    },
    {
        "name": "summarize",
        "usphone": "ˈsʌməraɪz",
        "ukphone": "ˈsʌməraɪz",
        "trans": [
            "作总结, 作概括; 总结, 概括, 概述"
        ]
    },
    {
        "name": "fever",
        "usphone": "ˈfiːvər",
        "ukphone": "ˈfiːvə(r)",
        "trans": [
            "发烧"
        ]
    },
    {
        "name": "cough",
        "usphone": "kɔːf",
        "ukphone": "kɒf",
        "trans": [
            "咳嗽"
        ]
    },
    {
        "name": "sore",
        "usphone": "sɔːr",
        "ukphone": "sɔː(r)",
        "trans": [
            "疼痛的"
        ]
    },
    {
        "name": "throat",
        "usphone": "θroʊt",
        "ukphone": "θrəʊt",
        "trans": [
            "喉咙, 嗓子"
        ]
    },
    {
        "name": "headache",
        "usphone": "ˈhedeɪk",
        "ukphone": "ˈhedeɪk",
        "trans": [
            "头痛, 头疼"
        ]
    },
    {
        "name": "symptom",
        "usphone": "ˈsɪmptəm",
        "ukphone": "ˈsɪmptəm",
        "trans": [
            "征候,征兆"
        ]
    },
    {
        "name": "flu",
        "usphone": "fluː",
        "ukphone": "fluː",
        "trans": [
            "流感"
        ]
    },
    {
        "name": "liquid",
        "usphone": "ˈlɪkwɪd",
        "ukphone": "ˈlɪkwɪd",
        "trans": [
            "液体"
        ]
    },
    {
        "name": "blood",
        "usphone": "blʌd",
        "ukphone": "blʌd",
        "trans": [
            "血"
        ]
    },
    {
        "name": "pressure",
        "usphone": "ˈpreʃər",
        "ukphone": "ˈpreʃə(r)",
        "trans": [
            "压力, 气压, 压强"
        ]
    },
    {
        "name": "pharmacy",
        "usphone": "ˈfɑːrməsi",
        "ukphone": "ˈfɑːməsi",
        "trans": [
            "药店"
        ]
    },
    {
        "name": "fill",
        "usphone": "fɪl",
        "ukphone": "fɪl",
        "trans": [
            "供应"
        ]
    },
    {
        "name": "pill",
        "usphone": "pɪl",
        "ukphone": "pɪl",
        "trans": [
            "药丸, 药片"
        ]
    },
    {
        "name": "appetite",
        "usphone": "ˈæpɪtaɪt",
        "ukphone": "ˈæpɪtaɪt",
        "trans": [
            "胃口,食欲"
        ]
    },
    {
        "name": "effect",
        "usphone": "ɪˈfekt",
        "ukphone": "ɪˈfekt",
        "trans": [
            "作用, 影响"
        ]
    },
    {
        "name": "serious",
        "usphone": "ˈsɪriəs",
        "ukphone": "ˈsɪəriəs",
        "trans": [
            "严重的"
        ]
    },
    {
        "name": "medication",
        "usphone": "ˌmedɪˈkeɪʃn",
        "ukphone": "ˌmedɪˈkeɪʃn",
        "trans": [
            "药物, 药品"
        ]
    },
    {
        "name": "medicine",
        "usphone": "ˈmedsn",
        "ukphone": "ˈmedsn",
        "trans": [
            "医学, 医术"
        ]
    },
    {
        "name": "nauseous",
        "usphone": "ˈnɔːʃəs",
        "ukphone": "ˈnɔːziəs",
        "trans": [
            "令人作呕的, 厌恶的"
        ]
    },
    {
        "name": "sprain",
        "usphone": "spreɪn",
        "ukphone": "spreɪn",
        "trans": [
            "扭伤"
        ]
    },
    {
        "name": "allergic",
        "usphone": "əˈlɜːrdʒɪk",
        "ukphone": "əˈlɜːdʒɪk",
        "trans": [
            "(对…)变态反应的,过敏的"
        ]
    },
    {
        "name": "bruise",
        "usphone": "bruːz",
        "ukphone": "bruːz",
        "trans": [
            "撞伤,造成淤青,造成淤肿"
        ]
    },
    {
        "name": "cover",
        "usphone": "ˈkʌvər",
        "ukphone": "ˈkʌvə(r)",
        "trans": [
            "投保险"
        ]
    },
    {
        "name": "diarrhea",
        "trans": [
            "腹泻"
        ],
        "usphone": ",daɪə'riə",
        "ukphone": ",daɪə'riə"
    },
    {
        "name": "dizzy",
        "usphone": "ˈdɪzi",
        "ukphone": "ˈdɪzi",
        "trans": [
            "眩晕的"
        ]
    },
    {
        "name": "dosage",
        "usphone": "ˈdoʊsɪdʒ",
        "ukphone": "ˈdəʊsɪdʒ",
        "trans": [
            "剂量"
        ]
    },
    {
        "name": "insurance",
        "usphone": "ɪnˈʃʊrəns",
        "ukphone": "ɪnˈʃʊərəns",
        "trans": [
            "保险"
        ]
    },
    {
        "name": "vomit",
        "usphone": "ˈvɑːmɪt",
        "ukphone": "ˈvɒmɪt",
        "trans": [
            "呕吐(食物等); 恶心"
        ]
    },
    {
        "name": "nurse",
        "usphone": "nɜːrs",
        "ukphone": "nɜːs",
        "trans": [
            "护士, 保姆"
        ]
    },
    {
        "name": "prescription",
        "usphone": "prɪˈskrɪpʃn",
        "ukphone": "prɪˈskrɪpʃn",
        "trans": [
            "处方,药方"
        ]
    },
    {
        "name": "morale",
        "usphone": "məˈræl",
        "ukphone": "məˈrɑːl",
        "trans": [
            "士气, 精神状态"
        ]
    },
    {
        "name": "offensive",
        "usphone": "əˈfensɪv",
        "ukphone": "əˈfensɪv",
        "trans": [
            "冒犯的, 得罪人的, 唐突的, 无礼的"
        ]
    },
    {
        "name": "sloppy",
        "usphone": "ˈslɑːpi",
        "ukphone": "ˈslɒpi",
        "trans": [
            "衣着不整的, 做事马虎的"
        ]
    },
    {
        "name": "solution",
        "usphone": "səˈluːʃn",
        "ukphone": "səˈluːʃn",
        "trans": [
            "解决方法"
        ]
    },
    {
        "name": "overweight",
        "usphone": "ˌoʊvərˈweɪt",
        "ukphone": "ˌəʊvəˈweɪt",
        "trans": [
            "超重的; 过重的"
        ]
    },
    {
        "name": "problem",
        "usphone": "ˈprɑːbləm",
        "ukphone": "ˈprɒbləm",
        "trans": [
            "问题"
        ]
    },
    {
        "name": "break",
        "usphone": "breɪk",
        "ukphone": "breɪk",
        "trans": [
            "改变, 终止"
        ]
    },
    {
        "name": "quit",
        "usphone": "kwɪt",
        "ukphone": "kwɪt",
        "trans": [
            "辞职, 离开, 放弃"
        ]
    },
    {
        "name": "begin",
        "usphone": "bɪˈɡɪn",
        "ukphone": "bɪˈɡɪn",
        "trans": [
            "开始, 着手"
        ]
    },
    {
        "name": "disorganized",
        "usphone": "dɪsˈɔːrɡənaɪzd",
        "ukphone": "dɪsˈɔːɡənaɪzd",
        "trans": [
            "杂乱无章"
        ]
    },
    {
        "name": "lazy",
        "usphone": "ˈleɪzi",
        "ukphone": "ˈleɪzi",
        "trans": [
            "懒散的, 怠惰的"
        ]
    },
    {
        "name": "flexible",
        "usphone": "ˈfleksəbl",
        "ukphone": "ˈfleksəbl",
        "trans": [
            "柔韧的, 灵活的, 易弯曲的, 可变通的"
        ]
    },
    {
        "name": "employee",
        "usphone": "ɪmˈplɔɪiː",
        "ukphone": "ɪmˈplɔɪiː",
        "trans": [
            "雇员"
        ]
    },
    {
        "name": "cost",
        "usphone": "kɔːst",
        "ukphone": "kɒst",
        "trans": [
            "费用, 花费, 开销"
        ]
    },
    {
        "name": "theft",
        "usphone": "θeft",
        "ukphone": "θeft",
        "trans": [
            "盗窃,偷窃"
        ]
    },
    {
        "name": "addicted",
        "usphone": "əˈdɪktɪd",
        "ukphone": "əˈdɪktɪd",
        "trans": [
            "上瘾的,无法戒除的"
        ]
    },
    {
        "name": "alcoholic",
        "usphone": "ˌælkəˈhɔːlɪk",
        "ukphone": "ˌælkəˈhɒlɪk",
        "trans": [
            "酗酒者"
        ]
    },
    {
        "name": "argumentative",
        "usphone": "ˌɑːrɡjuˈmentətɪv",
        "ukphone": "ˌɑːɡjuˈmentətɪv",
        "trans": [
            "善论证的,喜好争论的"
        ]
    },
    {
        "name": "communication",
        "usphone": "kəˌmjuːnɪˈkeɪʃn",
        "ukphone": "kəˌmjuːnɪˈkeɪʃn",
        "trans": [
            "交流, 交际"
        ]
    },
    {
        "name": "competition",
        "usphone": "ˌkɑːmpəˈtɪʃn",
        "ukphone": "ˌkɒmpəˈtɪʃn",
        "trans": [
            "比赛, 竞赛"
        ]
    },
    {
        "name": "competition",
        "usphone": "ˌkɑːmpəˈtɪʃn",
        "ukphone": "ˌkɒmpəˈtɪʃn",
        "trans": [
            "比赛, 竞赛"
        ]
    },
    {
        "name": "deadline",
        "usphone": "ˈdedlaɪn",
        "ukphone": "ˈdedlaɪn",
        "trans": [
            "期限"
        ]
    },
    {
        "name": "financial",
        "usphone": "faɪˈnænʃl",
        "ukphone": "faɪˈnænʃl",
        "trans": [
            "资金的, 金融的"
        ]
    },
    {
        "name": "innovation",
        "usphone": "ˌɪnəˈveɪʃn",
        "ukphone": "ˌɪnəˈveɪʃn",
        "trans": [
            "新方法,新事物;革新,创新"
        ]
    },
    {
        "name": "insomnia",
        "usphone": "ɪnˈsɑːmniə",
        "ukphone": "ɪnˈsɒmniə",
        "trans": [
            "失眠(症)"
        ]
    },
    {
        "name": "lack",
        "usphone": "læk",
        "ukphone": "læk",
        "trans": [
            "欠缺, 没有, 不足"
        ]
    },
    {
        "name": "marital",
        "usphone": "ˈmærɪtl",
        "ukphone": "ˈmærɪtl",
        "trans": [
            "夫的; 妻的; 婚姻的"
        ]
    },
    {
        "name": "repeat",
        "usphone": "rɪˈpiːt",
        "ukphone": "rɪˈpiːt",
        "trans": [
            "重复"
        ]
    },
    {
        "name": "glad",
        "usphone": "ɡlæd",
        "ukphone": "ɡlæd",
        "trans": [
            "高兴的, 开心的"
        ]
    },
    {
        "name": "introduce",
        "usphone": "ˈduːs",
        "ukphone": "ˌɪntrəˈdjuːs",
        "trans": [
            "介绍, 引荐"
        ]
    },
    {
        "name": "sport",
        "usphone": "spɔːrt",
        "ukphone": "spɔːt",
        "trans": [
            "运动, 文体活动"
        ]
    },
    {
        "name": "travel",
        "usphone": "ˈtrævl",
        "ukphone": "ˈtrævl",
        "trans": [
            "旅行"
        ]
    },
    {
        "name": "weather",
        "usphone": "ˈweðər",
        "ukphone": "ˈweðə(r)",
        "trans": [
            "天气, 气候, 气象"
        ]
    },
    {
        "name": "money",
        "usphone": "ˈmʌni",
        "ukphone": "ˈmʌni",
        "trans": [
            "钱, 金钱"
        ]
    },
    {
        "name": "unhappy",
        "usphone": "ʌnˈhæpi",
        "ukphone": "ʌnˈhæpi",
        "trans": [
            "不快乐的, 不高兴的, 不幸福的, 不满的"
        ]
    },
    {
        "name": "unusual",
        "usphone": "ʌnˈjuːʒuəl",
        "ukphone": "ʌnˈjuːʒuəl",
        "trans": [
            "不寻常的, 罕有地, 异乎寻常地"
        ]
    },
    {
        "name": "inappropriate",
        "usphone": "ˌɪnəˈproʊpriət",
        "ukphone": "ˌɪnəˈprəʊpriət",
        "trans": [
            "(对某人[某事物])不恰当的, 不适合的"
        ]
    },
    {
        "name": "limousine",
        "usphone": "ˈlɪməziːn",
        "ukphone": "ˈlɪməziːn",
        "trans": [
            "大型豪华轿车"
        ]
    },
    {
        "name": "serve",
        "usphone": "sɜːrv",
        "ukphone": "sɜːv",
        "trans": [
            "供职, 服役"
        ]
    },
    {
        "name": "card",
        "usphone": "kɑːrd",
        "ukphone": "kɑːd",
        "trans": [
            "名片"
        ]
    },
    {
        "name": "guess",
        "usphone": "ɡes",
        "ukphone": "ɡes",
        "trans": [
            "猜想"
        ]
    },
    {
        "name": "think",
        "usphone": "θɪŋk",
        "ukphone": "θɪŋk",
        "trans": [
            "期望"
        ]
    },
    {
        "name": "maybe",
        "usphone": "ˈmeɪbi",
        "ukphone": "ˈmeɪbi",
        "trans": [
            "大概, 或许, 可能"
        ]
    },
    {
        "name": "probably",
        "usphone": "ˈprɑːbəbli",
        "ukphone": "ˈprɒbəbli",
        "trans": [
            "大概, 或许, 很可能"
        ]
    },
    {
        "name": "interrupt",
        "usphone": "ˌɪntəˈrʌpt",
        "ukphone": "ˌɪntəˈrʌpt",
        "trans": [
            "打扰, 打断"
        ]
    },
    {
        "name": "disturb",
        "usphone": "dɪˈstɜːrb",
        "ukphone": "dɪˈstɜːb",
        "trans": [
            "打扰, 干扰, 骚扰"
        ]
    },
    {
        "name": "executive",
        "usphone": "ɪɡˈzekjətɪv",
        "ukphone": "ɪɡˈzekjətɪv",
        "trans": [
            "管理的, 行政的"
        ]
    },
    {
        "name": "familiar",
        "usphone": "fəˈmɪliər",
        "ukphone": "fəˈmɪliə(r)",
        "trans": [
            "熟悉的"
        ]
    },
    {
        "name": "impolite",
        "usphone": "ˌɪmpəˈlaɪt",
        "ukphone": "ˌɪmpəˈlaɪt",
        "trans": [
            "粗鲁的; 不礼貌的"
        ]
    },
    {
        "name": "impossible",
        "usphone": "ɪmˈpɑːsəbl",
        "ukphone": "ɪmˈpɒsəbl",
        "trans": [
            "不可能的"
        ]
    },
    {
        "name": "inefficient",
        "usphone": "ˌɪnɪˈfɪʃnt",
        "ukphone": "ˌɪnɪˈfɪʃnt",
        "trans": [
            "无效的;效率低的"
        ]
    },
    {
        "name": "located",
        "usphone": "ˈloʊkeɪtɪd",
        "ukphone": "ləʊˈkeɪtɪd",
        "trans": [
            "坐落的, 位于的"
        ]
    },
    {
        "name": "politics",
        "usphone": "ˈpɑːlətɪks",
        "ukphone": "ˈpɒlətɪks",
        "trans": [
            "政治"
        ]
    },
    {
        "name": "romance",
        "usphone": "ˈroʊmæns",
        "ukphone": "rəʊˈmæns",
        "trans": [
            "富于想像力的故事; 浪漫故事"
        ]
    },
    {
        "name": "seem",
        "usphone": "siːm",
        "ukphone": "siːm",
        "trans": [
            "看上去, 像是, 似乎"
        ]
    },
    {
        "name": "religion",
        "usphone": "rɪˈlɪdʒən",
        "ukphone": "rɪˈlɪdʒən",
        "trans": [
            "宗教, 宗教信仰"
        ]
    },
    {
        "name": "purchase",
        "usphone": "ˈpɜːrtʃəs",
        "ukphone": "ˈpɜːtʃəs",
        "trans": [
            "购买"
        ]
    },
    {
        "name": "region",
        "usphone": "ˈriːdʒən",
        "ukphone": "ˈriːdʒən",
        "trans": [
            "地区, 区域"
        ]
    },
    {
        "name": "market",
        "usphone": "ˈmɑːrkɪt",
        "ukphone": "ˈmɑːkɪt",
        "trans": [
            "市场, 集市"
        ]
    },
    {
        "name": "share",
        "usphone": "ʃer",
        "ukphone": "ʃeə(r)",
        "trans": [
            "股份"
        ]
    },
    {
        "name": "increase",
        "usphone": "ɪnˈkriːs",
        "ukphone": "ɪnˈkriːs",
        "trans": [
            "增加, 增多"
        ]
    },
    {
        "name": "decrease",
        "usphone": "dɪˈkriːs",
        "ukphone": "dɪˈkriːs",
        "trans": [
            "减少, 下降"
        ]
    },
    {
        "name": "fall",
        "usphone": "fɔːl",
        "ukphone": "fɔːl",
        "trans": [
            "减少"
        ]
    },
    {
        "name": "rise",
        "usphone": "raɪz",
        "ukphone": "raɪz",
        "trans": [
            "增加"
        ]
    },
    {
        "name": "hire",
        "usphone": "ˈhaɪər",
        "ukphone": "ˈhaɪə(r)",
        "trans": [
            "租借, 租用"
        ]
    },
    {
        "name": "software",
        "usphone": "ˈsɔːftwer",
        "ukphone": "ˈsɒftweə(r)",
        "trans": [
            "软件"
        ]
    },
    {
        "name": "repeat",
        "usphone": "rɪˈpiːt",
        "ukphone": "rɪˈpiːt",
        "trans": [
            "重复"
        ]
    },
    {
        "name": "confirm",
        "usphone": "kənˈfɜːrm",
        "ukphone": "kənˈfɜːm",
        "trans": [
            "确认"
        ]
    },
    {
        "name": "propose",
        "usphone": "prəˈpoʊz",
        "ukphone": "prəˈpəʊz",
        "trans": [
            "建议, 提议"
        ]
    },
    {
        "name": "conclude",
        "usphone": "kənˈkluːd",
        "ukphone": "kənˈkluːd",
        "trans": [
            "下结论, 总结"
        ]
    },
    {
        "name": "advantage",
        "usphone": "ədˈvæntɪdʒ",
        "ukphone": "ədˈvɑːntɪdʒ",
        "trans": [
            "优势, 好处, 优点"
        ]
    },
    {
        "name": "disadvantage",
        "usphone": "ˌdɪsədˈvæntɪdʒ",
        "ukphone": "ˌdɪsədˈvɑːntɪdʒ",
        "trans": [
            "不利条件, 缺点"
        ]
    },
    {
        "name": "feeling",
        "usphone": "ˈfiːlɪŋ",
        "ukphone": "ˈfiːlɪŋ",
        "trans": [
            "态度, 观点"
        ]
    },
    {
        "name": "flat",
        "usphone": "flæt",
        "ukphone": "flæt",
        "trans": [
            "低迷的, 不景气的"
        ]
    },
    {
        "name": "freeze",
        "usphone": "friːz",
        "ukphone": "friːz",
        "trans": [
            "冻结"
        ]
    },
    {
        "name": "nearly",
        "usphone": "ˈnɪrli",
        "ukphone": "ˈnɪəli",
        "trans": [
            "几乎, 差不多"
        ]
    },
    {
        "name": "obvious",
        "usphone": "ˈɑːbviəs",
        "ukphone": "ˈɒbviəs",
        "trans": [
            "明显的, 显著的"
        ]
    },
    {
        "name": "opinion",
        "usphone": "əˈpɪnjən",
        "ukphone": "əˈpɪnjən",
        "trans": [
            "意见, 见解, 主张"
        ]
    },
    {
        "name": "overall",
        "usphone": "ˌoʊvərˈɔːl",
        "ukphone": "ˌəʊvərˈɔːl",
        "trans": [
            "全部的, 全体的, 一切的"
        ]
    },
    {
        "name": "pro",
        "usphone": "proʊ",
        "ukphone": "prəʊ",
        "trans": [
            "支持,亲"
        ]
    },
    {
        "name": "profit",
        "usphone": "ˈprɑːfɪt",
        "ukphone": "ˈprɒfɪt",
        "trans": [
            "利润, 利益, 赢利"
        ]
    },
    {
        "name": "discuss",
        "usphone": "dɪˈskʌs",
        "ukphone": "dɪˈskʌs",
        "trans": [
            "讨论, 探讨"
        ]
    },
    {
        "name": "revenue",
        "usphone": "ˈrevənuː",
        "ukphone": "ˈrevənjuː",
        "trans": [
            "收入;"
        ]
    },
    {
        "name": "significantly",
        "usphone": "sɪɡˈnɪfɪkəntli",
        "ukphone": "sɪɡˈnɪfɪkəntli",
        "trans": [
            "意味深长地, 意义深远地, 重要地, 较大地"
        ]
    },
    {
        "name": "slightly",
        "usphone": "ˈslaɪtli",
        "ukphone": "ˈslaɪtli",
        "trans": [
            "轻微地, 微小地, 稍微地, 纤细地"
        ]
    },
    {
        "name": "reliable",
        "usphone": "rɪˈlaɪəbl",
        "ukphone": "rɪˈlaɪəbl",
        "trans": [
            "可信赖的; 可靠的"
        ]
    },
    {
        "name": "age",
        "usphone": "eɪdʒ",
        "ukphone": "eɪdʒ",
        "trans": [
            "年龄"
        ]
    },
    {
        "name": "frustrating",
        "usphone": "ˈfrʌstreɪtɪŋ",
        "ukphone": "frʌˈstreɪtɪŋ",
        "trans": [
            "令人泄气的, 使人沮丧的"
        ]
    },
    {
        "name": "crazy",
        "usphone": "ˈkreɪzi",
        "ukphone": "ˈkreɪzi",
        "trans": [
            "发疯的"
        ]
    },
    {
        "name": "drive",
        "usphone": "draɪv",
        "ukphone": "draɪv",
        "trans": [
            "逼迫, 迫使"
        ]
    },
    {
        "name": "basic",
        "usphone": "ˈbeɪsɪk",
        "ukphone": "ˈbeɪsɪk",
        "trans": [
            "基本的, 基础的"
        ]
    },
    {
        "name": "package",
        "usphone": "ˈpækɪdʒ",
        "ukphone": "ˈpækɪdʒ",
        "trans": [
            "包裹"
        ]
    },
    {
        "name": "premium",
        "usphone": "ˈpriːmiəm",
        "ukphone": "ˈpriːmiəm",
        "trans": [
            "高价的,优质的"
        ]
    },
    {
        "name": "quality",
        "usphone": "ˈkwɑːləti",
        "ukphone": "ˈkwɒləti",
        "trans": [
            "质量, 品质"
        ]
    },
    {
        "name": "value",
        "usphone": "ˈvæljuː",
        "ukphone": "ˈvæljuː",
        "trans": [
            "价值, 价格"
        ]
    },
    {
        "name": "need",
        "usphone": "niːd",
        "ukphone": "niːd",
        "trans": [
            "需要, 必要, 需求, 要求"
        ]
    },
    {
        "name": "different",
        "usphone": "ˈdɪfrənt",
        "ukphone": "ˈdɪfrənt",
        "trans": [
            "不同的, 各种各样的"
        ]
    },
    {
        "name": "similar",
        "usphone": "ˈsɪmələr",
        "ukphone": "ˈsɪmələ(r)",
        "trans": [
            "相似的, 类似的"
        ]
    },
    {
        "name": "megabit",
        "usphone": "ˈmeɡəbɪt",
        "ukphone": "ˈmeɡəbɪt",
        "trans": [
            "兆位,百万比特"
        ]
    },
    {
        "name": "line",
        "usphone": "laɪn",
        "ukphone": "laɪn",
        "trans": [
            "电话线, 热线"
        ]
    },
    {
        "name": "plan",
        "usphone": "plæn",
        "ukphone": "plæn",
        "trans": [
            "计划, 规划, 安排"
        ]
    },
    {
        "name": "payment",
        "usphone": "ˈpeɪmənt",
        "ukphone": "ˈpeɪmənt",
        "trans": [
            "付款"
        ]
    },
    {
        "name": "regular",
        "usphone": "ˈreɡjələr",
        "ukphone": "ˈreɡjələ(r)",
        "trans": [
            "有规律的, 规则的"
        ]
    },
    {
        "name": "technical",
        "usphone": "ˈteknɪkl",
        "ukphone": "ˈteknɪkl",
        "trans": [
            "技术的"
        ]
    },
    {
        "name": "support",
        "usphone": "səˈpɔːrt",
        "ukphone": "səˈpɔːt",
        "trans": [
            "技术支持"
        ]
    },
    {
        "name": "cover",
        "usphone": "ˈkʌvər",
        "ukphone": "ˈkʌvə(r)",
        "trans": [
            "包含, 涉及, 涵盖"
        ]
    },
    {
        "name": "mean",
        "usphone": "miːn",
        "ukphone": "miːn",
        "trans": [
            "用意"
        ]
    },
    {
        "name": "cancel",
        "usphone": "ˈkænsl",
        "ukphone": "ˈkænsl",
        "trans": [
            "取消"
        ]
    },
    {
        "name": "notice",
        "usphone": "ˈnoʊtɪs",
        "ukphone": "ˈnəʊtɪs",
        "trans": [
            "提前通知, 预告, 事先声明"
        ]
    },
    {
        "name": "contract",
        "usphone": "ˈkɑːntrækt",
        "ukphone": "ˈkɒntrækt",
        "trans": [
            "合同"
        ]
    },
    {
        "name": "upgrade",
        "usphone": "ˌʌpˈɡreɪd",
        "ukphone": "ˌʌpˈɡreɪd",
        "trans": [
            "升级; 更新, 安装程序更新的版本或用更新的零件替换系统零件 (计算机用语)"
        ]
    },
    {
        "name": "allow",
        "usphone": "əˈlaʊ",
        "ukphone": "əˈlaʊ",
        "trans": [
            "准许, 许可"
        ]
    }
]