[
    {
        "name": "abnormal",
        "trans": [
            "不正常的"
        ],
        "usphone": "æbˈnɔːml",
        "ukphone": "æbˈnɔːrml"
    },
    {
        "name": "academic",
        "trans": [
            "学术的"
        ],
        "usphone": "ˌækəˈdemɪk",
        "ukphone": "ˌækəˈdemɪk"
    },
    {
        "name": "accessible",
        "trans": [
            "可接近的"
        ],
        "usphone": "əkˈsesəbl",
        "ukphone": "əkˈsesəbl"
    },
    {
        "name": "accountable",
        "trans": [
            "负有责任的"
        ],
        "usphone": "əˈkaʊntəbl",
        "ukphone": "əˈkaʊntəbl"
    },
    {
        "name": "accurate",
        "trans": [
            "正确无误的"
        ],
        "usphone": "ˈækjərət",
        "ukphone": "ˈækjərət"
    },
    {
        "name": "additional",
        "trans": [
            "额外的"
        ],
        "usphone": "əˈdɪʃənl",
        "ukphone": "əˈdɪʃənl"
    },
    {
        "name": "adequate",
        "trans": [
            "充足的；令人满 意的"
        ],
        "usphone": "ˈædɪkwət",
        "ukphone": "ˈædɪkwət"
    },
    {
        "name": "advanced",
        "trans": [
            "高级的，先进的"
        ],
        "usphone": "əd'vænst",
        "ukphone": "əd'vænst"
    },
    {
        "name": "advisable",
        "trans": [
            "明智的"
        ],
        "usphone": "ədˈvaɪzəbl",
        "ukphone": "ədˈvaɪzəbl"
    },
    {
        "name": "allergic",
        "trans": [
            "过敏的"
        ],
        "usphone": "əˈlɜːdʒɪk",
        "ukphone": "əˈlɜːrdʒɪk"
    },
    {
        "name": "alternative",
        "trans": [
            "可选择的"
        ],
        "usphone": "ɔːlˈtɜːnətɪv",
        "ukphone": "ɔːlˈtɜːrnətɪv"
    },
    {
        "name": "amazing",
        "trans": [
            "令人惊讶的"
        ],
        "usphone": "əˈmeɪzɪŋ",
        "ukphone": "əˈmeɪzɪŋ"
    },
    {
        "name": "ambiguous",
        "trans": [
            "有歧义的"
        ],
        "usphone": "æmˈbɪɡjuəs",
        "ukphone": "æmˈbɪɡjuəs"
    },
    {
        "name": "ambitious",
        "trans": [
            "极富野心的"
        ],
        "usphone": "æmˈbɪʃəs",
        "ukphone": "æmˈbɪʃəs"
    },
    {
        "name": "analytical",
        "trans": [
            "分析的"
        ],
        "usphone": "ˌænəˈlɪtɪkl",
        "ukphone": "ˌænəˈlɪtɪkl"
    },
    {
        "name": "ancient",
        "trans": [
            "古代的"
        ],
        "usphone": "ˈeɪnʃənt",
        "ukphone": "ˈeɪnʃənt"
    },
    {
        "name": "angry",
        "trans": [
            "气愤的，生气的"
        ],
        "usphone": "ˈæŋɡri",
        "ukphone": "ˈæŋɡri"
    },
    {
        "name": "applied",
        "trans": [
            "应用的"
        ],
        "usphone": "əˈplaɪd",
        "ukphone": "əˈplaɪd"
    },
    {
        "name": "archaeological",
        "trans": [
            "考古学的"
        ],
        "usphone": null,
        "ukphone": null
    },
    {
        "name": "artificial",
        "trans": [
            "人工的"
        ],
        "usphone": "ˌɑːtɪˈfɪʃl",
        "ukphone": "ˌɑːrtɪˈfɪʃl"
    },
    {
        "name": "artistic",
        "trans": [
            "艺术的"
        ],
        "usphone": "ɑːˈtɪstɪk",
        "ukphone": "ɑːrˈtɪstɪk"
    },
    {
        "name": "ascending",
        "trans": [
            "上升的"
        ],
        "usphone": "ə'sɛndɪŋ",
        "ukphone": "ə'sendiŋ"
    },
    {
        "name": "atmospheric",
        "trans": [
            "大气的"
        ],
        "usphone": "ˌætməsˈferɪk",
        "ukphone": "ˌætməsˈferɪk"
    },
    {
        "name": "attentive",
        "trans": [
            "注意的"
        ],
        "usphone": "əˈtentɪv",
        "ukphone": "əˈtentɪv"
    },
    {
        "name": "audio",
        "trans": [
            "声音的"
        ],
        "usphone": "ˈɔːdiəʊ",
        "ukphone": "ˈɔːdioʊ"
    },
    {
        "name": "available",
        "trans": [
            "可获得的，有时间的"
        ],
        "usphone": "əˈveɪləbl",
        "ukphone": "əˈveɪləbl"
    },
    {
        "name": "aware",
        "trans": [
            "意识到的"
        ],
        "usphone": "əˈweə",
        "ukphone": "əˈwer"
    },
    {
        "name": "awful",
        "trans": [
            "可怕的"
        ],
        "usphone": "ˈɔːfl",
        "ukphone": "ˈɔːfl"
    },
    {
        "name": "auto",
        "trans": [
            "自动的"
        ],
        "usphone": "ˈɔːtəʊ",
        "ukphone": "ˈɔːtoʊ"
    },
    {
        "name": "bald",
        "trans": [
            "光秃的"
        ],
        "usphone": "bɔːld",
        "ukphone": "bɔːld"
    },
    {
        "name": "barren",
        "trans": [
            "贫瘠的"
        ],
        "usphone": "ˈbærən",
        "ukphone": "ˈbærən"
    },
    {
        "name": "basic",
        "trans": [
            "基础的"
        ],
        "usphone": "ˈbeɪsɪk",
        "ukphone": "ˈbeɪsɪk"
    },
    {
        "name": "beautiful",
        "trans": [
            "美丽的"
        ],
        "usphone": "ˈbjuːtɪfl",
        "ukphone": "ˈbjuːtɪfl"
    },
    {
        "name": "biological",
        "trans": [
            "生物的"
        ],
        "usphone": "ˌbaɪəˈlɒdʒɪkl",
        "ukphone": "ˌbaɪəˈlɑːdʒɪkl"
    },
    {
        "name": "blind",
        "trans": [
            "盲的"
        ],
        "usphone": "blaɪnd",
        "ukphone": "blaɪnd"
    },
    {
        "name": "blond",
        "trans": [
            "金发的"
        ],
        "usphone": "blɒnd",
        "ukphone": "blɑːnd"
    },
    {
        "name": "British",
        "trans": [
            "英国的"
        ],
        "usphone": "'brɪtɪʃ",
        "ukphone": "'brɪtɪʃ"
    },
    {
        "name": "broad",
        "trans": [
            "广泛的"
        ],
        "usphone": "brɔːd",
        "ukphone": "brɔːd"
    },
    {
        "name": "buried",
        "trans": [
            "埋藏的"
        ],
        "usphone": "ˈberid",
        "ukphone": "ˈberid"
    },
    {
        "name": "calculating",
        "trans": [
            "计算的"
        ],
        "usphone": "ˈkælkjuleɪtɪŋ",
        "ukphone": "ˈkælkjuleɪtɪŋ"
    },
    {
        "name": "casual",
        "trans": [
            "随便的"
        ],
        "usphone": "ˈkæʒuəl",
        "ukphone": "ˈkæʒuəl"
    },
    {
        "name": "central",
        "trans": [
            "中央的"
        ],
        "usphone": "ˈsentrəl",
        "ukphone": "ˈsentrəl"
    },
    {
        "name": "challenging",
        "trans": [
            "挑战的"
        ],
        "usphone": "ˈtʃælɪndʒɪŋ",
        "ukphone": "ˈtʃælɪndʒɪŋ"
    },
    {
        "name": "cheaper",
        "trans": [
            "便宜些的"
        ],
        "usphone": "ˈtʃiːpə",
        "ukphone": "ˈtʃipər"
    },
    {
        "name": "cheerful",
        "trans": [
            "高兴的"
        ],
        "usphone": "ˈtʃɪəfl",
        "ukphone": "ˈtʃɪrfl"
    },
    {
        "name": "children's",
        "trans": [
            "儿童的"
        ],
        "usphone": "ˈtʃɪldrənz",
        "ukphone": "ˈtʃɪldrənz"
    },
    {
        "name": "classical",
        "trans": [
            "古典的"
        ],
        "usphone": "ˈklæsɪkl",
        "ukphone": "ˈklæsɪkl"
    },
    {
        "name": "clean",
        "trans": [
            "干净的"
        ],
        "usphone": "kliːn",
        "ukphone": "kliːn"
    },
    {
        "name": "cleanest",
        "trans": [
            "最干净的"
        ],
        "usphone": "kliːnist",
        "ukphone": "kliːnist"
    },
    {
        "name": "clear",
        "trans": [
            "清楚的"
        ],
        "usphone": "klɪə",
        "ukphone": "klɪr"
    },
    {
        "name": "clever",
        "trans": [
            "聪明的"
        ],
        "usphone": "ˈklevə",
        "ukphone": "ˈklevər"
    },
    {
        "name": "coastal",
        "trans": [
            "海边的"
        ],
        "usphone": "ˈkəʊstl",
        "ukphone": "ˈkoʊstl"
    },
    {
        "name": "comfortable",
        "trans": [
            "舒适的"
        ],
        "usphone": "ˈkʌmftəbl",
        "ukphone": "ˈkʌmftəbl"
    },
    {
        "name": "common",
        "trans": [
            "普通的"
        ],
        "usphone": "ˈkɒmən",
        "ukphone": "ˈkɑːmən"
    },
    {
        "name": "commonsense",
        "trans": [
            "有常识的"
        ],
        "usphone": null,
        "ukphone": null
    },
    {
        "name": "complete",
        "trans": [
            "完全的"
        ],
        "usphone": "kəmˈpliːt",
        "ukphone": "kəmˈpliːt"
    },
    {
        "name": "completed",
        "trans": [
            "完成的"
        ],
        "usphone": "kəmˈpliːtɪd",
        "ukphone": "kəmˈpliːtɪd"
    },
    {
        "name": "confident",
        "trans": [
            "自信的"
        ],
        "usphone": "ˈkɒnfɪdənt",
        "ukphone": "ˈkɑːnfɪdənt"
    },
    {
        "name": "conservative",
        "trans": [
            "保守的"
        ],
        "usphone": "kənˈsɜːvətɪv",
        "ukphone": "kənˈsɜːrvətɪv"
    },
    {
        "name": "convenient",
        "trans": [
            "方便的"
        ],
        "usphone": "kənˈviːniənt",
        "ukphone": "kənˈviːniənt"
    },
    {
        "name": "co-operative",
        "trans": [
            "合作的(=cooperative)"
        ],
        "usphone": null,
        "ukphone": null
    },
    {
        "name": "corrupt",
        "trans": [
            "腐败的"
        ],
        "usphone": "kəˈrʌpt",
        "ukphone": "kəˈrʌpt"
    },
    {
        "name": "costly",
        "trans": [
            "昂贵的，费钱的"
        ],
        "usphone": "ˈkɒstli",
        "ukphone": "ˈkɔːstli"
    },
    {
        "name": "cream",
        "trans": [
            "奶油色的"
        ],
        "usphone": "kriːm",
        "ukphone": "kriːm"
    },
    {
        "name": "critical",
        "trans": [
            "批评的"
        ],
        "usphone": "ˈkrɪtɪkl",
        "ukphone": "ˈkrɪtɪkl"
    },
    {
        "name": "crucial",
        "trans": [
            "至关重要的，决定性的"
        ],
        "usphone": "ˈkruːʃl",
        "ukphone": "ˈkruːʃl"
    },
    {
        "name": "cultural",
        "trans": [
            "文化的"
        ],
        "usphone": "ˈkʌltʃərəl",
        "ukphone": "ˈkʌltʃərəl"
    },
    {
        "name": "curly",
        "trans": [
            "卷发的"
        ],
        "usphone": "ˈkɜːli",
        "ukphone": "ˈkɜːrli"
    },
    {
        "name": "current",
        "trans": [
            "目前的"
        ],
        "usphone": "ˈkʌrənt",
        "ukphone": "ˈkɜːrənt"
    },
    {
        "name": "daily",
        "trans": [
            "每日的"
        ],
        "usphone": "ˈdeɪli",
        "ukphone": "ˈdeɪli"
    },
    {
        "name": "dairy",
        "trans": [
            "牛奶的"
        ],
        "usphone": "ˈdeəri",
        "ukphone": "ˈderi"
    },
    {
        "name": "dangerous",
        "trans": [
            "危险的"
        ],
        "usphone": "ˈdeɪndʒərəs",
        "ukphone": "ˈdeɪndʒərəs"
    },
    {
        "name": "dark",
        "trans": [
            "黑暗的，深色的"
        ],
        "usphone": "dɑːk",
        "ukphone": "dɑːrk"
    },
    {
        "name": "departmental",
        "trans": [
            "部门的"
        ],
        "usphone": "ˌdiːpɑːtˈmentl",
        "ukphone": "ˌdiːpɑːrtˈmentl"
    },
    {
        "name": "dependent",
        "trans": [
            "依赖的"
        ],
        "usphone": "dɪˈpendənt",
        "ukphone": "dɪˈpendənt"
    },
    {
        "name": "detailed",
        "trans": [
            "细节的"
        ],
        "usphone": "ˈdiːteɪld",
        "ukphone": "ˈdiːteɪld"
    },
    {
        "name": "different",
        "trans": [
            "不同的"
        ],
        "usphone": "ˈdɪfrənt",
        "ukphone": "ˈdɪfrənt"
    },
    {
        "name": "direct",
        "trans": [
            "直接的"
        ],
        "usphone": "dəˈrekt",
        "ukphone": "dəˈrekt"
    },
    {
        "name": "disabled",
        "trans": [
            "肢体有残疾的"
        ],
        "usphone": "dɪsˈeɪbld",
        "ukphone": "dɪsˈeɪbld"
    },
    {
        "name": "distant",
        "trans": [
            "远的"
        ],
        "usphone": "ˈdɪstənt",
        "ukphone": "ˈdɪstənt"
    },
    {
        "name": "distinct",
        "trans": [
            "明显的"
        ],
        "usphone": "dɪˈstɪŋkt",
        "ukphone": "dɪˈstɪŋkt"
    },
    {
        "name": "domestic",
        "trans": [
            "国内的，家里的，内部的"
        ],
        "usphone": "dəˈmestɪk",
        "ukphone": "dəˈmestɪk"
    },
    {
        "name": "dominant",
        "trans": [
            "最主要的"
        ],
        "usphone": "ˈdɒmɪnənt",
        "ukphone": "ˈdɑːmɪnənt"
    },
    {
        "name": "eastern",
        "trans": [
            "东方的，东部的"
        ],
        "usphone": "ˈiːstən",
        "ukphone": "ˈiːstərn"
    },
    {
        "name": "economic",
        "trans": [
            "经济的"
        ],
        "usphone": "ˌiːkəˈnɒmɪk",
        "ukphone": "ˌiːkəˈnɑːmɪk"
    },
    {
        "name": "educational",
        "trans": [
            "教育的"
        ],
        "usphone": "ˌedʒuˈkeɪʃənl",
        "ukphone": "ˌedʒuˈkeɪʃənl"
    },
    {
        "name": "effective",
        "trans": [
            "有效的"
        ],
        "usphone": "ɪˈfektɪv",
        "ukphone": "ɪˈfektɪv"
    },
    {
        "name": "efficient",
        "trans": [
            "有效率的"
        ],
        "usphone": "ɪˈfɪʃnt",
        "ukphone": "ɪˈfɪʃnt"
    },
    {
        "name": "elementary",
        "trans": [
            "初级的"
        ],
        "usphone": "ˌelɪˈmentri",
        "ukphone": "ˌelɪˈmentri"
    },
    {
        "name": "empty",
        "trans": [
            "空的"
        ],
        "usphone": "ˈempti",
        "ukphone": "ˈempti"
    },
    {
        "name": "enormous",
        "trans": [
            "广泛的，大的"
        ],
        "usphone": "ɪˈnɔːməs",
        "ukphone": "ɪˈnɔːrməs"
    },
    {
        "name": "enthusiastic",
        "trans": [
            "热情的"
        ],
        "usphone": "ɪnˌθjuːziˈæstɪk",
        "ukphone": "ɪnˌθuːziˈæstɪk"
    },
    {
        "name": "environmental",
        "trans": [
            "环境的"
        ],
        "usphone": "ɪnˌvaɪrənˈmentl",
        "ukphone": "ɪnˌvaɪrənˈmentl"
    },
    {
        "name": "essential",
        "trans": [
            "基本的"
        ],
        "usphone": "ɪˈsenʃl",
        "ukphone": "ɪˈsenʃl"
    },
    {
        "name": "excited",
        "trans": [
            "兴奋的"
        ],
        "usphone": "ɪkˈsaɪtɪd",
        "ukphone": "ɪkˈsaɪtɪd"
    },
    {
        "name": "exciting",
        "trans": [
            "令人兴奋的"
        ],
        "usphone": "ɪkˈsaɪtɪŋ",
        "ukphone": "ɪkˈsaɪtɪŋ"
    },
    {
        "name": "existent",
        "trans": [
            "存在的"
        ],
        "usphone": "ɪɡˈzɪstənt",
        "ukphone": "ɪɡˈzɪstənt"
    },
    {
        "name": "expensive",
        "trans": [
            "昂贵的"
        ],
        "usphone": "ɪkˈspensɪv",
        "ukphone": "ɪkˈspensɪv"
    },
    {
        "name": "experienced",
        "trans": [
            "有经验的"
        ],
        "usphone": "ɪkˈspɪəriənst",
        "ukphone": "ɪkˈspɪriənst"
    },
    {
        "name": "experimental",
        "trans": [
            "实验的"
        ],
        "usphone": "ɪkˌsperɪˈmentl",
        "ukphone": "ɪkˌsperɪˈmentl"
    },
    {
        "name": "extensive",
        "trans": [
            "广泛的"
        ],
        "usphone": "ɪkˈstensɪv",
        "ukphone": "ɪkˈstensɪv"
    },
    {
        "name": "extra",
        "trans": [
            "额外的"
        ],
        "usphone": "ˈekstrə",
        "ukphone": "ˈekstrə"
    },
    {
        "name": "fair",
        "trans": [
            "美丽的；公平的"
        ],
        "usphone": "feə",
        "ukphone": "fer"
    },
    {
        "name": "fake",
        "trans": [
            "假的，伪造的"
        ],
        "usphone": "feɪk",
        "ukphone": "feɪk"
    },
    {
        "name": "famed",
        "trans": [
            "著名的"
        ],
        "usphone": "feɪmd",
        "ukphone": "feɪmd"
    },
    {
        "name": "familiar",
        "trans": [
            "熟悉的"
        ],
        "usphone": "fəˈmɪliə",
        "ukphone": "fəˈmɪliər"
    },
    {
        "name": "famous",
        "trans": [
            "著名的"
        ],
        "usphone": "ˈfeɪməs",
        "ukphone": "ˈfeɪməs"
    },
    {
        "name": "fancy",
        "trans": [
            "奇怪的"
        ],
        "usphone": "ˈfænsi",
        "ukphone": "ˈfænsi"
    },
    {
        "name": "fashionable",
        "trans": [
            "流行的，时髦的"
        ],
        "usphone": "ˈfæʃnəbl",
        "ukphone": "ˈfæʃnəbl"
    },
    {
        "name": "favourite",
        "trans": [
            "最喜爱的"
        ],
        "usphone": "ˈfeɪvərɪt",
        "ukphone": "ˈfeɪvərɪt"
    },
    {
        "name": "final",
        "trans": [
            "最后的"
        ],
        "usphone": "ˈfaɪnl",
        "ukphone": "ˈfaɪnl"
    },
    {
        "name": "financial",
        "trans": [
            "金融的"
        ],
        "usphone": "faɪˈnænʃl",
        "ukphone": "faɪˈnænʃl"
    },
    {
        "name": "fine",
        "trans": [
            "好的"
        ],
        "usphone": "faɪn",
        "ukphone": "faɪn"
    },
    {
        "name": "firm",
        "trans": [
            "坚实的"
        ],
        "usphone": "fɜːm",
        "ukphone": "fɜːrm"
    },
    {
        "name": "flexible",
        "trans": [
            "灵活的"
        ],
        "usphone": "ˈfleksəbl",
        "ukphone": "ˈfleksəbl"
    },
    {
        "name": "foreign",
        "trans": [
            "国外的"
        ],
        "usphone": "ˈfɒrən",
        "ukphone": "ˈfɔːrən"
    },
    {
        "name": "formal",
        "trans": [
            "正式的"
        ],
        "usphone": "ˈfɔːml",
        "ukphone": "ˈfɔːrml"
    },
    {
        "name": "former",
        "trans": [
            "以前的"
        ],
        "usphone": "ˈfɔːmə",
        "ukphone": "ˈfɔːrmər"
    },
    {
        "name": "free",
        "trans": [
            "自由的"
        ],
        "usphone": "friː",
        "ukphone": "friː"
    },
    {
        "name": "frequent",
        "trans": [
            "经常的，频繁的"
        ],
        "usphone": "ˈfriːkwənt , friˈkwent",
        "ukphone": "ˈfriːkwənt , friˈkwent"
    },
    {
        "name": "fundamental",
        "trans": [
            "基本的，基础的"
        ],
        "usphone": "ˌfʌndəˈmentl",
        "ukphone": "ˌfʌndəˈmentl"
    },
    {
        "name": "further",
        "trans": [
            "进一步的"
        ],
        "usphone": "ˈfɜːðə",
        "ukphone": "ˈfɜːrðər"
    },
    {
        "name": "general",
        "trans": [
            "普通的，笼统的"
        ],
        "usphone": "ˈdʒenrəl",
        "ukphone": "ˈdʒenrəl"
    },
    {
        "name": "genetic",
        "trans": [
            "遗传的"
        ],
        "usphone": "dʒəˈnetɪk",
        "ukphone": "dʒəˈnetɪk"
    },
    {
        "name": "geographical",
        "trans": [
            "地理学的"
        ],
        "usphone": "ˌdʒiːəˈɡræfɪkl",
        "ukphone": "ˌdʒiːəˈɡræfɪkl"
    },
    {
        "name": "global",
        "trans": [
            "全球的，整体的"
        ],
        "usphone": "ˈɡləʊbl",
        "ukphone": "ˈɡloʊbl"
    },
    {
        "name": "handy",
        "trans": [
            "方便的"
        ],
        "usphone": "ˈhændi",
        "ukphone": "ˈhændi"
    },
    {
        "name": "harmful",
        "trans": [
            "有害的"
        ],
        "usphone": "ˈhɑːmfl",
        "ukphone": "ˈhɑːrmfl"
    },
    {
        "name": "hazardous",
        "trans": [
            "冒险的，危险的"
        ],
        "usphone": "ˈhæzədəs",
        "ukphone": "ˈhæzərdəs"
    },
    {
        "name": "healthy",
        "trans": [
            "健康的"
        ],
        "usphone": "ˈhelθi",
        "ukphone": "ˈhelθi"
    },
    {
        "name": "heavier",
        "trans": [
            "更沉重的"
        ],
        "usphone": "ˈhevɪə",
        "ukphone": "ˈheviər"
    },
    {
        "name": "heavy",
        "trans": [
            "重的"
        ],
        "usphone": "ˈhevi",
        "ukphone": "ˈhevi"
    },
    {
        "name": "helpful",
        "trans": [
            "有用的"
        ],
        "usphone": "ˈhelpfl",
        "ukphone": "ˈhelpfl"
    },
    {
        "name": "herbivorous",
        "trans": [
            "食草的"
        ],
        "usphone": "hɜ:'bɪvərəs",
        "ukphone": "həˈbɪvərəs,ə-"
    },
    {
        "name": "higher",
        "trans": [
            "更高的"
        ],
        "usphone": "ˈhaɪə",
        "ukphone": "ˈhaɪər"
    },
    {
        "name": "highly-trained",
        "trans": [
            "高度训练的"
        ],
        "usphone": null,
        "ukphone": null
    },
    {
        "name": "historical",
        "trans": [
            "历史的"
        ],
        "usphone": "hɪˈstɒrɪkl",
        "ukphone": "hɪˈstɔːrɪkl"
    },
    {
        "name": "least",
        "trans": [
            "最少的，最小的"
        ],
        "usphone": "liːst",
        "ukphone": "liːst"
    },
    {
        "name": "ill",
        "trans": [
            "生病的"
        ],
        "usphone": "ɪl",
        "ukphone": "ɪl"
    },
    {
        "name": "illegal",
        "trans": [
            "非法的"
        ],
        "usphone": "ɪˈliːɡl",
        "ukphone": "ɪˈliːɡl"
    },
    {
        "name": "immune",
        "trans": [
            "免疫的"
        ],
        "usphone": "ɪˈmjuːn",
        "ukphone": "ɪˈmjuːn"
    },
    {
        "name": "important",
        "trans": [
            "重要的"
        ],
        "usphone": "ɪmˈpɔːtnt",
        "ukphone": "ɪmˈpɔːrtnt"
    },
    {
        "name": "impossible",
        "trans": [
            "不可能的"
        ],
        "usphone": "ɪmˈpɒsəbl",
        "ukphone": "ɪmˈpɑːsəbl"
    },
    {
        "name": "inaccurate",
        "trans": [
            "不准确的"
        ],
        "usphone": "ɪn'ækjərət",
        "ukphone": "ɪn'ækjʊrət"
    },
    {
        "name": "inadequate",
        "trans": [
            "不足的"
        ],
        "usphone": "ɪnˈædɪkwət",
        "ukphone": "ɪnˈædɪkwət"
    },
    {
        "name": "individual",
        "trans": [
            "个人的"
        ],
        "usphone": "ˌɪndɪˈvɪdʒuəl",
        "ukphone": "ˌɪndɪˈvɪdʒuəl"
    },
    {
        "name": "industrial",
        "trans": [
            "工业的"
        ],
        "usphone": "ɪnˈdʌstriəl",
        "ukphone": "ɪnˈdʌstriəl"
    },
    {
        "name": "informative",
        "trans": [
            "通知的，有信息的"
        ],
        "usphone": "ɪnˈfɔːmətɪv",
        "ukphone": "ɪnˈfɔːrmətɪv"
    },
    {
        "name": "initial",
        "trans": [
            "最初的"
        ],
        "usphone": "ɪˈnɪʃl",
        "ukphone": "ɪˈnɪʃl"
    },
    {
        "name": "inspiring",
        "trans": [
            "鼓舞人心的"
        ],
        "usphone": "ɪnˈspaɪərɪŋ",
        "ukphone": "ɪnˈspaɪərɪŋ"
    },
    {
        "name": "intact",
        "trans": [
            "完好无损的"
        ],
        "usphone": "ɪnˈtækt",
        "ukphone": "ɪnˈtækt"
    },
    {
        "name": "intelligent",
        "trans": [
            "智力的"
        ],
        "usphone": "ɪnˈtelɪdʒənt",
        "ukphone": "ɪnˈtelɪdʒənt"
    },
    {
        "name": "intensive",
        "trans": [
            "强化的"
        ],
        "usphone": "ɪnˈtensɪv",
        "ukphone": "ɪnˈtensɪv"
    },
    {
        "name": "interesting",
        "trans": [
            "有趣的"
        ],
        "usphone": "'ɪntrəstɪŋ",
        "ukphone": "ˈɪntrəstɪŋ"
    },
    {
        "name": "intermediate",
        "trans": [
            "中级的"
        ],
        "usphone": "ˌɪntəˈmiːdiət",
        "ukphone": "ˌɪntərˈmiːdiət"
    },
    {
        "name": "internal",
        "trans": [
            "内部的"
        ],
        "usphone": "ɪnˈtɜːnl",
        "ukphone": "ɪnˈtɜːrnl"
    },
    {
        "name": "international",
        "trans": [
            "国际的"
        ],
        "usphone": "ˌɪntəˈnæʃnəl",
        "ukphone": "ˌɪntərˈnæʃnəl"
    },
    {
        "name": "irregular",
        "trans": [
            "不规则的"
        ],
        "usphone": "ɪˈreɡjələ",
        "ukphone": "ɪˈreɡjələr"
    },
    {
        "name": "irritable",
        "trans": [
            "易怒的"
        ],
        "usphone": "ˈɪrɪtəbl",
        "ukphone": "ˈɪrɪtəbl"
    },
    {
        "name": "isolated",
        "trans": [
            "与世隔绝的"
        ],
        "usphone": "ˈaɪsəleɪtɪd",
        "ukphone": "ˈaɪsəleɪtɪd"
    },
    {
        "name": "key",
        "trans": [
            "重点的，关键的"
        ],
        "usphone": "kiː",
        "ukphone": "kiː"
    },
    {
        "name": "latest",
        "trans": [
            "最新的"
        ],
        "usphone": "ˈleɪtɪst",
        "ukphone": "ˈleɪtɪst"
    },
    {
        "name": "legal",
        "trans": [
            "合法的"
        ],
        "usphone": "ˈliːɡl",
        "ukphone": "ˈliːɡl"
    },
    {
        "name": "little-known",
        "trans": [
            "不知名的，无名的"
        ],
        "usphone": null,
        "ukphone": null
    },
    {
        "name": "loyal",
        "trans": [
            "忠诚的"
        ],
        "usphone": "ˈlɔɪəl",
        "ukphone": "ˈlɔɪəl"
    },
    {
        "name": "magic",
        "trans": [
            "魔术的"
        ],
        "usphone": "ˈmædʒɪk",
        "ukphone": "ˈmædʒɪk"
    },
    {
        "name": "magical",
        "trans": [
            "难以想象的，不可思议的"
        ],
        "usphone": "ˈmædʒɪkl",
        "ukphone": "ˈmædʒɪkl"
    },
    {
        "name": "magnificent",
        "trans": [
            "华丽的"
        ],
        "usphone": "mæɡˈnɪfɪsnt",
        "ukphone": "mæɡˈnɪfɪsnt"
    },
    {
        "name": "major",
        "trans": [
            "主要的"
        ],
        "usphone": "ˈmeɪdʒə",
        "ukphone": "ˈmeɪdʒər"
    },
    {
        "name": "martial",
        "trans": [
            "武术的"
        ],
        "usphone": "ˈmɑːʃl",
        "ukphone": "ˈmɑːrʃl"
    },
    {
        "name": "mature",
        "trans": [
            "成熟的"
        ],
        "usphone": "məˈtʃʊə",
        "ukphone": "məˈtʃʊr"
    },
    {
        "name": "medical",
        "trans": [
            "医疗的"
        ],
        "usphone": "ˈmedɪkl",
        "ukphone": "ˈmedɪkl"
    },
    {
        "name": "mental",
        "trans": [
            "精神的"
        ],
        "usphone": "ˈmentl",
        "ukphone": "ˈmentl"
    },
    {
        "name": "mid",
        "trans": [
            "中间的"
        ],
        "usphone": "mɪd",
        "ukphone": "mɪd"
    },
    {
        "name": "migratory",
        "trans": [
            "迁移的"
        ],
        "usphone": "ˈmaɪɡrətri",
        "ukphone": "ˈmaɪɡrətɔːri"
    },
    {
        "name": "military",
        "trans": [
            "军人的，军队的"
        ],
        "usphone": "ˈmɪlətri",
        "ukphone": "ˈmɪləteri"
    },
    {
        "name": "miserable",
        "trans": [
            "痛苦的"
        ],
        "usphone": "ˈmɪzrəbl",
        "ukphone": "ˈmɪzrəbl"
    },
    {
        "name": "mobile",
        "trans": [
            "运动的"
        ],
        "usphone": "ˈməʊbaɪl",
        "ukphone": "ˈmoʊbl"
    },
    {
        "name": "moderate",
        "trans": [
            "中度的"
        ],
        "usphone": "ˈmɒdərət , ˈmɒdəreɪt",
        "ukphone": "ˈmɑːdərət , ˈmɑːdəreɪt"
    },
    {
        "name": "modern",
        "trans": [
            "现代的"
        ],
        "usphone": "ˈmɒdn",
        "ukphone": "ˈmɑːdərn"
    },
    {
        "name": "musical",
        "trans": [
            "音乐的"
        ],
        "usphone": "ˈmjuːzɪkl",
        "ukphone": "ˈmjuːzɪkl"
    },
    {
        "name": "natural",
        "trans": [
            "自然的"
        ],
        "usphone": "ˈnætʃrəl",
        "ukphone": "ˈnætʃrəl"
    },
    {
        "name": "negative",
        "trans": [
            "消极的"
        ],
        "usphone": "ˈneɡətɪv",
        "ukphone": "ˈneɡətɪv"
    },
    {
        "name": "neighbouring",
        "trans": [
            "附近的，临近的"
        ],
        "usphone": "ˈneɪbərɪŋ",
        "ukphone": "ˈneɪbərɪŋ"
    },
    {
        "name": "nervous",
        "trans": [
            "紧张的"
        ],
        "usphone": "ˈnɜːvəs",
        "ukphone": "ˈnɜːrvəs"
    },
    {
        "name": "noble",
        "trans": [
            "高尚的，贵族的"
        ],
        "usphone": "'nobl",
        "ukphone": "'nəʊb(ə)l"
    },
    {
        "name": "noisy",
        "trans": [
            "嘈杂的"
        ],
        "usphone": "ˈnɔɪzi",
        "ukphone": "ˈnɔɪzi"
    },
    {
        "name": "non-active",
        "trans": [
            "不活跃的"
        ],
        "usphone": null,
        "ukphone": null
    },
    {
        "name": "normal",
        "trans": [
            "正常的"
        ],
        "usphone": "ˈnɔːml",
        "ukphone": "ˈnɔːrml"
    },
    {
        "name": "northern",
        "trans": [
            "北方的"
        ],
        "usphone": "ˈnɔːðən",
        "ukphone": "ˈnɔːrðərn"
    },
    {
        "name": "objective",
        "trans": [
            "客观的"
        ],
        "usphone": "əbˈdʒektɪv",
        "ukphone": "əbˈdʒektɪv"
    },
    {
        "name": "occupational",
        "trans": [
            "职业的"
        ],
        "usphone": "ˌɒkjuˈpeɪʃənl",
        "ukphone": "ˌɑːkjuˈpeɪʃənl"
    },
    {
        "name": "Olympic",
        "trans": [
            "奥运会的"
        ],
        "usphone": "əˈlɪmpɪk",
        "ukphone": "əˈlɪmpɪk"
    },
    {
        "name": "optic",
        "trans": [
            "光学的"
        ],
        "usphone": "'ɑptɪk",
        "ukphone": "'ɑːptɪk"
    },
    {
        "name": "optional",
        "trans": [
            "可选择的"
        ],
        "usphone": "ˈɒpʃənl",
        "ukphone": "ˈɑːpʃənl"
    },
    {
        "name": "oral",
        "trans": [
            "口语的"
        ],
        "usphone": "ˈɔːrəl",
        "ukphone": "ˈɔːrəl"
    },
    {
        "name": "organic",
        "trans": [
            "有机的"
        ],
        "usphone": "ɔːˈɡænɪk",
        "ukphone": "ɔːrˈɡænɪk"
    },
    {
        "name": "overall",
        "trans": [
            "整个的"
        ],
        "usphone": "ˌəʊvərˈɔːl , ˈəʊvərɔːl",
        "ukphone": "ˌoʊvərˈɔːl , ˈoʊvərɔːl"
    },
    {
        "name": "overhead",
        "trans": [
            "头上的"
        ],
        "usphone": "ˌəʊvəˈhed , ˈəʊvəhed",
        "ukphone": "ˌoʊvərˈhed , ˈoʊvərhed"
    },
    {
        "name": "overseas",
        "trans": [
            "海外的"
        ],
        "usphone": "ˌəʊvəˈsiːz",
        "ukphone": "ˌoʊvərˈsiːz"
    },
    {
        "name": "parental",
        "trans": [
            "父母的"
        ],
        "usphone": "pəˈrentl",
        "ukphone": "pəˈrentl"
    },
    {
        "name": "payable",
        "trans": [
            "可支付的"
        ],
        "usphone": "ˈpeɪəbl",
        "ukphone": "ˈpeɪəbl"
    },
    {
        "name": "perfect",
        "trans": [
            "完美的"
        ],
        "usphone": "ˈpɜːfɪkt , pəˈfekt",
        "ukphone": "ˈpɜːrfɪkt , pərˈfekt"
    },
    {
        "name": "personal",
        "trans": [
            "个人的"
        ],
        "usphone": "ˈpɜːsənl",
        "ukphone": "ˈpɜːrsənl"
    },
    {
        "name": "physical",
        "trans": [
            "肉体的；身体的"
        ],
        "usphone": "ˈfɪzɪkl",
        "ukphone": "ˈfɪzɪkl"
    },
    {
        "name": "pleasant",
        "trans": [
            "愉快的"
        ],
        "usphone": "ˈpleznt",
        "ukphone": "ˈpleznt"
    },
    {
        "name": "political",
        "trans": [
            "政治的"
        ],
        "usphone": "pəˈlɪtɪkl",
        "ukphone": "pəˈlɪtɪkl"
    },
    {
        "name": "pop",
        "trans": [
            "流行的"
        ],
        "usphone": "pɒp",
        "ukphone": "pɑːp"
    },
    {
        "name": "popular",
        "trans": [
            "时髦的"
        ],
        "usphone": "ˈpɒpjələ",
        "ukphone": "ˈpɑːpjələr"
    },
    {
        "name": "positive",
        "trans": [
            "积极的"
        ],
        "usphone": "ˈpɒzətɪv",
        "ukphone": "ˈpɑːzətɪv"
    },
    {
        "name": "possible",
        "trans": [
            "可能的"
        ],
        "usphone": "ˈpɒsəbl",
        "ukphone": "ˈpɑːsəbl"
    },
    {
        "name": "potential",
        "trans": [
            "潜在的"
        ],
        "usphone": "pəˈtenʃl",
        "ukphone": "pəˈtenʃl"
    },
    {
        "name": "practical",
        "trans": [
            "实际的"
        ],
        "usphone": "ˈpræktɪkl",
        "ukphone": "ˈpræktɪkl"
    },
    {
        "name": "precious",
        "trans": [
            "珍贵的"
        ],
        "usphone": "ˈpreʃəs",
        "ukphone": "ˈpreʃəs"
    },
    {
        "name": "predictable",
        "trans": [
            "可预言的"
        ],
        "usphone": "prɪˈdɪktəbl",
        "ukphone": "prɪˈdɪktəbl"
    },
    {
        "name": "present",
        "trans": [
            "目前的"
        ],
        "usphone": "ˈpreznt , prɪˈzent",
        "ukphone": "ˈpreznt , prɪˈzent"
    },
    {
        "name": "previous",
        "trans": [
            "以前的，原来的"
        ],
        "usphone": "ˈpriːviəs",
        "ukphone": "ˈpriːviəs"
    },
    {
        "name": "printed",
        "trans": [
            "打印出来的"
        ],
        "usphone": "ˈprɪntɪd",
        "ukphone": "ˈprɪntɪd"
    },
    {
        "name": "private",
        "trans": [
            "私人的"
        ],
        "usphone": "ˈpraɪvət",
        "ukphone": "ˈpraɪvɪt"
    },
    {
        "name": "professional",
        "trans": [
            "专业的"
        ],
        "usphone": "prəˈfeʃənl",
        "ukphone": "prəˈfeʃənl"
    },
    {
        "name": "promising",
        "trans": [
            "有前途的"
        ],
        "usphone": "ˈprɒmɪsɪŋ",
        "ukphone": "ˈprɑːmɪsɪŋ"
    },
    {
        "name": "psychiatric",
        "trans": [
            "精神病的"
        ],
        "usphone": "ˌsaɪkiˈætrɪk",
        "ukphone": "ˌsaɪkiˈætrɪk"
    },
    {
        "name": "psychological",
        "trans": [
            "心理的"
        ],
        "usphone": "ˌsaɪkəˈlɒdʒɪkl",
        "ukphone": "ˌsaɪkəˈlɑːdʒɪkl"
    },
    {
        "name": "public",
        "trans": [
            "公共的"
        ],
        "usphone": "ˈpʌblɪk",
        "ukphone": "ˈpʌblɪk"
    },
    {
        "name": "pure",
        "trans": [
            "纯洁的"
        ],
        "usphone": "pjʊə",
        "ukphone": "pjʊr"
    },
    {
        "name": "purest",
        "trans": [
            "最纯净的（最高级"
        ],
        "usphone": "ˈpjʊərɪst",
        "ukphone": "ˈpjʊrəst"
    },
    {
        "name": "Queen's",
        "trans": [
            "女王的"
        ],
        "usphone": null,
        "ukphone": null
    },
    {
        "name": "random",
        "trans": [
            "随机的"
        ],
        "usphone": "ˈrændəm",
        "ukphone": "ˈrændəm"
    },
    {
        "name": "rapid",
        "trans": [
            "快速的"
        ],
        "usphone": "ˈræpɪd",
        "ukphone": "ˈræpɪd"
    },
    {
        "name": "rare",
        "trans": [
            "罕见的"
        ],
        "usphone": "reə",
        "ukphone": "rer"
    },
    {
        "name": "raw",
        "trans": [
            "生的"
        ],
        "usphone": "rɔː",
        "ukphone": "rɔː"
    },
    {
        "name": "recycled",
        "trans": [
            "回收的"
        ],
        "usphone": "ˌriːˈsaɪkld",
        "ukphone": "ˌriːˈsaɪkld"
    },
    {
        "name": "redundant",
        "trans": [
            "多余的"
        ],
        "usphone": "rɪˈdʌndənt",
        "ukphone": "rɪˈdʌndənt"
    },
    {
        "name": "regional",
        "trans": [
            "局域的"
        ],
        "usphone": "ˈriːdʒənl",
        "ukphone": "ˈriːdʒənl"
    },
    {
        "name": "regular",
        "trans": [
            "定期的；规律的"
        ],
        "usphone": "ˈreɡjələ",
        "ukphone": "ˈreɡjələr"
    },
    {
        "name": "reinforced",
        "trans": [
            "加强的"
        ],
        "usphone": "ˌriːɪnˈfɔːst",
        "ukphone": "ˌriːɪnˈfɔːrst"
    },
    {
        "name": "related",
        "trans": [
            "相关的"
        ],
        "usphone": "rɪˈleɪtɪd",
        "ukphone": "rɪˈleɪtɪd"
    },
    {
        "name": "relevant",
        "trans": [
            "相关的"
        ],
        "usphone": "ˈreləvənt",
        "ukphone": "ˈreləvənt"
    },
    {
        "name": "reliable",
        "trans": [
            "可信赖的，可靠的，可依赖的"
        ],
        "usphone": "rɪˈlaɪəbl",
        "ukphone": "rɪˈlaɪəbl"
    },
    {
        "name": "remote",
        "trans": [
            "远的"
        ],
        "usphone": "rɪˈməʊt",
        "ukphone": "rɪˈmoʊt"
    },
    {
        "name": "resistant",
        "trans": [
            "抵抗的"
        ],
        "usphone": "rɪˈzɪstənt",
        "ukphone": "rɪˈzɪstənt"
    },
    {
        "name": "reverse",
        "trans": [
            "相反的"
        ],
        "usphone": "rɪˈvɜːs",
        "ukphone": "rɪˈvɜːrs"
    },
    {
        "name": "rising",
        "trans": [
            "上升的"
        ],
        "usphone": "ˈraɪzɪŋ",
        "ukphone": "ˈraɪzɪŋ"
    },
    {
        "name": "royal",
        "trans": [
            "皇家的"
        ],
        "usphone": "ˈrɔɪəl",
        "ukphone": "ˈrɔɪəl"
    },
    {
        "name": "rural",
        "trans": [
            "乡下的"
        ],
        "usphone": "ˈrʊərəl",
        "ukphone": "ˈrʊrəl"
    },
    {
        "name": "sacked",
        "trans": [
            "被解雇的"
        ],
        "usphone": null,
        "ukphone": null
    },
    {
        "name": "safe",
        "trans": [
            "安全的"
        ],
        "usphone": "seɪf",
        "ukphone": "seɪf"
    },
    {
        "name": "satisfactory",
        "trans": [
            "满意的"
        ],
        "usphone": "ˌsætɪsˈfæktəri",
        "ukphone": "ˌsætɪsˈfæktəri"
    },
    {
        "name": "scarce",
        "trans": [
            "不足的"
        ],
        "usphone": "skeəs",
        "ukphone": "skers"
    },
    {
        "name": "scientific",
        "trans": [
            "科学的"
        ],
        "usphone": "ˌsaɪənˈtɪfɪk",
        "ukphone": "ˌsaɪənˈtɪfɪk"
    },
    {
        "name": "seasonal",
        "trans": [
            "季节的"
        ],
        "usphone": "ˈsiːzənl",
        "ukphone": "ˈsiːzənl"
    },
    {
        "name": "seasoned",
        "trans": [
            "风干的"
        ],
        "usphone": "ˈsiːznd",
        "ukphone": "ˈsiːznd"
    },
    {
        "name": "secondary",
        "trans": [
            "第二的"
        ],
        "usphone": "ˈsekəndri",
        "ukphone": "ˈsekənderi"
    },
    {
        "name": "second-hand",
        "trans": [
            "二手的"
        ],
        "usphone": null,
        "ukphone": null
    },
    {
        "name": "self-funded",
        "trans": [
            "自给自足的"
        ],
        "usphone": null,
        "ukphone": null
    },
    {
        "name": "self-sufficient",
        "trans": [
            "自给自足的"
        ],
        "usphone": "'selfsə'fiʃənt",
        "ukphone": "ˌselfsə'fɪʃnt"
    },
    {
        "name": "senior",
        "trans": [
            "高级的"
        ],
        "usphone": "ˈsiːniə",
        "ukphone": "ˈsiːniər"
    },
    {
        "name": "sensible",
        "trans": [
            "明智的"
        ],
        "usphone": "ˈsensəbl",
        "ukphone": "ˈsensəbl"
    },
    {
        "name": "serial",
        "trans": [
            "连续的"
        ],
        "usphone": "ˈsɪəriəl",
        "ukphone": "ˈsɪriəl"
    },
    {
        "name": "serious",
        "trans": [
            "严肃的"
        ],
        "usphone": "ˈsɪəriəs",
        "ukphone": "ˈsɪriəs"
    },
    {
        "name": "seven-screen",
        "trans": [
            "七个屏幕的"
        ],
        "usphone": null,
        "ukphone": null
    },
    {
        "name": "several",
        "trans": [
            "几个"
        ],
        "usphone": "ˈsevrəl",
        "ukphone": "ˈsevrəl"
    },
    {
        "name": "shared",
        "trans": [
            "共享的"
        ],
        "usphone": "ʃeəd",
        "ukphone": "ʃerd"
    },
    {
        "name": "sharp",
        "trans": [
            "锋利的；紧急的"
        ],
        "usphone": "ʃɑːp",
        "ukphone": "ʃɑːrp"
    },
    {
        "name": "short",
        "trans": [
            "短的"
        ],
        "usphone": "ʃɔːt",
        "ukphone": "ʃɔːrt"
    },
    {
        "name": "sick",
        "trans": [
            "生病的"
        ],
        "usphone": "sɪk",
        "ukphone": "sɪk"
    },
    {
        "name": "silent",
        "trans": [
            "安静的"
        ],
        "usphone": "ˈsaɪlənt",
        "ukphone": "ˈsaɪlənt"
    },
    {
        "name": "silver",
        "trans": [
            "银的"
        ],
        "usphone": "ˈsɪlvə",
        "ukphone": "ˈsɪlvər"
    },
    {
        "name": "similar",
        "trans": [
            "相似的"
        ],
        "usphone": "ˈsɪmələ",
        "ukphone": "ˈsɪmələr"
    },
    {
        "name": "simple",
        "trans": [
            "简单的"
        ],
        "usphone": "ˈsɪmpl",
        "ukphone": "ˈsɪmpl"
    },
    {
        "name": "sleepy",
        "trans": [
            "想睡的"
        ],
        "usphone": "ˈsliːpi",
        "ukphone": "ˈsliːpi"
    },
    {
        "name": "slim",
        "trans": [
            "苗条的"
        ],
        "usphone": "slɪm",
        "ukphone": "slɪm"
    },
    {
        "name": "smart",
        "trans": [
            "聪明的"
        ],
        "usphone": "smɑːt",
        "ukphone": "smɑːrt"
    },
    {
        "name": "smelly",
        "trans": [
            "有臭味的"
        ],
        "usphone": "ˈsmeli",
        "ukphone": "ˈsmeli"
    },
    {
        "name": "social",
        "trans": [
            "社会的"
        ],
        "usphone": "ˈsəʊʃl",
        "ukphone": "ˈsoʊʃl"
    },
    {
        "name": "solar",
        "trans": [
            "太阳的"
        ],
        "usphone": "ˈsəʊlə",
        "ukphone": "ˈsoʊlər"
    },
    {
        "name": "soundproof",
        "trans": [
            "隔音的"
        ],
        "usphone": "ˈsaʊn(d)pruːf",
        "ukphone": "ˈsaʊn(d)ˌpruf"
    },
    {
        "name": "southern",
        "trans": [
            "南方的"
        ],
        "usphone": "ˈsʌðən",
        "ukphone": "ˈsʌðərn"
    },
    {
        "name": "spacious",
        "trans": [
            "宽敞的，宽广的"
        ],
        "usphone": "ˈspeɪʃəs",
        "ukphone": "ˈspeɪʃəs"
    },
    {
        "name": "spare",
        "trans": [
            "多余的"
        ],
        "usphone": "speə",
        "ukphone": "sper"
    },
    {
        "name": "special",
        "trans": [
            "特别的"
        ],
        "usphone": "ˈspeʃl",
        "ukphone": "ˈspeʃl"
    },
    {
        "name": "specialised",
        "trans": [
            "特别的，专门的"
        ],
        "usphone": "'speʃəlaɪzd",
        "ukphone": "'speʃəlaɪzd"
    },
    {
        "name": "species",
        "trans": [
            "种类，物种"
        ],
        "usphone": "ˈspiːʃiːz",
        "ukphone": "ˈspiːʃiːz"
    },
    {
        "name": "specific",
        "trans": [
            "特别的"
        ],
        "usphone": "spəˈsɪfɪk",
        "ukphone": "spəˈsɪfɪk"
    },
    {
        "name": "spiral",
        "trans": [
            "螺旋的"
        ],
        "usphone": "ˈspaɪrəl",
        "ukphone": "ˈspaɪrəl"
    },
    {
        "name": "stable",
        "trans": [
            "adj.稳定的 n.马圈"
        ],
        "usphone": "ˈsteɪbl",
        "ukphone": "ˈsteɪbl"
    },
    {
        "name": "steady",
        "trans": [
            "稳定的"
        ],
        "usphone": "ˈstedi",
        "ukphone": "ˈstedi"
    },
    {
        "name": "stout",
        "trans": [
            "（形容人）结实 的，强壮的"
        ],
        "usphone": "staʊt",
        "ukphone": "staʊt"
    },
    {
        "name": "strained",
        "trans": [
            "紧张的"
        ],
        "usphone": "streɪnd",
        "ukphone": "streɪnd"
    },
    {
        "name": "stressful",
        "trans": [
            "压力的"
        ],
        "usphone": "ˈstresfl",
        "ukphone": "ˈstresfl"
    },
    {
        "name": "stretching",
        "trans": [
            "伸展的"
        ],
        "usphone": "ˈstretʃɪŋ",
        "ukphone": "ˈstretʃɪŋ"
    },
    {
        "name": "strong",
        "trans": [
            "强壮的"
        ],
        "usphone": "strɒŋ",
        "ukphone": "strɔːŋ"
    },
    {
        "name": "stronger",
        "trans": [
            "更强的"
        ],
        "usphone": "ˈstrɒŋgə",
        "ukphone": "ˈstrɔːŋər"
    },
    {
        "name": "subjective",
        "trans": [
            "主观的"
        ],
        "usphone": "səbˈdʒektɪv",
        "ukphone": "səbˈdʒektɪv"
    },
    {
        "name": "successful",
        "trans": [
            "成功的"
        ],
        "usphone": "səkˈsesfl",
        "ukphone": "səkˈsesfl"
    },
    {
        "name": "sufficient",
        "trans": [
            "充分的"
        ],
        "usphone": "səˈfɪʃnt",
        "ukphone": "səˈfɪʃnt"
    },
    {
        "name": "suitable",
        "trans": [
            "合适的"
        ],
        "usphone": "ˈsuːtəbl",
        "ukphone": "ˈsuːtəbl"
    },
    {
        "name": "super",
        "trans": [
            "超级的"
        ],
        "usphone": "ˈsuːpə",
        "ukphone": "ˈsuːpər"
    },
    {
        "name": "surprised",
        "trans": [
            "惊奇的"
        ],
        "usphone": "səˈpraɪzd",
        "ukphone": "sərˈpraɪzd"
    },
    {
        "name": "systematic",
        "trans": [
            "系统的"
        ],
        "usphone": "ˌsɪstəˈmætɪk",
        "ukphone": "ˌsɪstəˈmætɪk"
    },
    {
        "name": "technical",
        "trans": [
            "科技的"
        ],
        "usphone": "ˈteknɪkl",
        "ukphone": "ˈteknɪkl"
    },
    {
        "name": "theoretical",
        "trans": [
            "理论的"
        ],
        "usphone": "ˌθɪəˈretɪkl",
        "ukphone": "ˌθiːəˈretɪkl"
    },
    {
        "name": "traditional",
        "trans": [
            "传统的"
        ],
        "usphone": "trəˈdɪʃənl",
        "ukphone": "trəˈdɪʃənl"
    },
    {
        "name": "troublesome",
        "trans": [
            "带来麻烦的"
        ],
        "usphone": "ˈtrʌblsəm",
        "ukphone": "ˈtrʌblsəm"
    },
    {
        "name": "typical",
        "trans": [
            "典型的"
        ],
        "usphone": "ˈtɪpɪkl",
        "ukphone": "ˈtɪpɪkl"
    },
    {
        "name": "unanimous",
        "trans": [
            "意见一致的"
        ],
        "usphone": "juˈnænɪməs",
        "ukphone": "juˈnænɪməs"
    },
    {
        "name": "uncomfortable",
        "trans": [
            "不舒服的"
        ],
        "usphone": "ʌnˈkʌmftəbl",
        "ukphone": "ʌnˈkʌmftəbl"
    },
    {
        "name": "unconvincing",
        "trans": [
            "没有说服力的"
        ],
        "usphone": null,
        "ukphone": null
    },
    {
        "name": "underground",
        "trans": [
            "地下的"
        ],
        "usphone": "ˌʌndəˈɡraʊnd , ˈʌndəɡraʊnd",
        "ukphone": "ˌʌndərˈɡraʊnd , ˈʌndərɡraʊnd"
    },
    {
        "name": "unfair",
        "trans": [
            "不公平的"
        ],
        "usphone": "ˌʌnˈfeə",
        "ukphone": "ˌʌnˈfer"
    },
    {
        "name": "unhealthy",
        "trans": [
            "不健康的"
        ],
        "usphone": "ʌnˈhelθi",
        "ukphone": "ʌnˈhelθi"
    },
    {
        "name": "unique",
        "trans": [
            "独特的"
        ],
        "usphone": "juˈniːk",
        "ukphone": "juˈniːk"
    },
    {
        "name": "united",
        "trans": [
            "联合的"
        ],
        "usphone": "jʊ'naɪtɪd",
        "ukphone": "jʊ'naɪtɪd"
    },
    {
        "name": "unreliable",
        "trans": [
            "不可依赖的"
        ],
        "usphone": "ˌʌnrɪˈlaɪəbl",
        "ukphone": "ˌʌnrɪˈlaɪəbl"
    },
    {
        "name": "unsocial",
        "trans": [
            "不合群的"
        ],
        "usphone": null,
        "ukphone": null
    },
    {
        "name": "unusual",
        "trans": [
            "非同寻常的"
        ],
        "usphone": "ʌnˈjuːʒuəl",
        "ukphone": "ʌnˈjuːʒuəl"
    },
    {
        "name": "useful",
        "trans": [
            "有用的"
        ],
        "usphone": "ˈjuːsfl",
        "ukphone": "ˈjuːsfl"
    },
    {
        "name": "useless",
        "trans": [
            "没用的"
        ],
        "usphone": "ˈjuːsləs",
        "ukphone": "ˈjuːsləs"
    },
    {
        "name": "usual",
        "trans": [
            "平常的，普通的"
        ],
        "usphone": "ˈjuːʒuəl",
        "ukphone": "ˈjuːʒuəl"
    },
    {
        "name": "various",
        "trans": [
            "各种的"
        ],
        "usphone": "ˈveəriəs",
        "ukphone": "ˈveriəs"
    },
    {
        "name": "violent",
        "trans": [
            "猛烈的，暴力的"
        ],
        "usphone": "ˈvaɪələnt",
        "ukphone": "ˈvaɪələnt"
    },
    {
        "name": "virtual",
        "trans": [
            "虚拟的"
        ],
        "usphone": "ˈvɜːtʃuəl",
        "ukphone": "ˈvɜːrtʃuəl"
    },
    {
        "name": "visible",
        "trans": [
            "可见的"
        ],
        "usphone": "ˈvɪzəbl",
        "ukphone": "ˈvɪzəbl"
    },
    {
        "name": "visual",
        "trans": [
            "视觉的"
        ],
        "usphone": "ˈvɪʒuəl",
        "ukphone": "ˈvɪʒuəl"
    },
    {
        "name": "warm",
        "trans": [
            "温暖的"
        ],
        "usphone": "wɔːm",
        "ukphone": "wɔːrm"
    },
    {
        "name": "washable",
        "trans": [
            "可洗的"
        ],
        "usphone": null,
        "ukphone": null
    },
    {
        "name": "wealthy",
        "trans": [
            "有钱的"
        ],
        "usphone": "ˈwelθi",
        "ukphone": "ˈwelθi"
    },
    {
        "name": "weekly",
        "trans": [
            "每周的"
        ],
        "usphone": "ˈwiːkli",
        "ukphone": "ˈwiːkli"
    },
    {
        "name": "western",
        "trans": [
            "西方的"
        ],
        "usphone": "'wɛstɚn",
        "ukphone": "'west(ə)n"
    },
    {
        "name": "whole",
        "trans": [
            "整个的"
        ],
        "usphone": "həʊl",
        "ukphone": "hoʊl"
    },
    {
        "name": "wide",
        "trans": [
            "广泛的"
        ],
        "usphone": "waɪd",
        "ukphone": "waɪd"
    },
    {
        "name": "wise",
        "trans": [
            "明智的"
        ],
        "usphone": "waɪz",
        "ukphone": "waɪz"
    },
    {
        "name": "worthwhile",
        "trans": [
            "值得的"
        ],
        "usphone": "ˌwɜːθˈwaɪl",
        "ukphone": "ˌwɜːrθˈwaɪl"
    },
    {
        "name": "worthy",
        "trans": [
            "值得做某事"
        ],
        "usphone": "ˈwɜːði",
        "ukphone": "ˈwɜːrði"
    },
    {
        "name": "almost",
        "trans": [
            "几乎，差不多"
        ],
        "usphone": "ˈɔːlməʊst",
        "ukphone": "ˈɔːlmoʊst"
    },
    {
        "name": "currently",
        "trans": [
            "目前地"
        ],
        "usphone": "ˈkʌrəntli",
        "ukphone": "ˈkɜːrəntli"
    },
    {
        "name": "directly",
        "trans": [
            "直接地"
        ],
        "usphone": "dəˈrektli",
        "ukphone": "dəˈrektli"
    },
    {
        "name": "effectively",
        "trans": [
            "有效地"
        ],
        "usphone": "ɪˈfektɪvli",
        "ukphone": "ɪˈfektɪvli"
    },
    {
        "name": "efficiently",
        "trans": [
            "有效率地"
        ],
        "usphone": "ɪˈfɪʃntli",
        "ukphone": "ɪˈfɪʃntli"
    },
    {
        "name": "originally",
        "trans": [
            "最初地"
        ],
        "usphone": "əˈrɪdʒənəli",
        "ukphone": "əˈrɪdʒənəli"
    },
    {
        "name": "physically",
        "trans": [
            "身体地"
        ],
        "usphone": "ˈfɪzɪkli",
        "ukphone": "ˈfɪzɪkli"
    },
    {
        "name": "professionally",
        "trans": [
            "专业地"
        ],
        "usphone": "prəˈfeʃənəli",
        "ukphone": "prəˈfeʃənəli"
    },
    {
        "name": "rapidly",
        "trans": [
            "快速地"
        ],
        "usphone": "ˈræpɪdli",
        "ukphone": "ˈræpɪdli"
    },
    {
        "name": "regularly",
        "trans": [
            "定期地"
        ],
        "usphone": "ˈreɡjələli",
        "ukphone": "ˈreɡjələrli"
    },
    {
        "name": "scarcely",
        "trans": [
            "不足地"
        ],
        "usphone": "ˈskeəsli",
        "ukphone": "ˈskersli"
    },
    {
        "name": "virtually",
        "trans": [
            "几乎"
        ],
        "usphone": "ˈvɜːtʃuəli",
        "ukphone": "ˈvɜːrtʃuəli"
    }
]