[
    {
        "name": "kaijou",
        "trans": [
            "assembly hall or meeting place"
        ],
        "notation": "会場(かいじょう)"
    },
    {
        "name": "ikiru",
        "trans": [
            "to live"
        ],
        "notation": "生(い)きる"
    },
    {
        "name": "pasokon",
        "trans": [
            "personal computer"
        ],
        "notation": "パソコン"
    },
    {
        "name": "kare",
        "trans": [
            "he,boyfriend"
        ],
        "notation": "彼(かれ)"
    },
    {
        "name": "bikkuri/suru",
        "trans": [
            "to be surprised"
        ],
        "notation": "びっくり・する"
    },
    {
        "name": "yoshuu",
        "trans": [
            "preparation for a lesson"
        ],
        "notation": "予習(よしゅう)"
    },
    {
        "name": "dame",
        "trans": [
            "no good"
        ],
        "notation": "だめ"
    },
    {
        "name": "kagami",
        "trans": [
            "mirror"
        ],
        "notation": "鏡(かがみ)"
    },
    {
        "name": "gomi",
        "trans": [
            "rubbish"
        ],
        "notation": "ごみ"
    },
    {
        "name": "outobai",
        "trans": [
            "motorcycle"
        ],
        "notation": "オートバイ"
    },
    {
        "name": "utsukushii",
        "trans": [
            "beautiful"
        ],
        "notation": "美(うつく)しい"
    },
    {
        "name": "kibun",
        "trans": [
            "mood"
        ],
        "notation": "気分(きぶん)"
    },
    {
        "name": "oiwai",
        "trans": [
            "congratulation"
        ],
        "notation": "お祝(いわ)い"
    },
    {
        "name": "kangofu",
        "trans": [
            "female nurse"
        ],
        "notation": "看護(かんご)婦(ふ)"
    },
    {
        "name": "unten",
        "trans": [
            "to drive"
        ],
        "notation": "運転(うんてん)"
    },
    {
        "name": "hyou",
        "trans": [
            "the front"
        ],
        "notation": "表(ひょう)"
    },
    {
        "name": "kuukou",
        "trans": [
            "airport"
        ],
        "notation": "空港(くうこう)"
    },
    {
        "name": "hiruma",
        "trans": [
            "daytime,during the day"
        ],
        "notation": "昼間(ひるま)"
    },
    {
        "name": "koutougakkou",
        "trans": [
            "high school"
        ],
        "notation": "高等(こうとう)学校(がっこう)"
    },
    {
        "name": "kayou",
        "trans": [
            "to commute"
        ],
        "notation": "通(かよ)う"
    },
    {
        "name": "takaru",
        "trans": [
            "to gather"
        ],
        "notation": "集(たか)る"
    },
    {
        "name": "tsukeru",
        "trans": [
            "to soak,to pickle"
        ],
        "notation": "漬(つ)ける"
    },
    {
        "name": "mizuumi",
        "trans": [
            "lake"
        ],
        "notation": "湖(みずうみ)"
    },
    {
        "name": "suberu",
        "trans": [
            "to slide,to slip"
        ],
        "notation": "滑(すべ)る"
    },
    {
        "name": "aa",
        "trans": [
            "like that"
        ],
        "notation": "ああ"
    },
    {
        "name": "tamani",
        "trans": [
            "occasionally"
        ],
        "notation": "たまに"
    },
    {
        "name": "keshiki",
        "trans": [
            "scene,landscape"
        ],
        "notation": "景色(けしき)"
    },
    {
        "name": "odori",
        "trans": [
            "a dance"
        ],
        "notation": "踊(おど)り"
    },
    {
        "name": "akusesarii",
        "trans": [
            "accessory"
        ],
        "notation": "アクセサリー"
    },
    {
        "name": "umai",
        "trans": [
            "delicious"
        ],
        "notation": "うまい"
    },
    {
        "name": "amerika",
        "trans": [
            "America"
        ],
        "notation": "アメリカ"
    },
    {
        "name": "sutereo",
        "trans": [
            "stereo"
        ],
        "notation": "ステレオ"
    },
    {
        "name": "yubiwa",
        "trans": [
            "finger ring"
        ],
        "notation": "指輪(ゆびわ)"
    },
    {
        "name": "sotsugyou",
        "trans": [
            "graduation"
        ],
        "notation": "卒業(そつぎょう)"
    },
    {
        "name": "tadashii",
        "trans": [
            "correct"
        ],
        "notation": "正(ただ)しい"
    },
    {
        "name": "sumi",
        "trans": [
            "corner,nook"
        ],
        "notation": "隅(すみ)"
    },
    {
        "name": "kaigi",
        "trans": [
            "meeting"
        ],
        "notation": "会議(かいぎ)"
    },
    {
        "name": "kawari",
        "trans": [
            "substitute,alternate"
        ],
        "notation": "代(か)わり"
    },
    {
        "name": "kisha",
        "trans": [
            "steam train"
        ],
        "notation": "汽車(きしゃ)"
    },
    {
        "name": "igaku",
        "trans": [
            "medical science"
        ],
        "notation": "医学(いがく)"
    },
    {
        "name": "ashita",
        "trans": [
            "tomorrow"
        ],
        "notation": "明日(あした)"
    },
    {
        "name": "omatsuri",
        "trans": [
            "festival"
        ],
        "notation": "お祭(まつ)り"
    },
    {
        "name": "zuibun",
        "trans": [
            "extremely"
        ],
        "notation": "ずいぶん"
    },
    {
        "name": "saikin",
        "trans": [
            "latest,nowadays"
        ],
        "notation": "最近(さいきん)"
    },
    {
        "name": "tomeru",
        "trans": [
            "to stop"
        ],
        "notation": "止(と)める"
    },
    {
        "name": "utsuru",
        "trans": [
            "to move house or transfer"
        ],
        "notation": "移(うつ)る"
    },
    {
        "name": "nokoru",
        "trans": [
            "to remain"
        ],
        "notation": "残(のこ)る"
    },
    {
        "name": "musuko",
        "trans": [
            "(humble) son"
        ],
        "notation": "息子(むすこ)"
    },
    {
        "name": "okuru",
        "trans": [
            "to send"
        ],
        "notation": "送(おく)る"
    },
    {
        "name": "sangyou",
        "trans": [
            "industry"
        ],
        "notation": "産業(さんぎょう)"
    },
    {
        "name": "ugoku",
        "trans": [
            "to move"
        ],
        "notation": "動(うご)く"
    },
    {
        "name": "warau",
        "trans": [
            "to laugh,to smile"
        ],
        "notation": "笑(わら)う"
    },
    {
        "name": "keredo/keredomo",
        "trans": [
            "however"
        ],
        "notation": "けれど/けれども"
    },
    {
        "name": "baai",
        "trans": [
            "situation"
        ],
        "notation": "場合(ばあい)"
    },
    {
        "name": "reji",
        "trans": [
            "register"
        ],
        "notation": "レジ"
    },
    {
        "name": "hieru",
        "trans": [
            "to grow cold"
        ],
        "notation": "冷(ひ)える"
    },
    {
        "name": "seki",
        "trans": [
            "seat"
        ],
        "notation": "席(せき)"
    },
    {
        "name": "ueru",
        "trans": [
            "to plant,to grow"
        ],
        "notation": "植(う)える"
    },
    {
        "name": "shikaru",
        "trans": [
            "a particular"
        ],
        "notation": "しかる"
    },
    {
        "name": "seiyou",
        "trans": [
            "western countries"
        ],
        "notation": "西洋(せいよう)"
    },
    {
        "name": "shachou",
        "trans": [
            "company president"
        ],
        "notation": "社長(しゃちょう)"
    },
    {
        "name": "rakumu",
        "trans": [
            "to enjoy oneself"
        ],
        "notation": "楽(らく)む"
    },
    {
        "name": "konsaato",
        "trans": [
            "concert"
        ],
        "notation": "コンサート"
    },
    {
        "name": "yatto",
        "trans": [
            "at last"
        ],
        "notation": "やっと"
    },
    {
        "name": "omou",
        "trans": [
            "to think,to feel"
        ],
        "notation": "思(おも)う"
    },
    {
        "name": "jimusho",
        "trans": [
            "office"
        ],
        "notation": "事務所(じむしょ)"
    },
    {
        "name": "sandaru",
        "trans": [
            "sandal"
        ],
        "notation": "サンダル"
    },
    {
        "name": "enryo",
        "trans": [
            "to be reserved, to be restrained"
        ],
        "notation": "遠慮(えんりょ)"
    },
    {
        "name": "mottomo",
        "trans": [
            "extremely"
        ],
        "notation": "もっとも"
    },
    {
        "name": "shousetsu",
        "trans": [
            "novel"
        ],
        "notation": "小説(しょうせつ)"
    },
    {
        "name": "fuben",
        "trans": [
            "inconvenience"
        ],
        "notation": "不便(ふべん)"
    },
    {
        "name": "kinu",
        "trans": [
            "silk"
        ],
        "notation": "絹(きぬ)"
    },
    {
        "name": "naosu",
        "trans": [
            "to fix,to repair"
        ],
        "notation": "直(なお)す"
    },
    {
        "name": "senpai",
        "trans": [
            "senior"
        ],
        "notation": "先輩(せんぱい)"
    },
    {
        "name": "netsu",
        "trans": [
            "fever"
        ],
        "notation": "熱(ねつ)"
    },
    {
        "name": "kibishii",
        "trans": [
            "strict"
        ],
        "notation": "厳(きび)しい"
    },
    {
        "name": "ningyou",
        "trans": [
            "doll, figure"
        ],
        "notation": "人形(にんぎょう)"
    },
    {
        "name": "fukuzatsu",
        "trans": [
            "complexity,complication"
        ],
        "notation": "複雑(ふくざつ)"
    },
    {
        "name": "jamu",
        "trans": [
            "jam"
        ],
        "notation": "ジャム"
    },
    {
        "name": "oku",
        "trans": [
            "one hundred million"
        ],
        "notation": "億(おく)"
    },
    {
        "name": "anshin",
        "trans": [
            "relief"
        ],
        "notation": "安心(あんしん)"
    },
    {
        "name": "sekai",
        "trans": [
            "the world"
        ],
        "notation": "世界(せかい)"
    },
    {
        "name": "denpou",
        "trans": [
            "telegram"
        ],
        "notation": "電報(でんぽう)"
    },
    {
        "name": "tekisuto",
        "trans": [
            "text,text book"
        ],
        "notation": "テキスト"
    },
    {
        "name": "zannen",
        "trans": [
            "disappointment"
        ],
        "notation": "残念(ざんねん)"
    },
    {
        "name": "chekku/suru",
        "trans": [
            "to check"
        ],
        "notation": "チェック・する"
    },
    {
        "name": "komakai",
        "trans": [
            "small, fine"
        ],
        "notation": "細(こま)かい"
    },
    {
        "name": "kanashii",
        "trans": [
            "sad"
        ],
        "notation": "悲(かな)しい"
    },
    {
        "name": "yaku",
        "trans": [
            "to bake,to grill"
        ],
        "notation": "焼(や)く"
    },
    {
        "name": "kougi",
        "trans": [
            "lecture"
        ],
        "notation": "講義(こうぎ)"
    },
    {
        "name": "hakkiri",
        "trans": [
            "clearly"
        ],
        "notation": "はっきり"
    },
    {
        "name": "hikidashi",
        "trans": [
            "drawer,drawing out"
        ],
        "notation": "引(ひ)き出(だ)し"
    },
    {
        "name": "purezento",
        "trans": [
            "present"
        ],
        "notation": "プレゼント"
    },
    {
        "name": "korekara",
        "trans": [
            "after this"
        ],
        "notation": "これから"
    },
    {
        "name": "tenin",
        "trans": [
            "shop assistant"
        ],
        "notation": "店員(てんいん)"
    },
    {
        "name": "hikari",
        "trans": [
            "light"
        ],
        "notation": "光(ひかり)"
    },
    {
        "name": "irassharu",
        "trans": [
            "(respectful) to be,to come or to go"
        ],
        "notation": "いらっしゃる"
    },
    {
        "name": "dansei",
        "trans": [
            "male"
        ],
        "notation": "男性(だんせい)"
    },
    {
        "name": "nodo",
        "trans": [
            "throat"
        ],
        "notation": "のど"
    },
    {
        "name": "otosu",
        "trans": [
            "to drop"
        ],
        "notation": "落(おと)す"
    },
    {
        "name": "sonnani",
        "trans": [
            "so much,like that"
        ],
        "notation": "そんなに"
    },
    {
        "name": "homeru",
        "trans": [
            "to praise"
        ],
        "notation": "ほめる"
    },
    {
        "name": "sawagu",
        "trans": [
            "to make noise,to be excited"
        ],
        "notation": "騒(さわ)ぐ"
    },
    {
        "name": "sumu",
        "trans": [
            "to finish"
        ],
        "notation": "済(す)む"
    },
    {
        "name": "ryokan",
        "trans": [
            "Japanese hotel"
        ],
        "notation": "旅館(りょかん)"
    },
    {
        "name": "oyogikata",
        "trans": [
            "way of swimming"
        ],
        "notation": "泳(およ)ぎ方(かた)"
    },
    {
        "name": "ude",
        "trans": [
            "arm"
        ],
        "notation": "腕(うで)"
    },
    {
        "name": "annai",
        "trans": [
            "to guide"
        ],
        "notation": "案内(あんない)"
    },
    {
        "name": "daigakusei",
        "trans": [
            "university student"
        ],
        "notation": "大学生(だいがくせい)"
    },
    {
        "name": "hi",
        "trans": [
            "fire"
        ],
        "notation": "火(ひ)"
    },
    {
        "name": "kenka/suru",
        "trans": [
            "to quarrel"
        ],
        "notation": "けんか・する"
    },
    {
        "name": "juufun",
        "trans": [
            "enough"
        ],
        "notation": "十(じゅう)分(ふん)"
    },
    {
        "name": "renraku",
        "trans": [
            "contact"
        ],
        "notation": "連絡(れんらく)"
    },
    {
        "name": "gochisou",
        "trans": [
            "a feast"
        ],
        "notation": "ごちそう"
    },
    {
        "name": "nureru",
        "trans": [
            "to get wet"
        ],
        "notation": "ぬれる"
    },
    {
        "name": "kenkyuu",
        "trans": [
            "research"
        ],
        "notation": "研究(けんきゅう)"
    },
    {
        "name": "tsukamaeru",
        "trans": [
            "to seize"
        ],
        "notation": "捕(つか)まえる"
    },
    {
        "name": "kimeru",
        "trans": [
            "to decide"
        ],
        "notation": "決(き)める"
    },
    {
        "name": "tooru",
        "trans": [
            "to go through"
        ],
        "notation": "通(とお)る"
    },
    {
        "name": "ippai",
        "trans": [
            "full"
        ],
        "notation": "いっぱい"
    },
    {
        "name": "okoru",
        "trans": [
            "to get angry,to be angry"
        ],
        "notation": "怒(おこ)る"
    },
    {
        "name": "suutsu",
        "trans": [
            "suit"
        ],
        "notation": "スーツ"
    },
    {
        "name": "untenshu",
        "trans": [
            "driver"
        ],
        "notation": "運転(うんてん)手(しゅ)"
    },
    {
        "name": "jama",
        "trans": [
            "hindrance,intrusion"
        ],
        "notation": "じゃま"
    },
    {
        "name": "juudou",
        "trans": [
            "judo"
        ],
        "notation": "柔道(じゅうどう)"
    },
    {
        "name": "kureru",
        "trans": [
            "to give"
        ],
        "notation": "くれる"
    },
    {
        "name": "ma",
        "trans": [
            "a space"
        ],
        "notation": "間(ま)"
    },
    {
        "name": "ika",
        "trans": [
            "less than"
        ],
        "notation": "以下(いか)"
    },
    {
        "name": "kimi",
        "trans": [
            "(informal) You (used by men towards women)"
        ],
        "notation": "君(きみ)"
    },
    {
        "name": "shima",
        "trans": [
            "island"
        ],
        "notation": "島(しま)"
    },
    {
        "name": "kitto",
        "trans": [
            "surely"
        ],
        "notation": "きっと"
    },
    {
        "name": "ochiru",
        "trans": [
            "to fall or drop"
        ],
        "notation": "落(おち)る"
    },
    {
        "name": "okage",
        "trans": [
            "owing to"
        ],
        "notation": "おかげ"
    },
    {
        "name": "shouchi",
        "trans": [
            "to consent"
        ],
        "notation": "承知(しょうち)"
    },
    {
        "name": "bunpou",
        "trans": [
            "grammar"
        ],
        "notation": "文法(ぶんぽう)"
    },
    {
        "name": "shuppatsu",
        "trans": [
            "to depart"
        ],
        "notation": "出発(しゅっぱつ)"
    },
    {
        "name": "kamau",
        "trans": [
            "to mind"
        ],
        "notation": "かまう"
    },
    {
        "name": "akanbou",
        "trans": [
            "baby"
        ],
        "notation": "赤(あか)ん坊(ぼう)"
    },
    {
        "name": "kinjo",
        "trans": [
            "neighbourhood"
        ],
        "notation": "近所(きんじょ)"
    },
    {
        "name": "anaunsaa",
        "trans": [
            "announcer"
        ],
        "notation": "アナウンサー"
    },
    {
        "name": "tasu",
        "trans": [
            "to add a number"
        ],
        "notation": "足(た)す"
    },
    {
        "name": "shoukai",
        "trans": [
            "introduction"
        ],
        "notation": "紹介(しょうかい)"
    },
    {
        "name": "isshoukenmei",
        "trans": [
            "with utmost effort"
        ],
        "notation": "一生懸命(いっしょうけんめい)"
    },
    {
        "name": "harau",
        "trans": [
            "to pay"
        ],
        "notation": "払(はら)う"
    },
    {
        "name": "yureru",
        "trans": [
            "to shake,to sway"
        ],
        "notation": "揺(ゆ)れる"
    },
    {
        "name": "to",
        "trans": [
            "metropolitan"
        ],
        "notation": "都(と)"
    },
    {
        "name": "oto",
        "trans": [
            "sound,note"
        ],
        "notation": "音(おと)"
    },
    {
        "name": "sorosoro",
        "trans": [
            "gradually,soon"
        ],
        "notation": "そろそろ"
    },
    {
        "name": "mousu",
        "trans": [
            "(humble) to be called,to say"
        ],
        "notation": "申(もう)す"
    },
    {
        "name": "shakai",
        "trans": [
            "society,public"
        ],
        "notation": "社会(しゃかい)"
    },
    {
        "name": "un",
        "trans": [
            "(informal) yes"
        ],
        "notation": "うん"
    },
    {
        "name": "ishi",
        "trans": [
            "stone"
        ],
        "notation": "石(いし)"
    },
    {
        "name": "soreni",
        "trans": [
            "moreover"
        ],
        "notation": "それに"
    },
    {
        "name": "kaji",
        "trans": [
            "fire"
        ],
        "notation": "火事(かじ)"
    },
    {
        "name": "keshigomu",
        "trans": [
            "eraser"
        ],
        "notation": "消(け)しゴム"
    },
    {
        "name": "hodo",
        "trans": [
            "extent"
        ],
        "notation": "ほど"
    },
    {
        "name": "nikki",
        "trans": [
            "journal"
        ],
        "notation": "日記(にっき)"
    },
    {
        "name": "bungaku",
        "trans": [
            "literature"
        ],
        "notation": "文学(ぶんがく)"
    },
    {
        "name": "sofuto",
        "trans": [
            "soft"
        ],
        "notation": "ソフト"
    },
    {
        "name": "minato",
        "trans": [
            "harbour"
        ],
        "notation": "港(みなと)"
    },
    {
        "name": "shinbunsha",
        "trans": [
            "newspaper company"
        ],
        "notation": "新聞(しんぶん)社(しゃ)"
    },
    {
        "name": "sarada",
        "trans": [
            "salad"
        ],
        "notation": "サラダ"
    },
    {
        "name": "mannaka",
        "trans": [
            "middle"
        ],
        "notation": "真中(まんなか)"
    },
    {
        "name": "mairu",
        "trans": [
            "(humble) to go,to come"
        ],
        "notation": "参(まい)る"
    },
    {
        "name": "koshou",
        "trans": [
            "to break-down"
        ],
        "notation": "故障(こしょう)"
    },
    {
        "name": "uso",
        "trans": [
            "a lie"
        ],
        "notation": "うそ"
    },
    {
        "name": "subarashii",
        "trans": [
            "wonderful"
        ],
        "notation": "すばらしい"
    },
    {
        "name": "katsu",
        "trans": [
            "to win"
        ],
        "notation": "勝(か)つ"
    },
    {
        "name": "wariai",
        "trans": [
            "rate,ratio,percentage"
        ],
        "notation": "割合(わりあい)"
    },
    {
        "name": "kowasu",
        "trans": [
            "to break"
        ],
        "notation": "壊(こわ)す"
    },
    {
        "name": "sukuriin",
        "trans": [
            "screen"
        ],
        "notation": "スクリーン"
    },
    {
        "name": "jiyuu",
        "trans": [
            "freedom"
        ],
        "notation": "自由(じゆう)"
    },
    {
        "name": "daiji",
        "trans": [
            "important,valuable,serious matter"
        ],
        "notation": "大事(だいじ)"
    },
    {
        "name": "tsugou",
        "trans": [
            "circumstances,convenience"
        ],
        "notation": "都合(つごう)"
    },
    {
        "name": "kyouiku",
        "trans": [
            "education"
        ],
        "notation": "教育(きょういく)"
    },
    {
        "name": "chuui",
        "trans": [
            "caution"
        ],
        "notation": "注意(ちゅうい)"
    },
    {
        "name": "sagasu",
        "trans": [
            "to look for"
        ],
        "notation": "探(さが)す"
    },
    {
        "name": "shusseki",
        "trans": [
            "to attend"
        ],
        "notation": "出席(しゅっせき)"
    },
    {
        "name": "gijutsu",
        "trans": [
            "art,technology,skill"
        ],
        "notation": "技術(ぎじゅつ)"
    },
    {
        "name": "kimono",
        "trans": [
            "kimono"
        ],
        "notation": "着物(きもの)"
    },
    {
        "name": "jiko",
        "trans": [
            "accident"
        ],
        "notation": "事故(じこ)"
    },
    {
        "name": "oideninaru",
        "trans": [
            "(respectful) to be"
        ],
        "notation": "おいでになる"
    },
    {
        "name": "uriba",
        "trans": [
            "place where things are sold"
        ],
        "notation": "売(う)り場(ば)"
    },
    {
        "name": "kikai",
        "trans": [
            "opportunity"
        ],
        "notation": "機会(きかい)"
    },
    {
        "name": "futsuu",
        "trans": [
            "usually, or a train that stops at every station"
        ],
        "notation": "普通(ふつう)"
    },
    {
        "name": "moshi",
        "trans": [
            "if"
        ],
        "notation": "もし"
    },
    {
        "name": "riyuu",
        "trans": [
            "reason"
        ],
        "notation": "理由(りゆう)"
    },
    {
        "name": "arukouru",
        "trans": [
            "alcohol"
        ],
        "notation": "アルコール"
    },
    {
        "name": "inai",
        "trans": [
            "within"
        ],
        "notation": "以内(いない)"
    },
    {
        "name": "yotei",
        "trans": [
            "arrangement"
        ],
        "notation": "予定(よてい)"
    },
    {
        "name": "housou",
        "trans": [
            "to broadcast"
        ],
        "notation": "放送(ほうそう)"
    },
    {
        "name": "tashika",
        "trans": [
            "definite"
        ],
        "notation": "確(たし)か"
    },
    {
        "name": "kyuu",
        "trans": [
            "urgent, steep"
        ],
        "notation": "急(きゅう)"
    },
    {
        "name": "kesshite",
        "trans": [
            "never"
        ],
        "notation": "決(けっ)して"
    },
    {
        "name": "yorokobu",
        "trans": [
            "to be delighted"
        ],
        "notation": "喜(よろこ)ぶ"
    },
    {
        "name": "shuukan",
        "trans": [
            "custom,manners"
        ],
        "notation": "習慣(しゅうかん)"
    },
    {
        "name": "chuugakkou",
        "trans": [
            "junior high school,middle school"
        ],
        "notation": "中学校(ちゅうがっこう)"
    },
    {
        "name": "tana",
        "trans": [
            "shelves"
        ],
        "notation": "棚(たな)"
    },
    {
        "name": "kubi",
        "trans": [
            "neck"
        ],
        "notation": "首(くび)"
    },
    {
        "name": "oshiire",
        "trans": [
            "closet"
        ],
        "notation": "押(お)し入(い)れ"
    },
    {
        "name": "koukou",
        "trans": [
            "high school"
        ],
        "notation": "高校(こうこう)"
    },
    {
        "name": "sou",
        "trans": [
            "really"
        ],
        "notation": "そう"
    },
    {
        "name": "kakeru",
        "trans": [
            "to hang something"
        ],
        "notation": "掛(か)ける"
    },
    {
        "name": "shimin",
        "trans": [
            "citizen"
        ],
        "notation": "市民(しみん)"
    },
    {
        "name": "manga",
        "trans": [
            "comic"
        ],
        "notation": "漫画(まんが)"
    },
    {
        "name": "kotae",
        "trans": [
            "response"
        ],
        "notation": "答(こたえ)"
    },
    {
        "name": "futoru",
        "trans": [
            "to become fat"
        ],
        "notation": "太(ふと)る"
    },
    {
        "name": "okonau",
        "trans": [
            "to do"
        ],
        "notation": "行(おこな)う"
    },
    {
        "name": "kumo",
        "trans": [
            "cloud"
        ],
        "notation": "雲(くも)"
    },
    {
        "name": "basho",
        "trans": [
            "location"
        ],
        "notation": "場所(ばしょ)"
    },
    {
        "name": "ryouhou",
        "trans": [
            "both sides"
        ],
        "notation": "両方(りょうほう)"
    },
    {
        "name": "youji",
        "trans": [
            "things to do"
        ],
        "notation": "用事(ようじ)"
    },
    {
        "name": "kachou",
        "trans": [
            "section manager"
        ],
        "notation": "課長(かちょう)"
    },
    {
        "name": "sashiageru",
        "trans": [
            "(polite) to give"
        ],
        "notation": "差(さ)し上(あ)げる"
    },
    {
        "name": "konpyuuta/konpyuutaa",
        "trans": [
            "computer"
        ],
        "notation": "コンピュータ/コンピューター"
    },
    {
        "name": "kokoro",
        "trans": [
            "core,heart"
        ],
        "notation": "心(こころ)"
    },
    {
        "name": "piano",
        "trans": [
            "piano"
        ],
        "notation": "ピアノ"
    },
    {
        "name": "oya",
        "trans": [
            "parents"
        ],
        "notation": "親(おや)"
    },
    {
        "name": "muri",
        "trans": [
            "impossible"
        ],
        "notation": "無理(むり)"
    },
    {
        "name": "shiraberu",
        "trans": [
            "to investigate"
        ],
        "notation": "調(しら)べる"
    },
    {
        "name": "gasu",
        "trans": [
            "petrol"
        ],
        "notation": "ガス"
    },
    {
        "name": "reibou",
        "trans": [
            "air conditioning"
        ],
        "notation": "冷房(れいぼう)"
    },
    {
        "name": "nedan",
        "trans": [
            "price"
        ],
        "notation": "ねだん"
    },
    {
        "name": "nakunaru",
        "trans": [
            "to die"
        ],
        "notation": "亡(な)くなる"
    },
    {
        "name": "sorehodo",
        "trans": [
            "to that extent"
        ],
        "notation": "それほど"
    },
    {
        "name": "naoru",
        "trans": [
            "to be cured,to heal"
        ],
        "notation": "治(なお)る"
    },
    {
        "name": "kenkyuushitsu",
        "trans": [
            "study room,laboratory"
        ],
        "notation": "研究(けんきゅう)室(しつ)"
    },
    {
        "name": "wake",
        "trans": [
            "meaning,reason"
        ],
        "notation": "訳(わけ)"
    },
    {
        "name": "sandoicchi",
        "trans": [
            "sandwich"
        ],
        "notation": "サンドイッチ"
    },
    {
        "name": "fueru",
        "trans": [
            "to increase"
        ],
        "notation": "増(ふ)える"
    },
    {
        "name": "nemui",
        "trans": [
            "sleepy"
        ],
        "notation": "眠(ねむ)い"
    },
    {
        "name": "hikaru",
        "trans": [
            "to shine,to glitter"
        ],
        "notation": "光(ひか)る"
    },
    {
        "name": "arubaito",
        "trans": [
            "part-time job"
        ],
        "notation": "アルバイト"
    },
    {
        "name": "kusa",
        "trans": [
            "grass"
        ],
        "notation": "草(くさ)"
    },
    {
        "name": "henji",
        "trans": [
            "reply"
        ],
        "notation": "返事(へんじ)"
    },
    {
        "name": "sen",
        "trans": [
            "line"
        ],
        "notation": "線(せん)"
    },
    {
        "name": "yogiru",
        "trans": [
            "to exceed"
        ],
        "notation": "過(よ)ぎる"
    },
    {
        "name": "ken/kata/katai",
        "trans": [
            "hard"
        ],
        "notation": "堅(けん)/硬(かた)/固(かた)い"
    },
    {
        "name": "kuuki",
        "trans": [
            "air,atmosphere"
        ],
        "notation": "空気(くうき)"
    },
    {
        "name": "seisan",
        "trans": [
            "to produce"
        ],
        "notation": "生産(せいさん)"
    },
    {
        "name": "kanarazu",
        "trans": [
            "certainly,necessarily"
        ],
        "notation": "必(かなら)ず"
    },
    {
        "name": "mataha",
        "trans": [
            "or,otherwise"
        ],
        "notation": "または"
    },
    {
        "name": "dentou",
        "trans": [
            "electric light"
        ],
        "notation": "電灯(でんとう)"
    },
    {
        "name": "hanami",
        "trans": [
            "cherry-blossom viewing"
        ],
        "notation": "花見(はなみ)"
    },
    {
        "name": "senaka",
        "trans": [
            "back of the body"
        ],
        "notation": "背中(せなか)"
    },
    {
        "name": "inaka",
        "trans": [
            "countryside"
        ],
        "notation": "田舎(いなか)"
    },
    {
        "name": "oreru",
        "trans": [
            "to break or be folded"
        ],
        "notation": "折(お)れる"
    },
    {
        "name": "okujou",
        "trans": [
            "rooftop"
        ],
        "notation": "屋上(おくじょう)"
    },
    {
        "name": "suku",
        "trans": [
            "to open, to become empty"
        ],
        "notation": "空(す)く"
    },
    {
        "name": "kondo",
        "trans": [
            "now,next time"
        ],
        "notation": "今度(こんど)"
    },
    {
        "name": "biru",
        "trans": [
            "building or bill"
        ],
        "notation": "ビル"
    },
    {
        "name": "uchi",
        "trans": [
            "within"
        ],
        "notation": "うち"
    },
    {
        "name": "haisha",
        "trans": [
            "dentist"
        ],
        "notation": "歯医者(はいしゃ)"
    },
    {
        "name": "suteru",
        "trans": [
            "to throw away"
        ],
        "notation": "捨(す)てる"
    },
    {
        "name": "yasashii",
        "trans": [
            "kind"
        ],
        "notation": "優(やさ)しい"
    },
    {
        "name": "ijimeru",
        "trans": [
            "to tease"
        ],
        "notation": "いじめる"
    },
    {
        "name": "sabishii",
        "trans": [
            "lonely"
        ],
        "notation": "寂(さび)しい"
    },
    {
        "name": "taifuu",
        "trans": [
            "typhoon"
        ],
        "notation": "台風(たいふう)"
    },
    {
        "name": "hakobu",
        "trans": [
            "to transport"
        ],
        "notation": "運(はこ)ぶ"
    },
    {
        "name": "taoreru",
        "trans": [
            "to break down"
        ],
        "notation": "倒(たお)れる"
    },
    {
        "name": "yahari/yappari",
        "trans": [
            "as I thought,absolutely"
        ],
        "notation": "やはり/やっぱり"
    },
    {
        "name": "budou",
        "trans": [
            "grapes"
        ],
        "notation": "ぶどう"
    },
    {
        "name": "omocha",
        "trans": [
            "toy"
        ],
        "notation": "おもちゃ"
    },
    {
        "name": "youi",
        "trans": [
            "preparation"
        ],
        "notation": "用意(ようい)"
    },
    {
        "name": "jinkou",
        "trans": [
            "population"
        ],
        "notation": "人口(じんこう)"
    },
    {
        "name": "suugaku",
        "trans": [
            "mathematics,arithmetic"
        ],
        "notation": "数学(すうがく)"
    },
    {
        "name": "gasorin",
        "trans": [
            "petrol"
        ],
        "notation": "ガソリン"
    },
    {
        "name": "kotori",
        "trans": [
            "small bird"
        ],
        "notation": "小鳥(ことり)"
    },
    {
        "name": "sutto",
        "trans": [
            "straight,all of a sudden"
        ],
        "notation": "すっと"
    },
    {
        "name": "norikaeru",
        "trans": [
            "to change between buses or trains"
        ],
        "notation": "乗(の)り換(か)える"
    },
    {
        "name": "riyou",
        "trans": [
            "utilization"
        ],
        "notation": "利用(りよう)"
    },
    {
        "name": "atsumeru",
        "trans": [
            "to collect something"
        ],
        "notation": "集(あつ)める"
    },
    {
        "name": "nyuugaku",
        "trans": [
            "to enter school or university"
        ],
        "notation": "入学(にゅうがく)"
    },
    {
        "name": "shibaraku",
        "trans": [
            "little while"
        ],
        "notation": "しばらく"
    },
    {
        "name": "ossharu",
        "trans": [
            "(respectful) to say"
        ],
        "notation": "おっしゃる"
    },
    {
        "name": "yoroshii",
        "trans": [
            "(respectful) OK,all right"
        ],
        "notation": "よろしい"
    },
    {
        "name": "majime",
        "trans": [
            "serious"
        ],
        "notation": "まじめ"
    },
    {
        "name": "suidou",
        "trans": [
            "water supply"
        ],
        "notation": "水道(すいどう)"
    },
    {
        "name": "tatami",
        "trans": [
            "Japanese straw mat"
        ],
        "notation": "畳(たたみ)"
    },
    {
        "name": "sakki",
        "trans": [
            "some time ago"
        ],
        "notation": "さっき"
    },
    {
        "name": "hi",
        "trans": [
            "day, sun"
        ],
        "notation": "日(ひ)"
    },
    {
        "name": "hatsuon",
        "trans": [
            "pronunciation"
        ],
        "notation": "発音(はつおん)"
    },
    {
        "name": "honyaku",
        "trans": [
            "translation"
        ],
        "notation": "翻訳(ほんやく)"
    },
    {
        "name": "ito",
        "trans": [
            "thread"
        ],
        "notation": "糸(いと)"
    },
    {
        "name": "kiken",
        "trans": [
            "danger"
        ],
        "notation": "危険(きけん)"
    },
    {
        "name": "narubeku",
        "trans": [
            "as much as possible"
        ],
        "notation": "なるべく"
    },
    {
        "name": "ura",
        "trans": [
            "reverse side"
        ],
        "notation": "裏(うら)"
    },
    {
        "name": "tochuu",
        "trans": [
            "on the way"
        ],
        "notation": "途中(とちゅう)"
    },
    {
        "name": "okashii",
        "trans": [
            "strange or funny"
        ],
        "notation": "おかしい"
    },
    {
        "name": "asai",
        "trans": [
            "shallow,superficial"
        ],
        "notation": "浅(あさ)い"
    },
    {
        "name": "hen",
        "trans": [
            "strange"
        ],
        "notation": "変(へん)"
    },
    {
        "name": "saisho",
        "trans": [
            "beginning,first"
        ],
        "notation": "最初(さいしょ)"
    },
    {
        "name": "haiken",
        "trans": [
            "(humble) to look at"
        ],
        "notation": "拝見(はいけん)"
    },
    {
        "name": "you",
        "trans": [
            "use"
        ],
        "notation": "用(よう)"
    },
    {
        "name": "tsutaeru",
        "trans": [
            "to report"
        ],
        "notation": "伝(つた)える"
    },
    {
        "name": "sorede",
        "trans": [
            "because of that"
        ],
        "notation": "それで"
    },
    {
        "name": "mieru",
        "trans": [
            "to be in sight"
        ],
        "notation": "見(み)える"
    },
    {
        "name": "otaku",
        "trans": [
            "(polite) your house"
        ],
        "notation": "お宅(たく)"
    },
    {
        "name": "tariru",
        "trans": [
            "to be enough"
        ],
        "notation": "足(た)りる"
    },
    {
        "name": "nioi",
        "trans": [
            "a smell"
        ],
        "notation": "におい"
    },
    {
        "name": "otsuri",
        "trans": [
            "change from purchase, balance"
        ],
        "notation": "おつり"
    },
    {
        "name": "shiken",
        "trans": [
            "examination"
        ],
        "notation": "試験(しけん)"
    },
    {
        "name": "moushiageru",
        "trans": [
            "(humble) to say,to tell"
        ],
        "notation": "申(もう)し上(あ)げる"
    },
    {
        "name": "saraishuu",
        "trans": [
            "the week after next"
        ],
        "notation": "さ来週(らいしゅう)"
    },
    {
        "name": "kudaru",
        "trans": [
            "to get down,to descend"
        ],
        "notation": "下(くだ)る"
    },
    {
        "name": "hikoujou",
        "trans": [
            "airport"
        ],
        "notation": "飛行場(ひこうじょう)"
    },
    {
        "name": "kougyou",
        "trans": [
            "the manufacturing industry"
        ],
        "notation": "工業(こうぎょう)"
    },
    {
        "name": "tera",
        "trans": [
            "temple"
        ],
        "notation": "寺(てら)"
    },
    {
        "name": "fune",
        "trans": [
            "ship"
        ],
        "notation": "舟(ふね)"
    },
    {
        "name": "nuru",
        "trans": [
            "to paint,to plaster"
        ],
        "notation": "塗(ぬ)る"
    },
    {
        "name": "utsu",
        "trans": [
            "to hit"
        ],
        "notation": "打(う)つ"
    },
    {
        "name": "chikara",
        "trans": [
            "strength,power"
        ],
        "notation": "力(ちから)"
    },
    {
        "name": "tokuni",
        "trans": [
            "particularly,especially"
        ],
        "notation": "特(とく)に"
    },
    {
        "name": "ji",
        "trans": [
            "character"
        ],
        "notation": "字(じ)"
    },
    {
        "name": "iken",
        "trans": [
            "opinion"
        ],
        "notation": "意見(いけん)"
    },
    {
        "name": "naru",
        "trans": [
            "to sound"
        ],
        "notation": "鳴(な)る"
    },
    {
        "name": "komu",
        "trans": [
            "to be crowded"
        ],
        "notation": "込(こ)む"
    },
    {
        "name": "katachi",
        "trans": [
            "shape"
        ],
        "notation": "形(かたち)"
    },
    {
        "name": "hayashi",
        "trans": [
            "woods,forester"
        ],
        "notation": "林(はやし)"
    },
    {
        "name": "owari",
        "trans": [
            "the end"
        ],
        "notation": "終(お)わり"
    },
    {
        "name": "nemuru",
        "trans": [
            "to sleep"
        ],
        "notation": "眠(ねむ)る"
    },
    {
        "name": "futon",
        "trans": [
            "Japanese bedding, futon"
        ],
        "notation": "布団(ふとん)"
    },
    {
        "name": "konogoro",
        "trans": [
            "these days,nowadays"
        ],
        "notation": "このごろ"
    },
    {
        "name": "yunyuu",
        "trans": [
            "to import"
        ],
        "notation": "輸入(ゆにゅう)"
    },
    {
        "name": "yogoreru",
        "trans": [
            "to get dirty"
        ],
        "notation": "汚(よご)れる"
    },
    {
        "name": "garasu",
        "trans": [
            "a glass pane"
        ],
        "notation": "ガラス"
    },
    {
        "name": "nasaru",
        "trans": [
            "(respectful) to do"
        ],
        "notation": "なさる"
    },
    {
        "name": "kisetsu",
        "trans": [
            "season"
        ],
        "notation": "季節(きせつ)"
    },
    {
        "name": "tateru",
        "trans": [
            "to stand something up"
        ],
        "notation": "立(た)てる"
    },
    {
        "name": "hisashiburi",
        "trans": [
            "after a long time"
        ],
        "notation": "久(ひさ)しぶり"
    },
    {
        "name": "bei",
        "trans": [
            "uncooked rice"
        ],
        "notation": "米(べい)"
    },
    {
        "name": "keeki",
        "trans": [
            "cake"
        ],
        "notation": "ケーキ"
    },
    {
        "name": "seikatsu",
        "trans": [
            "to live"
        ],
        "notation": "生活(せいかつ)"
    },
    {
        "name": "wakareru",
        "trans": [
            "to separate"
        ],
        "notation": "別(わか)れる"
    },
    {
        "name": "wasuremono",
        "trans": [
            "lost article"
        ],
        "notation": "忘(わす)れ物(もの)"
    },
    {
        "name": "kowai",
        "trans": [
            "frightening"
        ],
        "notation": "怖(こわ)い"
    },
    {
        "name": "nyuuin",
        "trans": [
            "to hospitalise"
        ],
        "notation": "入院(にゅういん)"
    },
    {
        "name": "suri",
        "trans": [
            "pickpocket"
        ],
        "notation": "すり"
    },
    {
        "name": "shoutai",
        "trans": [
            "to invite"
        ],
        "notation": "招待(しょうたい)"
    },
    {
        "name": "suutsukeesu",
        "trans": [
            "suitcase"
        ],
        "notation": "スーツケース"
    },
    {
        "name": "nebou",
        "trans": [
            "sleeping in late"
        ],
        "notation": "寝坊(ねぼう)"
    },
    {
        "name": "mochiron",
        "trans": [
            "of course"
        ],
        "notation": "もちろん"
    },
    {
        "name": "kimi",
        "trans": [
            "suffix for familiar young male"
        ],
        "notation": "君(きみ)"
    },
    {
        "name": "rusu",
        "trans": [
            "absence"
        ],
        "notation": "留守(るす)"
    },
    {
        "name": "suruto",
        "trans": [
            "then"
        ],
        "notation": "すると"
    },
    {
        "name": "shinamono",
        "trans": [
            "goods"
        ],
        "notation": "品物(しなもの)"
    },
    {
        "name": "nageru",
        "trans": [
            "to throw or cast away"
        ],
        "notation": "投(な)げる"
    },
    {
        "name": "tsuma",
        "trans": [
            "(humble) wife"
        ],
        "notation": "妻(つま)"
    },
    {
        "name": "fakkusu",
        "trans": [
            "fax"
        ],
        "notation": "ファックス"
    },
    {
        "name": "odoroku",
        "trans": [
            "to be surprised"
        ],
        "notation": "驚(おどろ)く"
    },
    {
        "name": "kawaru",
        "trans": [
            "to change"
        ],
        "notation": "変(か)わる"
    },
    {
        "name": "tatoeba",
        "trans": [
            "for example"
        ],
        "notation": "例(たと)えば"
    },
    {
        "name": "orei",
        "trans": [
            "expression of gratitude"
        ],
        "notation": "お礼(れい)"
    },
    {
        "name": "tsureru",
        "trans": [
            "to lead"
        ],
        "notation": "連(つ)れる"
    },
    {
        "name": "tokoya",
        "trans": [
            "barber"
        ],
        "notation": "とこや"
    },
    {
        "name": "keizai",
        "trans": [
            "finance,economy"
        ],
        "notation": "経済(けいざい)"
    },
    {
        "name": "koudou",
        "trans": [
            "auditorium"
        ],
        "notation": "講堂(こうどう)"
    },
    {
        "name": "seiji",
        "trans": [
            "politics,government"
        ],
        "notation": "政治(せいじ)"
    },
    {
        "name": "jishin",
        "trans": [
            "earthquake"
        ],
        "notation": "地震(じしん)"
    },
    {
        "name": "beru",
        "trans": [
            "bell"
        ],
        "notation": "ベル"
    },
    {
        "name": "mousugu",
        "trans": [
            "soon"
        ],
        "notation": "もうすぐ"
    },
    {
        "name": "doubutsuen",
        "trans": [
            "zoo"
        ],
        "notation": "動物(どうぶつ)園(えん)"
    },
    {
        "name": "wareru",
        "trans": [
            "to break"
        ],
        "notation": "割(わ)れる"
    },
    {
        "name": "yoru",
        "trans": [
            "to visit"
        ],
        "notation": "寄(よ)る"
    },
    {
        "name": "ageru",
        "trans": [
            "to give"
        ],
        "notation": "あげる"
    },
    {
        "name": "paato",
        "trans": [
            "part time"
        ],
        "notation": "パート"
    },
    {
        "name": "tazuneru",
        "trans": [
            "to ask"
        ],
        "notation": "尋(たず)ねる"
    },
    {
        "name": "mou",
        "trans": [
            "hair or fur"
        ],
        "notation": "毛(もう)"
    },
    {
        "name": "sukkari",
        "trans": [
            "completely"
        ],
        "notation": "すっかり"
    },
    {
        "name": "hijouni",
        "trans": [
            "extremely"
        ],
        "notation": "非常(ひじょう)に"
    },
    {
        "name": "tsuru",
        "trans": [
            "to fish"
        ],
        "notation": "釣(つ)る"
    },
    {
        "name": "houritsu",
        "trans": [
            "law"
        ],
        "notation": "法律(ほうりつ)"
    },
    {
        "name": "shitaku",
        "trans": [
            "to prepare"
        ],
        "notation": "支度(したく)"
    },
    {
        "name": "soudan",
        "trans": [
            "to discuss"
        ],
        "notation": "相談(そうだん)"
    },
    {
        "name": "yakunitatsu",
        "trans": [
            "to be helpful"
        ],
        "notation": "役(やく)に立(た)つ"
    },
    {
        "name": "fumu",
        "trans": [
            "to step on"
        ],
        "notation": "踏(ふ)む"
    },
    {
        "name": "handobaggu",
        "trans": [
            "handbag　"
        ],
        "notation": "ハンドバッグ"
    },
    {
        "name": "daitai",
        "trans": [
            "generally"
        ],
        "notation": "大体(だいたい)"
    },
    {
        "name": "kangaeru",
        "trans": [
            "to consider"
        ],
        "notation": "考(かんが)える"
    },
    {
        "name": "toutou",
        "trans": [
            "finally, after all"
        ],
        "notation": "とうとう"
    },
    {
        "name": "mukashi",
        "trans": [
            "olden days, former"
        ],
        "notation": "昔(むかし)"
    },
    {
        "name": "oru",
        "trans": [
            "to break or to fold"
        ],
        "notation": "折(お)る"
    },
    {
        "name": "chittomo",
        "trans": [
            "not at all (used with a negative verb)"
        ],
        "notation": "ちっとも"
    },
    {
        "name": "kabe",
        "trans": [
            "wall"
        ],
        "notation": "壁(かべ)"
    },
    {
        "name": "tooku",
        "trans": [
            "distant"
        ],
        "notation": "遠(とお)く"
    },
    {
        "name": "kagaku",
        "trans": [
            "science"
        ],
        "notation": "科学(かがく)"
    },
    {
        "name": "sobo",
        "trans": [
            "grandmother"
        ],
        "notation": "祖母(そぼ)"
    },
    {
        "name": "aisatsu-suru",
        "trans": [
            "to greet"
        ],
        "notation": "あいさつ-する"
    },
    {
        "name": "akachan",
        "trans": [
            "infant"
        ],
        "notation": "あかちゃん"
    },
    {
        "name": "saigo",
        "trans": [
            "last,end"
        ],
        "notation": "最後(さいご)"
    },
    {
        "name": "uketsuke",
        "trans": [
            "receipt"
        ],
        "notation": "受付(うけつけ)"
    },
    {
        "name": "tsuzuku",
        "trans": [
            "to be continued"
        ],
        "notation": "続(つづ)く"
    },
    {
        "name": "kyousou",
        "trans": [
            "competition"
        ],
        "notation": "競争(きょうそう)"
    },
    {
        "name": "yubi",
        "trans": [
            "finger"
        ],
        "notation": "指(ゆび)"
    },
    {
        "name": "todokeru",
        "trans": [
            "to reach"
        ],
        "notation": "届(とど)ける"
    },
    {
        "name": "ijou",
        "trans": [
            "more than,this is all"
        ],
        "notation": "以上(いじょう)"
    },
    {
        "name": "geshuku",
        "trans": [
            "lodging"
        ],
        "notation": "下宿(げしゅく)"
    },
    {
        "name": "odoru",
        "trans": [
            "to dance"
        ],
        "notation": "踊(おど)る"
    },
    {
        "name": "hikidasu",
        "trans": [
            "to withdraw"
        ],
        "notation": "引(ひ)き出(だ)す"
    },
    {
        "name": "dorobou",
        "trans": [
            "thief"
        ],
        "notation": "泥棒(どろぼう)"
    },
    {
        "name": "kuraberu",
        "trans": [
            "to compare"
        ],
        "notation": "比(くら)べる"
    },
    {
        "name": "yaseru",
        "trans": [
            "to become thin"
        ],
        "notation": "痩(や)せる"
    },
    {
        "name": "shourai",
        "trans": [
            "future,prospects"
        ],
        "notation": "将来(しょうらい)"
    },
    {
        "name": "tenisu",
        "trans": [
            "tennis"
        ],
        "notation": "テニス"
    },
    {
        "name": "nusumu",
        "trans": [
            "to steal"
        ],
        "notation": "盗(ぬす)む"
    },
    {
        "name": "goranninaru",
        "trans": [
            "(respectful) to see"
        ],
        "notation": "ごらんになる"
    },
    {
        "name": "esukareetaa",
        "trans": [
            "escalator"
        ],
        "notation": "エスカレーター"
    },
    {
        "name": "kokusai",
        "trans": [
            "international"
        ],
        "notation": "国際(こくさい)"
    },
    {
        "name": "hiruyasumi",
        "trans": [
            "noon break"
        ],
        "notation": "昼休(ひるやす)み"
    },
    {
        "name": "kyaku",
        "trans": [
            "guest,customer"
        ],
        "notation": "客(きゃく)"
    },
    {
        "name": "chiri",
        "trans": [
            "geography"
        ],
        "notation": "地理(ちり)"
    },
    {
        "name": "kowata",
        "trans": [
            "cotton"
        ],
        "notation": "木綿(こわた)"
    },
    {
        "name": "shiai",
        "trans": [
            "match,game"
        ],
        "notation": "試合(しあい)"
    },
    {
        "name": "tenrankai",
        "trans": [
            "exhibition"
        ],
        "notation": "展覧(てんらん)会(かい)"
    },
    {
        "name": "boku",
        "trans": [
            "I (used by males)"
        ],
        "notation": "僕(ぼく)"
    },
    {
        "name": "kakkou",
        "trans": [
            "appearance"
        ],
        "notation": "かっこう"
    },
    {
        "name": "otto",
        "trans": [
            "husband"
        ],
        "notation": "夫(おっと)"
    },
    {
        "name": "afurika",
        "trans": [
            "Africa"
        ],
        "notation": "アフリカ"
    },
    {
        "name": "anzen",
        "trans": [
            "safety"
        ],
        "notation": "安全(あんぜん)"
    },
    {
        "name": "kaaten",
        "trans": [
            "curtain"
        ],
        "notation": "カーテン"
    },
    {
        "name": "shinpai",
        "trans": [
            "to worry"
        ],
        "notation": "心配(しんぱい)"
    },
    {
        "name": "nigeru",
        "trans": [
            "to escape"
        ],
        "notation": "逃(に)げる"
    },
    {
        "name": "tanoshimi",
        "trans": [
            "joy"
        ],
        "notation": "楽(たの)しみ"
    },
    {
        "name": "kimochi",
        "trans": [
            "feeling,mood"
        ],
        "notation": "気持(きも)ち"
    },
    {
        "name": "ojousan",
        "trans": [
            "young lady"
        ],
        "notation": "お嬢(じょう)さん"
    },
    {
        "name": "rekishi",
        "trans": [
            "history"
        ],
        "notation": "歴史(れきし)"
    },
    {
        "name": "norimono",
        "trans": [
            "vehicle"
        ],
        "notation": "乗(の)り物(もの)"
    },
    {
        "name": "nesshin",
        "trans": [
            "enthusiasm"
        ],
        "notation": "ねっしん"
    },
    {
        "name": "hige",
        "trans": [
            "beard"
        ],
        "notation": "ひげ"
    },
    {
        "name": "taitei",
        "trans": [
            "usually"
        ],
        "notation": "たいてい"
    },
    {
        "name": "genin",
        "trans": [
            "cause,source"
        ],
        "notation": "原因(げんいん)"
    },
    {
        "name": "kudasaru",
        "trans": [
            "(respectful) to give"
        ],
        "notation": "くださる"
    },
    {
        "name": "kami",
        "trans": [
            "hair"
        ],
        "notation": "髪(かみ)"
    },
    {
        "name": "sonna",
        "trans": [
            "that sort of"
        ],
        "notation": "そんな"
    },
    {
        "name": "itasu",
        "trans": [
            "(humble) to do"
        ],
        "notation": "致(いた)す"
    },
    {
        "name": "kaiwa",
        "trans": [
            "conversation"
        ],
        "notation": "会話(かいわ)"
    },
    {
        "name": "kimaru",
        "trans": [
            "to be decided"
        ],
        "notation": "決(きま)る"
    },
    {
        "name": "okosu",
        "trans": [
            "to wake"
        ],
        "notation": "起(おこ)す"
    },
    {
        "name": "zenzen",
        "trans": [
            "not entirely (used in a negative sentence)"
        ],
        "notation": "ぜんぜん"
    },
    {
        "name": "kanai",
        "trans": [
            "housewife"
        ],
        "notation": "家内(かない)"
    },
    {
        "name": "ten",
        "trans": [
            "point,dot"
        ],
        "notation": "点(てん)"
    },
    {
        "name": "kaeru",
        "trans": [
            "to change"
        ],
        "notation": "変(か)える"
    },
    {
        "name": "okurimono",
        "trans": [
            "gift"
        ],
        "notation": "贈(おく)り物(もの)"
    },
    {
        "name": "chan",
        "trans": [
            "suffix for familiar female person"
        ],
        "notation": "ちゃん"
    },
    {
        "name": "kyoumi",
        "trans": [
            "an interest"
        ],
        "notation": "興味(きょうみ)"
    },
    {
        "name": "chuushajou",
        "trans": [
            "parking lot"
        ],
        "notation": "駐車(ちゅうしゃ)場(じょう)"
    },
    {
        "name": "dougu",
        "trans": [
            "tool,means"
        ],
        "notation": "道具(どうぐ)"
    },
    {
        "name": "nareru",
        "trans": [
            "to grow accustomed to"
        ],
        "notation": "慣(な)れる"
    },
    {
        "name": "kega/suru",
        "trans": [
            "to injure"
        ],
        "notation": "けが・する"
    },
    {
        "name": "sawaru",
        "trans": [
            "to touch"
        ],
        "notation": "触(さわ)る"
    },
    {
        "name": "yushutsu",
        "trans": [
            "to export"
        ],
        "notation": "輸出(ゆしゅつ)"
    },
    {
        "name": "keisatsu",
        "trans": [
            "police"
        ],
        "notation": "警察(けいさつ)"
    },
    {
        "name": "utsusu",
        "trans": [
            "to copy or photograph"
        ],
        "notation": "写(うつ)す"
    },
    {
        "name": "kankei",
        "trans": [
            "relationship"
        ],
        "notation": "関係(かんけい)"
    },
    {
        "name": "gozonji",
        "trans": [
            "knowing,acquaintance"
        ],
        "notation": "ご存(ぞん)じ"
    },
    {
        "name": "hirou",
        "trans": [
            "to pick up,to gather"
        ],
        "notation": "拾(ひろ)う"
    },
    {
        "name": "yakusoku",
        "trans": [
            "promise"
        ],
        "notation": "約束(やくそく)"
    },
    {
        "name": "kyuukou",
        "trans": [
            "speedy, express"
        ],
        "notation": "急行(きゅうこう)"
    },
    {
        "name": "kantan",
        "trans": [
            "simple"
        ],
        "notation": "簡単(かんたん)"
    },
    {
        "name": "mazu",
        "trans": [
            "first of all"
        ],
        "notation": "まず"
    },
    {
        "name": "josei",
        "trans": [
            "woman"
        ],
        "notation": "女性(じょせい)"
    },
    {
        "name": "ukeru",
        "trans": [
            "to take a lesson or test"
        ],
        "notation": "受(う)ける"
    },
    {
        "name": "ajia",
        "trans": [
            "Asia"
        ],
        "notation": "アジア"
    },
    {
        "name": "tame",
        "trans": [
            "in order to"
        ],
        "notation": "為(ため)"
    },
    {
        "name": "buchou",
        "trans": [
            "head of a section"
        ],
        "notation": "部長(ぶちょう)"
    },
    {
        "name": "teinei",
        "trans": [
            "polite"
        ],
        "notation": "丁寧(ていねい)"
    },
    {
        "name": "au",
        "trans": [
            "to match"
        ],
        "notation": "合(あ)う"
    },
    {
        "name": "susumu",
        "trans": [
            "to make progress"
        ],
        "notation": "進(すす)む"
    },
    {
        "name": "noboru",
        "trans": [
            "to rise"
        ],
        "notation": "上(のぼ)る"
    },
    {
        "name": "makeru",
        "trans": [
            "to lose"
        ],
        "notation": "負(ま)ける"
    },
    {
        "name": "saka",
        "trans": [
            "slope,hill"
        ],
        "notation": "坂(さか)"
    },
    {
        "name": "ureshii",
        "trans": [
            "glad"
        ],
        "notation": "うれしい"
    },
    {
        "name": "yoyaku",
        "trans": [
            "reservation"
        ],
        "notation": "予約(よやく)"
    },
    {
        "name": "shitagi",
        "trans": [
            "underwear"
        ],
        "notation": "下着(したぎ)"
    },
    {
        "name": "chuusha",
        "trans": [
            "injection"
        ],
        "notation": "注射(ちゅうしゃ)"
    },
    {
        "name": "maniau",
        "trans": [
            "to be in time for"
        ],
        "notation": "間(ま)に合(あ)う"
    },
    {
        "name": "saraigetsu",
        "trans": [
            "the month after next"
        ],
        "notation": "さ来月(らいげつ)"
    },
    {
        "name": "suteeki",
        "trans": [
            "steak"
        ],
        "notation": "ステーキ"
    },
    {
        "name": "mitsukaru",
        "trans": [
            "to be discovered"
        ],
        "notation": "見(み)つかる"
    },
    {
        "name": "keikaku",
        "trans": [
            "to plan"
        ],
        "notation": "計画(けいかく)"
    },
    {
        "name": "mukaeru",
        "trans": [
            "to go out to meet"
        ],
        "notation": "迎(むか)える"
    },
    {
        "name": "kanojo",
        "trans": [
            "she,girlfriend"
        ],
        "notation": "彼女(かのじょ)"
    },
    {
        "name": "igai",
        "trans": [
            "with the exception of"
        ],
        "notation": "以外(いがい)"
    },
    {
        "name": "kamu",
        "trans": [
            "to bite,to chew"
        ],
        "notation": "噛(か)む"
    },
    {
        "name": "miso",
        "trans": [
            "bean paste"
        ],
        "notation": "味噌(みそ)"
    },
    {
        "name": "ha",
        "trans": [
            "leaf"
        ],
        "notation": "葉(は)"
    },
    {
        "name": "koujou",
        "trans": [
            "factory"
        ],
        "notation": "工場(こうじょう)"
    },
    {
        "name": "kazaru",
        "trans": [
            "to decorate"
        ],
        "notation": "飾(かざ)る"
    },
    {
        "name": "tsuki",
        "trans": [
            "moon"
        ],
        "notation": "つき"
    },
    {
        "name": "koumuin",
        "trans": [
            "government worker"
        ],
        "notation": "公務員(こうむいん)"
    },
    {
        "name": "kikoeru",
        "trans": [
            "to be heard"
        ],
        "notation": "聞(き)こえる"
    },
    {
        "name": "naruhodo",
        "trans": [
            "now I understand"
        ],
        "notation": "なるほど"
    },
    {
        "name": "itadaku",
        "trans": [
            "(humble) to receive"
        ],
        "notation": "いただく"
    },
    {
        "name": "chi",
        "trans": [
            "blood"
        ],
        "notation": "血(ち)"
    },
    {
        "name": "tekitou",
        "trans": [
            "suitability"
        ],
        "notation": "適当(てきとう)"
    },
    {
        "name": "tsutsumu",
        "trans": [
            "to wrap"
        ],
        "notation": "包(つつ)む"
    },
    {
        "name": "niru",
        "trans": [
            "to be similar"
        ],
        "notation": "似(に)る"
    },
    {
        "name": "undou",
        "trans": [
            "to exercise"
        ],
        "notation": "運動(うんどう)"
    },
    {
        "name": "mori",
        "trans": [
            "forest"
        ],
        "notation": "森(もり)"
    },
    {
        "name": "shinsetsu",
        "trans": [
            "kindness"
        ],
        "notation": "親切(しんせつ)"
    },
    {
        "name": "tebukuro",
        "trans": [
            "glove"
        ],
        "notation": "手袋(てぶくろ)"
    },
    {
        "name": "kougai",
        "trans": [
            "outskirts"
        ],
        "notation": "郊外(こうがい)"
    },
    {
        "name": "nigai",
        "trans": [
            "bitter"
        ],
        "notation": "苦(にが)い"
    },
    {
        "name": "hoshi",
        "trans": [
            "star"
        ],
        "notation": "星(ほし)"
    },
    {
        "name": "tsumori",
        "trans": [
            "intention"
        ],
        "notation": "つもり"
    },
    {
        "name": "dakara",
        "trans": [
            "so,therefore"
        ],
        "notation": "だから"
    },
    {
        "name": "koukousei",
        "trans": [
            "high school student"
        ],
        "notation": "高校生(こうこうせい)"
    },
    {
        "name": "mawaru",
        "trans": [
            "to go around"
        ],
        "notation": "回(まわ)る"
    },
    {
        "name": "ukagau",
        "trans": [
            "to visit"
        ],
        "notation": "うかがう"
    },
    {
        "name": "anna",
        "trans": [
            "such"
        ],
        "notation": "あんな"
    },
    {
        "name": "katazukeru",
        "trans": [
            "to tidy up"
        ],
        "notation": "片付(かたづ)ける"
    },
    {
        "name": "shiraseru",
        "trans": [
            "to notify"
        ],
        "notation": "知(し)らせる"
    },
    {
        "name": "juusho",
        "trans": [
            "an address,a residence"
        ],
        "notation": "住所(じゅうしょ)"
    },
    {
        "name": "kaigan",
        "trans": [
            "coast"
        ],
        "notation": "海岸(かいがん)"
    },
    {
        "name": "sodateru",
        "trans": [
            "to rear,to bring up"
        ],
        "notation": "育(そだ)てる"
    },
    {
        "name": "shumi",
        "trans": [
            "hobby"
        ],
        "notation": "趣味(しゅみ)"
    },
    {
        "name": "tokubetsu",
        "trans": [
            "special"
        ],
        "notation": "特別(とくべつ)"
    },
    {
        "name": "kou",
        "trans": [
            "this way"
        ],
        "notation": "こう"
    },
    {
        "name": "mitsukeru",
        "trans": [
            "to discover"
        ],
        "notation": "見(み)つける"
    },
    {
        "name": "tsuku",
        "trans": [
            "to be attached"
        ],
        "notation": "付(つ)く"
    },
    {
        "name": "asobi",
        "trans": [
            "play"
        ],
        "notation": "遊(あそ)び"
    },
    {
        "name": "sakan",
        "trans": [
            "popularity,prosperous"
        ],
        "notation": "盛(さか)ん"
    },
    {
        "name": "shokuryouhin",
        "trans": [
            "groceries"
        ],
        "notation": "食料(しょくりょう)品(ひん)"
    },
    {
        "name": "hidoi",
        "trans": [
            "awful"
        ],
        "notation": "ひどい"
    },
    {
        "name": "morau",
        "trans": [
            "to receive"
        ],
        "notation": "もらう"
    },
    {
        "name": "gasorinsutando",
        "trans": [
            "petrol station"
        ],
        "notation": "ガソリンスタンド"
    },
    {
        "name": "nikaidate",
        "trans": [
            "two storied"
        ],
        "notation": "二(に)階(かい)建(だ)て"
    },
    {
        "name": "yu",
        "trans": [
            "hot water"
        ],
        "notation": "湯(ゆ)"
    },
    {
        "name": "kureru",
        "trans": [
            "to get dark,to come to an end"
        ],
        "notation": "暮(く)れる"
    },
    {
        "name": "torikaeru",
        "trans": [
            "to exchange"
        ],
        "notation": "取(と)り替(か)える"
    },
    {
        "name": "omimai",
        "trans": [
            "calling on someone who is ill,enquiry"
        ],
        "notation": "お見舞(みま)い"
    },
    {
        "name": "shokuji",
        "trans": [
            "to have a meal"
        ],
        "notation": "食事(しょくじ)"
    },
    {
        "name": "omiyage",
        "trans": [
            "souvenir"
        ],
        "notation": "お土産(みやげ)"
    },
    {
        "name": "tomeru",
        "trans": [
            "to stop something"
        ],
        "notation": "止(と)める"
    },
    {
        "name": "nakanaka",
        "trans": [
            "considerably"
        ],
        "notation": "中々(なかなか)"
    },
    {
        "name": "karera",
        "trans": [
            "they"
        ],
        "notation": "彼(かれ)ら"
    },
    {
        "name": "wakasu",
        "trans": [
            "to boil,to heat"
        ],
        "notation": "沸(わ)かす"
    },
    {
        "name": "shippai",
        "trans": [
            "failure,mistake"
        ],
        "notation": "失敗(しっぱい)"
    },
    {
        "name": "waku",
        "trans": [
            "to boil, to grow hot,to get excited"
        ],
        "notation": "沸(わ)く"
    },
    {
        "name": "naku",
        "trans": [
            "to weep"
        ],
        "notation": "泣(な)く"
    },
    {
        "name": "junbi",
        "trans": [
            "to prepare"
        ],
        "notation": "準備(じゅんび)"
    },
    {
        "name": "tazuneru",
        "trans": [
            "to visit"
        ],
        "notation": "訪(たず)ねる"
    },
    {
        "name": "omoidasu",
        "trans": [
            "to remember"
        ],
        "notation": "思(おも)い出(だ)す"
    },
    {
        "name": "keiken",
        "trans": [
            "to experience"
        ],
        "notation": "経験(けいけん)"
    },
    {
        "name": "guai",
        "trans": [
            "condition,health"
        ],
        "notation": "具合(ぐあい)"
    },
    {
        "name": "yawarakai",
        "trans": [
            "soft"
        ],
        "notation": "柔(やわ)らかい"
    },
    {
        "name": "ko",
        "trans": [
            "child"
        ],
        "notation": "子(こ)"
    },
    {
        "name": "naoru",
        "trans": [
            "to be fixed,to be repaired"
        ],
        "notation": "直(なお)る"
    },
    {
        "name": "jidai",
        "trans": [
            "era"
        ],
        "notation": "時代(じだい)"
    },
    {
        "name": "kowareru",
        "trans": [
            "to be broken"
        ],
        "notation": "壊(こわ)れる"
    },
    {
        "name": "mina",
        "trans": [
            "everybody"
        ],
        "notation": "皆(みな)"
    },
    {
        "name": "oriru",
        "trans": [
            "to get off"
        ],
        "notation": "下(お)りる"
    },
    {
        "name": "ayamaru",
        "trans": [
            "to apologize"
        ],
        "notation": "謝(あやま)る"
    },
    {
        "name": "bijutsukan",
        "trans": [
            "art gallery"
        ],
        "notation": "美術館(びじゅつかん)"
    },
    {
        "name": "yakeru",
        "trans": [
            "to burn,to be roasted"
        ],
        "notation": "焼(や)ける"
    },
    {
        "name": "shi",
        "trans": [
            "city"
        ],
        "notation": "市(し)"
    },
    {
        "name": "waapuro",
        "trans": [
            "word processor"
        ],
        "notation": "ワープロ"
    },
    {
        "name": "mushi",
        "trans": [
            "insect"
        ],
        "notation": "虫(むし)"
    },
    {
        "name": "tsuzukeru",
        "trans": [
            "to continue"
        ],
        "notation": "続(つづ)ける"
    },
    {
        "name": "koutsuu",
        "trans": [
            "traffic,transportation"
        ],
        "notation": "交通(こうつう)"
    },
    {
        "name": "tetsudau",
        "trans": [
            "to assist"
        ],
        "notation": "手伝(てつだ)う"
    },
    {
        "name": "bunka",
        "trans": [
            "culture"
        ],
        "notation": "文化(ぶんか)"
    },
    {
        "name": "kaeri",
        "trans": [
            "return"
        ],
        "notation": "帰(かえ)り"
    },
    {
        "name": "isogu",
        "trans": [
            "to hurry"
        ],
        "notation": "急(いそ)ぐ"
    },
    {
        "name": "hotondo",
        "trans": [
            "mostly"
        ],
        "notation": "ほとんど"
    },
    {
        "name": "hitsuyou",
        "trans": [
            "necessary"
        ],
        "notation": "必要(ひつよう)"
    },
    {
        "name": "sofu",
        "trans": [
            "grandfather"
        ],
        "notation": "祖父(そふ)"
    },
    {
        "name": "jinja",
        "trans": [
            "Shinto shrine"
        ],
        "notation": "神社(じんじゃ)"
    },
    {
        "name": "boueki",
        "trans": [
            "trade"
        ],
        "notation": "貿易(ぼうえき)"
    },
    {
        "name": "betsu",
        "trans": [
            "different"
        ],
        "notation": "別(べつ)"
    },
    {
        "name": "tenkiyohou",
        "trans": [
            "weather forecast"
        ],
        "notation": "天気(てんき)予報(よほう)"
    },
    {
        "name": "tokkyuu",
        "trans": [
            "limited express train (faster than an express train)"
        ],
        "notation": "特急(とっきゅう)"
    },
    {
        "name": "o/kanemochi",
        "trans": [
            "rich man"
        ],
        "notation": "お・金持(かねも)ち"
    },
    {
        "name": "hiraku",
        "trans": [
            "to open an event"
        ],
        "notation": "開(ひら)く"
    },
    {
        "name": "ichido",
        "trans": [
            "once"
        ],
        "notation": "一(いち)度(ど)"
    },
    {
        "name": "dekirudake",
        "trans": [
            "as much as possible"
        ],
        "notation": "できるだけ"
    },
    {
        "name": "okureru",
        "trans": [
            "to be late"
        ],
        "notation": "遅(おく)れる"
    },
    {
        "name": "hajimeru",
        "trans": [
            "to begin"
        ],
        "notation": "始(はじ)める"
    },
    {
        "name": "a",
        "trans": [
            "Ah"
        ],
        "notation": "あ"
    },
    {
        "name": "taipu",
        "trans": [
            "type,style"
        ],
        "notation": "タイプ"
    },
    {
        "name": "repouto/ripouto",
        "trans": [
            "report"
        ],
        "notation": "レポート/リポート"
    },
    {
        "name": "konya",
        "trans": [
            "tonight"
        ],
        "notation": "今夜(こんや)"
    },
    {
        "name": "bai",
        "trans": [
            "double"
        ],
        "notation": "倍(ばい)"
    },
    {
        "name": "furidasu",
        "trans": [
            "to start to rain"
        ],
        "notation": "降(ふ)り出(だ)す"
    },
    {
        "name": "mawari",
        "trans": [
            "surroundings"
        ],
        "notation": "周(まわ)り"
    },
    {
        "name": "suku",
        "trans": [
            "to become empty"
        ],
        "notation": "すく"
    },
    {
        "name": "setsumei",
        "trans": [
            "explanation"
        ],
        "notation": "説明(せつめい)"
    },
    {
        "name": "bangumi",
        "trans": [
            "television or radio program"
        ],
        "notation": "番組(ばんぐみ)"
    },
    {
        "name": "kisoku",
        "trans": [
            "regulations"
        ],
        "notation": "規則(きそく)"
    },
    {
        "name": "taiin",
        "trans": [
            "to leave hospital"
        ],
        "notation": "退院(たいいん)"
    },
    {
        "name": "suiei",
        "trans": [
            "swimming"
        ],
        "notation": "水泳(すいえい)"
    },
    {
        "name": "kouchou",
        "trans": [
            "headmaster"
        ],
        "notation": "校長(こうちょう)"
    },
    {
        "name": "hazukashii",
        "trans": [
            "embarrassed"
        ],
        "notation": "恥(は)ずかしい"
    },
    {
        "name": "jiten",
        "trans": [
            "dictionary"
        ],
        "notation": "辞典(じてん)"
    },
    {
        "name": "hikkosu",
        "trans": [
            "to move house"
        ],
        "notation": "引(ひ)っ越(こ)す"
    },
    {
        "name": "danbou",
        "trans": [
            "heating"
        ],
        "notation": "暖房(だんぼう)"
    },
    {
        "name": "fukushuu",
        "trans": [
            "revision"
        ],
        "notation": "復習(ふくしゅう)"
    },
    {
        "name": "meshiagaru",
        "trans": [
            "(polite) to eat"
        ],
        "notation": "召(め)し上(あ)がる"
    },
    {
        "name": "kawaku",
        "trans": [
            "to get dry"
        ],
        "notation": "乾(かわ)く"
    },
    {
        "name": "sensou",
        "trans": [
            "war"
        ],
        "notation": "戦争(せんそう)"
    },
    {
        "name": "tomaru",
        "trans": [
            "to lodge at"
        ],
        "notation": "泊(と)まる"
    },
    {
        "name": "kenbutsu",
        "trans": [
            "sightseeing"
        ],
        "notation": "見物(けんぶつ)"
    },
    {
        "name": "kyoukai",
        "trans": [
            "church"
        ],
        "notation": "教会(きょうかい)"
    },
    {
        "name": "sugoi",
        "trans": [
            "terrific"
        ],
        "notation": "凄(すご)い"
    },
    {
        "name": "eda",
        "trans": [
            "branch, twig"
        ],
        "notation": "枝(えだ)"
    },
    {
        "name": "mukau",
        "trans": [
            "to face"
        ],
        "notation": "向(む)かう"
    },
    {
        "name": "yamu",
        "trans": [
            "to stop"
        ],
        "notation": "止(や)む"
    },
    {
        "name": "tateru",
        "trans": [
            "to build"
        ],
        "notation": "建(た)てる"
    },
    {
        "name": "yume",
        "trans": [
            "dream"
        ],
        "notation": "夢(ゆめ)"
    },
    {
        "name": "shikata",
        "trans": [
            "method"
        ],
        "notation": "仕方(しかた)"
    },
    {
        "name": "shikkari",
        "trans": [
            "firmly,steadily"
        ],
        "notation": "しっかり"
    },
    {
        "name": "sewa",
        "trans": [
            "to look after"
        ],
        "notation": "世話(せわ)"
    },
    {
        "name": "fukai",
        "trans": [
            "deep"
        ],
        "notation": "深(ふか)い"
    },
    {
        "name": "mezurashii",
        "trans": [
            "rare"
        ],
        "notation": "珍(めずら)しい"
    },
    {
        "name": "koto",
        "trans": [
            "thing,matter"
        ],
        "notation": "こと"
    },
    {
        "name": "suna",
        "trans": [
            "sand"
        ],
        "notation": "砂(すな)"
    },
    {
        "name": "hantai",
        "trans": [
            "opposition"
        ],
        "notation": "反対(はんたい)"
    },
    {
        "name": "ki",
        "trans": [
            "spirit,mood"
        ],
        "notation": "気(き)"
    },
    {
        "name": "musume",
        "trans": [
            "(humble) daughter"
        ],
        "notation": "娘(むすめ)"
    },
    {
        "name": "kaigishitsu",
        "trans": [
            "meeting room"
        ],
        "notation": "会議(かいぎ)室(しつ)"
    },
    {
        "name": "ooita",
        "trans": [
            "greatly"
        ],
        "notation": "大分(おおいた)"
    },
    {
        "name": "shougakkou",
        "trans": [
            "elementary school"
        ],
        "notation": "小学校(しょうがっこう)"
    },
    {
        "name": "nakunaru",
        "trans": [
            "to disappear,to get lost"
        ],
        "notation": "無(な)くなる"
    },
    {
        "name": "inoru",
        "trans": [
            "to pray"
        ],
        "notation": "祈(いの)る"
    },
    {
        "name": "erabu",
        "trans": [
            "to choose"
        ],
        "notation": "選(えら)ぶ"
    },
    {
        "name": "aji",
        "trans": [
            "flavour"
        ],
        "notation": "味(あじ)"
    },
    {
        "name": "hazu",
        "trans": [
            "it should be so"
        ],
        "notation": "はず"
    },
    {
        "name": "dondon",
        "trans": [
            "more and more"
        ],
        "notation": "どんどん"
    },
    {
        "name": "machigaeru",
        "trans": [
            "to make a mistake"
        ],
        "notation": "間違(まちが)える"
    },
    {
        "name": "sageru",
        "trans": [
            "to hang,to lower,to move back"
        ],
        "notation": "下(さ)げる"
    },
    {
        "name": "goshujin",
        "trans": [
            "(honorable) your husband"
        ],
        "notation": "御(ご)主人(しゅじん)"
    },
    {
        "name": "konoaida",
        "trans": [
            "the other day,recently"
        ],
        "notation": "このあいだ"
    },
    {
        "name": "zehi",
        "trans": [
            "without fail"
        ],
        "notation": "ぜひ"
    },
    {
        "name": "modoru",
        "trans": [
            "to turn back"
        ],
        "notation": "戻(もど)る"
    }
]
