[
    {
        "name": "donata",
        "trans": [
            "who"
        ],
        "notation": "どなた"
    },
    {
        "name": "otokonoko",
        "trans": [
            "Boy"
        ],
        "notation": "男(おとこ)の子(こ)"
    },
    {
        "name": "nana",
        "trans": [
            "Seven"
        ],
        "notation": "七(なな)"
    },
    {
        "name": "bangou",
        "trans": [
            "number"
        ],
        "notation": "番号(ばんごう)"
    },
    {
        "name": "docchi",
        "trans": [
            "which"
        ],
        "notation": "どっち"
    },
    {
        "name": "shio",
        "trans": [
            "Salt"
        ],
        "notation": "塩(しお)"
    },
    {
        "name": "nado",
        "trans": [
            "et cetera"
        ],
        "notation": "など"
    },
    {
        "name": "furui",
        "trans": [
            "old (not used for people)"
        ],
        "notation": "古(ふる)い"
    },
    {
        "name": "resutoran",
        "trans": [
            "restaurant"
        ],
        "notation": "レストラン"
    },
    {
        "name": "sukunai",
        "trans": [
            "a few"
        ],
        "notation": "少(すく)ない"
    },
    {
        "name": "tsuyoi",
        "trans": [
            "powerful"
        ],
        "notation": "強(つよ)い"
    },
    {
        "name": "yobu",
        "trans": [
            "to call out,to invite"
        ],
        "notation": "呼(よ)ぶ"
    },
    {
        "name": "kakekakaru",
        "trans": [
            "to take time or money"
        ],
        "notation": "掛(かけ)かかる"
    },
    {
        "name": "kouban",
        "trans": [
            "police box"
        ],
        "notation": "交番(こうばん)"
    },
    {
        "name": "atama",
        "trans": [
            "head"
        ],
        "notation": "頭(あたま)"
    },
    {
        "name": "doko",
        "trans": [
            "where"
        ],
        "notation": "どこ"
    },
    {
        "name": "jisho",
        "trans": [
            "Dictionary"
        ],
        "notation": "辞書(じしょ)"
    },
    {
        "name": "ookina",
        "trans": [
            "big"
        ],
        "notation": "大(おお)きな"
    },
    {
        "name": "maitsuki",
        "trans": [
            "every month"
        ],
        "notation": "毎月(まいつき)"
    },
    {
        "name": "taisei",
        "trans": [
            "great number of people"
        ],
        "notation": "大勢(たいせい)"
    },
    {
        "name": "marui/marui",
        "trans": [
            "round,circular"
        ],
        "notation": "丸(まる)い/円(まる)い"
    },
    {
        "name": "kaku",
        "trans": [
            "a corner"
        ],
        "notation": "角(かく)"
    },
    {
        "name": "daisuki",
        "trans": [
            "to be very likeable"
        ],
        "notation": "大好(だいす)き"
    },
    {
        "name": "takusan",
        "trans": [
            "many"
        ],
        "notation": "たくさん"
    },
    {
        "name": "watashi",
        "trans": [
            "(humble) I,myself"
        ],
        "notation": "私(わたし)"
    },
    {
        "name": "mono",
        "trans": [
            "thing"
        ],
        "notation": "物(もの)"
    },
    {
        "name": "yama",
        "trans": [
            "mountain"
        ],
        "notation": "山(やま)"
    },
    {
        "name": "tori",
        "trans": [
            "bird"
        ],
        "notation": "鳥(とり)"
    },
    {
        "name": "ageru",
        "trans": [
            "to give"
        ],
        "notation": "上(あ)げる"
    },
    {
        "name": "taihen",
        "trans": [
            "difficult situation"
        ],
        "notation": "大変(たいへん)"
    },
    {
        "name": "oishii",
        "trans": [
            "delicious"
        ],
        "notation": "おいしい"
    },
    {
        "name": "gaikoku",
        "trans": [
            "foreign country"
        ],
        "notation": "外国(がいこく)"
    },
    {
        "name": "kaze",
        "trans": [
            "a cold"
        ],
        "notation": "風邪(かぜ)"
    },
    {
        "name": "onnanoko",
        "trans": [
            "Girl"
        ],
        "notation": "女(おんな)の子(こ)"
    },
    {
        "name": "oriru",
        "trans": [
            "to get off, to descend"
        ],
        "notation": "降(お)りる"
    },
    {
        "name": "ushiro",
        "trans": [
            "behind"
        ],
        "notation": "後(うし)ろ"
    },
    {
        "name": "tanomu",
        "trans": [
            "to ask"
        ],
        "notation": "頼(たの)む"
    },
    {
        "name": "atsui",
        "trans": [
            "hot to the touch"
        ],
        "notation": "熱(あつ)い"
    },
    {
        "name": "okiru",
        "trans": [
            "to get up"
        ],
        "notation": "起(お)きる"
    },
    {
        "name": "depaato",
        "trans": [
            "department store"
        ],
        "notation": "デパート"
    },
    {
        "name": "nananichi",
        "trans": [
            "seven days,the seventh day"
        ],
        "notation": "七(なな)日(にち)"
    },
    {
        "name": "kiru",
        "trans": [
            "to cut"
        ],
        "notation": "切(き)る"
    },
    {
        "name": "minami",
        "trans": [
            "south"
        ],
        "notation": "南(みなみ)"
    },
    {
        "name": "hashi",
        "trans": [
            "chopsticks"
        ],
        "notation": "箸(はし)"
    },
    {
        "name": "takushii",
        "trans": [
            "taxi"
        ],
        "notation": "タクシー"
    },
    {
        "name": "yuubinkyoku",
        "trans": [
            "post office"
        ],
        "notation": "郵便(ゆうびん)局(きょく)"
    },
    {
        "name": "kami",
        "trans": [
            "paper"
        ],
        "notation": "紙(かみ)"
    },
    {
        "name": "tsutomeru",
        "trans": [
            "to work for someone"
        ],
        "notation": "勤(つと)める"
    },
    {
        "name": "hashiru",
        "trans": [
            "to run"
        ],
        "notation": "走(はし)る"
    },
    {
        "name": "teepu",
        "trans": [
            "tape"
        ],
        "notation": "テープ"
    },
    {
        "name": "uwagi",
        "trans": [
            "jacket"
        ],
        "notation": "上着(うわぎ)"
    },
    {
        "name": "miseru",
        "trans": [
            "to show"
        ],
        "notation": "見(み)せる"
    },
    {
        "name": "watasu",
        "trans": [
            "to hand over"
        ],
        "notation": "渡(わた)す"
    },
    {
        "name": "zenbu",
        "trans": [
            "All"
        ],
        "notation": "全部(ぜんぶ)"
    },
    {
        "name": "ototoi",
        "trans": [
            "day before yesterday"
        ],
        "notation": "一昨日(おととい)"
    },
    {
        "name": "osara",
        "trans": [
            "plate, dish"
        ],
        "notation": "お皿(さら)"
    },
    {
        "name": "maiasa",
        "trans": [
            "every morning"
        ],
        "notation": "毎朝(まいあさ)"
    },
    {
        "name": "asatte",
        "trans": [
            "day after tomorrow"
        ],
        "notation": "あさって"
    },
    {
        "name": "kagi",
        "trans": [
            "Key"
        ],
        "notation": "鍵(かぎ)"
    },
    {
        "name": "ojunmawarisan",
        "trans": [
            "friendly term for policeman"
        ],
        "notation": "お巡(じゅん)まわりさん"
    },
    {
        "name": "jitensha",
        "trans": [
            "Bicycle"
        ],
        "notation": "自転車(じてんしゃ)"
    },
    {
        "name": "kumori",
        "trans": [
            "cloudy weather"
        ],
        "notation": "曇(くも)り"
    },
    {
        "name": "kawaii",
        "trans": [
            "Cute"
        ],
        "notation": "可愛(かわい)い"
    },
    {
        "name": "sore",
        "trans": [
            "that"
        ],
        "notation": "それ"
    },
    {
        "name": "kyoushitsu",
        "trans": [
            "Classroom"
        ],
        "notation": "教室(きょうしつ)"
    },
    {
        "name": "puuru",
        "trans": [
            "swimming pool"
        ],
        "notation": "プール"
    },
    {
        "name": "mimi",
        "trans": [
            "ear"
        ],
        "notation": "耳(みみ)"
    },
    {
        "name": "dasu",
        "trans": [
            "to put out"
        ],
        "notation": "出(だ)す"
    },
    {
        "name": "konna",
        "trans": [
            "Such"
        ],
        "notation": "こんな"
    },
    {
        "name": "hanbun",
        "trans": [
            "half minute"
        ],
        "notation": "半分(はんぶん)"
    },
    {
        "name": "futoi",
        "trans": [
            "fat"
        ],
        "notation": "太(ふと)い"
    },
    {
        "name": "mokuyoubi",
        "trans": [
            "Thursday"
        ],
        "notation": "木曜日(もくようび)"
    },
    {
        "name": "kaku",
        "trans": [
            "to write"
        ],
        "notation": "書(か)く"
    },
    {
        "name": "ryuugakusei",
        "trans": [
            "overseas student"
        ],
        "notation": "留学生(りゅうがくせい)"
    },
    {
        "name": "suiyoubi",
        "trans": [
            "Wednesday"
        ],
        "notation": "水曜日(すいようび)"
    },
    {
        "name": "tsukuru",
        "trans": [
            "to make"
        ],
        "notation": "作(つく)る"
    },
    {
        "name": "bataa",
        "trans": [
            "butter"
        ],
        "notation": "バター"
    },
    {
        "name": "hagaki",
        "trans": [
            "postcard"
        ],
        "notation": "葉書(はがき)"
    },
    {
        "name": "ichinichi",
        "trans": [
            "first of the month"
        ],
        "notation": "一(いち)日(にち)"
    },
    {
        "name": "fouku",
        "trans": [
            "fork"
        ],
        "notation": "フォーク"
    },
    {
        "name": "toru",
        "trans": [
            "to take something"
        ],
        "notation": "取(と)る"
    },
    {
        "name": "saa",
        "trans": [
            "well…"
        ],
        "notation": "さあ"
    },
    {
        "name": "niku",
        "trans": [
            "meat"
        ],
        "notation": "肉(にく)"
    },
    {
        "name": "toshokan",
        "trans": [
            "library"
        ],
        "notation": "図書館(としょかん)"
    },
    {
        "name": "nichiyoubi",
        "trans": [
            "Sunday"
        ],
        "notation": "日曜日(にちようび)"
    },
    {
        "name": "shita",
        "trans": [
            "Below"
        ],
        "notation": "下(した)"
    },
    {
        "name": "heta",
        "trans": [
            "unskillful"
        ],
        "notation": "下手(へた)"
    },
    {
        "name": "usui",
        "trans": [
            "thin,weak"
        ],
        "notation": "薄(うす)い"
    },
    {
        "name": "kocchi",
        "trans": [
            "this person or way"
        ],
        "notation": "こっち"
    },
    {
        "name": "sasu",
        "trans": [
            "to stretch out hands, to raise an umbrella"
        ],
        "notation": "差(さ)す"
    },
    {
        "name": "tamago",
        "trans": [
            "egg"
        ],
        "notation": "卵(たまご)"
    },
    {
        "name": "choudo",
        "trans": [
            "exactly"
        ],
        "notation": "ちょうど"
    },
    {
        "name": "yuuhan",
        "trans": [
            "dinner"
        ],
        "notation": "夕飯(ゆうはん)"
    },
    {
        "name": "shitsumon",
        "trans": [
            "Question"
        ],
        "notation": "質問(しつもん)"
    },
    {
        "name": "achira",
        "trans": [
            "there"
        ],
        "notation": "あちら"
    },
    {
        "name": "ue",
        "trans": [
            "on top of"
        ],
        "notation": "上(うえ)"
    },
    {
        "name": "dekakeru",
        "trans": [
            "to go out"
        ],
        "notation": "出(で)かける"
    },
    {
        "name": "rainen",
        "trans": [
            "next year"
        ],
        "notation": "来年(らいねん)"
    },
    {
        "name": "naku",
        "trans": [
            "animal noise. to chirp, roar or croak etc."
        ],
        "notation": "鳴(な)く"
    },
    {
        "name": "naifu",
        "trans": [
            "knife"
        ],
        "notation": "ナイフ"
    },
    {
        "name": "yaru",
        "trans": [
            "to do"
        ],
        "notation": "やる"
    },
    {
        "name": "sekken",
        "trans": [
            "Economy"
        ],
        "notation": "せっけん"
    },
    {
        "name": "iro",
        "trans": [
            "colour"
        ],
        "notation": "色(いろ)"
    },
    {
        "name": "nyuusu",
        "trans": [
            "news"
        ],
        "notation": "ニュース"
    },
    {
        "name": "iya",
        "trans": [
            "unpleasant"
        ],
        "notation": "嫌(いや)"
    },
    {
        "name": "benkyou",
        "trans": [
            "to study"
        ],
        "notation": "勉強(べんきょう)"
    },
    {
        "name": "doubutsu",
        "trans": [
            "animal"
        ],
        "notation": "動物(どうぶつ)"
    },
    {
        "name": "wasureru",
        "trans": [
            "to forget"
        ],
        "notation": "忘(わす)れる"
    },
    {
        "name": "chigau",
        "trans": [
            "to differ"
        ],
        "notation": "違(ちが)う"
    },
    {
        "name": "koe",
        "trans": [
            "Voice"
        ],
        "notation": "声(こえ)"
    },
    {
        "name": "higashi",
        "trans": [
            "east"
        ],
        "notation": "東(ひがし)"
    },
    {
        "name": "chizu",
        "trans": [
            "map"
        ],
        "notation": "地図(ちず)"
    },
    {
        "name": "hako",
        "trans": [
            "box"
        ],
        "notation": "箱(はこ)"
    },
    {
        "name": "mouichido",
        "trans": [
            "again"
        ],
        "notation": "もう一度(いちど)"
    },
    {
        "name": "kiru",
        "trans": [
            "to put on from the shoulders down"
        ],
        "notation": "着(き)る"
    },
    {
        "name": "ashita",
        "trans": [
            "tomorrow"
        ],
        "notation": "明日(あした)"
    },
    {
        "name": "ikaga",
        "trans": [
            "how"
        ],
        "notation": "いかが"
    },
    {
        "name": "maitoshi",
        "trans": [
            "every year"
        ],
        "notation": "毎年(まいとし)"
    },
    {
        "name": "tabako",
        "trans": [
            "tobacco,cigarettes"
        ],
        "notation": "煙草(たばこ)"
    },
    {
        "name": "kabin",
        "trans": [
            "a vase"
        ],
        "notation": "花瓶(かびん)"
    },
    {
        "name": "hana",
        "trans": [
            "nose"
        ],
        "notation": "鼻(はな)"
    },
    {
        "name": "tsugi",
        "trans": [
            "next"
        ],
        "notation": "次(つぎ)"
    },
    {
        "name": "daijoubu",
        "trans": [
            "all right"
        ],
        "notation": "大丈夫(だいじょうぶ)"
    },
    {
        "name": "ban",
        "trans": [
            "evening"
        ],
        "notation": "晩(ばん)"
    },
    {
        "name": "eigo",
        "trans": [
            "English language"
        ],
        "notation": "英語(えいご)"
    },
    {
        "name": "oru",
        "trans": [
            "to be, to have (used for people and animals)"
        ],
        "notation": "居(お)る"
    },
    {
        "name": "ki",
        "trans": [
            "tree, wood"
        ],
        "notation": "木(き)"
    },
    {
        "name": "kiro/kiroguramu",
        "trans": [
            "Kilogram"
        ],
        "notation": "キロ/キログラム"
    },
    {
        "name": "motsu",
        "trans": [
            "to hold"
        ],
        "notation": "持(も)つ"
    },
    {
        "name": "nukui",
        "trans": [
            "luke warm"
        ],
        "notation": "温(ぬく)い"
    },
    {
        "name": "miru/miru",
        "trans": [
            "to see, to watch"
        ],
        "notation": "見(み)る/観(み)る"
    },
    {
        "name": "kiiroi",
        "trans": [
            "yellow"
        ],
        "notation": "黄色(きいろ)い"
    },
    {
        "name": "denki",
        "trans": [
            "electricity,electric light"
        ],
        "notation": "電気(でんき)"
    },
    {
        "name": "acchi",
        "trans": [
            "over there"
        ],
        "notation": "あっち"
    },
    {
        "name": "kesa",
        "trans": [
            "this morning"
        ],
        "notation": "今朝(けさ)"
    },
    {
        "name": "haru",
        "trans": [
            "spring"
        ],
        "notation": "春(はる)"
    },
    {
        "name": "natsu",
        "trans": [
            "summer"
        ],
        "notation": "夏(なつ)"
    },
    {
        "name": "hontou",
        "trans": [
            "truth"
        ],
        "notation": "本当(ほんとう)"
    },
    {
        "name": "ichi",
        "trans": [
            "one"
        ],
        "notation": "一(いち)"
    },
    {
        "name": "denwa",
        "trans": [
            "telephone"
        ],
        "notation": "電話(でんわ)"
    },
    {
        "name": "amai",
        "trans": [
            "sweet"
        ],
        "notation": "甘(あま)い"
    },
    {
        "name": "mado",
        "trans": [
            "window"
        ],
        "notation": "窓(まど)"
    },
    {
        "name": "abunai",
        "trans": [
            "dangerous"
        ],
        "notation": "危(あぶ)ない"
    },
    {
        "name": "ja/jaa",
        "trans": [
            "well then…"
        ],
        "notation": "じゃ/じゃあ"
    },
    {
        "name": "fuku",
        "trans": [
            "to blow"
        ],
        "notation": "吹(ふ)く"
    },
    {
        "name": "reizouko",
        "trans": [
            "refrigerator"
        ],
        "notation": "冷蔵庫(れいぞうこ)"
    },
    {
        "name": "jikan",
        "trans": [
            "Time"
        ],
        "notation": "時間(じかん)"
    },
    {
        "name": "byouin",
        "trans": [
            "hospital"
        ],
        "notation": "病院(びょういん)"
    },
    {
        "name": "fuyu",
        "trans": [
            "winter"
        ],
        "notation": "冬(ふゆ)"
    },
    {
        "name": "kopiisuru",
        "trans": [
            "to copy"
        ],
        "notation": "コピーする"
    },
    {
        "name": "rajio",
        "trans": [
            "radio"
        ],
        "notation": "ラジオ"
    },
    {
        "name": "akai",
        "trans": [
            "bright"
        ],
        "notation": "明(あか)い"
    },
    {
        "name": "atsui",
        "trans": [
            "hot"
        ],
        "notation": "暑(あつ)い"
    },
    {
        "name": "mise",
        "trans": [
            "shop"
        ],
        "notation": "店(みせ)"
    },
    {
        "name": "gaikokujin",
        "trans": [
            "Foreigner"
        ],
        "notation": "外国(がいこく)人(じん)"
    },
    {
        "name": "hidari",
        "trans": [
            "left hand side"
        ],
        "notation": "左(ひだり)"
    },
    {
        "name": "hankachi",
        "trans": [
            "handkerchief"
        ],
        "notation": "ハンカチ"
    },
    {
        "name": "karendaa",
        "trans": [
            "calendar"
        ],
        "notation": "カレンダー"
    },
    {
        "name": "mukou",
        "trans": [
            "over there"
        ],
        "notation": "向(む)こう"
    },
    {
        "name": "yuki",
        "trans": [
            "snow"
        ],
        "notation": "雪(ゆき)"
    },
    {
        "name": "shigoto",
        "trans": [
            "Job"
        ],
        "notation": "仕事(しごと)"
    },
    {
        "name": "okane",
        "trans": [
            "money"
        ],
        "notation": "お金(かね)"
    },
    {
        "name": "waishatsu",
        "trans": [
            "business shirt"
        ],
        "notation": "ワイシャツ"
    },
    {
        "name": "chiisai",
        "trans": [
            "little"
        ],
        "notation": "小(ちい)さい"
    },
    {
        "name": "toriniku",
        "trans": [
            "chicken meat"
        ],
        "notation": "とり肉(にく)"
    },
    {
        "name": "gogo",
        "trans": [
            "afternoon"
        ],
        "notation": "午後(ごご)"
    },
    {
        "name": "hare",
        "trans": [
            "clear weather"
        ],
        "notation": "晴(は)れ"
    },
    {
        "name": "ikura",
        "trans": [
            "how much?"
        ],
        "notation": "いくら"
    },
    {
        "name": "paatii",
        "trans": [
            "party"
        ],
        "notation": "パーティー"
    },
    {
        "name": "tanoshii",
        "trans": [
            "enjoyable"
        ],
        "notation": "楽(たの)しい"
    },
    {
        "name": "nouto",
        "trans": [
            "notebook,exercise book"
        ],
        "notation": "ノート"
    },
    {
        "name": "aka",
        "trans": [
            "red"
        ],
        "notation": "赤(あか)"
    },
    {
        "name": "hajimaru",
        "trans": [
            "to begin"
        ],
        "notation": "始(はじ)まる"
    },
    {
        "name": "yasumi",
        "trans": [
            "rest,holiday"
        ],
        "notation": "休(やす)み"
    },
    {
        "name": "dochira",
        "trans": [
            "which of two"
        ],
        "notation": "どちら"
    },
    {
        "name": "hiraku",
        "trans": [
            "to open, to become open"
        ],
        "notation": "開(ひら)く"
    },
    {
        "name": "ie",
        "trans": [
            "house"
        ],
        "notation": "家(いえ)"
    },
    {
        "name": "neko",
        "trans": [
            "cat"
        ],
        "notation": "猫(ねこ)"
    },
    {
        "name": "hayai",
        "trans": [
            "early"
        ],
        "notation": "早(はや)い"
    },
    {
        "name": "mina",
        "trans": [
            "everyone"
        ],
        "notation": "皆(みな)"
    },
    {
        "name": "migaku",
        "trans": [
            "to brush teeth, to polish"
        ],
        "notation": "磨(みが)く"
    },
    {
        "name": "oniisan",
        "trans": [
            "(honorable) older brother"
        ],
        "notation": "お兄(にい)さん"
    },
    {
        "name": "suguni",
        "trans": [
            "Instantly"
        ],
        "notation": "すぐに"
    },
    {
        "name": "atsui",
        "trans": [
            "kind, deep, thick"
        ],
        "notation": "厚(あつ)い"
    },
    {
        "name": "bangohan",
        "trans": [
            "evening meal"
        ],
        "notation": "晩(ばん)御飯(ごはん)"
    },
    {
        "name": "asagohan",
        "trans": [
            "breakfast"
        ],
        "notation": "朝(あさ)御飯(ごはん)"
    },
    {
        "name": "tesuto",
        "trans": [
            "test"
        ],
        "notation": "テスト"
    },
    {
        "name": "nani",
        "trans": [
            "what"
        ],
        "notation": "何(なに)"
    },
    {
        "name": "totemo",
        "trans": [
            "very"
        ],
        "notation": "とても"
    },
    {
        "name": "ao",
        "trans": [
            "blue"
        ],
        "notation": "青(あお)"
    },
    {
        "name": "oyogu",
        "trans": [
            "to swim"
        ],
        "notation": "泳(およ)ぐ"
    },
    {
        "name": "issho",
        "trans": [
            "together"
        ],
        "notation": "一緒(いっしょ)"
    },
    {
        "name": "naraberu",
        "trans": [
            "to line up,to set up"
        ],
        "notation": "並(なら)べる"
    },
    {
        "name": "sebiro",
        "trans": [
            "business suit"
        ],
        "notation": "背広(せびろ)"
    },
    {
        "name": "hai",
        "trans": [
            "yes"
        ],
        "notation": "はい"
    },
    {
        "name": "koucha",
        "trans": [
            "black tea"
        ],
        "notation": "紅茶(こうちゃ)"
    },
    {
        "name": "ane",
        "trans": [
            "(humble) older sister"
        ],
        "notation": "姉(あね)"
    },
    {
        "name": "satou",
        "trans": [
            "Sugar"
        ],
        "notation": "砂糖(さとう)"
    },
    {
        "name": "shiro",
        "trans": [
            "White"
        ],
        "notation": "白(しろ)"
    },
    {
        "name": "soushite/soshite",
        "trans": [
            "And"
        ],
        "notation": "そうして/そして"
    },
    {
        "name": "wakaru",
        "trans": [
            "to be understood"
        ],
        "notation": "分(わ)かる"
    },
    {
        "name": "haku",
        "trans": [
            "to wear,to put on trousers"
        ],
        "notation": "はく"
    },
    {
        "name": "ryoushin",
        "trans": [
            "both parents"
        ],
        "notation": "両親(りょうしん)"
    },
    {
        "name": "asa",
        "trans": [
            "morning"
        ],
        "notation": "朝(あさ)"
    },
    {
        "name": "doa",
        "trans": [
            "Western style door"
        ],
        "notation": "ドア"
    },
    {
        "name": "sensei",
        "trans": [
            "teacher, doctor"
        ],
        "notation": "先生(せんせい)"
    },
    {
        "name": "ookii",
        "trans": [
            "big"
        ],
        "notation": "大(おお)きい"
    },
    {
        "name": "gitaa",
        "trans": [
            "Guitar"
        ],
        "notation": "ギター"
    },
    {
        "name": "shouyu",
        "trans": [
            "soy sauce"
        ],
        "notation": "醤油(しょうゆ)"
    },
    {
        "name": "koppu",
        "trans": [
            "cop, police officer"
        ],
        "notation": "コップ"
    },
    {
        "name": "keikan",
        "trans": [
            "policeman"
        ],
        "notation": "警官(けいかん)"
    },
    {
        "name": "kyuu",
        "trans": [
            "Nine"
        ],
        "notation": "九(きゅう)"
    },
    {
        "name": "kau",
        "trans": [
            "to buy"
        ],
        "notation": "買(か)う"
    },
    {
        "name": "macchi",
        "trans": [
            "match"
        ],
        "notation": "マッチ"
    },
    {
        "name": "deru",
        "trans": [
            "to appear,to leave"
        ],
        "notation": "出(で)る"
    },
    {
        "name": "narabu",
        "trans": [
            "to line up,to stand in a line"
        ],
        "notation": "並(なら)ぶ"
    },
    {
        "name": "souji",
        "trans": [
            "to clean, to sweep"
        ],
        "notation": "掃除(そうじ)"
    },
    {
        "name": "ongaku",
        "trans": [
            "Music"
        ],
        "notation": "音楽(おんがく)"
    },
    {
        "name": "rajikase / rajiokasetto",
        "trans": [
            "radio cassette player"
        ],
        "notation": "ラジカセ / ラジオカセット"
    },
    {
        "name": "nomimono",
        "trans": [
            "a drink"
        ],
        "notation": "飲(の)み物(もの)"
    },
    {
        "name": "itsumo",
        "trans": [
            "always"
        ],
        "notation": "いつも"
    },
    {
        "name": "ike",
        "trans": [
            "pond"
        ],
        "notation": "池(いけ)"
    },
    {
        "name": "kaimono",
        "trans": [
            "Shopping"
        ],
        "notation": "買(か)い物(もの)"
    },
    {
        "name": "youfuku",
        "trans": [
            "western-style clothes"
        ],
        "notation": "洋服(ようふく)"
    },
    {
        "name": "soko",
        "trans": [
            "that place"
        ],
        "notation": "そこ"
    },
    {
        "name": "sutoubu",
        "trans": [
            "Heater"
        ],
        "notation": "ストーブ"
    },
    {
        "name": "sakuya",
        "trans": [
            "last night"
        ],
        "notation": "昨夜(さくや)"
    },
    {
        "name": "raigetsu",
        "trans": [
            "next month"
        ],
        "notation": "来月(らいげつ)"
    },
    {
        "name": "umi",
        "trans": [
            "sea"
        ],
        "notation": "海(うみ)"
    },
    {
        "name": "kippu",
        "trans": [
            "Ticket"
        ],
        "notation": "切符(きっぷ)"
    },
    {
        "name": "yonnichi",
        "trans": [
            "four days, fouth day of the month"
        ],
        "notation": "四(よん)日(にち)"
    },
    {
        "name": "tooi",
        "trans": [
            "far"
        ],
        "notation": "遠(とお)い"
    },
    {
        "name": "sono",
        "trans": [
            "That"
        ],
        "notation": "その"
    },
    {
        "name": "getsuyoubi",
        "trans": [
            "Monday"
        ],
        "notation": "月曜日(げつようび)"
    },
    {
        "name": "sanpo",
        "trans": [
            "to stroll"
        ],
        "notation": "散歩(さんぽ)"
    },
    {
        "name": "chikatetsu",
        "trans": [
            "underground train"
        ],
        "notation": "地下鉄(ちかてつ)"
    },
    {
        "name": "oji/oji",
        "trans": [
            "uncle, middle aged gentleman"
        ],
        "notation": "伯父(おじ)/叔父(おじ)"
    },
    {
        "name": "itai",
        "trans": [
            "painful"
        ],
        "notation": "痛(いた)い"
    },
    {
        "name": "isu",
        "trans": [
            "chair"
        ],
        "notation": "いす"
    },
    {
        "name": "tobu",
        "trans": [
            "to fly,to hop"
        ],
        "notation": "飛(と)ぶ"
    },
    {
        "name": "hachinichi",
        "trans": [
            "eight days, eighth day of the month"
        ],
        "notation": "八(はち)日(にち)"
    },
    {
        "name": "jibun",
        "trans": [
            "Oneself"
        ],
        "notation": "自分(じぶん)"
    },
    {
        "name": "narau",
        "trans": [
            "to learn"
        ],
        "notation": "習(なら)う"
    },
    {
        "name": "sen",
        "trans": [
            "Thousand"
        ],
        "notation": "千(せん)"
    },
    {
        "name": "samui",
        "trans": [
            "Cold"
        ],
        "notation": "寒(さむ)い"
    },
    {
        "name": "ii/yoi",
        "trans": [
            "good"
        ],
        "notation": "いい/よい"
    },
    {
        "name": "tokei",
        "trans": [
            "watch,clock"
        ],
        "notation": "時計(とけい)"
    },
    {
        "name": "kouto",
        "trans": [
            "coat, tennis court"
        ],
        "notation": "コート"
    },
    {
        "name": "ryokou",
        "trans": [
            "travel"
        ],
        "notation": "旅行(りょこう)"
    },
    {
        "name": "konban",
        "trans": [
            "this evening"
        ],
        "notation": "今晩(こんばん)"
    },
    {
        "name": "hareru",
        "trans": [
            "to be sunny"
        ],
        "notation": "晴(は)れる"
    },
    {
        "name": "petto",
        "trans": [
            "pet"
        ],
        "notation": "ペット"
    },
    {
        "name": "renshuu",
        "trans": [
            "to practice"
        ],
        "notation": "練習(れんしゅう)"
    },
    {
        "name": "sorekara",
        "trans": [
            "after that"
        ],
        "notation": "それから"
    },
    {
        "name": "oshieru",
        "trans": [
            "to teach, to tell"
        ],
        "notation": "教(おし)える"
    },
    {
        "name": "tokidoki",
        "trans": [
            "sometimes"
        ],
        "notation": "時々(ときどき)"
    },
    {
        "name": "poketto",
        "trans": [
            "pocket"
        ],
        "notation": "ポケット"
    },
    {
        "name": "watashi",
        "trans": [
            "I,myself"
        ],
        "notation": "私(わたし)"
    },
    {
        "name": "koko",
        "trans": [
            "Here"
        ],
        "notation": "ここ"
    },
    {
        "name": "kiro/kiromeetoru",
        "trans": [
            "Kilometer"
        ],
        "notation": "キロ/キロメートル"
    },
    {
        "name": "kongetsu",
        "trans": [
            "this month"
        ],
        "notation": "今月(こんげつ)"
    },
    {
        "name": "hiku",
        "trans": [
            "to play an instrument with strings, including piano"
        ],
        "notation": "弾(ひ)く"
    },
    {
        "name": "hon",
        "trans": [
            "book"
        ],
        "notation": "本(ほん)"
    },
    {
        "name": "me",
        "trans": [
            "eye"
        ],
        "notation": "目(め)"
    },
    {
        "name": "ikutsu",
        "trans": [
            "how many?,how old?"
        ],
        "notation": "いくつ"
    },
    {
        "name": "yukkurito",
        "trans": [
            "slowly"
        ],
        "notation": "ゆっくりと"
    },
    {
        "name": "ichigatsu",
        "trans": [
            "one month"
        ],
        "notation": "一月(いちがつ)"
    },
    {
        "name": "kyonen",
        "trans": [
            "last year"
        ],
        "notation": "去年(きょねん)"
    },
    {
        "name": "tate",
        "trans": [
            "length,height"
        ],
        "notation": "たて"
    },
    {
        "name": "kappu",
        "trans": [
            "Cup"
        ],
        "notation": "カップ"
    },
    {
        "name": "kochira",
        "trans": [
            "this person or way"
        ],
        "notation": "こちら"
    },
    {
        "name": "natsuyasumi",
        "trans": [
            "summer holiday"
        ],
        "notation": "夏休(なつやす)み"
    },
    {
        "name": "iroiro",
        "trans": [
            "various"
        ],
        "notation": "いろいろ"
    },
    {
        "name": "kuru",
        "trans": [
            "to come"
        ],
        "notation": "来(く)る"
    },
    {
        "name": "sannichi",
        "trans": [
            "three days, third day of the month"
        ],
        "notation": "三(さん)日(にち)"
    },
    {
        "name": "osoi",
        "trans": [
            "late, slow"
        ],
        "notation": "遅(おそ)い"
    },
    {
        "name": "owaru",
        "trans": [
            "to finish"
        ],
        "notation": "終(おわ)る"
    },
    {
        "name": "shawaa",
        "trans": [
            "Shower"
        ],
        "notation": "シャワー"
    },
    {
        "name": "ooi",
        "trans": [
            "many"
        ],
        "notation": "多(おお)い"
    },
    {
        "name": "otousan",
        "trans": [
            "(honorable) father"
        ],
        "notation": "お父(とう)さん"
    },
    {
        "name": "seito",
        "trans": [
            "Pupil"
        ],
        "notation": "生徒(せいと)"
    },
    {
        "name": "kariru",
        "trans": [
            "to borrow"
        ],
        "notation": "借(か)りる"
    },
    {
        "name": "daigaku",
        "trans": [
            "university"
        ],
        "notation": "大学(だいがく)"
    },
    {
        "name": "doyoubi",
        "trans": [
            "Saturday"
        ],
        "notation": "土曜日(どようび)"
    },
    {
        "name": "nishi",
        "trans": [
            "west"
        ],
        "notation": "西(にし)"
    },
    {
        "name": "kayoubi",
        "trans": [
            "Tuesday"
        ],
        "notation": "火曜日(かようび)"
    },
    {
        "name": "joubu",
        "trans": [
            "strong, durable"
        ],
        "notation": "丈夫(じょうぶ)"
    },
    {
        "name": "doumo",
        "trans": [
            "thanks"
        ],
        "notation": "どうも"
    },
    {
        "name": "yasai",
        "trans": [
            "vegetable"
        ],
        "notation": "野菜(やさい)"
    },
    {
        "name": "otearai",
        "trans": [
            "bathroom"
        ],
        "notation": "お手洗(てあら)い"
    },
    {
        "name": "kanji",
        "trans": [
            "Chinese character"
        ],
        "notation": "漢字(かんじ)"
    },
    {
        "name": "nigiyaka",
        "trans": [
            "bustling,busy"
        ],
        "notation": "賑(にぎ)やか"
    },
    {
        "name": "hana",
        "trans": [
            "flower"
        ],
        "notation": "花(はな)"
    },
    {
        "name": "otoko",
        "trans": [
            "Man"
        ],
        "notation": "男(おとこ)"
    },
    {
        "name": "ryouri",
        "trans": [
            "cuisine"
        ],
        "notation": "料理(りょうり)"
    },
    {
        "name": "shimaru",
        "trans": [
            "to close, to be closed"
        ],
        "notation": "閉(し)まる"
    },
    {
        "name": "muttsu",
        "trans": [
            "six"
        ],
        "notation": "六(むっ)つ"
    },
    {
        "name": "furo",
        "trans": [
            "bath"
        ],
        "notation": "ふろ"
    },
    {
        "name": "rippa",
        "trans": [
            "splendid"
        ],
        "notation": "立派(りっぱ)"
    },
    {
        "name": "karui",
        "trans": [
            "Light"
        ],
        "notation": "軽(かる)い"
    },
    {
        "name": "toire",
        "trans": [
            "toilet"
        ],
        "notation": "トイレ"
    },
    {
        "name": "hyaku",
        "trans": [
            "hundred"
        ],
        "notation": "百(ひゃく)"
    },
    {
        "name": "hou",
        "trans": [
            "person, way of doing"
        ],
        "notation": "方(ほう)"
    },
    {
        "name": "kutsu",
        "trans": [
            "Shoes"
        ],
        "notation": "靴(くつ)"
    },
    {
        "name": "shizuka",
        "trans": [
            "Quiet"
        ],
        "notation": "静(しず)か"
    },
    {
        "name": "shatsu",
        "trans": [
            "Shirt"
        ],
        "notation": "シャツ"
    },
    {
        "name": "kusuri",
        "trans": [
            "medicine"
        ],
        "notation": "薬(くすり)"
    },
    {
        "name": "omoshiroi",
        "trans": [
            "Interesting"
        ],
        "notation": "面(おも)白(しろ)い"
    },
    {
        "name": "itsu",
        "trans": [
            "when"
        ],
        "notation": "いつ"
    },
    {
        "name": "komaru",
        "trans": [
            "to be worried"
        ],
        "notation": "困(こま)る"
    },
    {
        "name": "osake",
        "trans": [
            "alcohol, rice wine"
        ],
        "notation": "お酒(さけ)"
    },
    {
        "name": "okashi",
        "trans": [
            "sweets, candy"
        ],
        "notation": "お菓子(かし)"
    },
    {
        "name": "kurai",
        "trans": [
            "Gloomy"
        ],
        "notation": "暗(くら)い"
    },
    {
        "name": "tenki",
        "trans": [
            "weather"
        ],
        "notation": "天気(てんき)"
    },
    {
        "name": "tsukue",
        "trans": [
            "desk"
        ],
        "notation": "机(つくえ)"
    },
    {
        "name": "surippa",
        "trans": [
            "Slippers"
        ],
        "notation": "スリッパ"
    },
    {
        "name": "utau",
        "trans": [
            "to sing"
        ],
        "notation": "歌(うた)う"
    },
    {
        "name": "hanasu",
        "trans": [
            "to speak"
        ],
        "notation": "話(はな)す"
    },
    {
        "name": "e",
        "trans": [
            "picture"
        ],
        "notation": "絵(え)"
    },
    {
        "name": "ee",
        "trans": [
            "yes"
        ],
        "notation": "ええ"
    },
    {
        "name": "yattsu",
        "trans": [
            "eight"
        ],
        "notation": "八(やっ)つ"
    },
    {
        "name": "mazui",
        "trans": [
            "unpleasant"
        ],
        "notation": "不味(まず)い"
    },
    {
        "name": "boushi",
        "trans": [
            "hat"
        ],
        "notation": "帽子(ぼうし)"
    },
    {
        "name": "noboru",
        "trans": [
            "to climb"
        ],
        "notation": "登(のぼ)る"
    },
    {
        "name": "roku",
        "trans": [
            "six"
        ],
        "notation": "六(ろく)"
    },
    {
        "name": "ni",
        "trans": [
            "two"
        ],
        "notation": "二(に)"
    },
    {
        "name": "chikaku",
        "trans": [
            "near"
        ],
        "notation": "近(ちか)く"
    },
    {
        "name": "kuni",
        "trans": [
            "Country"
        ],
        "notation": "国(くに)"
    },
    {
        "name": "kirei",
        "trans": [
            "pretty, clean"
        ],
        "notation": "綺麗(きれい)"
    },
    {
        "name": "teepurekoudaa",
        "trans": [
            "tape recorder"
        ],
        "notation": "テープレコーダー"
    },
    {
        "name": "hoteru",
        "trans": [
            "hotel"
        ],
        "notation": "ホテル"
    },
    {
        "name": "atatakai",
        "trans": [
            "warm"
        ],
        "notation": "暖(あたた)かい"
    },
    {
        "name": "soredeha",
        "trans": [
            "in that situation"
        ],
        "notation": "それでは"
    },
    {
        "name": "osu",
        "trans": [
            "to push, to stamp something"
        ],
        "notation": "押(お)す"
    },
    {
        "name": "shokudou",
        "trans": [
            "dining hall"
        ],
        "notation": "食堂(しょくどう)"
    },
    {
        "name": "kiiro",
        "trans": [
            "yellow"
        ],
        "notation": "黄色(きいろ)"
    },
    {
        "name": "kiku",
        "trans": [
            "to hear, to listen to, to ask"
        ],
        "notation": "聞(き)く"
    },
    {
        "name": "suki",
        "trans": [
            "Likeable"
        ],
        "notation": "好(す)き"
    },
    {
        "name": "oji/oji",
        "trans": [
            "grandfather, male senior citizen"
        ],
        "notation": "伯父(おじ)/叔父(おじ)"
    },
    {
        "name": "gonichi",
        "trans": [
            "five days, fifth day"
        ],
        "notation": "五(ご)日(にち)"
    },
    {
        "name": "saku",
        "trans": [
            "to bloom"
        ],
        "notation": "咲(さ)く"
    },
    {
        "name": "kesu",
        "trans": [
            "to erase, to turn off power"
        ],
        "notation": "消(け)す"
    },
    {
        "name": "nimotsu",
        "trans": [
            "luggage"
        ],
        "notation": "荷物(にもつ)"
    },
    {
        "name": "mainichi",
        "trans": [
            "every day"
        ],
        "notation": "毎日(まいにち)"
    },
    {
        "name": "isha",
        "trans": [
            "medical doctor"
        ],
        "notation": "医者(いしゃ)"
    },
    {
        "name": "nagai",
        "trans": [
            "long"
        ],
        "notation": "長(なが)い"
    },
    {
        "name": "gyuunyuu",
        "trans": [
            "Milk"
        ],
        "notation": "牛乳(ぎゅうにゅう)"
    },
    {
        "name": "ocha",
        "trans": [
            "green tea"
        ],
        "notation": "お茶(ちゃ)"
    },
    {
        "name": "takai",
        "trans": [
            "tall, expensive"
        ],
        "notation": "高(たか)い"
    },
    {
        "name": "issakunen",
        "trans": [
            "year before last"
        ],
        "notation": "一昨年(いっさくねん)"
    },
    {
        "name": "shukudai",
        "trans": [
            "homework"
        ],
        "notation": "宿題(しゅくだい)"
    },
    {
        "name": "aru",
        "trans": [
            "to be,to have (used for inanimate objects)"
        ],
        "notation": "ある"
    },
    {
        "name": "ideguchi",
        "trans": [
            "exit"
        ],
        "notation": "出口(いでぐち)"
    },
    {
        "name": "saki",
        "trans": [
            "the future, previous"
        ],
        "notation": "先(さき)"
    },
    {
        "name": "ame",
        "trans": [
            "rain"
        ],
        "notation": "雨(あめ)"
    },
    {
        "name": "noru",
        "trans": [
            "to get on,to ride"
        ],
        "notation": "乗(の)る"
    },
    {
        "name": "byouki",
        "trans": [
            "illness"
        ],
        "notation": "病気(びょうき)"
    },
    {
        "name": "tokoro",
        "trans": [
            "place"
        ],
        "notation": "所(ところ)"
    },
    {
        "name": "aruku",
        "trans": [
            "to walk"
        ],
        "notation": "歩(ある)く"
    },
    {
        "name": "tsumetai",
        "trans": [
            "cold to the touch"
        ],
        "notation": "冷(つめ)たい"
    },
    {
        "name": "kitanai",
        "trans": [
            "Dirty"
        ],
        "notation": "汚(きたな)い"
    },
    {
        "name": "hayai",
        "trans": [
            "quick"
        ],
        "notation": "速(はや)い"
    },
    {
        "name": "kouen",
        "trans": [
            "Park"
        ],
        "notation": "公園(こうえん)"
    },
    {
        "name": "kumoru",
        "trans": [
            "to become cloudy, to become dim"
        ],
        "notation": "曇(くも)る"
    },
    {
        "name": "shiru",
        "trans": [
            "to know"
        ],
        "notation": "知(し)る"
    },
    {
        "name": "ha",
        "trans": [
            "tooth"
        ],
        "notation": "歯(は)"
    },
    {
        "name": "onna",
        "trans": [
            "Woman"
        ],
        "notation": "女(おんな)"
    },
    {
        "name": "taishikan",
        "trans": [
            "embassy"
        ],
        "notation": "大使館(たいしかん)"
    },
    {
        "name": "supuun",
        "trans": [
            "Spoon"
        ],
        "notation": "スプーン"
    },
    {
        "name": "hondana",
        "trans": [
            "bookshelves"
        ],
        "notation": "本棚(ほんだな)"
    },
    {
        "name": "zero",
        "trans": [
            "Zero"
        ],
        "notation": "ゼロ"
    },
    {
        "name": "terebi",
        "trans": [
            "television"
        ],
        "notation": "テレビ"
    },
    {
        "name": "warui",
        "trans": [
            "bad"
        ],
        "notation": "悪(わる)い"
    },
    {
        "name": "tsukeru",
        "trans": [
            "to turn on"
        ],
        "notation": "つける"
    },
    {
        "name": "isogashii",
        "trans": [
            "busy, irritated"
        ],
        "notation": "忙(いそが)しい"
    },
    {
        "name": "anata",
        "trans": [
            "you"
        ],
        "notation": "あなた"
    },
    {
        "name": "to",
        "trans": [
            "Japanese style door"
        ],
        "notation": "戸(と)"
    },
    {
        "name": "doushite",
        "trans": [
            "for what reason"
        ],
        "notation": "どうして"
    },
    {
        "name": "okaasan",
        "trans": [
            "(honorable) mother"
        ],
        "notation": "お母(かあ)さん"
    },
    {
        "name": "kamera",
        "trans": [
            "camera"
        ],
        "notation": "カメラ"
    },
    {
        "name": "kodomo",
        "trans": [
            "Child"
        ],
        "notation": "子供(こども)"
    },
    {
        "name": "sora",
        "trans": [
            "Sky"
        ],
        "notation": "空(そら)"
    },
    {
        "name": "tegami",
        "trans": [
            "letter"
        ],
        "notation": "手紙(てがみ)"
    },
    {
        "name": "uta",
        "trans": [
            "song"
        ],
        "notation": "歌(うた)"
    },
    {
        "name": "kekkon",
        "trans": [
            "Marriage"
        ],
        "notation": "結婚(けっこん)"
    },
    {
        "name": "kirai",
        "trans": [
            "Hate"
        ],
        "notation": "嫌(きら)い"
    },
    {
        "name": "mou",
        "trans": [
            "already"
        ],
        "notation": "もう"
    },
    {
        "name": "rekoudo",
        "trans": [
            "record"
        ],
        "notation": "レコード"
    },
    {
        "name": "taberu",
        "trans": [
            "to eat"
        ],
        "notation": "食(た)べる"
    },
    {
        "name": "dare",
        "trans": [
            "somebody"
        ],
        "notation": "誰(だれ)"
    },
    {
        "name": "kaeru",
        "trans": [
            "to go back"
        ],
        "notation": "帰(かえ)る"
    },
    {
        "name": "kaisha",
        "trans": [
            "Company"
        ],
        "notation": "会社(かいしゃ)"
    },
    {
        "name": "chotto",
        "trans": [
            "somewhat"
        ],
        "notation": "ちょっと"
    },
    {
        "name": "yuugata",
        "trans": [
            "evening"
        ],
        "notation": "夕方(ゆうがた)"
    },
    {
        "name": "are",
        "trans": [
            "that"
        ],
        "notation": "あれ"
    },
    {
        "name": "nugu",
        "trans": [
            "to take off clothes"
        ],
        "notation": "脱(ぬ)ぐ"
    },
    {
        "name": "hikouki",
        "trans": [
            "aeroplane"
        ],
        "notation": "飛行機(ひこうき)"
    },
    {
        "name": "wakai",
        "trans": [
            "young"
        ],
        "notation": "若(わか)い"
    },
    {
        "name": "hosoi",
        "trans": [
            "thin"
        ],
        "notation": "細(ほそ)い"
    },
    {
        "name": "sukaato",
        "trans": [
            "Skirt"
        ],
        "notation": "スカート"
    },
    {
        "name": "yottsu",
        "trans": [
            "four"
        ],
        "notation": "四(よっ)つ"
    },
    {
        "name": "hataraku",
        "trans": [
            "to work"
        ],
        "notation": "働(はたら)く"
    },
    {
        "name": "kawa/kawa",
        "trans": [
            "River"
        ],
        "notation": "川(かわ)/河(かわ)"
    },
    {
        "name": "guramu",
        "trans": [
            "Gram"
        ],
        "notation": "グラム"
    },
    {
        "name": "hikui",
        "trans": [
            "short,low"
        ],
        "notation": "低(ひく)い"
    },
    {
        "name": "kaidan",
        "trans": [
            "Stairs"
        ],
        "notation": "階段(かいだん)"
    },
    {
        "name": "atari",
        "trans": [
            "area"
        ],
        "notation": "辺(あたり)"
    },
    {
        "name": "mon",
        "trans": [
            "gate"
        ],
        "notation": "門(もん)"
    },
    {
        "name": "kinyoubi",
        "trans": [
            "Friday"
        ],
        "notation": "金曜日(きんようび)"
    },
    {
        "name": "basu",
        "trans": [
            "bus"
        ],
        "notation": "バス"
    },
    {
        "name": "jibiki",
        "trans": [
            "Dictionary"
        ],
        "notation": "字引(じびき)"
    },
    {
        "name": "hachi",
        "trans": [
            "eight"
        ],
        "notation": "八(はち)"
    },
    {
        "name": "ban",
        "trans": [
            "ten thousand"
        ],
        "notation": "万(ばん)"
    },
    {
        "name": "tatemono",
        "trans": [
            "building"
        ],
        "notation": "建物(たてもの)"
    },
    {
        "name": "obasan/obasan",
        "trans": [
            "Aunt"
        ],
        "notation": "伯母(おば)さん/叔母(おば)さん"
    },
    {
        "name": "jugyou",
        "trans": [
            "lesson, class work"
        ],
        "notation": "授業(じゅぎょう)"
    },
    {
        "name": "oku",
        "trans": [
            "to put"
        ],
        "notation": "置(お)く"
    },
    {
        "name": "eki",
        "trans": [
            "station"
        ],
        "notation": "駅(えき)"
    },
    {
        "name": "ginkou",
        "trans": [
            "Bank"
        ],
        "notation": "銀行(ぎんこう)"
    },
    {
        "name": "kyuunichi",
        "trans": [
            "nine days, ninth day"
        ],
        "notation": "九(きゅう)日(にち)"
    },
    {
        "name": "magaru",
        "trans": [
            "to turn,to bend"
        ],
        "notation": "曲(まが)る"
    },
    {
        "name": "yoko",
        "trans": [
            "beside,side,width"
        ],
        "notation": "横(よこ)"
    },
    {
        "name": "bunshou",
        "trans": [
            "sentence,text"
        ],
        "notation": "文章(ぶんしょう)"
    },
    {
        "name": "beddo",
        "trans": [
            "bed"
        ],
        "notation": "ベッド"
    },
    {
        "name": "kita",
        "trans": [
            "North"
        ],
        "notation": "北(きた)"
    },
    {
        "name": "kakeru",
        "trans": [
            "to call by phone"
        ],
        "notation": "かける"
    },
    {
        "name": "suwaru",
        "trans": [
            "to sit"
        ],
        "notation": "座(すわ)る"
    },
    {
        "name": "ninichi",
        "trans": [
            "two days, second day of the month"
        ],
        "notation": "二(に)日(にち)"
    },
    {
        "name": "gohan",
        "trans": [
            "cooked rice, meal"
        ],
        "notation": "御飯(ごはん)"
    },
    {
        "name": "obentou",
        "trans": [
            "boxed lunch"
        ],
        "notation": "お弁当(べんとう)"
    },
    {
        "name": "kuruma",
        "trans": [
            "car, vehicle"
        ],
        "notation": "車(くるま)"
    },
    {
        "name": "yori,hou",
        "trans": [
            "Used for comparison."
        ],
        "notation": "より、ほう"
    },
    {
        "name": "maiban",
        "trans": [
            "every night"
        ],
        "notation": "毎晩(まいばん)"
    },
    {
        "name": "tsuku",
        "trans": [
            "to arrive at"
        ],
        "notation": "着(つ)く"
    },
    {
        "name": "wataru",
        "trans": [
            "to go across"
        ],
        "notation": "渡(わた)る"
    },
    {
        "name": "sakubun",
        "trans": [
            "composition, writing"
        ],
        "notation": "作文(さくぶん)"
    },
    {
        "name": "chikai",
        "trans": [
            "near"
        ],
        "notation": "近(ちか)い"
    },
    {
        "name": "michi",
        "trans": [
            "street"
        ],
        "notation": "道(みち)"
    },
    {
        "name": "itsutsu",
        "trans": [
            "five"
        ],
        "notation": "五(いつ)つ"
    },
    {
        "name": "dore",
        "trans": [
            "which (of three or more)"
        ],
        "notation": "どれ"
    },
    {
        "name": "genkan",
        "trans": [
            "entry hall"
        ],
        "notation": "玄関(げんかん)"
    },
    {
        "name": "kieru",
        "trans": [
            "to disappear"
        ],
        "notation": "消(き)える"
    },
    {
        "name": "daidokoro",
        "trans": [
            "kitchen"
        ],
        "notation": "台所(だいどころ)"
    },
    {
        "name": "massugu",
        "trans": [
            "straight ahead,direct"
        ],
        "notation": "真(ま)っ直(す)ぐ"
    },
    {
        "name": "jidousha",
        "trans": [
            "Automobile"
        ],
        "notation": "自動車(じどうしゃ)"
    },
    {
        "name": "peeji",
        "trans": [
            "page"
        ],
        "notation": "ページ"
    },
    {
        "name": "raishuu",
        "trans": [
            "next week"
        ],
        "notation": "来週(らいしゅう)"
    },
    {
        "name": "te",
        "trans": [
            "hand"
        ],
        "notation": "手(て)"
    },
    {
        "name": "hirugohan",
        "trans": [
            "midday meal"
        ],
        "notation": "昼(ひる)御飯(ごはん)"
    },
    {
        "name": "fuku",
        "trans": [
            "clothes"
        ],
        "notation": "服(ふく)"
    },
    {
        "name": "suru",
        "trans": [
            "to do"
        ],
        "notation": "する"
    },
    {
        "name": "rouka",
        "trans": [
            "corridor"
        ],
        "notation": "廊下(ろうか)"
    },
    {
        "name": "kuro",
        "trans": [
            "Black"
        ],
        "notation": "黒(くろ)"
    },
    {
        "name": "ima",
        "trans": [
            "now"
        ],
        "notation": "今(いま)"
    },
    {
        "name": "sochira",
        "trans": [
            "over there"
        ],
        "notation": "そちら"
    },
    {
        "name": "mata",
        "trans": [
            "again,and"
        ],
        "notation": "また"
    },
    {
        "name": "taihen",
        "trans": [
            "very"
        ],
        "notation": "たいへん"
    },
    {
        "name": "dou",
        "trans": [
            "how,in what way"
        ],
        "notation": "どう"
    },
    {
        "name": "botan",
        "trans": [
            "button"
        ],
        "notation": "ボタン"
    },
    {
        "name": "gakusei",
        "trans": [
            "Student"
        ],
        "notation": "学生(がくせい)"
    },
    {
        "name": "kurasu",
        "trans": [
            "Class"
        ],
        "notation": "クラス"
    },
    {
        "name": "shikashi",
        "trans": [
            "However"
        ],
        "notation": "しかし"
    },
    {
        "name": "dare",
        "trans": [
            "who"
        ],
        "notation": "誰(だれ)"
    },
    {
        "name": "yoku",
        "trans": [
            "often, well"
        ],
        "notation": "よく"
    },
    {
        "name": "ofuro",
        "trans": [
            "Bath"
        ],
        "notation": "お風呂(ふろ)"
    },
    {
        "name": "nakusu",
        "trans": [
            "to lose something"
        ],
        "notation": "無(な)くす"
    },
    {
        "name": "asobu",
        "trans": [
            "to play, to make a visit"
        ],
        "notation": "遊(あそ)ぶ"
    },
    {
        "name": "yuumei",
        "trans": [
            "famous"
        ],
        "notation": "有名(ゆうめい)"
    },
    {
        "name": "hito",
        "trans": [
            "person"
        ],
        "notation": "人(ひと)"
    },
    {
        "name": "kutsushita",
        "trans": [
            "Socks"
        ],
        "notation": "靴下(くつした)"
    },
    {
        "name": "iie",
        "trans": [
            "no"
        ],
        "notation": "いいえ"
    },
    {
        "name": "genki",
        "trans": [
            "health, vitality"
        ],
        "notation": "元気(げんき)"
    },
    {
        "name": "hitotsu",
        "trans": [
            "one"
        ],
        "notation": "一(ひと)つ"
    },
    {
        "name": "katei",
        "trans": [
            "Household"
        ],
        "notation": "家庭(かてい)"
    },
    {
        "name": "mittsu",
        "trans": [
            "three"
        ],
        "notation": "三(みっ)つ"
    },
    {
        "name": "yasumu",
        "trans": [
            "to rest"
        ],
        "notation": "休(やす)む"
    },
    {
        "name": "kuchi",
        "trans": [
            "mouth, opening"
        ],
        "notation": "口(くち)"
    },
    {
        "name": "benri",
        "trans": [
            "useful, convenient"
        ],
        "notation": "便利(べんり)"
    },
    {
        "name": "kotoba",
        "trans": [
            "word, language"
        ],
        "notation": "言葉(ことば)"
    },
    {
        "name": "chawan",
        "trans": [
            "rice bowl"
        ],
        "notation": "茶碗(ちゃわん)"
    },
    {
        "name": "toshi",
        "trans": [
            "year"
        ],
        "notation": "年(とし)"
    },
    {
        "name": "hairu",
        "trans": [
            "to enter,to contain"
        ],
        "notation": "入(はい)る"
    },
    {
        "name": "kasu",
        "trans": [
            "to lend"
        ],
        "notation": "貸(か)す"
    },
    {
        "name": "juunichi",
        "trans": [
            "ten days,the tenth day"
        ],
        "notation": "十(じゅう)日(にち)"
    },
    {
        "name": "shimeru",
        "trans": [
            "to close something"
        ],
        "notation": "閉(し)める"
    },
    {
        "name": "hajimete",
        "trans": [
            "for the first time"
        ],
        "notation": "初(はじ)めて"
    },
    {
        "name": "shimeru",
        "trans": [
            "to tie"
        ],
        "notation": "締(し)める"
    },
    {
        "name": "futatsu",
        "trans": [
            "two"
        ],
        "notation": "二(ふた)つ"
    },
    {
        "name": "okusan",
        "trans": [
            "(honorable) wife"
        ],
        "notation": "奥(おく)さん"
    },
    {
        "name": "rokunichi",
        "trans": [
            "six days, sixth day of the month"
        ],
        "notation": "六(ろく)日(にち)"
    },
    {
        "name": "kousaten",
        "trans": [
            "intersection"
        ],
        "notation": "交差点(こうさてん)"
    },
    {
        "name": "inu",
        "trans": [
            "dog"
        ],
        "notation": "犬(いぬ)"
    },
    {
        "name": "kinou",
        "trans": [
            "Yesterday"
        ],
        "notation": "昨日(きのう)"
    },
    {
        "name": "yaoya",
        "trans": [
            "greengrocer"
        ],
        "notation": "八百屋(やおや)"
    },
    {
        "name": "dandan",
        "trans": [
            "gradually"
        ],
        "notation": "だんだん"
    },
    {
        "name": "hiru",
        "trans": [
            "noon, daytime"
        ],
        "notation": "昼(ひる)"
    },
    {
        "name": "amari",
        "trans": [
            "not very"
        ],
        "notation": "あまり"
    },
    {
        "name": "omoi",
        "trans": [
            "Heavy"
        ],
        "notation": "重(おも)い"
    },
    {
        "name": "haru",
        "trans": [
            "to stick"
        ],
        "notation": "貼(は)る"
    },
    {
        "name": "taisetsu",
        "trans": [
            "important"
        ],
        "notation": "大切(たいせつ)"
    },
    {
        "name": "naka",
        "trans": [
            "middle"
        ],
        "notation": "中(なか)"
    },
    {
        "name": "iku",
        "trans": [
            "to go"
        ],
        "notation": "行(い)く"
    },
    {
        "name": "migi",
        "trans": [
            "right side"
        ],
        "notation": "右(みぎ)"
    },
    {
        "name": "pan",
        "trans": [
            "bread"
        ],
        "notation": "パン"
    },
    {
        "name": "hashi",
        "trans": [
            "bridge"
        ],
        "notation": "橋(はし)"
    },
    {
        "name": "ani",
        "trans": [
            "(humble) older brother"
        ],
        "notation": "兄(あに)"
    },
    {
        "name": "asoko",
        "trans": [
            "over there"
        ],
        "notation": "あそこ"
    },
    {
        "name": "suu",
        "trans": [
            "to smoke, to suck"
        ],
        "notation": "吸(す)う"
    },
    {
        "name": "mijikai",
        "trans": [
            "short"
        ],
        "notation": "短(みじか)い"
    },
    {
        "name": "nomu",
        "trans": [
            "to drink"
        ],
        "notation": "飲(の)む"
    },
    {
        "name": "imouto",
        "trans": [
            "(humble) younger sister"
        ],
        "notation": "妹(いもうと)"
    },
    {
        "name": "hiroi",
        "trans": [
            "spacious,wide"
        ],
        "notation": "広(ひろ)い"
    },
    {
        "name": "yowai",
        "trans": [
            "weak"
        ],
        "notation": "弱(よわ)い"
    },
    {
        "name": "hoshii",
        "trans": [
            "want"
        ],
        "notation": "欲(ほ)しい"
    },
    {
        "name": "tonari",
        "trans": [
            "next door to"
        ],
        "notation": "隣(となり)"
    },
    {
        "name": "naru",
        "trans": [
            "to become"
        ],
        "notation": "なる"
    },
    {
        "name": "arau",
        "trans": [
            "to wash"
        ],
        "notation": "洗(あら)う"
    },
    {
        "name": "rei",
        "trans": [
            "zero"
        ],
        "notation": "零(れい)"
    },
    {
        "name": "kaban",
        "trans": [
            "bag, basket"
        ],
        "notation": "鞄(かばん)"
    },
    {
        "name": "erebeetaa",
        "trans": [
            "elevator"
        ],
        "notation": "エレベーター"
    },
    {
        "name": "gozen",
        "trans": [
            "morning"
        ],
        "notation": "午前(ごぜん)"
    },
    {
        "name": "uru",
        "trans": [
            "to sell"
        ],
        "notation": "売(う)る"
    },
    {
        "name": "seetaa",
        "trans": [
            "sweater, jumper"
        ],
        "notation": "セーター"
    },
    {
        "name": "hanashi",
        "trans": [
            "talk,story"
        ],
        "notation": "話(はなし)"
    },
    {
        "name": "aki",
        "trans": [
            "autumn"
        ],
        "notation": "秋(あき)"
    },
    {
        "name": "senshuu",
        "trans": [
            "last week"
        ],
        "notation": "先週(せんしゅう)"
    },
    {
        "name": "akeru",
        "trans": [
            "to open"
        ],
        "notation": "開(あ)ける"
    },
    {
        "name": "ano",
        "trans": [
            "that over there"
        ],
        "notation": "あの"
    },
    {
        "name": "se",
        "trans": [
            "height, stature"
        ],
        "notation": "背(せ)"
    },
    {
        "name": "furu",
        "trans": [
            "to fall, e.g. rain or snow"
        ],
        "notation": "降(ふ)る"
    },
    {
        "name": "muzukashii",
        "trans": [
            "difficult"
        ],
        "notation": "難(むずか)しい"
    },
    {
        "name": "otona",
        "trans": [
            "Adult"
        ],
        "notation": "大人(おとな)"
    },
    {
        "name": "machi",
        "trans": [
            "town,city"
        ],
        "notation": "町(まち)"
    },
    {
        "name": "kuroi",
        "trans": [
            "black"
        ],
        "notation": "黒(くろ)い"
    },
    {
        "name": "minasan",
        "trans": [
            "everyone"
        ],
        "notation": "皆(みな)さん"
    },
    {
        "name": "san",
        "trans": [
            "Three"
        ],
        "notation": "三(さん)"
    },
    {
        "name": "kore",
        "trans": [
            "This"
        ],
        "notation": "これ"
    },
    {
        "name": "kotaeru",
        "trans": [
            "to answer"
        ],
        "notation": "答(こた)える"
    },
    {
        "name": "kissaten",
        "trans": [
            "coffee lounge"
        ],
        "notation": "喫茶店(きっさてん)"
    },
    {
        "name": "sukoshi",
        "trans": [
            "Few"
        ],
        "notation": "少(すこ)し"
    },
    {
        "name": "soba",
        "trans": [
            "near, beside"
        ],
        "notation": "そば"
    },
    {
        "name": "mannenhitsu",
        "trans": [
            "fountain pen"
        ],
        "notation": "万年筆(まんねんひつ)"
    },
    {
        "name": "onaka",
        "trans": [
            "stomach"
        ],
        "notation": "おなか"
    },
    {
        "name": "eigakan",
        "trans": [
            "cinema"
        ],
        "notation": "映画(えいが)館(かん)"
    },
    {
        "name": "kyoudai",
        "trans": [
            "(humble) siblings"
        ],
        "notation": "兄弟(きょうだい)"
    },
    {
        "name": "ireru",
        "trans": [
            "to put in"
        ],
        "notation": "入(い)れる"
    },
    {
        "name": "mada",
        "trans": [
            "yet,still"
        ],
        "notation": "まだ"
    },
    {
        "name": "densha",
        "trans": [
            "electric train"
        ],
        "notation": "電車(でんしゃ)"
    },
    {
        "name": "tatsu",
        "trans": [
            "to stand"
        ],
        "notation": "立(た)つ"
    },
    {
        "name": "posuto",
        "trans": [
            "post"
        ],
        "notation": "ポスト"
    },
    {
        "name": "naze",
        "trans": [
            "why"
        ],
        "notation": "なぜ"
    },
    {
        "name": "dekiru",
        "trans": [
            "to be able to"
        ],
        "notation": "できる"
    },
    {
        "name": "zubon",
        "trans": [
            "Trousers"
        ],
        "notation": "ズボン"
    },
    {
        "name": "nekutai",
        "trans": [
            "tie,necktie"
        ],
        "notation": "ネクタイ"
    },
    {
        "name": "sakana",
        "trans": [
            "Fish"
        ],
        "notation": "魚(さかな)"
    },
    {
        "name": "teeburu",
        "trans": [
            "table"
        ],
        "notation": "テーブル"
    },
    {
        "name": "kokonotsu",
        "trans": [
            "Nine"
        ],
        "notation": "九(ここの)つ"
    },
    {
        "name": "kasa",
        "trans": [
            "Umbrella"
        ],
        "notation": "傘(かさ)"
    },
    {
        "name": "maishuu",
        "trans": [
            "every week"
        ],
        "notation": "毎週(まいしゅう)"
    },
    {
        "name": "yasui",
        "trans": [
            "cheap"
        ],
        "notation": "安(やす)い"
    },
    {
        "name": "megane",
        "trans": [
            "glasses"
        ],
        "notation": "眼鏡(めがね)"
    },
    {
        "name": "shiroi",
        "trans": [
            "White"
        ],
        "notation": "白(しろ)い"
    },
    {
        "name": "enpitsu",
        "trans": [
            "pencil"
        ],
        "notation": "鉛筆(えんぴつ)"
    },
    {
        "name": "kaesu",
        "trans": [
            "to return something"
        ],
        "notation": "返(かえ)す"
    },
    {
        "name": "soto",
        "trans": [
            "Outside"
        ],
        "notation": "外(そと)"
    },
    {
        "name": "hajime/hajime",
        "trans": [
            "beginning"
        ],
        "notation": "初(はじ)め/始(はじ)め"
    },
    {
        "name": "tabemono",
        "trans": [
            "food"
        ],
        "notation": "食(た)べ物(もの)"
    },
    {
        "name": "douzo",
        "trans": [
            "please"
        ],
        "notation": "どうぞ"
    },
    {
        "name": "aoi",
        "trans": [
            "blue"
        ],
        "notation": "青(あお)い"
    },
    {
        "name": "kono",
        "trans": [
            "This"
        ],
        "notation": "この"
    },
    {
        "name": "nijuunichi",
        "trans": [
            "twenty days,twentieth"
        ],
        "notation": "二(に)十(じゅう)日(にち)"
    },
    {
        "name": "saifu",
        "trans": [
            "Wallet"
        ],
        "notation": "財布(さいふ)"
    },
    {
        "name": "gakkou",
        "trans": [
            "School"
        ],
        "notation": "学校(がっこう)"
    },
    {
        "name": "tsukareru",
        "trans": [
            "to get tired"
        ],
        "notation": "疲(つか)れる"
    },
    {
        "name": "sengetsu",
        "trans": [
            "last month"
        ],
        "notation": "先月(せんげつ)"
    },
    {
        "name": "ichinichi",
        "trans": [
            "first of month"
        ],
        "notation": "一(いち)日(にち)"
    },
    {
        "name": "bourupen",
        "trans": [
            "ball-point pen"
        ],
        "notation": "ボールペン"
    },
    {
        "name": "oneesan",
        "trans": [
            "(honorable) older sister"
        ],
        "notation": "お姉(ねえ)さん"
    },
    {
        "name": "suzushii",
        "trans": [
            "Refreshing"
        ],
        "notation": "涼(すず)しい"
    },
    {
        "name": "atarashii",
        "trans": [
            "new"
        ],
        "notation": "新(あたら)しい"
    },
    {
        "name": "toru",
        "trans": [
            "to take a photo or record a film"
        ],
        "notation": "撮(と)る"
    },
    {
        "name": "meetoru",
        "trans": [
            "metre"
        ],
        "notation": "メートル"
    },
    {
        "name": "kouhii",
        "trans": [
            "Coffee"
        ],
        "notation": "コーヒー"
    },
    {
        "name": "yon",
        "trans": [
            "Four"
        ],
        "notation": "四(よん)"
    },
    {
        "name": "hima",
        "trans": [
            "free time"
        ],
        "notation": "暇(ひま)"
    },
    {
        "name": "demo",
        "trans": [
            "but"
        ],
        "notation": "でも"
    },
    {
        "name": "ichinin",
        "trans": [
            "one person"
        ],
        "notation": "一(いち)人(にん)"
    },
    {
        "name": "yomu",
        "trans": [
            "to read"
        ],
        "notation": "読(よ)む"
    },
    {
        "name": "apaato",
        "trans": [
            "apartment"
        ],
        "notation": "アパート"
    },
    {
        "name": "iu",
        "trans": [
            "to say"
        ],
        "notation": "言(い)う"
    },
    {
        "name": "mae",
        "trans": [
            "before"
        ],
        "notation": "前(まえ)"
    },
    {
        "name": "butaniku",
        "trans": [
            "pork"
        ],
        "notation": "豚肉(ぶたにく)"
    },
    {
        "name": "kudasai",
        "trans": [
            "Please"
        ],
        "notation": "ください"
    },
    {
        "name": "sentaku",
        "trans": [
            "Washing"
        ],
        "notation": "洗濯(せんたく)"
    },
    {
        "name": "niwa",
        "trans": [
            "garden"
        ],
        "notation": "庭(にわ)"
    },
    {
        "name": "sumu",
        "trans": [
            "to live in"
        ],
        "notation": "住(す)む"
    },
    {
        "name": "imi",
        "trans": [
            "meaning"
        ],
        "notation": "意味(いみ)"
    },
    {
        "name": "hoka",
        "trans": [
            "other, the rest"
        ],
        "notation": "ほか"
    },
    {
        "name": "semai",
        "trans": [
            "Narrow"
        ],
        "notation": "狭(せま)い"
    },
    {
        "name": "kyou",
        "trans": [
            "Today"
        ],
        "notation": "今日(きょう)"
    },
    {
        "name": "matsu",
        "trans": [
            "to wait"
        ],
        "notation": "待(ま)つ"
    },
    {
        "name": "namae",
        "trans": [
            "name"
        ],
        "notation": "名前(なまえ)"
    },
    {
        "name": "ano",
        "trans": [
            "um..."
        ],
        "notation": "あの"
    },
    {
        "name": "go",
        "trans": [
            "Five"
        ],
        "notation": "五(ご)"
    },
    {
        "name": "deha",
        "trans": [
            "with that..."
        ],
        "notation": "では"
    },
    {
        "name": "konshuu",
        "trans": [
            "this week"
        ],
        "notation": "今週(こんしゅう)"
    },
    {
        "name": "tabun",
        "trans": [
            "probably"
        ],
        "notation": "多分(たぶん)"
    },
    {
        "name": "iku",
        "trans": [
            "to go"
        ],
        "notation": "行(い)く"
    },
    {
        "name": "tomaru",
        "trans": [
            "to come to a halt"
        ],
        "notation": "止(と)まる"
    },
    {
        "name": "sarainen",
        "trans": [
            "year after next"
        ],
        "notation": "さ来年(らいねん)"
    },
    {
        "name": "supoutsu",
        "trans": [
            "Sport"
        ],
        "notation": "スポーツ"
    },
    {
        "name": "mizu",
        "trans": [
            "water"
        ],
        "notation": "水(みず)"
    },
    {
        "name": "kaze",
        "trans": [
            "Wind"
        ],
        "notation": "風(かぜ)"
    },
    {
        "name": "han",
        "trans": [
            "half"
        ],
        "notation": "半(はん)"
    },
    {
        "name": "tanjoubi",
        "trans": [
            "birthday"
        ],
        "notation": "誕生(たんじょう)日(び)"
    },
    {
        "name": "karee",
        "trans": [
            "Curry"
        ],
        "notation": "カレー"
    },
    {
        "name": "firumu",
        "trans": [
            "roll of film"
        ],
        "notation": "フィルム"
    },
    {
        "name": "tsukau",
        "trans": [
            "to use"
        ],
        "notation": "使(つか)う"
    },
    {
        "name": "pen",
        "trans": [
            "pen"
        ],
        "notation": "ペン"
    },
    {
        "name": "heya",
        "trans": [
            "room"
        ],
        "notation": "部屋(へや)"
    },
    {
        "name": "juu",
        "trans": [
            "Ten"
        ],
        "notation": "十(じゅう)"
    },
    {
        "name": "otouto",
        "trans": [
            "younger brother"
        ],
        "notation": "弟(おとうと)"
    },
    {
        "name": "iriguchi",
        "trans": [
            "entrance"
        ],
        "notation": "入口(いりぐち)"
    },
    {
        "name": "socchi",
        "trans": [
            "over there"
        ],
        "notation": "そっち"
    },
    {
        "name": "gyuuniku",
        "trans": [
            "Beef"
        ],
        "notation": "牛肉(ぎゅうにく)"
    },
    {
        "name": "jouzu",
        "trans": [
            "Skillful"
        ],
        "notation": "上手(じょうず)"
    },
    {
        "name": "kekkou",
        "trans": [
            "splendid, enough"
        ],
        "notation": "結構(けっこう)"
    },
    {
        "name": "oboeru",
        "trans": [
            "to remember"
        ],
        "notation": "覚(おぼ)える"
    },
    {
        "name": "chiisana",
        "trans": [
            "little"
        ],
        "notation": "小(ちい)さな"
    },
    {
        "name": "umareru",
        "trans": [
            "to be born"
        ],
        "notation": "生(う)まれる"
    },
    {
        "name": "karada",
        "trans": [
            "Body"
        ],
        "notation": "体(からだ)"
    },
    {
        "name": "dono",
        "trans": [
            "which"
        ],
        "notation": "どの"
    },
    {
        "name": "akai",
        "trans": [
            "red"
        ],
        "notation": "赤(あか)い"
    },
    {
        "name": "mondai",
        "trans": [
            "problem"
        ],
        "notation": "問題(もんだい)"
    },
    {
        "name": "ninin",
        "trans": [
            "two people"
        ],
        "notation": "二(に)人(にん)"
    },
    {
        "name": "tomodachi",
        "trans": [
            "friend"
        ],
        "notation": "友達(ともだち)"
    },
    {
        "name": "kazoku",
        "trans": [
            "Family"
        ],
        "notation": "家族(かぞく)"
    },
    {
        "name": "yoru",
        "trans": [
            "evening,night"
        ],
        "notation": "夜(よる)"
    },
    {
        "name": "ashi",
        "trans": [
            "foot, leg"
        ],
        "notation": "足(あし)"
    },
    {
        "name": "kudamono",
        "trans": [
            "Fruit"
        ],
        "notation": "果物(くだもの)"
    },
    {
        "name": "kitte",
        "trans": [
            "postage stamp"
        ],
        "notation": "切手(きって)"
    },
    {
        "name": "fuutou",
        "trans": [
            "envelope"
        ],
        "notation": "封筒(ふうとう)"
    },
    {
        "name": "ichiban",
        "trans": [
            "best, first"
        ],
        "notation": "いちばん"
    },
    {
        "name": "najiranai",
        "trans": [
            "boring"
        ],
        "notation": "詰(なじ)らない"
    },
    {
        "name": "hiku",
        "trans": [
            "to pull"
        ],
        "notation": "引(ひ)く"
    },
    {
        "name": "shinu",
        "trans": [
            "to die"
        ],
        "notation": "死(し)ぬ"
    },
    {
        "name": "nochi",
        "trans": [
            "afterwards"
        ],
        "notation": "後(のち)"
    },
    {
        "name": "chairo",
        "trans": [
            "brown"
        ],
        "notation": "茶色(ちゃいろ)"
    },
    {
        "name": "nanatsu",
        "trans": [
            "seven"
        ],
        "notation": "七(なな)つ"
    },
    {
        "name": "shinbun",
        "trans": [
            "newspaper"
        ],
        "notation": "新聞(しんぶん)"
    },
    {
        "name": "yasashii",
        "trans": [
            "easy, simple"
        ],
        "notation": "易(やさ)しい"
    },
    {
        "name": "eiga",
        "trans": [
            "movie"
        ],
        "notation": "映画(えいが)"
    },
    {
        "name": "urusai",
        "trans": [
            "noisy, annoying"
        ],
        "notation": "煩(うるさ)い"
    },
    {
        "name": "mura",
        "trans": [
            "village"
        ],
        "notation": "村(むら)"
    },
    {
        "name": "abiru",
        "trans": [
            "to bathe, to shower"
        ],
        "notation": "あびる"
    },
    {
        "name": "ame",
        "trans": [
            "candy"
        ],
        "notation": "飴(あめ)"
    },
    {
        "name": "tsurai",
        "trans": [
            "Spicy"
        ],
        "notation": "辛(つら)い"
    },
    {
        "name": "obaasan",
        "trans": [
            "grandmother, female senior-citizen"
        ],
        "notation": "おばあさん"
    },
    {
        "name": "onaji",
        "trans": [
            "same"
        ],
        "notation": "同(おな)じ"
    },
    {
        "name": "neru",
        "trans": [
            "to go to bed,to sleep"
        ],
        "notation": "寝(ね)る"
    },
    {
        "name": "motto",
        "trans": [
            "more"
        ],
        "notation": "もっと"
    },
    {
        "name": "zasshi",
        "trans": [
            "Magazine"
        ],
        "notation": "雑誌(ざっし)"
    },
    {
        "name": "au",
        "trans": [
            "to meet"
        ],
        "notation": "会(あ)う"
    },
    {
        "name": "iru",
        "trans": [
            "to need"
        ],
        "notation": "要(い)る"
    },
    {
        "name": "midori",
        "trans": [
            "green"
        ],
        "notation": "緑(みどり)"
    },
    {
        "name": "shashin",
        "trans": [
            "photograph"
        ],
        "notation": "写真(しゃしん)"
    },
    {
        "name": "kotoshi",
        "trans": [
            "this year"
        ],
        "notation": "今年(ことし)"
    },
    {
        "name": "haizara",
        "trans": [
            "ashtray"
        ],
        "notation": "灰皿(はいざら)"
    },
    {
        "name": "nijuusai",
        "trans": [
            "20 years old,20th year"
        ],
        "notation": "二(に)十(じゅう)歳(さい)"
    }
]
