[
    {
        "name": "good",
        "trans": [
            "好的"
        ],
        "usphone": "ɡʊd",
        "ukphone": "gʊd"
    },
    {
        "name": "morning",
        "trans": [
            "早晨；上午"
        ],
        "usphone": "'mɔrnɪŋ",
        "ukphone": "'mɔːnɪŋ"
    },
    {
        "name": "Good morning!",
        "trans": [
            "早上好！"
        ],
        "usphone": "",
        "ukphone": ""
    },
    {
        "name": "hi",
        "trans": [
            "(用于打招呼)嗨；喂"
        ],
        "usphone": "haɪ",
        "ukphone": "haɪ"
    },
    {
        "name": "hello",
        "trans": [
            "你好；喂"
        ],
        "usphone": "həˈlo",
        "ukphone": "həˈləʊ"
    },
    {
        "name": "afternoon",
        "trans": [
            "下午"
        ],
        "usphone": ",æftɚ'nun",
        "ukphone": "ɑːftə'nuːn"
    },
    {
        "name": "Good afternoon!",
        "trans": [
            "下午好！"
        ],
        "usphone": "",
        "ukphone": ""
    },
    {
        "name": "evening",
        "trans": [
            "晚上；傍晚"
        ],
        "usphone": "'ivnɪŋ",
        "ukphone": "'iːv(ə)nɪŋ"
    },
    {
        "name": "Good evening!",
        "trans": [
            "晚上好！"
        ],
        "usphone": "",
        "ukphone": ""
    },
    {
        "name": "how",
        "trans": [
            "怎样；如何"
        ],
        "usphone": "haʊ",
        "ukphone": "haʊ"
    },
    {
        "name": "are",
        "trans": [
            "是（第二人称单复数现在式）"
        ],
        "usphone": "ɑr",
        "ukphone": "ɑ:(r)"
    },
    {
        "name": "you",
        "trans": [
            "你；你们"
        ],
        "usphone": "ju",
        "ukphone": "juː"
    },
    {
        "name": "How are you?",
        "trans": [
            "你好吗？"
        ],
        "usphone": "haʊ ɑr ju",
        "ukphone": "haʊ ɑr ju"
    },
    {
        "name": "I",
        "trans": [
            "我"
        ],
        "usphone": "",
        "ukphone": "aɪ"
    },
    {
        "name": "am",
        "trans": [
            "是(第一人称单数现在时)"
        ],
        "usphone": "ɛm",
        "ukphone": "em"
    },
    {
        "name": "fine",
        "trans": [
            "美好的；健康的"
        ],
        "usphone": "faɪn",
        "ukphone": "faɪn"
    },
    {
        "name": "thanks",
        "trans": [
            "感谢；谢谢",
            "感谢；谢谢"
        ],
        "usphone": "θæŋks",
        "ukphone": "θæŋks"
    },
    {
        "name": "OK",
        "trans": [
            "好；可以",
            "好；可以"
        ],
        "usphone": "",
        "ukphone": ""
    },
    {
        "name": "what",
        "trans": [
            "什么"
        ],
        "usphone": "hwɒt; hwɑt",
        "ukphone": "wɒt"
    },
    {
        "name": "is",
        "trans": [
            "是（第三人称单数现在时）"
        ],
        "usphone": "ɪz",
        "ukphone": "ɪz"
    },
    {
        "name": "this",
        "trans": [
            "这；这个"
        ],
        "usphone": "ðɪs",
        "ukphone": "ðɪs"
    },
    {
        "name": "in",
        "trans": [
            "(表示使用语言、材料等)用；以"
        ],
        "usphone": "ɪn",
        "ukphone": "ɪn"
    },
    {
        "name": "English",
        "trans": [
            "英语",
            "英格兰的；英格兰人的；英语的"
        ],
        "usphone": "'ɪŋɡlɪʃ",
        "ukphone": "'ɪŋɡlɪʃ"
    },
    {
        "name": "in English",
        "trans": [
            "用英语"
        ],
        "usphone": "",
        "ukphone": ""
    },
    {
        "name": "map",
        "trans": [
            "地图"
        ],
        "usphone": "mæp",
        "ukphone": "mæp"
    },
    {
        "name": "cup",
        "trans": [
            "杯子"
        ],
        "usphone": "kʌp",
        "ukphone": "kʌp"
    },
    {
        "name": "ruler",
        "trans": [
            "尺；直尺"
        ],
        "usphone": "'rulɚ",
        "ukphone": "'ruːlə"
    },
    {
        "name": "pen",
        "trans": [
            "笔；钢笔"
        ],
        "usphone": "pɛn",
        "ukphone": "pen"
    },
    {
        "name": "orange",
        "trans": [
            "橙子"
        ],
        "usphone": "'ɔrɪndʒ",
        "ukphone": "'ɒrɪn(d)ʒ"
    },
    {
        "name": "jacket",
        "trans": [
            "夹克衫；短上衣"
        ],
        "usphone": "'dʒækɪt",
        "ukphone": "'dʒækɪt"
    },
    {
        "name": "key",
        "trans": [
            "钥匙"
        ],
        "usphone": "",
        "ukphone": "kiː"
    },
    {
        "name": "quilt",
        "trans": [
            "被子；床罩"
        ],
        "usphone": "kwɪlt",
        "ukphone": "kwɪlt"
    },
    {
        "name": "it",
        "trans": [
            "它"
        ],
        "usphone": "ɪt",
        "ukphone": "ɪt"
    },
    {
        "name": "a",
        "trans": [
            "(用于单数可数名词前)一(人、事、物)"
        ],
        "usphone": "ə; e",
        "ukphone": "ə; eɪ"
    },
    {
        "name": "that",
        "trans": [
            "那；那个"
        ],
        "usphone": "ðæt",
        "ukphone": "ðæt; ðət"
    },
    {
        "name": "spell",
        "trans": [
            "用字母拼；拼写"
        ],
        "usphone": "spɛl",
        "ukphone": "spel"
    },
    {
        "name": "please",
        "trans": [
            "(用于客气地请求或吩咐)请"
        ],
        "usphone": "pliz",
        "ukphone": "pliːz"
    },
    {
        "name": "color",
        "trans": [
            "(colour的美式拼法) 颜色"
        ],
        "usphone": "'kʌlɚ",
        "ukphone": "'kʌlə(r)"
    },
    {
        "name": "red",
        "trans": [
            "红色（的）",
            "红色"
        ],
        "usphone": "rɛd",
        "ukphone": "red"
    },
    {
        "name": "yellow",
        "trans": [
            "黄色（的）",
            "黄色"
        ],
        "usphone": "ˈjɛlo",
        "ukphone": "'jeləʊ"
    },
    {
        "name": "green",
        "trans": [
            "绿色（的）",
            "绿色"
        ],
        "usphone": "ɡrin",
        "ukphone": "griːn"
    },
    {
        "name": "blue",
        "trans": [
            "蓝色（的）",
            "蓝色"
        ],
        "usphone": "blu",
        "ukphone": "bluː"
    },
    {
        "name": "black",
        "trans": [
            "黑色（的）",
            "黑色"
        ],
        "usphone": "blæk",
        "ukphone": "blæk"
    },
    {
        "name": "white",
        "trans": [
            "白色（的）",
            "白色"
        ],
        "usphone": "hwaɪt",
        "ukphone": "waɪt"
    },
    {
        "name": "purple",
        "trans": [
            "紫色（的）",
            "紫色"
        ],
        "usphone": "'pɝpl",
        "ukphone": "'pɜːp(ə)l"
    },
    {
        "name": "brown",
        "trans": [
            "棕色；褐色",
            "棕色（的）；褐色（的）"
        ],
        "usphone": "braʊn",
        "ukphone": "braʊn"
    },
    {
        "name": "the",
        "trans": [
            "指已提到或易领会到的人或事"
        ],
        "usphone": "ðə; ði",
        "ukphone": "ðə;ði:"
    },
    {
        "name": "now",
        "trans": [
            "现在；目前"
        ],
        "usphone": "naʊ",
        "ukphone": "naʊ"
    },
    {
        "name": "see",
        "trans": [
            "理解；明白"
        ],
        "usphone": "si",
        "ukphone": "siː"
    },
    {
        "name": "can",
        "trans": [
            "能；会"
        ],
        "usphone": "kæn",
        "ukphone": "kæn"
    },
    {
        "name": "say",
        "trans": [
            "说；讲"
        ],
        "usphone": "se",
        "ukphone": "seɪ"
    },
    {
        "name": "my",
        "trans": [
            "我的"
        ],
        "usphone": "maɪ",
        "ukphone": "maɪ"
    },
    {
        "name": "name",
        "trans": [
            "名字；名称"
        ],
        "usphone": "nem",
        "ukphone": "neɪm"
    },
    {
        "name": "nice",
        "trans": [
            "令人愉快的；宜人的"
        ],
        "usphone": "naɪs",
        "ukphone": "naɪs"
    },
    {
        "name": "to",
        "trans": [
            "(表明和某人或某物的关系)"
        ],
        "usphone": "tə;tu;tuː",
        "ukphone": "tə;tu;tuː"
    },
    {
        "name": "meet",
        "trans": [
            "遇见；相逢"
        ],
        "usphone": "mit",
        "ukphone": "miːt"
    },
    {
        "name": "too",
        "trans": [
            "太；也；又"
        ],
        "usphone": "tu",
        "ukphone": "tuː"
    },
    {
        "name": "your",
        "trans": [
            "你的；你们的"
        ],
        "usphone": "jʊər; jʊr",
        "ukphone": "jɔ:(r)"
    },
    {
        "name": "Ms.",
        "trans": [
            "(于女子的姓名前，不指明婚否)女士"
        ],
        "usphone": "miz",
        "ukphone": "miz"
    },
    {
        "name": "his",
        "trans": [
            "他的；它的〔指雄性动物〕"
        ],
        "usphone": "hɪz",
        "ukphone": "hɪz"
    },
    {
        "name": "and",
        "trans": [
            "和；又；而"
        ],
        "usphone": "ənd, ən,ænd",
        "ukphone": "ənd; (ə)n; ænd"
    },
    {
        "name": "her",
        "trans": [
            "中文释义: 她的;它的〔指雌性动物〕"
        ],
        "usphone": "hɚ",
        "ukphone": "hɜː"
    },
    {
        "name": "yes",
        "trans": [
            "是的；可以"
        ],
        "usphone": "jɛs",
        "ukphone": "jes"
    },
    {
        "name": "she",
        "trans": [
            "她"
        ],
        "usphone": "ʃi",
        "ukphone": "ʃiː"
    },
    {
        "name": "he",
        "trans": [
            "他"
        ],
        "usphone": "hi",
        "ukphone": "hiː"
    },
    {
        "name": "no",
        "trans": [
            "不；没有；不是"
        ],
        "usphone": "no",
        "ukphone": "nəʊ"
    },
    {
        "name": "not",
        "trans": [
            "不；没有"
        ],
        "usphone": "nɑt",
        "ukphone": "nɒt"
    },
    {
        "name": "zero",
        "trans": [
            "零"
        ],
        "usphone": "ˈzɪro",
        "ukphone": "'zɪərəʊ"
    },
    {
        "name": "one",
        "trans": [
            "一"
        ],
        "usphone": "wʌn",
        "ukphone": "wʌn"
    },
    {
        "name": "two",
        "trans": [
            "二"
        ],
        "usphone": "tu",
        "ukphone": "tuː"
    },
    {
        "name": "three",
        "trans": [
            "三"
        ],
        "usphone": "θri",
        "ukphone": "θriː"
    },
    {
        "name": "four",
        "trans": [
            "四"
        ],
        "usphone": "fɔr",
        "ukphone": "fɔː"
    },
    {
        "name": "five",
        "trans": [
            "五"
        ],
        "usphone": "faɪv",
        "ukphone": "faɪv"
    },
    {
        "name": "six",
        "trans": [
            "六"
        ],
        "usphone": "sɪks",
        "ukphone": "sɪks"
    },
    {
        "name": "seven",
        "trans": [
            "七"
        ],
        "usphone": "'sɛvn",
        "ukphone": "'sev(ə)n"
    },
    {
        "name": "eight",
        "trans": [
            "八"
        ],
        "usphone": "et",
        "ukphone": "eɪt"
    },
    {
        "name": "nine",
        "trans": [
            "九"
        ],
        "usphone": "naɪn",
        "ukphone": "naɪn"
    },
    {
        "name": "telephone",
        "trans": [
            "电话；电话机"
        ],
        "usphone": "ˈtɛləfon",
        "ukphone": "'telɪfəʊn"
    },
    {
        "name": "number",
        "trans": [
            "号码；数字"
        ],
        "usphone": "'nʌmbɚ",
        "ukphone": "'nʌmbə"
    },
    {
        "name": "phone",
        "trans": [
            "电话；电话机"
        ],
        "usphone": "fon",
        "ukphone": "fəʊn"
    },
    {
        "name": "telephone number",
        "trans": [
            "电话号码"
        ],
        "usphone": "",
        "ukphone": ""
    },
    {
        "name": "phone number",
        "trans": [
            "电话号码"
        ],
        "usphone": "",
        "ukphone": ""
    },
    {
        "name": "first",
        "trans": [
            "第一"
        ],
        "usphone": "fɝst",
        "ukphone": "fɜːst"
    },
    {
        "name": "first name",
        "trans": [
            "名字"
        ],
        "usphone": "",
        "ukphone": ""
    },
    {
        "name": "last",
        "trans": [
            "最后的；末尾的；最近的，最近一段时间的，最近一次的"
        ],
        "usphone": "læst",
        "ukphone": "lɑːst"
    },
    {
        "name": "last name",
        "trans": [
            "姓"
        ],
        "usphone": "",
        "ukphone": ""
    },
    {
        "name": "friend",
        "trans": [
            "朋友"
        ],
        "usphone": "frɛnd",
        "ukphone": "frend"
    },
    {
        "name": "China",
        "trans": [
            "中国"
        ],
        "usphone": "",
        "ukphone": "ˈtʃaɪnə"
    },
    {
        "name": "middle",
        "trans": [
            "中间的；中间"
        ],
        "usphone": "'mɪdl",
        "ukphone": "'mɪd(ə)l"
    },
    {
        "name": "school",
        "trans": [
            "学校"
        ],
        "usphone": "skul",
        "ukphone": "skuːl"
    },
    {
        "name": "middle school",
        "trans": [
            "中学；初中"
        ],
        "usphone": "",
        "ukphone": ""
    },
    {
        "name": "sister",
        "trans": [
            "姐；妹"
        ],
        "usphone": "'sɪstɚ",
        "ukphone": "'sɪstə"
    },
    {
        "name": "mother",
        "trans": [
            "母亲；妈妈"
        ],
        "usphone": "'mʌðɚ",
        "ukphone": "'mʌðə"
    },
    {
        "name": "father",
        "trans": [
            "父亲；爸爸"
        ],
        "usphone": "'fɑðɚ",
        "ukphone": "'fɑːðə"
    },
    {
        "name": "parent",
        "trans": [
            "父（母）亲"
        ],
        "usphone": "'pɛrənt",
        "ukphone": "'peər(ə)nt"
    },
    {
        "name": "brother",
        "trans": [
            "兄；弟"
        ],
        "usphone": "'brʌðɚ",
        "ukphone": "'brʌðə"
    },
    {
        "name": "grandmother",
        "trans": [
            "（外）祖母；奶奶"
        ],
        "usphone": "'ɡrænmʌðɚ",
        "ukphone": "'græn(d)mʌðə"
    },
    {
        "name": "grandfather",
        "trans": [
            "(外)祖父；爷爷；"
        ],
        "usphone": "'græn'fɑðɚ",
        "ukphone": "'græn(d)fɑːðə"
    },
    {
        "name": "grandparent",
        "trans": [
            "祖父（母）；"
        ],
        "usphone": "'græn'pɛrənt",
        "ukphone": "'græn(d)peər(ə)nt"
    },
    {
        "name": "family",
        "trans": [
            "家；家庭"
        ],
        "usphone": "ˈfæməlɪ",
        "ukphone": "ˈfæməlɪ"
    },
    {
        "name": "those",
        "trans": [
            "那些"
        ],
        "usphone": "ðoz",
        "ukphone": "ðəʊz"
    },
    {
        "name": "who",
        "trans": [
            "谁；什么人"
        ],
        "usphone": "hu",
        "ukphone": "huː; hʊ"
    },
    {
        "name": "oh",
        "trans": [
            "哦；啊"
        ],
        "usphone": "o",
        "ukphone": "əʊ"
    },
    {
        "name": "these",
        "trans": [
            "这些"
        ],
        "usphone": "ðiz",
        "ukphone": "ðiːz"
    },
    {
        "name": "they",
        "trans": [
            "他（她、它）们"
        ],
        "usphone": "ðe",
        "ukphone": "ðeɪ"
    },
    {
        "name": "well",
        "trans": [
            "嗯；好吧"
        ],
        "usphone": "wɛl",
        "ukphone": "wel"
    },
    {
        "name": "have",
        "trans": [
            "与过去分词连用构成动词的完成时态",
            "包括，包含，有"
        ],
        "usphone": "həv;hæv",
        "ukphone": "həv;hæv"
    },
    {
        "name": "Have a good day!",
        "trans": [
            "(表示祝愿)过得愉快！"
        ],
        "usphone": "",
        "ukphone": ""
    },
    {
        "name": "bye",
        "trans": [
            "再见"
        ],
        "usphone": "baɪ",
        "ukphone": "baɪ"
    },
    {
        "name": "son",
        "trans": [
            "儿子"
        ],
        "usphone": "sʌn",
        "ukphone": "sʌn"
    },
    {
        "name": "cousin",
        "trans": [
            "堂兄（弟、姐、妹）；表兄"
        ],
        "usphone": "'kʌzn",
        "ukphone": "'kʌz(ə)n"
    },
    {
        "name": "grandpa",
        "trans": [
            "（外）祖父；爷爷；外公"
        ],
        "usphone": "grandpa",
        "ukphone": "ˈgrænpɑ:"
    },
    {
        "name": "mom",
        "trans": [
            "(mum)妈妈"
        ],
        "usphone": "mɑm",
        "ukphone": "mɒm"
    },
    {
        "name": "aunt",
        "trans": [
            "姑母；姨母；伯母；婶母；舅母"
        ],
        "usphone": "ænt",
        "ukphone": "ɑːnt"
    },
    {
        "name": "grandma",
        "trans": [
            "（外）祖母；奶奶；外婆；"
        ],
        "usphone": "ɡrænmɑ",
        "ukphone": "'græn(d)mɑː"
    },
    {
        "name": "dad",
        "trans": [
            "爸爸"
        ],
        "usphone": "dæd",
        "ukphone": "dæd"
    },
    {
        "name": "uncle",
        "trans": [
            "舅父；叔父；伯父；姑父；舅父"
        ],
        "usphone": "'ʌŋkl",
        "ukphone": "'ʌŋk(ə)l"
    },
    {
        "name": "daughter",
        "trans": [
            "女儿"
        ],
        "usphone": "'dɔtɚ",
        "ukphone": "'dɔːtə"
    },
    {
        "name": "here",
        "trans": [
            "在这里"
        ],
        "usphone": "hɪr",
        "ukphone": "hɪə"
    },
    {
        "name": "photo",
        "trans": [
            "照片"
        ],
        "usphone": "'foto",
        "ukphone": "'fəʊtəʊ"
    },
    {
        "name": "of",
        "trans": [
            "属于(人或物)；关于(人或物)"
        ],
        "usphone": "ʌv; əv",
        "ukphone": "ɒv; (ə)v"
    },
    {
        "name": "next",
        "trans": [
            "下一个（的）；接下来（的）"
        ],
        "usphone": "nɛkst",
        "ukphone": "nekst"
    },
    {
        "name": "picture",
        "trans": [
            "图画；照片"
        ],
        "usphone": "'pɪktʃɚ",
        "ukphone": "'pɪktʃə"
    },
    {
        "name": "girl",
        "trans": [
            "女孩"
        ],
        "usphone": "ɡɝl",
        "ukphone": "gɜːl"
    },
    {
        "name": "dog",
        "trans": [
            "狗"
        ],
        "usphone": "dɔɡ",
        "ukphone": "dɒg"
    },
    {
        "name": "pencil",
        "trans": [
            "铅笔"
        ],
        "usphone": "'pɛnsl",
        "ukphone": "'pens(ə)l; -sɪl"
    },
    {
        "name": "book",
        "trans": [
            "书"
        ],
        "usphone": "bʊk",
        "ukphone": "bʊk"
    },
    {
        "name": "eraser",
        "trans": [
            "橡皮"
        ],
        "usphone": "ɪ'resɚ",
        "ukphone": "ɪ'reɪzə"
    },
    {
        "name": "box",
        "trans": [
            "箱；盒"
        ],
        "usphone": "bɑks",
        "ukphone": "bɒks"
    },
    {
        "name": "pencil box",
        "trans": [
            "铅笔盒；文具盒"
        ],
        "usphone": "'pɛnsl bɑks",
        "ukphone": ""
    },
    {
        "name": "schoolbag",
        "trans": [
            "书包"
        ],
        "usphone": "ˈskulˌbæɡ",
        "ukphone": "'skuːlbæɡ"
    },
    {
        "name": "dictionary",
        "trans": [
            "词典；字典"
        ],
        "usphone": "'dɪkʃə'nɛri",
        "ukphone": "'dɪkʃ(ə)n(ə)rɪ"
    },
    {
        "name": "his.",
        "trans": [
            "他的"
        ],
        "usphone": "hɪz",
        "ukphone": "hɪz"
    },
    {
        "name": "mine",
        "trans": [
            "我的"
        ],
        "usphone": "maɪn",
        "ukphone": "maɪn"
    },
    {
        "name": "hers",
        "trans": [
            "她的"
        ],
        "usphone": "hɝz",
        "ukphone": "hɜːz"
    },
    {
        "name": "excuse",
        "trans": [
            "原谅；宽恕"
        ],
        "usphone": "ɪkˈskjus; ɪkˈskjuz",
        "ukphone": "ɪkˈskju:s; ɪkˈskju:z"
    },
    {
        "name": "me",
        "trans": [
            "(I的宾格)我"
        ],
        "usphone": "mi",
        "ukphone": "miː"
    },
    {
        "name": "excuse me",
        "trans": [
            "劳驾；请原谅"
        ],
        "usphone": "",
        "ukphone": ""
    },
    {
        "name": "thank",
        "trans": [
            "感谢；谢谢"
        ],
        "usphone": "θæŋk",
        "ukphone": "θæŋk"
    },
    {
        "name": "teacher",
        "trans": [
            "老师；教师"
        ],
        "usphone": "'titʃɚ",
        "ukphone": "'tiːtʃə"
    },
    {
        "name": "about",
        "trans": [
            "关于"
        ],
        "usphone": "ə'baʊt",
        "ukphone": "ə'baʊt"
    },
    {
        "name": "What about...?",
        "trans": [
            "询问消息或提出建议...怎么样？"
        ],
        "usphone": "",
        "ukphone": ""
    },
    {
        "name": "yours",
        "trans": [
            "你的；你们的"
        ],
        "usphone": "jʊrz",
        "ukphone": "jɔːz; jʊəz"
    },
    {
        "name": "for",
        "trans": [
            "给；对；为了"
        ],
        "usphone": "fɚ; strong form fɔr",
        "ukphone": "fə(r); strong form fɔ:(r)"
    },
    {
        "name": "thank you for...",
        "trans": [
            "为......而感谢"
        ],
        "usphone": "",
        "ukphone": ""
    },
    {
        "name": "help",
        "trans": [
            "帮助；援助",
            "帮助；援助"
        ],
        "usphone": "hɛlp",
        "ukphone": "help"
    },
    {
        "name": "welcome",
        "trans": [
            "受欢迎的"
        ],
        "usphone": "ˈwɛlkəm",
        "ukphone": "ˈwelkəm"
    },
    {
        "name": "You're welcome.",
        "trans": [
            "别客气。"
        ],
        "usphone": "",
        "ukphone": ""
    },
    {
        "name": "baseball",
        "trans": [
            "棒球"
        ],
        "usphone": "'besbɔl",
        "ukphone": "'beɪsbɔːl"
    },
    {
        "name": "watch",
        "trans": [
            "表；手表"
        ],
        "usphone": "wɑtʃ",
        "ukphone": "wɒtʃ"
    },
    {
        "name": "computer",
        "trans": [
            "计算机；电脑"
        ],
        "usphone": "kəm'pjutɚ",
        "ukphone": "kəm'pjuːtə"
    },
    {
        "name": "game",
        "trans": [
            "游戏；运动；比赛"
        ],
        "usphone": "ɡem",
        "ukphone": "geɪm"
    },
    {
        "name": "card",
        "trans": [
            "卡片"
        ],
        "usphone": "kɑrd",
        "ukphone": "kɑːd"
    },
    {
        "name": "ID card",
        "trans": [
            "学生卡；身份证"
        ],
        "usphone": "",
        "ukphone": ""
    },
    {
        "name": "notebook",
        "trans": [
            "笔记本"
        ],
        "usphone": "'notbʊk",
        "ukphone": "'nəʊtbʊk"
    },
    {
        "name": "ring",
        "trans": [
            "戒指"
        ],
        "usphone": "rɪŋ",
        "ukphone": "rɪŋ"
    },
    {
        "name": "bag",
        "trans": [
            "袋；包；一袋之量，一（满）袋"
        ],
        "usphone": "bæɡ",
        "ukphone": "bæg"
    },
    {
        "name": "in.",
        "trans": [
            "在...里"
        ],
        "usphone": "ɪn",
        "ukphone": "ɪn"
    },
    {
        "name": "library",
        "trans": [
            "图书馆"
        ],
        "usphone": "laɪˌbrɛrɪ",
        "ukphone": "ˈlaɪbrərɪ"
    },
    {
        "name": "ask",
        "trans": [
            "询问；请求；要求"
        ],
        "usphone": "æsk",
        "ukphone": "ɑːsk"
    },
    {
        "name": "ask... for...",
        "trans": [
            "请求；恳求(给予)"
        ],
        "usphone": "",
        "ukphone": ""
    },
    {
        "name": "find",
        "trans": [
            "找到；发现"
        ],
        "usphone": "faɪnd",
        "ukphone": "faɪnd"
    },
    {
        "name": "some",
        "trans": [
            "一些；某些"
        ],
        "usphone": "sʌm;səm",
        "ukphone": "sʌm;səm"
    },
    {
        "name": "classroom",
        "trans": [
            "教室"
        ],
        "usphone": "'klæsrʊm",
        "ukphone": "'klɑːsruːm; -rʊm"
    },
    {
        "name": "e-mail",
        "trans": [
            "(email)电子邮件"
        ],
        "usphone": "'i,mel",
        "ukphone": "'i:meɪl"
    },
    {
        "name": "at",
        "trans": [
            "在；在…里；在…上〔指地点〕；在(做某事的时候)"
        ],
        "usphone": "æt; ət",
        "ukphone": "æt; ət"
    },
    {
        "name": "call",
        "trans": [
            "(给)打电话"
        ],
        "usphone": "kɔl",
        "ukphone": "kɔːl"
    },
    {
        "name": "lost",
        "trans": [
            "(动词lose的过去式)遗失；丢失"
        ],
        "usphone": "lɔst",
        "ukphone": "lɒst"
    },
    {
        "name": "must",
        "trans": [
            "必须"
        ],
        "usphone": "mʌst",
        "ukphone": "mʌst"
    },
    {
        "name": "set",
        "trans": [
            "一套；一副；一组"
        ],
        "usphone": "sɛt",
        "ukphone": "set"
    },
    {
        "name": "a set of",
        "trans": [
            "一套；一副；一组"
        ],
        "usphone": "",
        "ukphone": ""
    },
    {
        "name": "where",
        "trans": [
            "在哪里；到哪里"
        ],
        "usphone": "hweə(r); hwɛr",
        "ukphone": "weə"
    },
    {
        "name": "table",
        "trans": [
            "桌子"
        ],
        "usphone": "'tebl",
        "ukphone": "'teɪb(ə)l"
    },
    {
        "name": "bed",
        "trans": [
            "床"
        ],
        "usphone": "bɛd",
        "ukphone": "bed"
    },
    {
        "name": "bookcase",
        "trans": [
            "书架；书柜"
        ],
        "usphone": "'bʊkkes",
        "ukphone": "'bʊkkeɪs"
    },
    {
        "name": "sofa",
        "trans": [
            "沙发"
        ],
        "usphone": "'sofə",
        "ukphone": "'səʊfə"
    },
    {
        "name": "chair",
        "trans": [
            "椅子"
        ],
        "usphone": "tʃɛr",
        "ukphone": "tʃeə"
    },
    {
        "name": "on",
        "trans": [
            "在...上"
        ],
        "usphone": "ɑn",
        "ukphone": "ɒn"
    },
    {
        "name": "under",
        "trans": [
            "在...下"
        ],
        "usphone": "'ʌndɚ",
        "ukphone": "'ʌndə"
    },
    {
        "name": "come",
        "trans": [
            "来；来到"
        ],
        "usphone": "kʌm",
        "ukphone": "kʌm"
    },
    {
        "name": "come on",
        "trans": [
            "快点儿"
        ],
        "usphone": "",
        "ukphone": ""
    },
    {
        "name": "desk",
        "trans": [
            "书桌"
        ],
        "usphone": "dɛsk",
        "ukphone": "desk"
    },
    {
        "name": "think",
        "trans": [
            "认为；想",
            "思考"
        ],
        "usphone": "θɪŋk",
        "ukphone": "θɪŋk"
    },
    {
        "name": "room",
        "trans": [
            "房间"
        ],
        "usphone": "rum",
        "ukphone": "ruːm; rʊm"
    },
    {
        "name": "their",
        "trans": [
            "他（她、它）们的"
        ],
        "usphone": "ðɛr",
        "ukphone": "ðeə"
    },
    {
        "name": "hat",
        "trans": [
            "帽子"
        ],
        "usphone": "hæt",
        "ukphone": "hæt"
    },
    {
        "name": "head",
        "trans": [
            "头"
        ],
        "usphone": "hɛd",
        "ukphone": "hed"
    },
    {
        "name": "yeah",
        "trans": [
            "是的；对"
        ],
        "usphone": "jɛə",
        "ukphone": "jeə; je"
    },
    {
        "name": "know",
        "trans": [
            "知道；了解"
        ],
        "usphone": "no",
        "ukphone": "nəʊ"
    },
    {
        "name": "radio",
        "trans": [
            "收音机；无线电广播"
        ],
        "usphone": "'redɪo",
        "ukphone": "'reɪdɪəʊ"
    },
    {
        "name": "clock",
        "trans": [
            "时钟"
        ],
        "usphone": "klɑk",
        "ukphone": "klɒk"
    },
    {
        "name": "tape",
        "trans": [
            "磁带；录音带；录像带"
        ],
        "usphone": "tep",
        "ukphone": "teɪp"
    },
    {
        "name": "player",
        "trans": [
            "播放机"
        ],
        "usphone": "'pleɚ",
        "ukphone": "'pleɪə"
    },
    {
        "name": "tape player",
        "trans": [
            "激光唱机; 光盘播放机"
        ],
        "usphone": "",
        "ukphone": ""
    },
    {
        "name": "model",
        "trans": [
            "模型"
        ],
        "usphone": "'mɑdl",
        "ukphone": "'mɒdl"
    },
    {
        "name": "plane",
        "trans": [
            "飞机"
        ],
        "usphone": "plen",
        "ukphone": "pleɪn"
    },
    {
        "name": "model plane",
        "trans": [
            "飞机模型"
        ],
        "usphone": "",
        "ukphone": ""
    },
    {
        "name": "tidy",
        "trans": [
            "整洁的；井井有条的"
        ],
        "usphone": "'taɪdi",
        "ukphone": "'taɪdɪ"
    },
    {
        "name": "but",
        "trans": [
            "但是"
        ],
        "usphone": "bʌt",
        "ukphone": "bʌt; bət"
    },
    {
        "name": "our",
        "trans": [
            "我们的"
        ],
        "usphone": "aʊr",
        "ukphone": "aʊə"
    },
    {
        "name": "everywhere",
        "trans": [
            "处处；到处；各地"
        ],
        "usphone": "'ɛvrɪwɛr",
        "ukphone": "'evrɪweə"
    },
    {
        "name": "always",
        "trans": [
            "总是"
        ],
        "usphone": "'ɔlwez",
        "ukphone": "ˈɔ:lweɪz"
    },
    {
        "name": "do",
        "trans": [
            "用于否定句疑问句；用于避免重复某一动词；做；干"
        ],
        "usphone": "du",
        "ukphone": "duː"
    },
    {
        "name": "have.",
        "trans": [
            "与过去分词连用构成动词的完成时态"
        ],
        "usphone": "həv;hæv",
        "ukphone": "həv;hæv"
    },
    {
        "name": "tennis",
        "trans": [
            "网球"
        ],
        "usphone": "ˈtɛnɪs",
        "ukphone": "'tenɪs"
    },
    {
        "name": "ball",
        "trans": [
            "球"
        ],
        "usphone": "bɔl",
        "ukphone": "bɔːl"
    },
    {
        "name": "ping-pong",
        "trans": [
            "乒乓球"
        ],
        "usphone": "",
        "ukphone": ""
    },
    {
        "name": "bat",
        "trans": [
            "球棒；球拍"
        ],
        "usphone": "bæt",
        "ukphone": "bæt"
    },
    {
        "name": "soccer",
        "trans": [
            "（英式）足球"
        ],
        "usphone": "'sɑkɚ",
        "ukphone": "'sɒkə"
    },
    {
        "name": "soccer ball",
        "trans": [
            "(英式)足球"
        ],
        "usphone": "",
        "ukphone": ""
    },
    {
        "name": "volleyball",
        "trans": [
            "排球"
        ],
        "usphone": "'vɑlɪbɔl",
        "ukphone": "'vɒlɪbɔːl"
    },
    {
        "name": "basketball",
        "trans": [
            "篮球"
        ],
        "usphone": "'bæskɪtbɔl",
        "ukphone": "'bɑːskɪtbɔːl"
    },
    {
        "name": "hey",
        "trans": [
            "嘿；喂"
        ],
        "usphone": "he",
        "ukphone": "heɪ"
    },
    {
        "name": "let",
        "trans": [
            "允许；让"
        ],
        "usphone": "lɛt",
        "ukphone": "let"
    },
    {
        "name": "us",
        "trans": [
            "(we的宾格)我们"
        ],
        "usphone": "əs; ʌs",
        "ukphone": "əs; ʌs"
    },
    {
        "name": "let's",
        "trans": [
            "（ let us ） 让我们（一起）"
        ],
        "usphone": "lets",
        "ukphone": "lets"
    },
    {
        "name": "go",
        "trans": [
            "去；走"
        ],
        "usphone": "go",
        "ukphone": "gəʊ"
    },
    {
        "name": "we",
        "trans": [
            "我们"
        ],
        "usphone": "wi",
        "ukphone": "wiː"
    },
    {
        "name": "late",
        "trans": [
            "迟到"
        ],
        "usphone": "let",
        "ukphone": "leɪt"
    },
    {
        "name": "has",
        "trans": [
            "(have的第三人称单数形式)有"
        ],
        "usphone": "hæz",
        "ukphone": "hæz"
    },
    {
        "name": "get",
        "trans": [
            "去取（或带来）；得到"
        ],
        "usphone": "ɡɛt",
        "ukphone": "get"
    },
    {
        "name": "great",
        "trans": [
            "大量的；很大程度的"
        ],
        "usphone": "ɡret",
        "ukphone": "greɪt"
    },
    {
        "name": "play",
        "trans": [
            "玩耍；参加（比赛或运动）"
        ],
        "usphone": "ple",
        "ukphone": "pleɪ"
    },
    {
        "name": "sound",
        "trans": [
            "听起来好像"
        ],
        "usphone": "saʊnd",
        "ukphone": "saʊnd"
    },
    {
        "name": "interesting",
        "trans": [
            "有趣的"
        ],
        "usphone": "'ɪntrəstɪŋ",
        "ukphone": "ˈɪntrəstɪŋ"
    },
    {
        "name": "boring",
        "trans": [
            "没趣的；令人厌倦的"
        ],
        "usphone": "'bɔrɪŋ",
        "ukphone": "'bɔːrɪŋ"
    },
    {
        "name": "fun",
        "trans": [
            "使人快乐的乐趣；快乐"
        ],
        "usphone": "fʌn",
        "ukphone": "fʌn"
    },
    {
        "name": "difficult",
        "trans": [
            "困难的"
        ],
        "usphone": "ˈdɪfəkəlt",
        "ukphone": "ˈdɪfɪkəlt"
    },
    {
        "name": "relaxing",
        "trans": [
            "轻松的；令人放松的"
        ],
        "usphone": "rɪ'læksɪŋ",
        "ukphone": "rɪ'læksɪŋ"
    },
    {
        "name": "watch.",
        "trans": [
            "注视；观看"
        ],
        "usphone": "wɑtʃ",
        "ukphone": "wɒtʃ"
    },
    {
        "name": "TV",
        "trans": [
            "(television) 电视；电视机"
        ],
        "usphone": "ˌti vi",
        "ukphone": "ˌti: ˈvi:"
    },
    {
        "name": "watch TV",
        "trans": [
            "看电视"
        ],
        "usphone": "",
        "ukphone": ""
    },
    {
        "name": "same",
        "trans": [
            "相同的"
        ],
        "usphone": "sem",
        "ukphone": "seɪm"
    },
    {
        "name": "love",
        "trans": [
            "爱；喜爱",
            "（尤指对家人、好友的）爱，关心，关爱"
        ],
        "usphone": "lʌv",
        "ukphone": "lʌv"
    },
    {
        "name": "with",
        "trans": [
            "和...在一起；中文释义: 带有；中文释义: 使用"
        ],
        "usphone": "wɪð; wɪθ",
        "ukphone": "wɪð"
    },
    {
        "name": "sport",
        "trans": [
            "体育运动"
        ],
        "usphone": "spɔrt",
        "ukphone": "spɔːt"
    },
    {
        "name": "them",
        "trans": [
            "(they的宾格)他(她、它)们"
        ],
        "usphone": "ðɛm; ðəm",
        "ukphone": "ðem; ðəm"
    },
    {
        "name": "only",
        "trans": [
            "只；仅"
        ],
        "usphone": "onlɪ",
        "ukphone": "'əʊnlɪ"
    },
    {
        "name": "like",
        "trans": [
            "喜欢；喜爱"
        ],
        "usphone": "laɪk",
        "ukphone": "laɪk"
    },
    {
        "name": "easy",
        "trans": [
            "容易的；不费力的"
        ],
        "usphone": "'izi",
        "ukphone": "'iːzɪ"
    },
    {
        "name": "after",
        "trans": [
            "在...以后"
        ],
        "usphone": "'æftɚ",
        "ukphone": "'ɑːftə"
    },
    {
        "name": "class",
        "trans": [
            "（一节）课，上课时间；班；班级"
        ],
        "usphone": "klæs",
        "ukphone": "klɑːs"
    },
    {
        "name": "classmate",
        "trans": [
            "同班同学"
        ],
        "usphone": "'klæsmet",
        "ukphone": "'klɑːsmeɪt"
    },
    {
        "name": "banana",
        "trans": [
            "香蕉"
        ],
        "usphone": "bə'nænə",
        "ukphone": "bə'nɑːnə"
    },
    {
        "name": "hamburger",
        "trans": [
            "汉堡包"
        ],
        "usphone": "hæmbɝ​ɡɚ",
        "ukphone": "ˈhæmbɜ:gə"
    },
    {
        "name": "tomato",
        "trans": [
            "西红柿"
        ],
        "usphone": "tə'meto",
        "ukphone": "tə'mɑːtəʊ"
    },
    {
        "name": "ice-cream",
        "trans": [
            "冰激凌"
        ],
        "usphone": "'aɪskrim",
        "ukphone": "'aɪskri:m"
    },
    {
        "name": "salad",
        "trans": [
            "沙拉"
        ],
        "usphone": "'sæləd",
        "ukphone": "'sæləd"
    },
    {
        "name": "strawberry",
        "trans": [
            "草莓"
        ],
        "usphone": "'strɔbɛri",
        "ukphone": "'strɔːb(ə)rɪ"
    },
    {
        "name": "pear",
        "trans": [
            "梨"
        ],
        "usphone": "pɛr",
        "ukphone": "peə"
    },
    {
        "name": "milk",
        "trans": [
            "牛奶"
        ],
        "usphone": "mɪlk",
        "ukphone": "mɪlk"
    },
    {
        "name": "bread",
        "trans": [
            "面包"
        ],
        "usphone": "brɛd",
        "ukphone": "bred"
    },
    {
        "name": "birthday",
        "trans": [
            "生日"
        ],
        "usphone": "'bɝθde",
        "ukphone": "'bɜːθdeɪ"
    },
    {
        "name": "dinner",
        "trans": [
            "(中午或晚上吃的)正餐"
        ],
        "usphone": "'dɪnɚ",
        "ukphone": "'dɪnə"
    },
    {
        "name": "week",
        "trans": [
            "周；星期"
        ],
        "usphone": "wik",
        "ukphone": "wiːk"
    },
    {
        "name": "think about",
        "trans": [
            "思考；思索"
        ],
        "usphone": "",
        "ukphone": ""
    },
    {
        "name": "food",
        "trans": [
            "食物"
        ],
        "usphone": "fud",
        "ukphone": "fuːd"
    },
    {
        "name": "sure",
        "trans": [
            "当然；肯定；一定"
        ],
        "usphone": "ʃʊər; ʃʊr",
        "ukphone": "ʃɔ:(r)"
    },
    {
        "name": "How about...?",
        "trans": [
            "(提出建议)......怎么样？"
        ],
        "usphone": "",
        "ukphone": ""
    },
    {
        "name": "burger",
        "trans": [
            "(hamburger)汉堡包"
        ],
        "usphone": "",
        "ukphone": ""
    },
    {
        "name": "vegetable",
        "trans": [
            "蔬菜"
        ],
        "usphone": "ˈvɛdʒtəbl",
        "ukphone": "ˈvedʒtəbl"
    },
    {
        "name": "fruit",
        "trans": [
            "水果"
        ],
        "usphone": "frut",
        "ukphone": "fruːt"
    },
    {
        "name": "right",
        "trans": [
            "正确的；适当的"
        ],
        "usphone": "raɪt",
        "ukphone": "raɪt"
    },
    {
        "name": "apple",
        "trans": [
            "苹果"
        ],
        "usphone": "'æpl",
        "ukphone": "'æp(ə)l"
    },
    {
        "name": "then",
        "trans": [
            "当时，那时；到时候，届时"
        ],
        "usphone": "ðɛn",
        "ukphone": "ðen"
    },
    {
        "name": "egg",
        "trans": [
            "蛋；鸡蛋"
        ],
        "usphone": "ɛɡ",
        "ukphone": "eg"
    },
    {
        "name": "carrot",
        "trans": [
            "胡萝卜"
        ],
        "usphone": "'kærət",
        "ukphone": "'kærət"
    },
    {
        "name": "rice",
        "trans": [
            "大米；米饭"
        ],
        "usphone": "raɪs",
        "ukphone": "raɪs"
    },
    {
        "name": "chicken",
        "trans": [
            "鸡肉"
        ],
        "usphone": "ˈtʃɪkɪn",
        "ukphone": "'tʃɪkɪn"
    },
    {
        "name": "so",
        "trans": [
            "(引出评论或问题)那么"
        ],
        "usphone": "so",
        "ukphone": "səʊ"
    },
    {
        "name": "breakfast",
        "trans": [
            "早餐；早饭"
        ],
        "usphone": "'brɛkfəst",
        "ukphone": "'brekfəst"
    },
    {
        "name": "lunch",
        "trans": [
            "午餐"
        ],
        "usphone": "lʌntʃ",
        "ukphone": "lʌn(t)ʃ"
    },
    {
        "name": "star",
        "trans": [
            "星星；明星"
        ],
        "usphone": "stɑr",
        "ukphone": "stɑː"
    },
    {
        "name": "eat",
        "trans": [
            "吃"
        ],
        "usphone": "it",
        "ukphone": "iːt"
    },
    {
        "name": "well.",
        "trans": [
            "好；令人满意地"
        ],
        "usphone": "wɛl",
        "ukphone": "wel"
    },
    {
        "name": "habit",
        "trans": [
            "习惯"
        ],
        "usphone": "'hæbɪt",
        "ukphone": "'hæbɪt"
    },
    {
        "name": "healthy",
        "trans": [
            "健康的"
        ],
        "usphone": "'hɛlθi",
        "ukphone": "'helθɪ"
    },
    {
        "name": "really",
        "trans": [
            "真正地"
        ],
        "usphone": "ˈriəˌli, ˈrili",
        "ukphone": "'rɪəlɪ"
    },
    {
        "name": "question",
        "trans": [
            "问题"
        ],
        "usphone": "'kwɛstʃən",
        "ukphone": "'kwestʃ(ə)n"
    },
    {
        "name": "want",
        "trans": [
            "需要；想要"
        ],
        "usphone": "wɔ:nt; wɔnt",
        "ukphone": "wɒnt"
    },
    {
        "name": "be",
        "trans": [
            "和现在分词构成动词的进行时态"
        ],
        "usphone": "bi",
        "ukphone": "biː"
    },
    {
        "name": "fat",
        "trans": [
            "肥的；肥胖的"
        ],
        "usphone": "fæt",
        "ukphone": "fæt"
    },
    {
        "name": "much",
        "trans": [
            "许多；大量；"
        ],
        "usphone": "mʌtʃ",
        "ukphone": "mʌtʃ"
    },
    {
        "name": "How much...?",
        "trans": [
            "(购物时)......多少钱？"
        ],
        "usphone": "",
        "ukphone": ""
    },
    {
        "name": "sock",
        "trans": [
            "短袜"
        ],
        "usphone": "sɑk",
        "ukphone": "sɒk"
    },
    {
        "name": "T-shirt",
        "trans": [
            "T恤衫"
        ],
        "usphone": "'ti,ʃɝt",
        "ukphone": "'ti, ʃɜ:t"
    },
    {
        "name": "shorts",
        "trans": [
            "(pl) 短裤"
        ],
        "usphone": "ʃɔrts",
        "ukphone": "ʃɔːts"
    },
    {
        "name": "sweater",
        "trans": [
            "毛衣"
        ],
        "usphone": "'swɛtɚ",
        "ukphone": "'swetə"
    },
    {
        "name": "trousers",
        "trans": [
            "(pl) 裤子"
        ],
        "usphone": "'traʊzɚz",
        "ukphone": "'traʊzəz"
    },
    {
        "name": "shoe",
        "trans": [
            "鞋"
        ],
        "usphone": "ʃu",
        "ukphone": "ʃuː"
    },
    {
        "name": "skirt",
        "trans": [
            "裙子"
        ],
        "usphone": "skɝt",
        "ukphone": "skɜːt"
    },
    {
        "name": "dollar",
        "trans": [
            "元(美国、等国的货币符号为$)"
        ],
        "usphone": "'dɑlɚ",
        "ukphone": "'dɒlə"
    },
    {
        "name": "big",
        "trans": [
            "大的；大号的"
        ],
        "usphone": "bɪɡ",
        "ukphone": "bɪg"
    },
    {
        "name": "small",
        "trans": [
            "小的；小号的"
        ],
        "usphone": "smɔl",
        "ukphone": "smɔːl"
    },
    {
        "name": "short",
        "trans": [
            "短的；矮的"
        ],
        "usphone": "ʃɔrt",
        "ukphone": "ʃɔːt"
    },
    {
        "name": "long",
        "trans": [
            "长的"
        ],
        "usphone": "lɔŋ",
        "ukphone": "lɒŋ"
    },
    {
        "name": "woman",
        "trans": [
            "女子"
        ],
        "usphone": "'wʊmən",
        "ukphone": "'wʊmən"
    },
    {
        "name": "Can I help you?",
        "trans": [
            "我能帮您吗？"
        ],
        "usphone": "",
        "ukphone": ""
    },
    {
        "name": "need",
        "trans": [
            "需要"
        ],
        "usphone": "nid",
        "ukphone": "niːd"
    },
    {
        "name": "look",
        "trans": [
            "看；看上去"
        ],
        "usphone": "lʊk",
        "ukphone": "lʊk"
    },
    {
        "name": "pair",
        "trans": [
            "一双；一对"
        ],
        "usphone": "pɛr",
        "ukphone": "peə"
    },
    {
        "name": "take",
        "trans": [
            "拿；取"
        ],
        "usphone": "tek",
        "ukphone": "teɪk"
    },
    {
        "name": "Here you are.",
        "trans": [
            "给你。"
        ],
        "usphone": "",
        "ukphone": ""
    },
    {
        "name": "ten",
        "trans": [
            "十"
        ],
        "usphone": "tɛn",
        "ukphone": "ten"
    },
    {
        "name": "eleven",
        "trans": [
            "十一"
        ],
        "usphone": "ɪ'lɛvn",
        "ukphone": "ɪ'lev(ə)n"
    },
    {
        "name": "twelve",
        "trans": [
            "十二"
        ],
        "usphone": "twɛlv",
        "ukphone": "twelv"
    },
    {
        "name": "thirteen",
        "trans": [
            "十三"
        ],
        "usphone": "'θɝ'tin",
        "ukphone": "θɜː'tiːn; 'θɜːtiːn"
    },
    {
        "name": "fifteen",
        "trans": [
            "十五"
        ],
        "usphone": ",fɪf'tin",
        "ukphone": "fɪf'tiːn; 'fɪftiːn"
    },
    {
        "name": "eighteen",
        "trans": [
            "十八"
        ],
        "usphone": ",e'tin",
        "ukphone": "eɪ'tiːn; 'eɪtiːn"
    },
    {
        "name": "twenty",
        "trans": [
            "二十"
        ],
        "usphone": "'twɛnti",
        "ukphone": "'twentɪ"
    },
    {
        "name": "thirty",
        "trans": [
            "三十"
        ],
        "usphone": "'θɝti",
        "ukphone": "'θɜːtɪ"
    },
    {
        "name": "Mr.",
        "trans": [
            "先生"
        ],
        "usphone": "'mistə",
        "ukphone": "'mistə"
    },
    {
        "name": "clothes",
        "trans": [
            "(pl) 衣服；服装"
        ],
        "usphone": "kloz",
        "ukphone": "kləʊ(ð)z"
    },
    {
        "name": "store",
        "trans": [
            "商店"
        ],
        "usphone": "stɔr",
        "ukphone": "stɔː"
    },
    {
        "name": "buy",
        "trans": [
            "购买；买"
        ],
        "usphone": "baɪ",
        "ukphone": "baɪ"
    },
    {
        "name": "sale",
        "trans": [
            "特价销售；出售"
        ],
        "usphone": "sel",
        "ukphone": "seɪl"
    },
    {
        "name": "sell",
        "trans": [
            "出售；销售；卖"
        ],
        "usphone": "sɛl",
        "ukphone": "sel"
    },
    {
        "name": "all",
        "trans": [
            "所有的；全部的"
        ],
        "usphone": "ɔl",
        "ukphone": "ɔːl"
    },
    {
        "name": "very",
        "trans": [
            "很；非常"
        ],
        "usphone": "ˈvɛrɪ",
        "ukphone": "'verɪ"
    },
    {
        "name": "price",
        "trans": [
            "价格"
        ],
        "usphone": "praɪs",
        "ukphone": "praɪs"
    },
    {
        "name": "boy",
        "trans": [
            "男孩"
        ],
        "usphone": "bɔɪ",
        "ukphone": "bɒɪ"
    },
    {
        "name": "a pair of",
        "trans": [
            "一双"
        ],
        "usphone": "",
        "ukphone": ""
    },
    {
        "name": "when",
        "trans": [
            "(疑问副词)什么时候"
        ],
        "usphone": "hwen; hwɛn",
        "ukphone": "wen"
    },
    {
        "name": "month",
        "trans": [
            "月；月份"
        ],
        "usphone": "mʌnθ",
        "ukphone": "mʌnθ"
    },
    {
        "name": "January",
        "trans": [
            "一月"
        ],
        "usphone": "'dʒænjʊ'ɛri",
        "ukphone": "'dʒænjʊ(ə)rɪ"
    },
    {
        "name": "February",
        "trans": [
            "二月"
        ],
        "usphone": "ˈfebrʊerɪ;'fɛbrʊɛrɪ",
        "ukphone": "ˈfebrʊərɪ"
    },
    {
        "name": "March",
        "trans": [
            "三月"
        ],
        "usphone": "mɑrtʃ",
        "ukphone": "mɑːtʃ"
    },
    {
        "name": "April",
        "trans": [
            "四月"
        ],
        "usphone": "'eprəl",
        "ukphone": "'eɪprəl"
    },
    {
        "name": "May",
        "trans": [
            "五月"
        ],
        "usphone": "me",
        "ukphone": "meɪ"
    },
    {
        "name": "June",
        "trans": [
            "六月"
        ],
        "usphone": "dʒun",
        "ukphone": "dʒu:n"
    },
    {
        "name": "July",
        "trans": [
            "七月"
        ],
        "usphone": "dʒʊˈlaɪ",
        "ukphone": "dʒʊˈlaɪ"
    },
    {
        "name": "August",
        "trans": [
            "八月"
        ],
        "usphone": "ɔˈɡʌst",
        "ukphone": "ɔ:ˈgʌst"
    },
    {
        "name": "September",
        "trans": [
            "九月"
        ],
        "usphone": "sɛp'tɛmbɚ",
        "ukphone": "sep'tembə"
    },
    {
        "name": "October",
        "trans": [
            "十月"
        ],
        "usphone": "ɑk'tobɚ",
        "ukphone": "ɒk'təʊbə"
    },
    {
        "name": "November",
        "trans": [
            "十一月"
        ],
        "usphone": "no'vɛmbɚ",
        "ukphone": "nə(ʊ)'vembə"
    },
    {
        "name": "December",
        "trans": [
            "十二月"
        ],
        "usphone": "dɪ'sɛmbɚ",
        "ukphone": "dɪ'sembə"
    },
    {
        "name": "happy",
        "trans": [
            "愉快的；高兴的"
        ],
        "usphone": "'hæpɪ",
        "ukphone": "'hæpɪ"
    },
    {
        "name": "Happy birthday!",
        "trans": [
            "生日快乐！"
        ],
        "usphone": "",
        "ukphone": ""
    },
    {
        "name": "old",
        "trans": [
            "旧的；年老的"
        ],
        "usphone": "old",
        "ukphone": "əʊld"
    },
    {
        "name": "How old...?",
        "trans": [
            "....多大年纪？..几岁了？"
        ],
        "usphone": "",
        "ukphone": ""
    },
    {
        "name": "party",
        "trans": [
            "聚会；晚会"
        ],
        "usphone": "'pɑrti",
        "ukphone": "'pɑːtɪ"
    },
    {
        "name": "See you!",
        "trans": [
            "再见！"
        ],
        "usphone": "",
        "ukphone": ""
    },
    {
        "name": "first.",
        "trans": [
            "第一"
        ],
        "usphone": "fɝst",
        "ukphone": "fɜːst"
    },
    {
        "name": "second",
        "trans": [
            "第二"
        ],
        "usphone": "'sɛkənd",
        "ukphone": "'sek(ə)nd"
    },
    {
        "name": "third",
        "trans": [
            "第三"
        ],
        "usphone": "θɝd",
        "ukphone": "θɜːd"
    },
    {
        "name": "fifth",
        "trans": [
            "第五；五分之一"
        ],
        "usphone": "fɪfθ",
        "ukphone": "fɪfθ"
    },
    {
        "name": "eighth",
        "trans": [
            "第八"
        ],
        "usphone": "etθ",
        "ukphone": "eɪtθ"
    },
    {
        "name": "ninth",
        "trans": [
            "第九"
        ],
        "usphone": "naɪnθ",
        "ukphone": "'naɪnθ"
    },
    {
        "name": "twelfth",
        "trans": [
            "第十二"
        ],
        "usphone": "twɛlfθ",
        "ukphone": "twelfθ"
    },
    {
        "name": "twentieth",
        "trans": [
            "第二十"
        ],
        "usphone": "ˈtwɛntɪɪθ",
        "ukphone": "ˈtwentɪəθ"
    },
    {
        "name": "test",
        "trans": [
            "测验；考查"
        ],
        "usphone": "tɛst",
        "ukphone": "test"
    },
    {
        "name": "trip",
        "trans": [
            "旅游；旅行"
        ],
        "usphone": "trɪp",
        "ukphone": "trɪp"
    },
    {
        "name": "art",
        "trans": [
            "艺术；美术"
        ],
        "usphone": "ɑrt",
        "ukphone": "ɑːt"
    },
    {
        "name": "festival",
        "trans": [
            "(音乐、戏剧等的)节；节日"
        ],
        "usphone": "ˈfɛstəvl",
        "ukphone": "ˈfestəvl"
    },
    {
        "name": "dear",
        "trans": [
            "亲爱的"
        ],
        "usphone": "dɪr",
        "ukphone": "dɪə"
    },
    {
        "name": "student",
        "trans": [
            "学生"
        ],
        "usphone": "'studnt",
        "ukphone": "'stjuːd(ə)nt"
    },
    {
        "name": "thing",
        "trans": [
            "东西；事情"
        ],
        "usphone": "θɪŋ",
        "ukphone": "θɪŋ"
    },
    {
        "name": "term",
        "trans": [
            "学期"
        ],
        "usphone": "tɝm",
        "ukphone": "tɜːm"
    },
    {
        "name": "busy",
        "trans": [
            "忙碌的；无暇的"
        ],
        "usphone": "ˈbɪzɪ",
        "ukphone": "'bɪzɪ"
    },
    {
        "name": "time",
        "trans": [
            "时间"
        ],
        "usphone": "taɪm",
        "ukphone": "taɪm"
    },
    {
        "name": "Have a good time!",
        "trans": [
            "(表示祝愿) 过得愉快！"
        ],
        "usphone": "",
        "ukphone": ""
    },
    {
        "name": "there",
        "trans": [
            "(在)那里"
        ],
        "usphone": "ðɛr",
        "ukphone": "ðeə; ðə"
    },
    {
        "name": "favorite",
        "trans": [
            "特别喜爱的(人或事物)"
        ],
        "usphone": "'fevərɪt",
        "ukphone": "'feɪvərɪt"
    },
    {
        "name": "subject",
        "trans": [
            "学科；科目"
        ],
        "usphone": "ˈsʌbdʒɪkt;(for adj.)ˈsʌbdʒɪkt;(for v.)səbˈdʒɛkt",
        "ukphone": "ˈsʌbdʒɪkt;(for adj.)ˈsʌbdʒɪkt;(for v.)səbˈdʒekt"
    },
    {
        "name": "science",
        "trans": [
            "科学"
        ],
        "usphone": "'saɪəns",
        "ukphone": "'saɪəns"
    },
    {
        "name": "P.E.",
        "trans": [
            "(physical education)体育"
        ],
        "usphone": "",
        "ukphone": ""
    },
    {
        "name": "music",
        "trans": [
            "音乐；乐曲"
        ],
        "usphone": "'mjuzɪk",
        "ukphone": "'mjuːzɪk"
    },
    {
        "name": "math",
        "trans": [
            "数学"
        ],
        "usphone": "mæθ",
        "ukphone": "mæθ"
    },
    {
        "name": "Chinese",
        "trans": [
            "汉语，中文；中国菜，中餐；中餐馆"
        ],
        "usphone": "",
        "ukphone": "tʃaɪniːz"
    },
    {
        "name": "geography",
        "trans": [
            "地理(学)"
        ],
        "usphone": "dʒiˈɑɡrəfɪ",
        "ukphone": "dʒɪ'ɒgrəfɪ"
    },
    {
        "name": "history",
        "trans": [
            "历史"
        ],
        "usphone": "ˈhɪstrɪ",
        "ukphone": "'hɪst(ə)rɪ"
    },
    {
        "name": "why",
        "trans": [
            "为什么"
        ],
        "usphone": "hwaɪ",
        "ukphone": "waɪ"
    },
    {
        "name": "because",
        "trans": [
            "因为"
        ],
        "usphone": "bɪ'kɔz",
        "ukphone": "bɪ'kɒz"
    },
    {
        "name": "Monday",
        "trans": [
            "星期一"
        ],
        "usphone": "ˈmʌnde; ˈmʌndɪ",
        "ukphone": "ˈmʌndeɪ; ˈmʌndi"
    },
    {
        "name": "Friday",
        "trans": [
            "星期五"
        ],
        "usphone": "",
        "ukphone": "ˈfraɪdeɪ"
    },
    {
        "name": "Saturday",
        "trans": [
            "星期六"
        ],
        "usphone": "sætɚdɪ; -de",
        "ukphone": "ˈsætədɪ; -deɪ"
    },
    {
        "name": "for sure",
        "trans": [
            "无疑；肯定"
        ],
        "usphone": "",
        "ukphone": ""
    },
    {
        "name": "free",
        "trans": [
            "空闲的"
        ],
        "usphone": "fri",
        "ukphone": "friː"
    },
    {
        "name": "cool",
        "trans": [
            "妙极的；酷的"
        ],
        "usphone": "kul",
        "ukphone": "kuːl"
    },
    {
        "name": "Tuesday",
        "trans": [
            "星期二"
        ],
        "usphone": "ˈtuzdɪ;-de",
        "ukphone": "'tjuːzdeɪ; -dɪ"
    },
    {
        "name": "Wednesday",
        "trans": [
            "星期三"
        ],
        "usphone": "ˈwɛnzdɪ",
        "ukphone": "ˈwenzdɪ"
    },
    {
        "name": "Thursday",
        "trans": [
            "星期四"
        ],
        "usphone": "ˈθɝzde; ˈθɝzdɪ",
        "ukphone": "'θɜːzdeɪ; -dɪ"
    },
    {
        "name": "Sunday",
        "trans": [
            "星期日"
        ],
        "usphone": "ˈsʌnde; ˈsʌndi",
        "ukphone": "ˈsʌndeɪ; ˈsʌndi"
    },
    {
        "name": "A.M.",
        "trans": [
            "(a.m.)上午"
        ],
        "usphone": "",
        "ukphone": ""
    },
    {
        "name": "P.M.",
        "trans": [
            "(p.m.) 下午；午后"
        ],
        "usphone": "",
        "ukphone": ""
    },
    {
        "name": "useful",
        "trans": [
            "有用的；有益的"
        ],
        "usphone": "'jusfl",
        "ukphone": "'juːsfʊl; -f(ə)l"
    },
    {
        "name": "from",
        "trans": [
            "(表示开始的时间)从......开始"
        ],
        "usphone": "frʌm",
        "ukphone": "frɒm; frəm"
    },
    {
        "name": "from... to...",
        "trans": [
            "从......到......"
        ],
        "usphone": "",
        "ukphone": ""
    },
    {
        "name": "Mrs.",
        "trans": [
            "(女子的姓氏或姓名前)太太；夫人"
        ],
        "usphone": "'misiz",
        "ukphone": "'misiz"
    },
    {
        "name": "finish",
        "trans": [
            "完成；做完"
        ],
        "usphone": "'fɪnɪʃ",
        "ukphone": "'fɪnɪʃ"
    },
    {
        "name": "lesson",
        "trans": [
            "课；一节课"
        ],
        "usphone": "'lɛsn",
        "ukphone": "'les(ə)n"
    },
    {
        "name": "hour",
        "trans": [
            "小时"
        ],
        "usphone": "'aʊr",
        "ukphone": "'aʊə"
    }
]