[
    {
        "name": "anyone",
        "trans": [
            "任何人"
        ],
        "usphone": "'ɛnɪ'wʌn",
        "ukphone": "'enɪwʌn"
    },
    {
        "name": "anywhere",
        "trans": [
            "任何地方",
            "任何(一个)地方"
        ],
        "usphone": "'ɛnɪwɛr",
        "ukphone": "'enɪweə"
    },
    {
        "name": "wonderful",
        "trans": [
            "精彩的；极好的"
        ],
        "usphone": "ˈwʌndɚfəl",
        "ukphone": "ˈwʌndə(r)fl"
    },
    {
        "name": "few",
        "trans": [
            "很少的；",
            "少量"
        ],
        "usphone": "fju",
        "ukphone": "fjuː"
    },
    {
        "name": "quite a few",
        "trans": [
            "相当多；不少(后接可数名词)"
        ],
        "usphone": "",
        "ukphone": ""
    },
    {
        "name": "most",
        "trans": [
            "最多的；大多数的"
        ],
        "usphone": "most",
        "ukphone": "məʊst"
    },
    {
        "name": "something",
        "trans": [
            "某事物"
        ],
        "usphone": "'sʌmθɪŋ",
        "ukphone": "'sʌmθɪŋ"
    },
    {
        "name": "nothing",
        "trans": [
            "没有什么",
            "没有"
        ],
        "usphone": "'nʌθɪŋ",
        "ukphone": "'nʌθɪŋ"
    },
    {
        "name": "everyone",
        "trans": [
            "每人；人人"
        ],
        "usphone": "'ɛvrɪwʌn",
        "ukphone": "'evrɪwʌn"
    },
    {
        "name": "of course",
        "trans": [
            "当然"
        ],
        "usphone": "",
        "ukphone": ""
    },
    {
        "name": "myself",
        "trans": [
            "我自己"
        ],
        "usphone": "maɪ'sɛlf",
        "ukphone": "maɪ'self"
    },
    {
        "name": "yourself",
        "trans": [
            "你自己；你亲自"
        ],
        "usphone": "jɔr'sɛlf",
        "ukphone": "jɔː'self; jʊə-; jə-"
    },
    {
        "name": "hen",
        "trans": [
            "母鸡；雌禽"
        ],
        "usphone": "hɛn",
        "ukphone": "hen"
    },
    {
        "name": "pig",
        "trans": [
            "猪"
        ],
        "usphone": "pɪɡ",
        "ukphone": "pɪg"
    },
    {
        "name": "seem",
        "trans": [
            "似乎；好像"
        ],
        "usphone": "sim",
        "ukphone": "siːm"
    },
    {
        "name": "bored",
        "trans": [
            "无聊的；厌烦的；郁闷的"
        ],
        "usphone": "bɔrd",
        "ukphone": "bɔːd"
    },
    {
        "name": "someone",
        "trans": [
            "某人；有人"
        ],
        "usphone": "'sʌmwʌn",
        "ukphone": "'sʌmwʌn"
    },
    {
        "name": "diary",
        "trans": [
            "日记；日记簿"
        ],
        "usphone": "'daɪəri",
        "ukphone": "'daɪərɪ"
    },
    {
        "name": "activity",
        "trans": [
            "活动；活跃"
        ],
        "usphone": "ækˈtɪvətɪ",
        "ukphone": "ækˈtɪvətɪ"
    },
    {
        "name": "decide",
        "trans": [
            "决定；选定(decide to do sth)"
        ],
        "usphone": "dɪ'saɪd",
        "ukphone": "dɪ'saɪd"
    },
    {
        "name": "try",
        "trans": [
            "尝试；设法；努力  (try to do sth /try doing sth)"
        ],
        "usphone": "traɪ",
        "ukphone": "traɪ"
    },
    {
        "name": "paragliding",
        "trans": [
            "空中滑翔跳伞"
        ],
        "usphone": "",
        "ukphone": ""
    },
    {
        "name": "feel like(doing sth.)",
        "trans": [
            "想要"
        ],
        "usphone": "",
        "ukphone": ""
    },
    {
        "name": "bird",
        "trans": [
            "鸟；禽"
        ],
        "usphone": "bɝd",
        "ukphone": "bɜːd"
    },
    {
        "name": "bicycle",
        "trans": [
            "自行车"
        ],
        "usphone": "'baɪsɪkl",
        "ukphone": "'baɪsɪkl"
    },
    {
        "name": "building",
        "trans": [
            "建筑物"
        ],
        "usphone": "'bɪldɪŋ",
        "ukphone": "'bɪldɪŋ"
    },
    {
        "name": "trader",
        "trans": [
            "商人"
        ],
        "usphone": "'tredɚ",
        "ukphone": "'treɪdə"
    },
    {
        "name": "wonder",
        "trans": [
            "想知道；惊奇；怀疑"
        ],
        "usphone": "'wʌndɚ",
        "ukphone": "'wʌndə"
    },
    {
        "name": "difference",
        "trans": [
            "差异；不同"
        ],
        "usphone": "'dɪfrəns",
        "ukphone": "'dɪf(ə)r(ə)ns"
    },
    {
        "name": "top",
        "trans": [
            "顶部；顶"
        ],
        "usphone": "tɑp",
        "ukphone": "tɒp"
    },
    {
        "name": "wait",
        "trans": [
            "等；等待(wait for)"
        ],
        "usphone": "wet",
        "ukphone": "weɪt"
    },
    {
        "name": "umbrella",
        "trans": [
            "伞；雨伞"
        ],
        "usphone": "ʌm'brɛlə",
        "ukphone": "ʌm'brelə"
    },
    {
        "name": "wet",
        "trans": [
            "湿的；雨天的；雨天的"
        ],
        "usphone": "wɛt",
        "ukphone": "wet"
    },
    {
        "name": "because of",
        "trans": [
            "因为；由于"
        ],
        "usphone": "",
        "ukphone": ""
    },
    {
        "name": "below",
        "trans": [
            "低于；在...下面",
            "在...下面"
        ],
        "usphone": "bɪ'lo",
        "ukphone": "bɪ'ləʊ"
    },
    {
        "name": "enough",
        "trans": [
            "足够的",
            "足够地；充分地"
        ],
        "usphone": "ɪ'nʌf",
        "ukphone": "ɪ'nʌf"
    },
    {
        "name": "hungry",
        "trans": [
            "(反full)饥饿的；渴望的"
        ],
        "usphone": "ˈhʌŋgrɪ",
        "ukphone": "'hʌŋgrɪ"
    },
    {
        "name": "as",
        "trans": [
            "如同；像一样"
        ],
        "usphone": "æz; əz",
        "ukphone": "æz; əz"
    },
    {
        "name": "hill",
        "trans": [
            "小山；丘陵；山冈；斜坡"
        ],
        "usphone": "hɪl",
        "ukphone": "hɪl"
    },
    {
        "name": "duck",
        "trans": [
            "鸭；鸭肉"
        ],
        "usphone": "dʌk",
        "ukphone": "dʌk"
    },
    {
        "name": "dislike",
        "trans": [
            "不喜欢；厌恶",
            "不喜爱；厌恶；反感"
        ],
        "usphone": "dɪs'laɪk",
        "ukphone": "dɪs'laɪk"
    },
    {
        "name": "have a good time",
        "trans": [
            "等于enjoy oneself/have fun(doing sth)玩得痛快"
        ],
        "usphone": "",
        "ukphone": ""
    },
    {
        "name": "Central Park",
        "trans": [
            "中央公园"
        ],
        "usphone": "",
        "ukphone": ""
    },
    {
        "name": "Huangguoshu waterfall",
        "trans": [
            "黄果树瀑布"
        ],
        "usphone": "",
        "ukphone": ""
    },
    {
        "name": "Hong Kong",
        "trans": [
            "香港"
        ],
        "usphone": "",
        "ukphone": ""
    },
    {
        "name": "Malaysia",
        "trans": [
            "马来西亚"
        ],
        "usphone": "mə'leʒə",
        "ukphone": "məˈleɪʒə"
    },
    {
        "name": "Georgetown",
        "trans": [
            "乔治城（圭亚那首都）"
        ],
        "usphone": "'dʒɔdʒtaun",
        "ukphone": "'dʒɔdʒtaun"
    },
    {
        "name": "Weld Quay",
        "trans": [
            "海乾街/码头, 位于马来西亚槟城岛(州)"
        ],
        "usphone": "",
        "ukphone": ""
    },
    {
        "name": "Penang Hill",
        "trans": [
            "马来西亚槟榔山（升旗山）"
        ],
        "usphone": "",
        "ukphone": ""
    },
    {
        "name": "tian'anmen square",
        "trans": [
            "天安门广场"
        ],
        "usphone": "",
        "ukphone": ""
    },
    {
        "name": "the Palace Museum",
        "trans": [
            "故宫博物院"
        ],
        "usphone": "",
        "ukphone": ""
    },
    {
        "name": "housework",
        "trans": [
            "家务劳动"
        ],
        "usphone": "'haʊs'wɝk",
        "ukphone": "'haʊswɜːk"
    },
    {
        "name": "hardly",
        "trans": [
            "几乎不；简直不；刚刚"
        ],
        "usphone": "'hɑrdli",
        "ukphone": "'hɑːdlɪ"
    },
    {
        "name": "ever",
        "trans": [
            "在任何时候"
        ],
        "usphone": "'ɛvɚ",
        "ukphone": "'evə"
    },
    {
        "name": "hardly ever",
        "trans": [
            "很少；几乎从不；难得"
        ],
        "usphone": "",
        "ukphone": ""
    },
    {
        "name": "once",
        "trans": [
            "一次；曾经"
        ],
        "usphone": "wʌns",
        "ukphone": "wʌns"
    },
    {
        "name": "twice",
        "trans": [
            "两次；两倍"
        ],
        "usphone": "twaɪs",
        "ukphone": "twaɪs"
    },
    {
        "name": "Internet",
        "trans": [
            "因特网"
        ],
        "usphone": "'ɪntɚnɛt",
        "ukphone": "'ɪntənet"
    },
    {
        "name": "program",
        "trans": [
            "程序；节目；节目单；课程"
        ],
        "usphone": "'proɡræm",
        "ukphone": "'prəʊɡræm"
    },
    {
        "name": "full",
        "trans": [
            "满的；充满的；完全的"
        ],
        "usphone": "fʊl",
        "ukphone": "fʊl"
    },
    {
        "name": "swing",
        "trans": [
            "摇摆；秋千",
            "摇摆；旋转"
        ],
        "usphone": "swɪŋ",
        "ukphone": "swɪŋ"
    },
    {
        "name": "swing dance",
        "trans": [
            "摇摆舞"
        ],
        "usphone": "",
        "ukphone": ""
    },
    {
        "name": "maybe",
        "trans": [
            "或许；也许；可能"
        ],
        "usphone": "'mebi",
        "ukphone": "'meɪbiː; -bɪ"
    },
    {
        "name": "least",
        "trans": [
            "最小的；最少的"
        ],
        "usphone": "list",
        "ukphone": "liːst"
    },
    {
        "name": "at least",
        "trans": [
            "至少"
        ],
        "usphone": "",
        "ukphone": ""
    },
    {
        "name": "junk",
        "trans": [
            "垃圾；废旧杂物"
        ],
        "usphone": "dʒʌŋk",
        "ukphone": "dʒʌŋk"
    },
    {
        "name": "junk food",
        "trans": [
            "垃圾食品；无营养食品"
        ],
        "usphone": "",
        "ukphone": ""
    },
    {
        "name": "coffee",
        "trans": [
            "咖啡；咖啡色"
        ],
        "usphone": "'kɔfi",
        "ukphone": "'kɒfɪ"
    },
    {
        "name": "health",
        "trans": [
            "健康；人的身体或精神状态"
        ],
        "usphone": "hɛlθ",
        "ukphone": "helθ"
    },
    {
        "name": "result",
        "trans": [
            "结果；后果"
        ],
        "usphone": "rɪ'zʌlt",
        "ukphone": "rɪ'zʌlt"
    },
    {
        "name": "percent",
        "trans": [
            "百分之百的"
        ],
        "usphone": "pɚ'sɛnt",
        "ukphone": "pə'sent"
    },
    {
        "name": "online",
        "trans": [
            "在线的",
            "在线地"
        ],
        "usphone": "'ɑn'laɪn",
        "ukphone": "ɒn'laɪn"
    },
    {
        "name": "television",
        "trans": [
            "电视机；电视节目"
        ],
        "usphone": "tɛləˌvɪʒən",
        "ukphone": "ˈtelɪvɪʒn"
    },
    {
        "name": "although",
        "trans": [
            "虽然；尽管；然而；可是"
        ],
        "usphone": "ɔl'ðo",
        "ukphone": "ɔːl'ðəʊ; ɒl-"
    },
    {
        "name": "through",
        "trans": [
            "穿过；一直到；凭借"
        ],
        "usphone": "θru",
        "ukphone": "θruː"
    },
    {
        "name": "mind",
        "trans": [
            "头脑；想法；意见；心思"
        ],
        "usphone": "maɪnd",
        "ukphone": "maɪnd"
    },
    {
        "name": "body",
        "trans": [
            "身体"
        ],
        "usphone": "'bɑdi",
        "ukphone": "'bɒdɪ"
    },
    {
        "name": "such",
        "trans": [
            "这样的；如此的"
        ],
        "usphone": "sʌtʃ",
        "ukphone": "sʌtʃ"
    },
    {
        "name": "such as",
        "trans": [
            "例如；诸如"
        ],
        "usphone": "",
        "ukphone": ""
    },
    {
        "name": "together",
        "trans": [
            "共同；一起"
        ],
        "usphone": "tə'ɡɛðɚ",
        "ukphone": "tə'geðə"
    },
    {
        "name": "die",
        "trans": [
            "死；枯竭；消失"
        ],
        "usphone": "daɪ",
        "ukphone": "daɪ"
    },
    {
        "name": "writer",
        "trans": [
            "作者；作家"
        ],
        "usphone": "'raɪtɚ",
        "ukphone": "'raɪtə"
    },
    {
        "name": "dentist",
        "trans": [
            "牙科医生"
        ],
        "usphone": "'dɛntɪst",
        "ukphone": "'dentɪst"
    },
    {
        "name": "magazine",
        "trans": [
            "杂志"
        ],
        "usphone": "'mæɡəzin",
        "ukphone": "mægə'ziːn"
    },
    {
        "name": "however",
        "trans": [
            "然而；无论如何；不管多么"
        ],
        "usphone": "haʊ'ɛvɚ",
        "ukphone": "haʊ'evə"
    },
    {
        "name": "than",
        "trans": [
            "比"
        ],
        "usphone": "ðæn",
        "ukphone": "ðæn; ð(ə)n"
    },
    {
        "name": "more than",
        "trans": [
            "超过；多于；；不仅仅；非常"
        ],
        "usphone": "mɔr ðæn",
        "ukphone": "mɔː ðæn"
    },
    {
        "name": "almost",
        "trans": [
            "几乎；差不多"
        ],
        "usphone": "'ɔlmost",
        "ukphone": "'ɔːlməʊst"
    },
    {
        "name": "none",
        "trans": [
            "没有人；没有任何东西，毫无"
        ],
        "usphone": "nʌn",
        "ukphone": "nʌn"
    },
    {
        "name": "less",
        "trans": [
            "更少的；较少的"
        ],
        "usphone": "lɛs",
        "ukphone": "les"
    },
    {
        "name": "less than",
        "trans": [
            "不到；少于"
        ],
        "usphone": "",
        "ukphone": ""
    },
    {
        "name": "point",
        "trans": [
            "看法；要点；重点；小数点；目标；分数"
        ],
        "usphone": "pɔɪnt",
        "ukphone": "pɒɪnt"
    },
    {
        "name": "outgoing",
        "trans": [
            "外向的"
        ],
        "usphone": "'aʊt'goɪŋ",
        "ukphone": "'aʊtgəʊɪŋ"
    },
    {
        "name": "better",
        "trans": [
            "更好的；较好的",
            "更好地"
        ],
        "usphone": "'bɛtɚ",
        "ukphone": "'betə"
    },
    {
        "name": "loudly",
        "trans": [
            "大声地；高声地；花俏地"
        ],
        "usphone": "'laʊdli",
        "ukphone": "'laʊdlɪ"
    },
    {
        "name": "quietly",
        "trans": [
            "安静地；悄悄地；平静地"
        ],
        "usphone": "ˈkwaɪətli",
        "ukphone": "ˈkwaɪətli"
    },
    {
        "name": "hard-working",
        "trans": [
            "勤勉的；努力工作的"
        ],
        "usphone": "",
        "ukphone": "ˈhɑːdˈwɜːkɪŋ"
    },
    {
        "name": "competition",
        "trans": [
            "竞争；比赛"
        ],
        "usphone": ",kɑmpə'tɪʃən",
        "ukphone": "ˌkɒmpəˈtɪʃn"
    },
    {
        "name": "fantastic",
        "trans": [
            "极好的；了不起的"
        ],
        "usphone": "fæn'tæstɪk",
        "ukphone": "fæn'tæstɪk"
    },
    {
        "name": "which",
        "trans": [
            "哪一个；哪些"
        ],
        "usphone": "wɪtʃ",
        "ukphone": "wɪtʃ"
    },
    {
        "name": "clearly",
        "trans": [
            "清楚地；显然地"
        ],
        "usphone": "'klɪrli",
        "ukphone": "'klɪəlɪ"
    },
    {
        "name": "win",
        "trans": [
            "赢；赢得；获胜；获得",
            "胜利"
        ],
        "usphone": "wɪn",
        "ukphone": "wɪn"
    },
    {
        "name": "though",
        "trans": [
            "虽然；尽管；",
            "不过"
        ],
        "usphone": "ðo",
        "ukphone": "ðəʊ"
    },
    {
        "name": "talented",
        "trans": [
            "有才能的；有天赋的"
        ],
        "usphone": "'tæləntɪd",
        "ukphone": "'tæləntɪd"
    },
    {
        "name": "truly",
        "trans": [
            "真实地；真诚地；正确地"
        ],
        "usphone": "ˈtruːli",
        "ukphone": "'truːlɪ"
    },
    {
        "name": "care",
        "trans": [
            "在乎；关心；担忧；照顾"
        ],
        "usphone": "kɛr",
        "ukphone": "keə"
    },
    {
        "name": "care about",
        "trans": [
            "关心"
        ],
        "usphone": "",
        "ukphone": ""
    },
    {
        "name": "serious",
        "trans": [
            "严重的；严肃的；庄重的"
        ],
        "usphone": "'sɪrɪəs",
        "ukphone": "'sɪərɪəs"
    },
    {
        "name": "mirror",
        "trans": [
            "镜子；反映"
        ],
        "usphone": "'mɪrɚ",
        "ukphone": "'mɪrə"
    },
    {
        "name": "kid",
        "trans": [
            "孩子，小孩"
        ],
        "usphone": "kɪd",
        "ukphone": "kɪd"
    },
    {
        "name": "as long as",
        "trans": [
            "只要"
        ],
        "usphone": "",
        "ukphone": ""
    },
    {
        "name": "necessary",
        "trans": [
            "必要的；必然的"
        ],
        "usphone": "ˈnɛsəˌsɛri",
        "ukphone": "ˈnesəsərɪ"
    },
    {
        "name": "be different from",
        "trans": [
            "和...不同"
        ],
        "usphone": "",
        "ukphone": ""
    },
    {
        "name": "both",
        "trans": [
            "两者"
        ],
        "usphone": "boθ",
        "ukphone": "bəʊθ"
    },
    {
        "name": "bring out",
        "trans": [
            "拿出；推出"
        ],
        "usphone": "",
        "ukphone": ""
    },
    {
        "name": "grade",
        "trans": [
            "成绩"
        ],
        "usphone": "ɡred",
        "ukphone": "greɪd"
    },
    {
        "name": "should",
        "trans": [
            "应该；应当；可能；将要"
        ],
        "usphone": "ʃəd; strong form ʃʊd",
        "ukphone": "ʃəd; strong form ʃʊd"
    },
    {
        "name": "the same as",
        "trans": [
            "与...同样的"
        ],
        "usphone": "",
        "ukphone": ""
    },
    {
        "name": "saying",
        "trans": [
            "名言"
        ],
        "usphone": "'seɪŋ",
        "ukphone": "'seɪɪŋ"
    },
    {
        "name": "reach",
        "trans": [
            "到达；伸出；达成；取得联系；延伸；(伸手)去够"
        ],
        "usphone": "ritʃ",
        "ukphone": "riːtʃ"
    },
    {
        "name": "hand",
        "trans": [
            "手"
        ],
        "usphone": "hænd",
        "ukphone": "hænd"
    },
    {
        "name": "touch",
        "trans": [
            "触摸；感动"
        ],
        "usphone": "tʌtʃ",
        "ukphone": "tʌtʃ"
    },
    {
        "name": "heart",
        "trans": [
            "心脏；内心"
        ],
        "usphone": "hɑrt",
        "ukphone": "hɑːt"
    },
    {
        "name": "fact",
        "trans": [
            "事实；真相；实际"
        ],
        "usphone": "fækt",
        "ukphone": "fækt"
    },
    {
        "name": "in fact",
        "trans": [
            "事实上；实际上"
        ],
        "usphone": "",
        "ukphone": ""
    },
    {
        "name": "break",
        "trans": [
            "打碎；折断；违背；结束; 打破 (困难或不快的情形)"
        ],
        "usphone": "brek",
        "ukphone": "breɪk"
    },
    {
        "name": "arm",
        "trans": [
            "胳膊"
        ],
        "usphone": "ɑrm",
        "ukphone": "ɑːm"
    },
    {
        "name": "laugh",
        "trans": [
            "发笑；笑",
            "笑声；笑；笑料"
        ],
        "usphone": "læf",
        "ukphone": "lɑːf"
    },
    {
        "name": "share",
        "trans": [
            "分享，共享；共有；分配"
        ],
        "usphone": "ʃɛr",
        "ukphone": "ʃeə"
    },
    {
        "name": "loud",
        "trans": [
            "大声的",
            "大声地；响亮地"
        ],
        "usphone": "laʊd",
        "ukphone": "laʊd"
    },
    {
        "name": "similar",
        "trans": [
            "类似的"
        ],
        "usphone": "'sɪməlɚ",
        "ukphone": "'sɪmɪlə"
    },
    {
        "name": "be similar to",
        "trans": [
            "类似于；与...相似"
        ],
        "usphone": "",
        "ukphone": ""
    },
    {
        "name": "primary",
        "trans": [
            "小学教育的，初级教育的；原始的；最初的"
        ],
        "usphone": "'praɪmɛri",
        "ukphone": "'praɪm(ə)rɪ"
    },
    {
        "name": "primary school",
        "trans": [
            "小学"
        ],
        "usphone": "",
        "ukphone": ""
    },
    {
        "name": "information",
        "trans": [
            "信息；情报；资料"
        ],
        "usphone": "'ɪnfɚ'meʃən",
        "ukphone": "ɪnfə'meɪʃ(ə)n"
    },
    {
        "name": "theater",
        "trans": [
            "剧场；电影院；戏院"
        ],
        "usphone": "'θiətɚ",
        "ukphone": "'θɪətə"
    },
    {
        "name": "comfortable",
        "trans": [
            "舒适的；充裕的"
        ],
        "usphone": "ˈkʌmfɚtəbl",
        "ukphone": "ˈkʌmftəbl"
    },
    {
        "name": "seat",
        "trans": [
            "座位"
        ],
        "usphone": "sit",
        "ukphone": "siːt"
    },
    {
        "name": "screen",
        "trans": [
            "屏幕；银幕"
        ],
        "usphone": "skrin",
        "ukphone": "skriːn"
    },
    {
        "name": "close",
        "trans": [
            "关；合拢；不开放；停业（暂时性或永久性）"
        ],
        "usphone": "kloz",
        "ukphone": "kləʊs"
    },
    {
        "name": "ticket",
        "trans": [
            "票"
        ],
        "usphone": "'tɪkɪt",
        "ukphone": "'tɪkɪt"
    },
    {
        "name": "worst",
        "trans": [
            "最坏的；最差的"
        ],
        "usphone": "wɝst",
        "ukphone": "wə:st"
    },
    {
        "name": "cheaply",
        "trans": [
            "廉价地；"
        ],
        "usphone": "",
        "ukphone": ""
    },
    {
        "name": "song",
        "trans": [
            "歌曲；歌唱"
        ],
        "usphone": "sɔŋ",
        "ukphone": "sɒŋ"
    },
    {
        "name": "choose",
        "trans": [
            "选择；决定"
        ],
        "usphone": "tʃuz",
        "ukphone": "tʃuːz"
    },
    {
        "name": "carefully",
        "trans": [
            "小心地，认真地"
        ],
        "usphone": "'kɛrfəli",
        "ukphone": "'keəfəlɪ"
    },
    {
        "name": "reporter",
        "trans": [
            "记者"
        ],
        "usphone": "rɪ'pɔrtɚ",
        "ukphone": "rɪ'pɔːtə"
    },
    {
        "name": "so far",
        "trans": [
            "到目前为止；迄今为止"
        ],
        "usphone": "",
        "ukphone": ""
    },
    {
        "name": "fresh",
        "trans": [
            "新的；新做的；新增的；新鲜的；清新的"
        ],
        "usphone": "frɛʃ",
        "ukphone": "freʃ"
    },
    {
        "name": "comfortably",
        "trans": [
            "舒服地；充裕地；容易地"
        ],
        "usphone": "'kʌmftəbli",
        "ukphone": "'kʌmfətəbli"
    },
    {
        "name": "worse",
        "trans": [
            "更坏的；更差的"
        ],
        "usphone": "wɜrs",
        "ukphone": "wəːs"
    },
    {
        "name": "service",
        "trans": [
            "公共服务系统，公共服务；公共事业机构"
        ],
        "usphone": "'sɝvɪs",
        "ukphone": "'sɜːvɪs"
    },
    {
        "name": "pretty",
        "trans": [
            "相当地",
            "漂亮的"
        ],
        "usphone": "ˈprɪtɪ",
        "ukphone": "'prɪtɪ"
    },
    {
        "name": "menu",
        "trans": [
            "菜单"
        ],
        "usphone": "'mɛnju",
        "ukphone": "'menjuː"
    },
    {
        "name": "act",
        "trans": [
            "行动；表演"
        ],
        "usphone": "ækt",
        "ukphone": "ækt"
    },
    {
        "name": "meal",
        "trans": [
            "一餐；膳食"
        ],
        "usphone": "mil",
        "ukphone": "miːl"
    },
    {
        "name": "creative",
        "trans": [
            "创造的，创造性的；"
        ],
        "usphone": "krɪ'etɪv",
        "ukphone": "kriː'eɪtɪv"
    },
    {
        "name": "performer",
        "trans": [
            "表演者；执行者"
        ],
        "usphone": "pɚ'fɔrmɚ",
        "ukphone": "pə'fɔːmə(r)"
    },
    {
        "name": "talent",
        "trans": [
            "天赋；才能，才艺；"
        ],
        "usphone": "'tælənt",
        "ukphone": "'tælənt"
    },
    {
        "name": "common",
        "trans": [
            "常见的；共同的；普通的"
        ],
        "usphone": "'kɑmən",
        "ukphone": "'kɒmən"
    },
    {
        "name": "have...in common",
        "trans": [
            "有相同特征"
        ],
        "usphone": "",
        "ukphone": ""
    },
    {
        "name": "magician",
        "trans": [
            "魔术师；术士"
        ],
        "usphone": "mə'dʒɪʃən",
        "ukphone": "mə'dʒɪʃ(ə)n"
    },
    {
        "name": "all kinds of",
        "trans": [
            "各种各样；各种类型"
        ],
        "usphone": "",
        "ukphone": ""
    },
    {
        "name": "beautifully",
        "trans": [
            "美丽地；完美地；"
        ],
        "usphone": "",
        "ukphone": ""
    },
    {
        "name": "be up to",
        "trans": [
            "是…….的职责；由…….决定"
        ],
        "usphone": "",
        "ukphone": ""
    },
    {
        "name": "role",
        "trans": [
            "作用；角色"
        ],
        "usphone": "rol",
        "ukphone": "rəʊl"
    },
    {
        "name": "play a role",
        "trans": [
            "发挥作用；有影响"
        ],
        "usphone": "",
        "ukphone": ""
    },
    {
        "name": "winner",
        "trans": [
            "获胜者"
        ],
        "usphone": "'wɪnɚ",
        "ukphone": "'wɪnə"
    },
    {
        "name": "prize",
        "trans": [
            "奖品；奖金"
        ],
        "usphone": "praɪz",
        "ukphone": "praɪz"
    },
    {
        "name": "everybody",
        "trans": [
            "每人；人人"
        ],
        "usphone": "'ɛvrɪbɑdi",
        "ukphone": "'evrɪbɒdɪ"
    },
    {
        "name": "make up",
        "trans": [
            "编造"
        ],
        "usphone": "",
        "ukphone": ""
    },
    {
        "name": "example",
        "trans": [
            "例子；榜样"
        ],
        "usphone": "ɪg'zæmpl",
        "ukphone": "ɪg'zɑːmp(ə)l; eg-"
    },
    {
        "name": "for example",
        "trans": [
            "例如"
        ],
        "usphone": "fɔr ɪɡˈzæmpəl",
        "ukphone": "fɔ: iɡˈzɑ:mpl"
    },
    {
        "name": "poor",
        "trans": [
            "贫穷的；可怜的"
        ],
        "usphone": "pʊər; pʊr",
        "ukphone": "pɔ:(r)"
    },
    {
        "name": "seriously",
        "trans": [
            "严重地；严肃地"
        ],
        "usphone": "'sɪrɪəsli",
        "ukphone": "'sɪərɪəslɪ"
    },
    {
        "name": "take...seriously",
        "trans": [
            "认真对待......"
        ],
        "usphone": "",
        "ukphone": ""
    },
    {
        "name": "give",
        "trans": [
            "给；赠予；送"
        ],
        "usphone": "ɡɪv",
        "ukphone": "gɪv"
    },
    {
        "name": "crowded",
        "trans": [
            "拥挤的"
        ],
        "usphone": "'kraʊdɪd",
        "ukphone": "'kraʊdɪd"
    },
    {
        "name": "sitcom",
        "trans": [
            "情景喜剧（situation comedy的缩写）"
        ],
        "usphone": "'sɪtkɑm",
        "ukphone": "'sɪtkɒm"
    },
    {
        "name": "situation comedy",
        "trans": [
            "情景喜剧"
        ],
        "usphone": "",
        "ukphone": ""
    },
    {
        "name": "news",
        "trans": [
            "消息；新闻"
        ],
        "usphone": "nuz",
        "ukphone": "njuːz"
    },
    {
        "name": "soap",
        "trans": [
            "肥皂"
        ],
        "usphone": "sop",
        "ukphone": "səʊp"
    },
    {
        "name": "soap opera",
        "trans": [
            "肥皂剧"
        ],
        "usphone": "",
        "ukphone": ""
    },
    {
        "name": "educational",
        "trans": [
            "教育的；有教育意义的"
        ],
        "usphone": ",ɛdʒu'keʃənl",
        "ukphone": "edʒʊ'keɪʃən(ə)l"
    },
    {
        "name": "plan",
        "trans": [
            "计划",
            "打算；计划"
        ],
        "usphone": "plæn",
        "ukphone": "plæn"
    },
    {
        "name": "hope",
        "trans": [
            "希望；期望；盼望",
            "希望"
        ],
        "usphone": "hop",
        "ukphone": "həʊp"
    },
    {
        "name": "find out",
        "trans": [
            "查明、弄清"
        ],
        "usphone": "",
        "ukphone": ""
    },
    {
        "name": "discussion",
        "trans": [
            "讨论；谈论"
        ],
        "usphone": "dɪ'skʌʃən",
        "ukphone": "dɪ'skʌʃ(ə)n"
    },
    {
        "name": "stand",
        "trans": [
            "站立；忍受"
        ],
        "usphone": "stænd",
        "ukphone": "stænd"
    },
    {
        "name": "happen",
        "trans": [
            "发生；碰巧"
        ],
        "usphone": "'hæpən",
        "ukphone": "'hæp(ə)n"
    },
    {
        "name": "may",
        "trans": [
            "可能，也许；可以，能够"
        ],
        "usphone": "me",
        "ukphone": "meɪ"
    },
    {
        "name": "expect",
        "trans": [
            "预期；期待；盼望"
        ],
        "usphone": "ɪk'spɛkt",
        "ukphone": "ɪkˈspekt"
    },
    {
        "name": "joke",
        "trans": [
            "笑话；玩笑",
            "说笑话；开玩笑"
        ],
        "usphone": "dʒok",
        "ukphone": "dʒəʊk"
    },
    {
        "name": "comedy",
        "trans": [
            "喜剧"
        ],
        "usphone": "'kɑmədi",
        "ukphone": "'kɒmɪdɪ"
    },
    {
        "name": "meaningless",
        "trans": [
            "无意义的；不重要的"
        ],
        "usphone": "'minɪŋləs",
        "ukphone": "'miːnɪŋlɪs"
    },
    {
        "name": "action",
        "trans": [
            "行动；行为"
        ],
        "usphone": "'ækʃən",
        "ukphone": "'ækʃ(ə)n"
    },
    {
        "name": "action movie",
        "trans": [
            "动作片"
        ],
        "usphone": "",
        "ukphone": ""
    },
    {
        "name": "cartoon",
        "trans": [
            "卡通；漫画"
        ],
        "usphone": "kɑr'tun",
        "ukphone": "kɑː'tuːn"
    },
    {
        "name": "culture",
        "trans": [
            "文化"
        ],
        "usphone": "'kʌltʃɚ",
        "ukphone": "'kʌltʃə"
    },
    {
        "name": "famous",
        "trans": [
            "著名的；有名的"
        ],
        "usphone": "'feməs",
        "ukphone": "'feɪməs"
    },
    {
        "name": "appear",
        "trans": [
            "似乎；显得；出现"
        ],
        "usphone": "ə'pɪr",
        "ukphone": "ə'pɪə"
    },
    {
        "name": "become",
        "trans": [
            "变成；成为"
        ],
        "usphone": "bɪ'kʌm",
        "ukphone": "bɪ'kʌm"
    },
    {
        "name": "rich",
        "trans": [
            "富有的；富饶的；丰富的"
        ],
        "usphone": "rɪtʃ",
        "ukphone": "rɪtʃ"
    },
    {
        "name": "successful",
        "trans": [
            "成功的；圆满的"
        ],
        "usphone": "sək'sɛsfl",
        "ukphone": "sək'sesfʊl; -f(ə)l"
    },
    {
        "name": "might",
        "trans": [
            "可能；也许；may的过去式"
        ],
        "usphone": "maɪt",
        "ukphone": "maɪt"
    },
    {
        "name": "main",
        "trans": [
            "主要的；最重要的"
        ],
        "usphone": "",
        "ukphone": "meɪn"
    },
    {
        "name": "reason",
        "trans": [
            "原因；理由"
        ],
        "usphone": "ˈrizən",
        "ukphone": "'riːz(ə)n"
    },
    {
        "name": "comedy.",
        "trans": [
            "喜剧"
        ],
        "usphone": "'kɑmədi",
        "ukphone": "'kɒmɪdɪ"
    },
    {
        "name": "film",
        "trans": [
            "电影"
        ],
        "usphone": "fɪlm",
        "ukphone": "fɪlm"
    },
    {
        "name": "unlucky",
        "trans": [
            "倒霉的；不幸的；不吉利的"
        ],
        "usphone": "ʌn'lʌki",
        "ukphone": "ʌn'lʌkɪ"
    },
    {
        "name": "lose",
        "trans": [
            "丢失；失败"
        ],
        "usphone": "luz",
        "ukphone": "luːz"
    },
    {
        "name": "girlfriend",
        "trans": [
            "女朋友"
        ],
        "usphone": "'ɡɝlfrɛnd",
        "ukphone": "'gɜːlfrend"
    },
    {
        "name": "ready",
        "trans": [
            "准备好的；乐意的"
        ],
        "usphone": "'rɛdi",
        "ukphone": "'redɪ"
    },
    {
        "name": "be ready to",
        "trans": [
            "愿意做某事"
        ],
        "usphone": "",
        "ukphone": ""
    },
    {
        "name": "character",
        "trans": [
            "个性；品质；人物"
        ],
        "usphone": "'kærɪktɚ",
        "ukphone": "'kærəktə"
    },
    {
        "name": "simple",
        "trans": [
            "简单的；朴素的；单纯的"
        ],
        "usphone": "'sɪmpl",
        "ukphone": "'sɪmp(ə)l"
    },
    {
        "name": "dress up",
        "trans": [
            "装扮；乔装打扮"
        ],
        "usphone": "drɛs ʌp",
        "ukphone": "dres ʌp"
    },
    {
        "name": "take sb.'s place",
        "trans": [
            "代替；替换"
        ],
        "usphone": "",
        "ukphone": ""
    },
    {
        "name": "army",
        "trans": [
            "军队；陆军；一大批"
        ],
        "usphone": "'ɑrmi",
        "ukphone": "'ɑːmɪ"
    },
    {
        "name": "do a good job",
        "trans": [
            "工作干得好；做得好"
        ],
        "usphone": "",
        "ukphone": ""
    },
    {
        "name": "grow up",
        "trans": [
            "长大；成长"
        ],
        "usphone": "",
        "ukphone": ""
    },
    {
        "name": "computer programmer",
        "trans": [
            "计算机管理员"
        ],
        "usphone": "",
        "ukphone": ""
    },
    {
        "name": "cook",
        "trans": [
            "烹调，煮，烧，做(饭)"
        ],
        "usphone": "kʊk",
        "ukphone": "kʊk"
    },
    {
        "name": "doctor",
        "trans": [
            "医生"
        ],
        "usphone": "'dɑktɚ",
        "ukphone": "'dɒktə"
    },
    {
        "name": "engineer",
        "trans": [
            "工程师"
        ],
        "usphone": ",ɛndʒɪ'nɪr",
        "ukphone": "endʒɪ'nɪə"
    },
    {
        "name": "violinist",
        "trans": [
            "小提琴手"
        ],
        "usphone": ",vaɪə'lɪnɪst",
        "ukphone": ",vaɪə'lɪnɪst"
    },
    {
        "name": "driver",
        "trans": [
            "驾驶员；驱动程序"
        ],
        "usphone": "'draɪvɚ",
        "ukphone": "'draɪvə"
    },
    {
        "name": "pilot",
        "trans": [
            "飞行员"
        ],
        "usphone": "'paɪlət",
        "ukphone": "'paɪlət"
    },
    {
        "name": "pianist",
        "trans": [
            "钢琴家"
        ],
        "usphone": "'pɪənɪst",
        "ukphone": "'pɪənɪst"
    },
    {
        "name": "scientist",
        "trans": [
            "科学家"
        ],
        "usphone": "'saɪəntɪst",
        "ukphone": "'saɪəntɪst"
    },
    {
        "name": "be sure about",
        "trans": [
            "确信"
        ],
        "usphone": "",
        "ukphone": ""
    },
    {
        "name": "make sure",
        "trans": [
            "确保"
        ],
        "usphone": "mek ʃʊər",
        "ukphone": ""
    },
    {
        "name": "college",
        "trans": [
            "大学"
        ],
        "usphone": "'kɑlɪdʒ",
        "ukphone": "'kɒlɪdʒ"
    },
    {
        "name": "education",
        "trans": [
            "教育"
        ],
        "usphone": ",ɛdʒu'keʃən",
        "ukphone": "ˌedʒʊˈkeɪʃn"
    },
    {
        "name": "medicine",
        "trans": [
            "药；医学"
        ],
        "usphone": "ˈmedɪsn; mɛdəsn",
        "ukphone": "ˈmedsn"
    },
    {
        "name": "university",
        "trans": [
            "大学，高等学府"
        ],
        "usphone": ",junɪ'vɝsəti",
        "ukphone": "juːnɪ'vɜːsɪtɪ"
    },
    {
        "name": "London",
        "trans": [
            "伦敦"
        ],
        "usphone": "ˈlʌndən",
        "ukphone": "ˈlʌndən"
    },
    {
        "name": "article",
        "trans": [
            "文章，论文"
        ],
        "usphone": "'ɑrtɪkl",
        "ukphone": "'ɑːtɪk(ə)l"
    },
    {
        "name": "send",
        "trans": [
            "邮寄，发送"
        ],
        "usphone": "sɛnd",
        "ukphone": "send"
    },
    {
        "name": "resolution",
        "trans": [
            "决定；决心"
        ],
        "usphone": ",rɛzə'luʃən",
        "ukphone": "rezə'luːʃ(ə)n"
    },
    {
        "name": "team",
        "trans": [
            "(一)队(人)；(一)组(人)"
        ],
        "usphone": "tim",
        "ukphone": "tiːm"
    },
    {
        "name": "foreign",
        "trans": [
            "外国的"
        ],
        "usphone": "'fɔrən",
        "ukphone": "'fɒrɪn"
    },
    {
        "name": "able",
        "trans": [
            "聪明能干的，能力出众的"
        ],
        "usphone": "'ebl",
        "ukphone": "'eɪb(ə)l"
    },
    {
        "name": "be able to",
        "trans": [
            "能够做某事"
        ],
        "usphone": "",
        "ukphone": ""
    },
    {
        "name": "question",
        "trans": [
            "问题"
        ],
        "usphone": "'kwɛstʃən",
        "ukphone": "'kwestʃ(ə)n"
    },
    {
        "name": "meaning",
        "trans": [
            "意义"
        ],
        "usphone": "'minɪŋ",
        "ukphone": "'miːnɪŋ"
    },
    {
        "name": "discuss",
        "trans": [
            "讨论，商量"
        ],
        "usphone": "dɪ'skʌs",
        "ukphone": "dɪ'skʌs"
    },
    {
        "name": "promise",
        "trans": [
            "承诺，诺言",
            "诺言"
        ],
        "usphone": "'prɑmɪs",
        "ukphone": "'prɒmɪs"
    },
    {
        "name": "beginning",
        "trans": [
            "开头，开端"
        ],
        "usphone": "bɪ'ɡɪnɪŋ",
        "ukphone": "bɪ'gɪnɪŋ"
    },
    {
        "name": "at the beginning of",
        "trans": [
            "起初"
        ],
        "usphone": "",
        "ukphone": ""
    },
    {
        "name": "improve",
        "trans": [
            "改进，改善"
        ],
        "usphone": "ɪm'pruv",
        "ukphone": "ɪm'pruːv"
    },
    {
        "name": "write down",
        "trans": [
            "写下"
        ],
        "usphone": "",
        "ukphone": ""
    },
    {
        "name": "physical",
        "trans": [
            "身体的"
        ],
        "usphone": "'fɪzɪkl",
        "ukphone": "'fɪzɪk(ə)l"
    },
    {
        "name": "themselves",
        "trans": [
            "他们自己"
        ],
        "usphone": "ðɛm'sɛlvz",
        "ukphone": "ð(ə)m'selvz"
    },
    {
        "name": "have to do with",
        "trans": [
            "关于;与……有关系"
        ],
        "usphone": "",
        "ukphone": ""
    },
    {
        "name": "self-improvement",
        "trans": [
            "自我改进，自我提高"
        ],
        "usphone": "",
        "ukphone": ""
    },
    {
        "name": "take up",
        "trans": [
            "学着做；开始做"
        ],
        "usphone": "",
        "ukphone": ""
    },
    {
        "name": "hobby",
        "trans": [
            "业余爱好"
        ],
        "usphone": "'hɑbi",
        "ukphone": "'hɒbɪ"
    },
    {
        "name": "weekly",
        "trans": [
            "每周的",
            "周刊",
            "每周一次；逐周"
        ],
        "usphone": "'wikli",
        "ukphone": "'wiːklɪ"
    },
    {
        "name": "school work",
        "trans": [
            "学校作业"
        ],
        "usphone": "",
        "ukphone": ""
    },
    {
        "name": "agree",
        "trans": [
            "同意；赞成"
        ],
        "usphone": "ə'ɡri",
        "ukphone": "ə'griː"
    },
    {
        "name": "agree with",
        "trans": [
            "同意"
        ],
        "usphone": "",
        "ukphone": ""
    },
    {
        "name": "own",
        "trans": [
            "自己的，本人的",
            "拥有"
        ],
        "usphone": "on",
        "ukphone": "əʊn"
    },
    {
        "name": "personal",
        "trans": [
            "个人的，私人的"
        ],
        "usphone": "'pɝsənl",
        "ukphone": "'pɜːs(ə)n(ə)l"
    },
    {
        "name": "relationship",
        "trans": [
            "关系"
        ],
        "usphone": "rɪ'leʃən'ʃɪp",
        "ukphone": "rɪ'leɪʃ(ə)nʃɪp"
    },
    {
        "name": "paper",
        "trans": [
            "纸"
        ],
        "usphone": "'pepɚ",
        "ukphone": "'peɪpə"
    },
    {
        "name": "pollution",
        "trans": [
            "污染；污染物"
        ],
        "usphone": "pə'luʃən",
        "ukphone": "pə'luːʃ(ə)n"
    },
    {
        "name": "prediction",
        "trans": [
            "预测"
        ],
        "usphone": "prɪ'dɪkʃən",
        "ukphone": "prɪ'dɪkʃ(ə)n"
    },
    {
        "name": "future",
        "trans": [
            "未来"
        ],
        "usphone": "ˈfjutʃɚ",
        "ukphone": "'fjuːtʃə"
    },
    {
        "name": "pollute",
        "trans": [
            "污染"
        ],
        "usphone": "pə'lut",
        "ukphone": "pə'luːt"
    },
    {
        "name": "environment",
        "trans": [
            "环境"
        ],
        "usphone": "ɪn'vaɪrənmənt",
        "ukphone": "ɪnˈvaɪərənmənt"
    },
    {
        "name": "planet",
        "trans": [
            "行星"
        ],
        "usphone": "'plænɪt",
        "ukphone": "'plænɪt"
    },
    {
        "name": "earth",
        "trans": [
            "地球；泥土"
        ],
        "usphone": "ɝθ",
        "ukphone": "ɜːθ"
    },
    {
        "name": "plant",
        "trans": [
            "植物",
            "种植"
        ],
        "usphone": "plænt",
        "ukphone": "plɑːnt"
    },
    {
        "name": "part",
        "trans": [
            "部分；参加"
        ],
        "usphone": "pɑrt",
        "ukphone": "pɑːt"
    },
    {
        "name": "play a part",
        "trans": [
            "参与（某事）"
        ],
        "usphone": "",
        "ukphone": ""
    },
    {
        "name": "peace",
        "trans": [
            "和平"
        ],
        "usphone": "pis",
        "ukphone": "piːs"
    },
    {
        "name": "sea",
        "trans": [
            "海；海洋；；许多；大量（与of连用）"
        ],
        "usphone": "si",
        "ukphone": "siː"
    },
    {
        "name": "sky",
        "trans": [
            "天空"
        ],
        "usphone": "skaɪ",
        "ukphone": "skaɪ"
    },
    {
        "name": "astronaut",
        "trans": [
            "宇航员"
        ],
        "usphone": "'æstrəˌnɔt",
        "ukphone": "'æstrənɔːt"
    },
    {
        "name": "apartment",
        "trans": [
            "公寓"
        ],
        "usphone": "ə'pɑrtmənt",
        "ukphone": "ə'pɑːtm(ə)nt"
    },
    {
        "name": "rocket",
        "trans": [
            "火箭；"
        ],
        "usphone": "'rɑkɪt",
        "ukphone": "'rɒkɪt"
    },
    {
        "name": "space",
        "trans": [
            "空间；太空"
        ],
        "usphone": "spes",
        "ukphone": "speɪs"
    },
    {
        "name": "space station",
        "trans": [
            "太空站"
        ],
        "usphone": "",
        "ukphone": ""
    },
    {
        "name": "human",
        "trans": [
            "人的",
            "人；人类"
        ],
        "usphone": "'hjumən",
        "ukphone": "'hjuːmən"
    },
    {
        "name": "servant",
        "trans": [
            "仆人"
        ],
        "usphone": "'sɝvənt",
        "ukphone": "'sɜːv(ə)nt"
    },
    {
        "name": "dangerous",
        "trans": [
            "危险的"
        ],
        "usphone": "'dendʒərəs",
        "ukphone": "ˈdeɪndʒərəs"
    },
    {
        "name": "already",
        "trans": [
            "已经"
        ],
        "usphone": "ɔl'rɛdi",
        "ukphone": "ɔːl'redɪ"
    },
    {
        "name": "factory",
        "trans": [
            "工厂"
        ],
        "usphone": "'fæktri",
        "ukphone": "'fækt(ə)rɪ"
    },
    {
        "name": "over and over again",
        "trans": [
            "多次；反复地"
        ],
        "usphone": "",
        "ukphone": ""
    },
    {
        "name": "believe",
        "trans": [
            "相信"
        ],
        "usphone": "bɪ'liv",
        "ukphone": "bɪ'liːv"
    },
    {
        "name": "disagree",
        "trans": [
            "不同意"
        ],
        "usphone": ",dɪsə'ɡri",
        "ukphone": "dɪsə'griː"
    },
    {
        "name": "even",
        "trans": [
            "甚至；愈加"
        ],
        "usphone": "'ivən",
        "ukphone": "'iːv(ə)n"
    },
    {
        "name": "hundreds of",
        "trans": [
            "许多 ；大量； 成百上千"
        ],
        "usphone": "",
        "ukphone": ""
    },
    {
        "name": "shape",
        "trans": [
            "形状"
        ],
        "usphone": "ʃep",
        "ukphone": "ʃeɪp"
    },
    {
        "name": "fall",
        "trans": [
            "摔倒；跌倒"
        ],
        "usphone": "fɔl",
        "ukphone": "fɔːl"
    },
    {
        "name": "fall down",
        "trans": [
            "突然倒下；跌倒；倒塌"
        ],
        "usphone": "",
        "ukphone": ""
    },
    {
        "name": "inside",
        "trans": [
            "里面；内部；内脏",
            "里面的；内部的；秘密的；内幕的",
            "在里面",
            "在……之内"
        ],
        "usphone": "'ɪn'saɪd",
        "ukphone": "ɪn'saɪd"
    },
    {
        "name": "look for",
        "trans": [
            "寻找；寻求"
        ],
        "usphone": "",
        "ukphone": ""
    },
    {
        "name": "possible",
        "trans": [
            "可能的"
        ],
        "usphone": "'pɑsəbl",
        "ukphone": "'pɒsɪb(ə)l"
    },
    {
        "name": "impossible",
        "trans": [
            "不可能的；不可能存在的；难以忍受的；难以忍受的",
            "不可能；不可能的事"
        ],
        "usphone": "ɪm'pɑsəbl",
        "ukphone": "ɪm'pɒsɪb(ə)l"
    },
    {
        "name": "side",
        "trans": [
            "侧面；旁边；方面",
            "支持；同意，支持",
            "旁的，侧的"
        ],
        "usphone": "saɪd",
        "ukphone": "saɪd"
    },
    {
        "name": "probably",
        "trans": [
            "大概；或许；很可能"
        ],
        "usphone": "'prɑbəbli",
        "ukphone": "'prɒbəblɪ"
    },
    {
        "name": "during",
        "trans": [
            "在……的时候，在……的期间"
        ],
        "usphone": "'dʊrɪŋ",
        "ukphone": "'djʊərɪŋ"
    },
    {
        "name": "holiday",
        "trans": [
            "假日"
        ],
        "usphone": "'hɑləde",
        "ukphone": "'hɒlɪdeɪ; -dɪ"
    },
    {
        "name": "word",
        "trans": [
            "字；词；单词"
        ],
        "usphone": "wɝd",
        "ukphone": "wɜːd"
    },
    {
        "name": "shake",
        "trans": [
            "摇动；震动；动摇；发抖",
            "摇动；哆嗦"
        ],
        "usphone": "ʃek",
        "ukphone": "ʃeɪk"
    },
    {
        "name": "milk shake",
        "trans": [
            "奶昔（牛奶和冰淇淋等的混合饮料）"
        ],
        "usphone": "",
        "ukphone": ""
    },
    {
        "name": "blender",
        "trans": [
            "搅拌器；果汁机"
        ],
        "usphone": "'blɛndɚ",
        "ukphone": "'blendə"
    },
    {
        "name": "turn on",
        "trans": [
            "打开"
        ],
        "usphone": "tɝ​n ɑn",
        "ukphone": "tɜ:n ɒn"
    },
    {
        "name": "peel",
        "trans": [
            "削皮；剥落"
        ],
        "usphone": "pil",
        "ukphone": "piːl"
    },
    {
        "name": "pour",
        "trans": [
            "倒；倾倒"
        ],
        "usphone": "pɔr",
        "ukphone": "pɔː"
    },
    {
        "name": "yogurt",
        "trans": [
            "酸奶；"
        ],
        "usphone": "'joɡət",
        "ukphone": "'jɒgət; 'jəʊ-"
    },
    {
        "name": "honey",
        "trans": [
            "蜂蜜"
        ],
        "usphone": "'hʌni",
        "ukphone": "'hʌnɪ"
    },
    {
        "name": "watermelon",
        "trans": [
            "西瓜"
        ],
        "usphone": "'wɔtɚmɛlən",
        "ukphone": "'wɔːtəmelən"
    },
    {
        "name": "spoon",
        "trans": [
            "勺，调羹"
        ],
        "usphone": "spun",
        "ukphone": "spuːn"
    },
    {
        "name": "pot",
        "trans": [
            "壶；盆；罐",
            "把……装罐"
        ],
        "usphone": "pɑt",
        "ukphone": "pɒt"
    },
    {
        "name": "add",
        "trans": [
            "增加"
        ],
        "usphone": "æd",
        "ukphone": "æd"
    },
    {
        "name": "finally",
        "trans": [
            "最后，最终"
        ],
        "usphone": "'faɪnlɪ",
        "ukphone": "'faɪnəlɪ"
    },
    {
        "name": "salt",
        "trans": [
            "盐"
        ],
        "usphone": "sɔlt",
        "ukphone": "sɔːlt; sɒlt"
    },
    {
        "name": "sugar",
        "trans": [
            "糖"
        ],
        "usphone": "'ʃʊgɚ",
        "ukphone": "'ʃʊgə"
    },
    {
        "name": "cheese",
        "trans": [
            "干酪，奶酪"
        ],
        "usphone": "tʃiz",
        "ukphone": "tʃiːz"
    },
    {
        "name": "popcorn",
        "trans": [
            "爆米花"
        ],
        "usphone": "'pɑpkɔrn",
        "ukphone": "'pɒpkɔːn"
    },
    {
        "name": "corn",
        "trans": [
            "谷物；玉米"
        ],
        "usphone": "kɔrn",
        "ukphone": "kɔːn"
    },
    {
        "name": "machine",
        "trans": [
            "机器"
        ],
        "usphone": "mə'ʃin",
        "ukphone": "mə'ʃiːn"
    },
    {
        "name": "dig",
        "trans": [
            "挖，掘；探究",
            "挖苦；刺；戳"
        ],
        "usphone": "dɪɡ",
        "ukphone": "dɪg"
    },
    {
        "name": "hole",
        "trans": [
            "洞，孔；洞穴，穴",
            "（高尔夫球等）进洞 凿洞"
        ],
        "usphone": "hol",
        "ukphone": "həʊl"
    },
    {
        "name": "sandwich",
        "trans": [
            "三明治"
        ],
        "usphone": "'sænwɪtʃ",
        "ukphone": "'sæn(d)wɪdʒ; -wɪtʃ"
    },
    {
        "name": "butter",
        "trans": [
            "黄油，奶油"
        ],
        "usphone": "'bʌtɚ",
        "ukphone": "'bʌtə"
    },
    {
        "name": "turkey",
        "trans": [
            "火鸡"
        ],
        "usphone": "'tɝki",
        "ukphone": "'tɜːkɪ"
    },
    {
        "name": "lettuce",
        "trans": [
            "莴苣，生菜"
        ],
        "usphone": "'lɛtɪs",
        "ukphone": "'letɪs"
    },
    {
        "name": "piece",
        "trans": [
            "件；篇；片；块；"
        ],
        "usphone": "pis",
        "ukphone": "piːs"
    },
    {
        "name": "Thanksgiving",
        "trans": [
            "感恩节"
        ],
        "usphone": "",
        "ukphone": ""
    },
    {
        "name": "traditional",
        "trans": [
            "传统的"
        ],
        "usphone": "trə'dɪʃənl",
        "ukphone": "trə'dɪʃ(ə)n(ə)l"
    },
    {
        "name": "autumn",
        "trans": [
            "秋天",
            "秋天的，秋季的"
        ],
        "usphone": "'ɔtəm",
        "ukphone": "'ɔːtəm"
    },
    {
        "name": "traveler",
        "trans": [
            "旅行者"
        ],
        "usphone": "'trævlɚ",
        "ukphone": "'trævələ"
    },
    {
        "name": "England",
        "trans": [
            "英格兰；英国"
        ],
        "usphone": "'iŋɡlənd",
        "ukphone": "ˈɪŋɡlənd"
    },
    {
        "name": "celebrate",
        "trans": [
            "庆祝；庆贺"
        ],
        "usphone": "sɛləˌbret",
        "ukphone": "'selɪbreɪt"
    },
    {
        "name": "mix",
        "trans": [
            "混淆；使混和；配制",
            "混合；混合物；混乱"
        ],
        "usphone": "mɪks",
        "ukphone": "mɪks"
    },
    {
        "name": "pepper",
        "trans": [
            "胡椒粉；椒类"
        ],
        "usphone": "'pɛpɚ",
        "ukphone": "'pepə"
    },
    {
        "name": "fill",
        "trans": [
            "装满，使充满；满足；任职"
        ],
        "usphone": "fɪl",
        "ukphone": "fɪl"
    },
    {
        "name": "oven",
        "trans": [
            "烤箱；烤炉"
        ],
        "usphone": "ˈʌvən",
        "ukphone": "ˈʌvn"
    },
    {
        "name": "plate",
        "trans": [
            "碟；金属牌；金属板",
            "镀上（金或银）"
        ],
        "usphone": "pleɪt",
        "ukphone": "pleɪt"
    },
    {
        "name": "cover",
        "trans": [
            "遮盖，盖"
        ],
        "usphone": "'kʌvɚ",
        "ukphone": "'kʌvə"
    },
    {
        "name": "gravy",
        "trans": [
            "肉汁；肉汤"
        ],
        "usphone": "'ɡrevi",
        "ukphone": "'greɪvɪ"
    },
    {
        "name": "serve",
        "trans": [
            "接待，服务"
        ],
        "usphone": "sɝv",
        "ukphone": "sɜːv"
    },
    {
        "name": "temperature",
        "trans": [
            "温度，气候"
        ],
        "usphone": "ˈtempərtʃʊər; tɛmpɚ-ˌtʃʊr",
        "ukphone": "temprətʃə(r)"
    },
    {
        "name": "prepare",
        "trans": [
            "预备；准备"
        ],
        "usphone": "prɪ'pɛr",
        "ukphone": "prɪ'peə"
    },
    {
        "name": "prepare for",
        "trans": [
            "为……准备"
        ],
        "usphone": "",
        "ukphone": ""
    },
    {
        "name": "exam",
        "trans": [
            "考试"
        ],
        "usphone": "ɪg'zæm",
        "ukphone": "ɪg'zæm; eg-"
    },
    {
        "name": "flu",
        "trans": [
            "流感"
        ],
        "usphone": "flu",
        "ukphone": "fluː"
    },
    {
        "name": "available",
        "trans": [
            "可得到的；有空的"
        ],
        "usphone": "ə'veləbl",
        "ukphone": "ə'veɪləb(ə)l"
    },
    {
        "name": "another time",
        "trans": [
            "其他时间，别的时间"
        ],
        "usphone": "",
        "ukphone": ""
    },
    {
        "name": "until",
        "trans": [
            "在…之前；直到…时",
            "在…之前；到…为止"
        ],
        "usphone": "ən'tɪl",
        "ukphone": "ən'tɪl"
    },
    {
        "name": "hang",
        "trans": [
            "悬挂"
        ],
        "usphone": "hæŋ",
        "ukphone": "hæŋ"
    },
    {
        "name": "hang out",
        "trans": [
            "常去某处；泡在某处"
        ],
        "usphone": "",
        "ukphone": ""
    },
    {
        "name": "catch",
        "trans": [
            "抓住；捕捉"
        ],
        "usphone": "kætʃ",
        "ukphone": "kætʃ"
    },
    {
        "name": "invite",
        "trans": [
            "邀请"
        ],
        "usphone": "ɪn'vaɪt",
        "ukphone": "ɪn'vaɪt"
    },
    {
        "name": "accept",
        "trans": [
            "接受；"
        ],
        "usphone": "əkˈsɛpt",
        "ukphone": "əkˈsept"
    },
    {
        "name": "refuse",
        "trans": [
            "拒绝"
        ],
        "usphone": "ri'fjʊz",
        "ukphone": "rɪ'fjuːz"
    },
    {
        "name": "the day before yesterday",
        "trans": [
            "前天"
        ],
        "usphone": "",
        "ukphone": ""
    },
    {
        "name": "the day after tomorrow",
        "trans": [
            "后天"
        ],
        "usphone": "",
        "ukphone": ""
    },
    {
        "name": "weekday",
        "trans": [
            "工作日"
        ],
        "usphone": "'wikde",
        "ukphone": "'wiːkdeɪ"
    },
    {
        "name": "look after",
        "trans": [
            "照顾，照料"
        ],
        "usphone": "",
        "ukphone": ""
    },
    {
        "name": "invitation",
        "trans": [
            "邀请；邀请函"
        ],
        "usphone": "ˌɪnvɪˈteɪʃn",
        "ukphone": "ɪnvɪ'teɪʃ(ə)n"
    },
    {
        "name": "turn down",
        "trans": [
            "减小，关小，调低"
        ],
        "usphone": "",
        "ukphone": ""
    },
    {
        "name": "reply",
        "trans": [
            "回答，回复"
        ],
        "usphone": "rɪ'plai",
        "ukphone": "rɪ'plaɪ"
    },
    {
        "name": "forward",
        "trans": [
            "向前"
        ],
        "usphone": "'fɔrwɚd",
        "ukphone": "'fɔːwəd"
    },
    {
        "name": "delete",
        "trans": [
            "删除"
        ],
        "usphone": "dɪ'lit",
        "ukphone": "dɪ'liːt"
    },
    {
        "name": "print",
        "trans": [
            "印刷的文字；印花布",
            "印刷；打印；刊载"
        ],
        "usphone": "prɪnt",
        "ukphone": "prɪnt"
    },
    {
        "name": "sad",
        "trans": [
            "难过的；悲哀的，令人悲痛的"
        ],
        "usphone": "sæd",
        "ukphone": "sæd"
    },
    {
        "name": "goodbye",
        "trans": [
            "再见"
        ],
        "usphone": "",
        "ukphone": "gʊd'baɪ"
    },
    {
        "name": "take a trip",
        "trans": [
            "去旅行"
        ],
        "usphone": "",
        "ukphone": ""
    },
    {
        "name": "glad",
        "trans": [
            "高兴的；乐意的",
            "使...高兴"
        ],
        "usphone": "ɡlæd",
        "ukphone": "glæd"
    },
    {
        "name": "preparation",
        "trans": [
            "准备；准备工作（用复数形式）"
        ],
        "usphone": ",prɛpə'reʃən",
        "ukphone": ",prepə'reɪʃ(ə)n"
    },
    {
        "name": "glue",
        "trans": [
            "粘合；盯着某物看（后接to）",
            "胶；各种胶合物"
        ],
        "usphone": "ɡlu",
        "ukphone": "gluː"
    },
    {
        "name": "without",
        "trans": [
            "没有"
        ],
        "usphone": "wɪðˈaʊt",
        "ukphone": "wɪˈðaʊt"
    },
    {
        "name": "surprised",
        "trans": [
            "感到惊讶的",
            "使惊奇（surprise的过去分词形式）"
        ],
        "usphone": "sɚ'praɪzd",
        "ukphone": ""
    },
    {
        "name": "look forward to",
        "trans": [
            "盼望，期待"
        ],
        "usphone": "",
        "ukphone": ""
    },
    {
        "name": "hear from",
        "trans": [
            "收到......来信"
        ],
        "usphone": "",
        "ukphone": ""
    },
    {
        "name": "housewarming",
        "trans": [
            "乔迁庆宴"
        ],
        "usphone": "'haʊs,wɔrmɪŋ",
        "ukphone": "'haʊs,wɔːmɪŋ"
    },
    {
        "name": "opening",
        "trans": [
            "开幕式，落成典礼"
        ],
        "usphone": "'opənɪŋ",
        "ukphone": "'əʊp(ə)nɪŋ"
    },
    {
        "name": "concert",
        "trans": [
            "音乐会"
        ],
        "usphone": "'kɑnsɚt",
        "ukphone": "'kɒnsət"
    },
    {
        "name": "headmaster",
        "trans": [
            "男校长"
        ],
        "usphone": ",hɛd'mæstɚ",
        "ukphone": "hed'mɑːstə"
    },
    {
        "name": "event",
        "trans": [
            "大事；公开活动"
        ],
        "usphone": "ɪ'vɛnt",
        "ukphone": "ɪ'vent"
    },
    {
        "name": "guest",
        "trans": [
            "客人"
        ],
        "usphone": "ɡɛst",
        "ukphone": "gest"
    },
    {
        "name": "calendar",
        "trans": [
            "日历；日程表"
        ],
        "usphone": "'kæləndɚ",
        "ukphone": "'kælɪndə"
    },
    {
        "name": "daytime",
        "trans": [
            "日间，白天"
        ],
        "usphone": "'detaɪm",
        "ukphone": "'deɪtaɪm"
    },
    {
        "name": "meeting",
        "trans": [
            "会议；集会；会见",
            "会面；会合（meet的ing形式）"
        ],
        "usphone": "'mitɪŋ",
        "ukphone": "'miːtɪŋ"
    },
    {
        "name": "video",
        "trans": [
            "录像；录像带"
        ],
        "usphone": "'vɪdɪo",
        "ukphone": "'vɪdɪəʊ"
    },
    {
        "name": "potato chips",
        "trans": [
            "马铃薯片；油炸薯片"
        ],
        "usphone": "",
        "ukphone": ""
    },
    {
        "name": "chocolate",
        "trans": [
            "巧克力"
        ],
        "usphone": "ˈtʃɑkələt",
        "ukphone": "'tʃɒk(ə)lət"
    },
    {
        "name": "upset",
        "trans": [
            "难过的，失望的"
        ],
        "usphone": "ʌp'sɛt",
        "ukphone": "ʌp'set"
    },
    {
        "name": "taxi",
        "trans": [
            "滑行；乘出租车；用出租车送",
            "出租汽车"
        ],
        "usphone": "'tæksi",
        "ukphone": "'tæksɪ"
    },
    {
        "name": "advice",
        "trans": [
            "劝告，建议"
        ],
        "usphone": "ədˈvaɪs",
        "ukphone": "əd'vaɪs"
    },
    {
        "name": "travel",
        "trans": [
            "旅行；走过（某距离）；（以某速度）行进"
        ],
        "usphone": "'trævl",
        "ukphone": "'træv(ə)l"
    },
    {
        "name": "agent",
        "trans": [
            "代理人，经纪人"
        ],
        "usphone": "'edʒənt",
        "ukphone": "'eɪdʒ(ə)nt"
    },
    {
        "name": "expert",
        "trans": [
            "专家，能手"
        ],
        "usphone": "'ɛkspɝt; (for adj., also) ɛksˈpɝt ; ɪkˈspɝt",
        "ukphone": "'ekspɜːt"
    },
    {
        "name": "keep...to oneself",
        "trans": [
            "保守秘密"
        ],
        "usphone": "",
        "ukphone": ""
    },
    {
        "name": "teenager",
        "trans": [
            "青少年"
        ],
        "usphone": "'tinedʒɚ",
        "ukphone": "'tiːneɪdʒə"
    },
    {
        "name": "normal",
        "trans": [
            "正常的"
        ],
        "usphone": "'nɔrml",
        "ukphone": "'nɔːm(ə)l"
    },
    {
        "name": "unless",
        "trans": [
            "除非，如果不"
        ],
        "usphone": "ən'lɛs",
        "ukphone": "ʌn'les"
    },
    {
        "name": "certainly",
        "trans": [
            "当然，肯定"
        ],
        "usphone": "'sɝtnli",
        "ukphone": "ˈsəːt(ə)nli"
    },
    {
        "name": "wallet",
        "trans": [
            "皮夹，钱包"
        ],
        "usphone": "'wɑlɪt",
        "ukphone": "'wɒlɪt"
    },
    {
        "name": "mile",
        "trans": [
            "英里；较大的距离"
        ],
        "usphone": "maɪl",
        "ukphone": "maɪl"
    },
    {
        "name": "angry",
        "trans": [
            "生气的，发怒的"
        ],
        "usphone": "ˈæŋgrɪ",
        "ukphone": "'æŋgrɪ"
    },
    {
        "name": "understanding",
        "trans": [
            "善解人意的，体谅人的"
        ],
        "usphone": ",ʌndɚ'stændɪŋ",
        "ukphone": "ʌndə'stændɪŋ"
    },
    {
        "name": "careless",
        "trans": [
            "粗心的，不小心的"
        ],
        "usphone": "'kɛrləs",
        "ukphone": "'keələs"
    },
    {
        "name": "mistake",
        "trans": [
            "错误，失误"
        ],
        "usphone": "mɪ'stek",
        "ukphone": "mɪ'steɪk"
    },
    {
        "name": "himself",
        "trans": [
            "他自己；他亲自，他本人"
        ],
        "usphone": "hɪm'sɛlf",
        "ukphone": "hɪm'self"
    },
    {
        "name": "careful",
        "trans": [
            "小心的；细致的，周密的"
        ],
        "usphone": "'kɛrfl",
        "ukphone": "ˈkeəfl"
    },
    {
        "name": "advise",
        "trans": [
            "劝告，建议"
        ],
        "usphone": "əd'vaɪz",
        "ukphone": "əd'vaɪz"
    },
    {
        "name": "solve",
        "trans": [
            "解决；解答"
        ],
        "usphone": "sɑlv",
        "ukphone": "sɒlv"
    },
    {
        "name": "step",
        "trans": [
            "步，脚步；步伐；步骤；梯级",
            "踏，踩；走；走，迈步"
        ],
        "usphone": "stɛp",
        "ukphone": "step"
    },
    {
        "name": "trust",
        "trans": [
            "相信，信任"
        ],
        "usphone": "trʌst",
        "ukphone": "trʌst"
    },
    {
        "name": "experience",
        "trans": [
            "经验；经历"
        ],
        "usphone": "ɪk'spɪrɪəns",
        "ukphone": "ɪkˈspɪərɪəns"
    },
    {
        "name": "in half",
        "trans": [
            "分成两半,一半"
        ],
        "usphone": "",
        "ukphone": ""
    },
    {
        "name": "halfway",
        "trans": [
            "中途地；半路地"
        ],
        "usphone": ",hæf'we",
        "ukphone": "hɑːf'weɪ; 'hɑːfweɪ"
    },
    {
        "name": "else",
        "trans": [
            "别的，其他的",
            "还能有别的……"
        ],
        "usphone": "ɛls",
        "ukphone": "els"
    }
]