[
    {
        "name": "matter",
        "trans": [
            "重要，要紧，有关系"
        ],
        "usphone": "'mætɚ",
        "ukphone": "'mætə"
    },
    {
        "name": "What's the matter?",
        "trans": [
            "怎么了？出什么事了？"
        ],
        "usphone": "",
        "ukphone": ""
    },
    {
        "name": "sore",
        "trans": [
            "疼痛的，酸痛的"
        ],
        "usphone": "sɔr",
        "ukphone": "sɔː"
    },
    {
        "name": "have a cold",
        "trans": [
            "感冒"
        ],
        "usphone": "",
        "ukphone": ""
    },
    {
        "name": "stomach",
        "trans": [
            "胃；腹部"
        ],
        "usphone": "'stʌmək",
        "ukphone": "'stʌmək"
    },
    {
        "name": "stomachache",
        "trans": [
            "胃痛，腹痛"
        ],
        "usphone": "'stʌmək,ek",
        "ukphone": "'stʌməkeɪk"
    },
    {
        "name": "have a stomachache",
        "trans": [
            "胃痛"
        ],
        "usphone": "",
        "ukphone": ""
    },
    {
        "name": "foot",
        "trans": [
            "脚(复数feet)"
        ],
        "usphone": "fʊt",
        "ukphone": "fʊt"
    },
    {
        "name": "neck",
        "trans": [
            "颈，脖子"
        ],
        "usphone": "nɛk",
        "ukphone": "nek"
    },
    {
        "name": "throat",
        "trans": [
            "喉咙"
        ],
        "usphone": "θrot",
        "ukphone": "θrəʊt"
    },
    {
        "name": "fever",
        "trans": [
            "发烧，发热"
        ],
        "usphone": "'fivɚ",
        "ukphone": "'fiːvə"
    },
    {
        "name": "lie",
        "trans": [
            "躺，平躺"
        ],
        "usphone": "",
        "ukphone": "laɪ"
    },
    {
        "name": "lie down",
        "trans": [
            "躺下"
        ],
        "usphone": "",
        "ukphone": ""
    },
    {
        "name": "rest",
        "trans": [
            "放松，休息；剩余部分，其余"
        ],
        "usphone": "rɛst",
        "ukphone": "rest"
    },
    {
        "name": "cough",
        "trans": [
            "咳嗽",
            "咳嗽"
        ],
        "usphone": "kɔf",
        "ukphone": "kɒf"
    },
    {
        "name": "X-ray",
        "trans": [
            "X光，X射线"
        ],
        "usphone": "'eksreɪ",
        "ukphone": "ˈɛksreɪ"
    },
    {
        "name": "toothache",
        "trans": [
            "牙痛"
        ],
        "usphone": "'tuθek",
        "ukphone": "'tuːθeɪk"
    },
    {
        "name": "take one's temperature",
        "trans": [
            "量体温"
        ],
        "usphone": "",
        "ukphone": ""
    },
    {
        "name": "headache",
        "trans": [
            "头痛"
        ],
        "usphone": "ˈhɛdˌek",
        "ukphone": "'hedeɪk"
    },
    {
        "name": "have a fever",
        "trans": [
            "发烧"
        ],
        "usphone": "",
        "ukphone": ""
    },
    {
        "name": "break",
        "trans": [
            "打破；休息；中断"
        ],
        "usphone": "brek",
        "ukphone": "breɪk"
    },
    {
        "name": "take breaks",
        "trans": [
            "休息(take a break）"
        ],
        "usphone": "",
        "ukphone": ""
    },
    {
        "name": "hurt",
        "trans": [
            "伤害，使受伤；损害"
        ],
        "usphone": "hɝ​t",
        "ukphone": "hɜːt"
    },
    {
        "name": "passenger",
        "trans": [
            "乘客，旅客"
        ],
        "usphone": "pæsndʒɚ",
        "ukphone": "'pæsɪndʒə"
    },
    {
        "name": "off",
        "trans": [
            "离开（某处）；从…去掉"
        ],
        "usphone": "ɔf",
        "ukphone": "ɒf"
    },
    {
        "name": "get off",
        "trans": [
            "下车"
        ],
        "usphone": "",
        "ukphone": ""
    },
    {
        "name": "to one's surprise",
        "trans": [
            "使…惊讶，出乎…意料"
        ],
        "usphone": "",
        "ukphone": ""
    },
    {
        "name": "onto",
        "trans": [
            "向，朝"
        ],
        "usphone": "ˈɑnˌtu, -tə, ˈɔn-",
        "ukphone": "'ɒntuː"
    },
    {
        "name": "trouble",
        "trans": [
            "麻烦，烦扰，问题"
        ],
        "usphone": "'trʌbl",
        "ukphone": "'trʌb(ə)l"
    },
    {
        "name": "hit",
        "trans": [
            "打；碰撞；打击"
        ],
        "usphone": "hɪt",
        "ukphone": "hɪt"
    },
    {
        "name": "right away",
        "trans": [
            "立即，马上"
        ],
        "usphone": "",
        "ukphone": ""
    },
    {
        "name": "get into",
        "trans": [
            "参与；陷入"
        ],
        "usphone": "",
        "ukphone": ""
    },
    {
        "name": "herself",
        "trans": [
            "她自己，她本身（she的反身代词）"
        ],
        "usphone": "hɝ'sɛlf",
        "ukphone": "hɜː'self"
    },
    {
        "name": "bandage",
        "trans": [
            "绷带",
            "用绷带包扎"
        ],
        "usphone": "'bændɪdʒ",
        "ukphone": "'bændɪdʒ"
    },
    {
        "name": "sick",
        "trans": [
            "患病的，不适的"
        ],
        "usphone": "sɪk",
        "ukphone": "sɪk"
    },
    {
        "name": "knee",
        "trans": [
            "膝盖"
        ],
        "usphone": "ni",
        "ukphone": "niː"
    },
    {
        "name": "nosebleed",
        "trans": [
            "鼻出血"
        ],
        "usphone": "'nozblid",
        "ukphone": "'nəʊzbliːd"
    },
    {
        "name": "breathe",
        "trans": [
            "呼吸"
        ],
        "usphone": "brið",
        "ukphone": "briːð"
    },
    {
        "name": "sunburned",
        "trans": [
            "晒伤的"
        ],
        "usphone": "",
        "ukphone": ""
    },
    {
        "name": "ourselves",
        "trans": [
            "我们自己（we的反身代词）"
        ],
        "usphone": "ɑr'sɛlvz",
        "ukphone": "aʊə'selvz"
    },
    {
        "name": "climber",
        "trans": [
            "登山者"
        ],
        "usphone": "'klaɪmɚ",
        "ukphone": "'klaɪmə"
    },
    {
        "name": "be used to",
        "trans": [
            "习惯于……；适应于……"
        ],
        "usphone": "",
        "ukphone": ""
    },
    {
        "name": "risk",
        "trans": [
            "风险，危险；冒险",
            "中文释义: 冒险"
        ],
        "usphone": "rɪsk",
        "ukphone": "rɪsk"
    },
    {
        "name": "take risks",
        "trans": [
            "冒险(take a risk)"
        ],
        "usphone": "",
        "ukphone": ""
    },
    {
        "name": "accident",
        "trans": [
            "意外事件；事故；交通事故；车祸；失事"
        ],
        "usphone": "'æksədənt",
        "ukphone": "'æksɪdənt"
    },
    {
        "name": "situation",
        "trans": [
            "状况，形势，情况"
        ],
        "usphone": "ˌsɪtʃʊˈeʃən",
        "ukphone": "sɪtjʊ'eɪʃ(ə)n"
    },
    {
        "name": "kg",
        "trans": [
            "公斤，千克(kilogram)"
        ],
        "usphone": "",
        "ukphone": ""
    },
    {
        "name": "rock",
        "trans": [
            "岩石"
        ],
        "usphone": "rɑk",
        "ukphone": "rɒk"
    },
    {
        "name": "run out (of)",
        "trans": [
            "用尽，耗尽"
        ],
        "usphone": "",
        "ukphone": ""
    },
    {
        "name": "knife",
        "trans": [
            "刀，餐刀"
        ],
        "usphone": "naɪf",
        "ukphone": "naɪf"
    },
    {
        "name": "cut off",
        "trans": [
            "切除"
        ],
        "usphone": "",
        "ukphone": ""
    },
    {
        "name": "blood",
        "trans": [
            "血"
        ],
        "usphone": "blʌd",
        "ukphone": "blʌd"
    },
    {
        "name": "mean",
        "trans": [
            "意味着，意思是；意欲"
        ],
        "usphone": "min",
        "ukphone": "miːn"
    },
    {
        "name": "get out of",
        "trans": [
            "离开，从… 出来"
        ],
        "usphone": "",
        "ukphone": ""
    },
    {
        "name": "importance",
        "trans": [
            "重要性"
        ],
        "usphone": "ɪm'pɔrtns",
        "ukphone": "ɪm'pɔːt(ə)ns"
    },
    {
        "name": "decision",
        "trans": [
            "决定，抉择；果断"
        ],
        "usphone": "dɪ'sɪʒn",
        "ukphone": "dɪ'sɪʒ(ə)n"
    },
    {
        "name": "control",
        "trans": [
            "控制，支配，操纵"
        ],
        "usphone": "kən'trol",
        "ukphone": "kən'trəʊl"
    },
    {
        "name": "be in control of",
        "trans": [
            "掌管，管理"
        ],
        "usphone": "",
        "ukphone": ""
    },
    {
        "name": "spirit",
        "trans": [
            "勇气，意志"
        ],
        "usphone": "'spɪrɪt",
        "ukphone": "'spɪrɪt"
    },
    {
        "name": "death",
        "trans": [
            "死亡"
        ],
        "usphone": "dɛθ",
        "ukphone": "deθ"
    },
    {
        "name": "give up",
        "trans": [
            "放弃"
        ],
        "usphone": "",
        "ukphone": ""
    },
    {
        "name": "nurse",
        "trans": [
            "护士"
        ],
        "usphone": "nɝs",
        "ukphone": "nɜːs"
    },
    {
        "name": "clean up",
        "trans": [
            "打扫（清除）干净"
        ],
        "usphone": "",
        "ukphone": ""
    },
    {
        "name": "cheer",
        "trans": [
            "欢呼"
        ],
        "usphone": "tʃɪr",
        "ukphone": "tʃɪə"
    },
    {
        "name": "cheer up",
        "trans": [
            "变得更高兴，振奋起来"
        ],
        "usphone": "",
        "ukphone": ""
    },
    {
        "name": "give out",
        "trans": [
            "分发，散发"
        ],
        "usphone": "",
        "ukphone": ""
    },
    {
        "name": "volunteer",
        "trans": [
            "志愿者",
            "义务做"
        ],
        "usphone": ",vɑlən'tɪr",
        "ukphone": ",vɒlən'tɪə"
    },
    {
        "name": "come up with",
        "trans": [
            "想出，提出"
        ],
        "usphone": "",
        "ukphone": ""
    },
    {
        "name": "put off",
        "trans": [
            "推迟"
        ],
        "usphone": "",
        "ukphone": ""
    },
    {
        "name": "sign",
        "trans": [
            "标记，标牌；符号"
        ],
        "usphone": "saɪn",
        "ukphone": "saɪn"
    },
    {
        "name": "notice",
        "trans": [
            "注意到",
            "通知，公告"
        ],
        "usphone": "'notɪs",
        "ukphone": "'nəʊtɪs"
    },
    {
        "name": "hand out",
        "trans": [
            "分发"
        ],
        "usphone": "",
        "ukphone": ""
    },
    {
        "name": "call up",
        "trans": [
            "打电话给…某人，征召；征召"
        ],
        "usphone": "",
        "ukphone": ""
    },
    {
        "name": "used to",
        "trans": [
            "曾经……，过去……"
        ],
        "usphone": "",
        "ukphone": ""
    },
    {
        "name": "lonely",
        "trans": [
            "孤独的，寂寞的"
        ],
        "usphone": "'lonli",
        "ukphone": "'ləʊnlɪ"
    },
    {
        "name": "care for",
        "trans": [
            "照顾，非常喜欢"
        ],
        "usphone": "",
        "ukphone": ""
    },
    {
        "name": "several",
        "trans": [
            "几个，数个，一些"
        ],
        "usphone": "ˈsɛvrəl",
        "ukphone": "ˈsevrəl"
    },
    {
        "name": "strong",
        "trans": [
            "强壮的；强烈的"
        ],
        "usphone": "strɔŋ",
        "ukphone": "strɒŋ"
    },
    {
        "name": "feeling",
        "trans": [
            "感觉，感触"
        ],
        "usphone": "'filɪŋ",
        "ukphone": "'fiːlɪŋ"
    },
    {
        "name": "satisfaction",
        "trans": [
            "满足，满意"
        ],
        "usphone": ",sætɪs'fækʃən",
        "ukphone": "sætɪs'fækʃ(ə)n"
    },
    {
        "name": "joy",
        "trans": [
            "高兴，愉快"
        ],
        "usphone": "dʒɔɪ",
        "ukphone": "dʒɒɪ"
    },
    {
        "name": "owner",
        "trans": [
            "所有者，物主"
        ],
        "usphone": "'onɚ",
        "ukphone": "'əʊnə"
    },
    {
        "name": "try out",
        "trans": [
            "试用，试验"
        ],
        "usphone": "",
        "ukphone": ""
    },
    {
        "name": "journey",
        "trans": [
            "（尤指长途）旅行，行程"
        ],
        "usphone": "ˈdʒɝ​nɪ",
        "ukphone": "'dʒɜːnɪ"
    },
    {
        "name": "raise",
        "trans": [
            "抬起，举起；筹集，征集"
        ],
        "usphone": "rez",
        "ukphone": "reɪz"
    },
    {
        "name": "alone",
        "trans": [
            "独自地；孤独地"
        ],
        "usphone": "ə'lon",
        "ukphone": "ə'ləʊn"
    },
    {
        "name": "repair",
        "trans": [
            "修理，修补"
        ],
        "usphone": "rɪ'pɛr",
        "ukphone": "rɪ'peə"
    },
    {
        "name": "fix",
        "trans": [
            "修理；安装"
        ],
        "usphone": "fɪks",
        "ukphone": "fɪks"
    },
    {
        "name": "fix up",
        "trans": [
            "修理，修补"
        ],
        "usphone": "",
        "ukphone": ""
    },
    {
        "name": "give away",
        "trans": [
            "赠送，捐赠"
        ],
        "usphone": "",
        "ukphone": ""
    },
    {
        "name": "take after",
        "trans": [
            "（外貌或行为）像"
        ],
        "usphone": "",
        "ukphone": ""
    },
    {
        "name": "broken",
        "trans": [
            "破损的，残缺的"
        ],
        "usphone": "'brokən",
        "ukphone": "'brəʊk(ə)n"
    },
    {
        "name": "wheel",
        "trans": [
            "轮子，车轮",
            "推动"
        ],
        "usphone": "wil",
        "ukphone": "wiːl"
    },
    {
        "name": "letter",
        "trans": [
            "信件；字母"
        ],
        "usphone": "'lɛtɚ",
        "ukphone": "'letə"
    },
    {
        "name": "Miss",
        "trans": [
            "小姐"
        ],
        "usphone": "",
        "ukphone": ""
    },
    {
        "name": "set up",
        "trans": [
            "建立，设立"
        ],
        "usphone": "",
        "ukphone": ""
    },
    {
        "name": "disabled",
        "trans": [
            "有残疾的，丧失能力的"
        ],
        "usphone": "dɪs'ebld",
        "ukphone": "dɪs'eɪbld"
    },
    {
        "name": "make a difference",
        "trans": [
            "影响，有作用"
        ],
        "usphone": "",
        "ukphone": ""
    },
    {
        "name": "blind",
        "trans": [
            "盲的，失明的；盲的，盲目的"
        ],
        "usphone": "blaɪnd",
        "ukphone": "blaɪnd"
    },
    {
        "name": "deaf",
        "trans": [
            "聋的"
        ],
        "usphone": "dɛf",
        "ukphone": "def"
    },
    {
        "name": "imagine",
        "trans": [
            "想象，设想"
        ],
        "usphone": "ɪ'mædʒɪn",
        "ukphone": "ɪ'mædʒɪn"
    },
    {
        "name": "difficulty",
        "trans": [
            "困难"
        ],
        "usphone": "'dɪfɪkəlti",
        "ukphone": "'dɪfɪk(ə)ltɪ"
    },
    {
        "name": "open",
        "trans": [
            "打开"
        ],
        "usphone": "'opən",
        "ukphone": "'əʊp(ə)n"
    },
    {
        "name": "door",
        "trans": [
            "门"
        ],
        "usphone": "dɔr",
        "ukphone": "dɔː"
    },
    {
        "name": "carry",
        "trans": [
            "携带；搬运；拿"
        ],
        "usphone": "ˈkærɪ",
        "ukphone": "'kærɪ"
    },
    {
        "name": "train",
        "trans": [
            "训练，培养"
        ],
        "usphone": "tren",
        "ukphone": "treɪn"
    },
    {
        "name": "training",
        "trans": [
            "训练，培训"
        ],
        "usphone": "'trenɪŋ",
        "ukphone": "'treɪnɪŋ"
    },
    {
        "name": "excited",
        "trans": [
            "激动的，兴奋的"
        ],
        "usphone": "ɪk'saɪtɪd",
        "ukphone": "ɪk'saɪtɪd"
    },
    {
        "name": "kindness",
        "trans": [
            "仁慈，善良，亲切，善意"
        ],
        "usphone": "'kaɪndnəs",
        "ukphone": "'kaɪn(d)nɪs"
    },
    {
        "name": "clever",
        "trans": [
            "聪明的，机灵的"
        ],
        "usphone": "'klɛvɚ",
        "ukphone": "'klevə"
    },
    {
        "name": "understand",
        "trans": [
            "懂，理解"
        ],
        "usphone": "'ʌndɚ'stænd",
        "ukphone": "ʌndə'stænd"
    },
    {
        "name": "change",
        "trans": [
            "改变",
            "改变"
        ],
        "usphone": "tʃendʒ",
        "ukphone": "tʃeɪn(d)ʒ"
    },
    {
        "name": "interest",
        "trans": [
            "兴趣",
            "使感兴趣"
        ],
        "usphone": "'ɪntrəst",
        "ukphone": "'ɪnt(ə)rɪst"
    },
    {
        "name": "sir",
        "trans": [
            "先生"
        ],
        "usphone": "sɝ",
        "ukphone": "sɜː"
    },
    {
        "name": "madam",
        "trans": [
            "夫人，女士"
        ],
        "usphone": "'mædəm",
        "ukphone": "'mædəm"
    },
    {
        "name": "rubbish",
        "trans": [
            "垃圾，废物"
        ],
        "usphone": "'rʌbɪʃ",
        "ukphone": "'rʌbɪʃ"
    },
    {
        "name": "take out the rubbish",
        "trans": [
            "倒垃圾"
        ],
        "usphone": "",
        "ukphone": ""
    },
    {
        "name": "fold",
        "trans": [
            "对折，折叠"
        ],
        "usphone": "fold",
        "ukphone": "fəʊld"
    },
    {
        "name": "mess",
        "trans": [
            "脏乱；混乱；食堂"
        ],
        "usphone": "mɛs",
        "ukphone": "mes"
    },
    {
        "name": "throw",
        "trans": [
            "扔，投掷"
        ],
        "usphone": "θro",
        "ukphone": "θrəʊ"
    },
    {
        "name": "all the time",
        "trans": [
            "频繁，反复"
        ],
        "usphone": "",
        "ukphone": ""
    },
    {
        "name": "neither",
        "trans": [
            "二者都不",
            "也不"
        ],
        "usphone": "ˈniðɚ",
        "ukphone": "ˈnaɪðə; ˈniːðə"
    },
    {
        "name": "shirt",
        "trans": [
            "运动衫，衬衫"
        ],
        "usphone": "ʃɝt",
        "ukphone": "ʃɜːt"
    },
    {
        "name": "as soon as",
        "trans": [
            "一…就…，尽快"
        ],
        "usphone": "",
        "ukphone": ""
    },
    {
        "name": "pass",
        "trans": [
            "经过；前行；批准"
        ],
        "usphone": "pæs",
        "ukphone": "pɑːs"
    },
    {
        "name": "borrow",
        "trans": [
            "借，借用"
        ],
        "usphone": "'bɑro",
        "ukphone": "'bɒrəʊ"
    },
    {
        "name": "lend",
        "trans": [
            "借给，借出"
        ],
        "usphone": "lɛnd",
        "ukphone": "lend"
    },
    {
        "name": "finger",
        "trans": [
            "手指"
        ],
        "usphone": "'fɪŋɡɚ",
        "ukphone": "'fɪŋgə"
    },
    {
        "name": "hate",
        "trans": [
            "憎恶，讨厌"
        ],
        "usphone": "het",
        "ukphone": "heɪt"
    },
    {
        "name": "chore",
        "trans": [
            "杂务；乏味的工作"
        ],
        "usphone": "tʃɔr",
        "ukphone": "tʃɔː"
    },
    {
        "name": "while",
        "trans": [
            "当…时候；而，然而"
        ],
        "usphone": "hwaɪl",
        "ukphone": "waɪl"
    },
    {
        "name": "snack",
        "trans": [
            "小吃，点心；快餐"
        ],
        "usphone": "snæk",
        "ukphone": "snæk"
    },
    {
        "name": "stress",
        "trans": [
            "精神压力，心理负担"
        ],
        "usphone": "strɛs",
        "ukphone": "stres"
    },
    {
        "name": "waste",
        "trans": [
            "浪费；消耗"
        ],
        "usphone": "west",
        "ukphone": "weɪst"
    },
    {
        "name": "in order to",
        "trans": [
            "目的是，为了"
        ],
        "usphone": "",
        "ukphone": ""
    },
    {
        "name": "provide",
        "trans": [
            "提供，供给，供应"
        ],
        "usphone": "prə'vaɪd",
        "ukphone": "prə'vaɪd"
    },
    {
        "name": "anyway",
        "trans": [
            "尽管如此"
        ],
        "usphone": "'ɛnɪ'we",
        "ukphone": "'enɪweɪ"
    },
    {
        "name": "depend",
        "trans": [
            "依靠，依赖；取决于"
        ],
        "usphone": "dɪ'pɛnd",
        "ukphone": "dɪ'pend"
    },
    {
        "name": "depend on",
        "trans": [
            "依靠于"
        ],
        "usphone": "",
        "ukphone": ""
    },
    {
        "name": "develop",
        "trans": [
            "发展，壮大；开发，研制"
        ],
        "usphone": "dɪ'vɛləp",
        "ukphone": "dɪ'veləp"
    },
    {
        "name": "independent",
        "trans": [
            "独立自主的，不受约束的"
        ],
        "usphone": "'ɪndɪ'pɛndənt",
        "ukphone": ",ɪndɪ'pendənt"
    },
    {
        "name": "independence",
        "trans": [
            "独立"
        ],
        "usphone": ",ɪndɪ'pɛndəns",
        "ukphone": "ɪndɪ'pend(ə)ns"
    },
    {
        "name": "fair",
        "trans": [
            "公平的，公正的"
        ],
        "usphone": "fɛr",
        "ukphone": "feə"
    },
    {
        "name": "unfair",
        "trans": [
            "不公平的，有偏见的"
        ],
        "usphone": "'ʌn'fɛr",
        "ukphone": "ʌn'feə"
    },
    {
        "name": "fairness",
        "trans": [
            "公正性，合理性"
        ],
        "usphone": "'fɛrnəs",
        "ukphone": "'feənɪs"
    },
    {
        "name": "since",
        "trans": [
            "因为，既然"
        ],
        "usphone": "sɪns",
        "ukphone": "sɪns"
    },
    {
        "name": "neighbor",
        "trans": [
            "邻居"
        ],
        "usphone": "'nebɚ",
        "ukphone": "'neɪbə"
    },
    {
        "name": "take care of",
        "trans": [
            "照顾；处理"
        ],
        "usphone": "",
        "ukphone": ""
    },
    {
        "name": "ill",
        "trans": [
            "生病的，有病的"
        ],
        "usphone": "ɪl",
        "ukphone": "ɪl"
    },
    {
        "name": "drop",
        "trans": [
            "落下，跌落"
        ],
        "usphone": "drɑp",
        "ukphone": "drɒp"
    },
    {
        "name": "allow",
        "trans": [
            "允许，准许"
        ],
        "usphone": "ə'laʊ",
        "ukphone": "ə'laʊ"
    },
    {
        "name": "wrong",
        "trans": [
            "错误的"
        ],
        "usphone": "rɔŋ",
        "ukphone": "rɒŋ"
    },
    {
        "name": "What's wrong?",
        "trans": [
            "哪儿不舒服？"
        ],
        "usphone": "",
        "ukphone": ""
    },
    {
        "name": "midnight",
        "trans": [
            "午夜，子夜"
        ],
        "usphone": "'mɪdnaɪt",
        "ukphone": "'mɪdnaɪt"
    },
    {
        "name": "look through",
        "trans": [
            "浏览，逐一查看"
        ],
        "usphone": "",
        "ukphone": ""
    },
    {
        "name": "guess",
        "trans": [
            "猜测，估计"
        ],
        "usphone": "ɡɛs",
        "ukphone": "ges"
    },
    {
        "name": "deal",
        "trans": [
            "处理，应付（与with连用）"
        ],
        "usphone": "dil",
        "ukphone": "diːl"
    },
    {
        "name": "big deal",
        "trans": [
            "重要的事"
        ],
        "usphone": "",
        "ukphone": ""
    },
    {
        "name": "work out",
        "trans": [
            "解决；成功地发展"
        ],
        "usphone": "",
        "ukphone": ""
    },
    {
        "name": "get on well (with)",
        "trans": [
            "和睦相处，关系良好"
        ],
        "usphone": "",
        "ukphone": ""
    },
    {
        "name": "relation",
        "trans": [
            "联系；关系，交往"
        ],
        "usphone": "rɪ'leʃən",
        "ukphone": "rɪ'leɪʃ(ə)n"
    },
    {
        "name": "communicate",
        "trans": [
            "沟通,通信,通讯"
        ],
        "usphone": "kə'mjunɪket",
        "ukphone": "kə'mjuːnɪkeɪt"
    },
    {
        "name": "communication",
        "trans": [
            "交流，沟通"
        ],
        "usphone": "kə,mjunɪ'keʃən",
        "ukphone": "kəmjuːnɪ'keɪʃ(ə)n"
    },
    {
        "name": "argue",
        "trans": [
            "争论，争吵"
        ],
        "usphone": "'ɑrgjʊ",
        "ukphone": "'ɑːgjuː"
    },
    {
        "name": "cloud",
        "trans": [
            "云"
        ],
        "usphone": "klaʊd",
        "ukphone": "klaʊd"
    },
    {
        "name": "elder",
        "trans": [
            "年纪较长的"
        ],
        "usphone": "'ɛldɚ",
        "ukphone": "'eldə"
    },
    {
        "name": "instead",
        "trans": [
            "代替"
        ],
        "usphone": "ɪn'stɛd",
        "ukphone": "ɪn'sted"
    },
    {
        "name": "whatever",
        "trans": [
            "任何；不管什么,无论什么"
        ],
        "usphone": "wət'ɛvɚ",
        "ukphone": "wɒt'evə"
    },
    {
        "name": "nervous",
        "trans": [
            "紧张不安的"
        ],
        "usphone": "'nɝvəs",
        "ukphone": "'nɜːvəs"
    },
    {
        "name": "offer",
        "trans": [
            "提供，自愿给予"
        ],
        "usphone": "'ɔfɚ",
        "ukphone": "'ɒfə"
    },
    {
        "name": "proper",
        "trans": [
            "合适的，适当的"
        ],
        "usphone": "'prɑpɚ",
        "ukphone": "'prɒpə"
    },
    {
        "name": "secondly",
        "trans": [
            "第二，其次"
        ],
        "usphone": "'sɛkəndli",
        "ukphone": "'sek(ə)ndlɪ"
    },
    {
        "name": "explain",
        "trans": [
            "讲解，解释，说明"
        ],
        "usphone": "ɪk'splen",
        "ukphone": "ɪk'spleɪn"
    },
    {
        "name": "clear",
        "trans": [
            "清晰的，清楚易懂的"
        ],
        "usphone": "klɪr",
        "ukphone": "klɪə"
    },
    {
        "name": "copy",
        "trans": [
            "复制"
        ],
        "usphone": "'kɑpi",
        "ukphone": "'kɒpɪ"
    },
    {
        "name": "return",
        "trans": [
            "回来，返回；归还"
        ],
        "usphone": "rɪ'tɝn",
        "ukphone": "rɪ'tɜːn"
    },
    {
        "name": "anymore",
        "trans": [
            "与 not 连用表示 不再，再也不"
        ],
        "usphone": "ɛnɪ'mɔr",
        "ukphone": "enɪ'mɔː"
    },
    {
        "name": "member",
        "trans": [
            "成员，会员"
        ],
        "usphone": "'mɛmbɚ",
        "ukphone": "'membə"
    },
    {
        "name": "pressure",
        "trans": [
            "压力"
        ],
        "usphone": "'prɛʃɚ",
        "ukphone": "'preʃə"
    },
    {
        "name": "compete",
        "trans": [
            "比赛，竞争"
        ],
        "usphone": "kəm'pit",
        "ukphone": "kəm'piːt"
    },
    {
        "name": "opinion",
        "trans": [
            "意见，想法，看法"
        ],
        "usphone": "ə'pɪnjən",
        "ukphone": "ə'pɪnjən"
    },
    {
        "name": "skill",
        "trans": [
            "技能，技巧"
        ],
        "usphone": "skɪl",
        "ukphone": "skɪl"
    },
    {
        "name": "typical",
        "trans": [
            "典型的"
        ],
        "usphone": "'tɪpɪkl",
        "ukphone": "'tɪpɪk(ə)l"
    },
    {
        "name": "football",
        "trans": [
            "足球"
        ],
        "usphone": "'fʊtbɔl",
        "ukphone": "'fʊtbɔːl"
    },
    {
        "name": "cut out",
        "trans": [
            "删去，删除"
        ],
        "usphone": "",
        "ukphone": ""
    },
    {
        "name": "quick",
        "trans": [
            "快的，短时间的；迅速的"
        ],
        "usphone": "kwɪk",
        "ukphone": "kwɪk"
    },
    {
        "name": "continue",
        "trans": [
            "继续，延续"
        ],
        "usphone": "kən'tɪnju",
        "ukphone": "kən'tɪnjuː"
    },
    {
        "name": "compare",
        "trans": [
            "比较"
        ],
        "usphone": "kəm'pɛr",
        "ukphone": "kəm'peə"
    },
    {
        "name": "compare...with",
        "trans": [
            "比较，对比"
        ],
        "usphone": "",
        "ukphone": ""
    },
    {
        "name": "crazy",
        "trans": [
            "疯狂的；狂热的"
        ],
        "usphone": "'krezi",
        "ukphone": "'kreɪzɪ"
    },
    {
        "name": "development",
        "trans": [
            "发育，成长，发展"
        ],
        "usphone": "dɪ'vɛləpmənt",
        "ukphone": "dɪ'veləpm(ə)nt"
    },
    {
        "name": "cause",
        "trans": [
            "原因",
            "造成，使发生"
        ],
        "usphone": "kɔz",
        "ukphone": "kɔːz"
    },
    {
        "name": "usual",
        "trans": [
            "通常的，平常的"
        ],
        "usphone": "'juʒuəl",
        "ukphone": "'juːʒʊəl"
    },
    {
        "name": "in one's opinion",
        "trans": [
            "依… 看"
        ],
        "usphone": "",
        "ukphone": ""
    },
    {
        "name": "perhaps",
        "trans": [
            "可能，大概，也许"
        ],
        "usphone": "pɚ'hæps",
        "ukphone": "pəˈhps"
    },
    {
        "name": "rainstorm",
        "trans": [
            "暴风雨"
        ],
        "usphone": "'ren'stɔrm",
        "ukphone": "'reɪnstɔːm"
    },
    {
        "name": "alarm",
        "trans": [
            "闹钟"
        ],
        "usphone": "ə'lɑrm",
        "ukphone": "ə'lɑːm"
    },
    {
        "name": "go off",
        "trans": [
            "（警报器）发出响声"
        ],
        "usphone": "",
        "ukphone": ""
    },
    {
        "name": "begin",
        "trans": [
            "开始"
        ],
        "usphone": "bɪ'ɡɪn",
        "ukphone": "bɪ'gɪn"
    },
    {
        "name": "heavily",
        "trans": [
            "在很大程度上，大量地"
        ],
        "usphone": "'hɛvɪli",
        "ukphone": "'hevɪlɪ"
    },
    {
        "name": "suddenly",
        "trans": [
            "突然地"
        ],
        "usphone": "'sʌdnlɪ",
        "ukphone": "ˈsʌdnlɪ"
    },
    {
        "name": "pick up",
        "trans": [
            "接; 取"
        ],
        "usphone": "",
        "ukphone": ""
    },
    {
        "name": "strange",
        "trans": [
            "奇怪的，奇特的；陌生的"
        ],
        "usphone": "strendʒ",
        "ukphone": "streɪndʒ"
    },
    {
        "name": "storm",
        "trans": [
            "暴风雨"
        ],
        "usphone": "stɔrm",
        "ukphone": "stɔːm"
    },
    {
        "name": "wind",
        "trans": [
            "风"
        ],
        "usphone": "wɪnd; (for v.) waɪnd",
        "ukphone": "wɪnd; (for v.) waɪnd"
    },
    {
        "name": "light",
        "trans": [
            "灯；电灯",
            "点燃"
        ],
        "usphone": "laɪt",
        "ukphone": "laɪt"
    },
    {
        "name": "report",
        "trans": [
            "报导，报告"
        ],
        "usphone": "rɪ'pɔrt",
        "ukphone": "rɪ'pɔːt"
    },
    {
        "name": "area",
        "trans": [
            "地域，地区；范围"
        ],
        "usphone": "'ɛrɪə",
        "ukphone": "'eərɪə"
    },
    {
        "name": "wood",
        "trans": [
            "木材，树木"
        ],
        "usphone": "wʊd",
        "ukphone": "wʊd"
    },
    {
        "name": "window",
        "trans": [
            "窗户"
        ],
        "usphone": "'wɪndo",
        "ukphone": "'wɪndəʊ"
    },
    {
        "name": "flashlight",
        "trans": [
            "手电筒"
        ],
        "usphone": "'flæʃlaɪt",
        "ukphone": "'flæʃlaɪt"
    },
    {
        "name": "match",
        "trans": [
            "比赛；火柴"
        ],
        "usphone": "mætʃ",
        "ukphone": "mætʃ"
    },
    {
        "name": "beat",
        "trans": [
            "打败；敲打"
        ],
        "usphone": "bit",
        "ukphone": "biːt"
    },
    {
        "name": "against",
        "trans": [
            "反对；对…不利"
        ],
        "usphone": "əˈɡɛnst;əˈɡenst",
        "ukphone": "ə'genst; ə'geɪnst"
    },
    {
        "name": "asleep",
        "trans": [
            "睡着的，熟睡的"
        ],
        "usphone": "ə'slip",
        "ukphone": "ə'sliːp"
    },
    {
        "name": "fall asleep",
        "trans": [
            "进入梦乡，睡着"
        ],
        "usphone": "",
        "ukphone": ""
    },
    {
        "name": "die down",
        "trans": [
            "逐渐变弱，逐渐消失"
        ],
        "usphone": "",
        "ukphone": ""
    },
    {
        "name": "rise",
        "trans": [
            "上升；升起"
        ],
        "usphone": "raɪz",
        "ukphone": "raɪz"
    },
    {
        "name": "fallen",
        "trans": [
            "倒下的，落下的"
        ],
        "usphone": "'fɔlən",
        "ukphone": "'fɔːl(ə)n"
    },
    {
        "name": "apart",
        "trans": [
            "分离，分开"
        ],
        "usphone": "ə'pɑrt",
        "ukphone": "ə'pɑːt"
    },
    {
        "name": "have a look",
        "trans": [
            "看一看"
        ],
        "usphone": "",
        "ukphone": ""
    },
    {
        "name": "icy",
        "trans": [
            "冰冷的；覆盖着冰的"
        ],
        "usphone": "'aɪsi",
        "ukphone": "'aɪsɪ"
    },
    {
        "name": "kid",
        "trans": [
            "（口语）小孩",
            "开玩笑；欺骗 (自己)"
        ],
        "usphone": "kɪd",
        "ukphone": "kɪd"
    },
    {
        "name": "realize",
        "trans": [
            "认识到，了解"
        ],
        "usphone": "ˈriəˌlaɪz",
        "ukphone": "ˈrɪəlaɪz"
    },
    {
        "name": "make one's way",
        "trans": [
            "前往，费力地前进"
        ],
        "usphone": "",
        "ukphone": ""
    },
    {
        "name": "passage",
        "trans": [
            "章节，段落"
        ],
        "usphone": "'pæsɪdʒ",
        "ukphone": "'pæsɪdʒ"
    },
    {
        "name": "pupil",
        "trans": [
            "学生"
        ],
        "usphone": "pjupl",
        "ukphone": "'pjuːpɪl; -p(ə)l"
    },
    {
        "name": "completely",
        "trans": [
            "彻底地，完全地"
        ],
        "usphone": "kəm'plitli",
        "ukphone": "kəm'pliːtlɪ"
    },
    {
        "name": "shocked",
        "trans": [
            "震惊的，震撼的"
        ],
        "usphone": "ʃɔkt",
        "ukphone": "ʃɒkt"
    },
    {
        "name": "silence",
        "trans": [
            "寂静；沉默"
        ],
        "usphone": "'saɪləns",
        "ukphone": "'saɪləns"
    },
    {
        "name": "in silence",
        "trans": [
            "沉默，无声"
        ],
        "usphone": "",
        "ukphone": ""
    },
    {
        "name": "recently",
        "trans": [
            "不久前，近来，最近"
        ],
        "usphone": "'risntli",
        "ukphone": "'riːsntlɪ"
    },
    {
        "name": "take down",
        "trans": [
            "取下；拆除；记录"
        ],
        "usphone": "",
        "ukphone": ""
    },
    {
        "name": "terrorist",
        "trans": [
            "恐怖分子"
        ],
        "usphone": "'tɛrərɪst",
        "ukphone": "'terərɪst"
    },
    {
        "name": "date",
        "trans": [
            "日期，日子"
        ],
        "usphone": "det",
        "ukphone": "deɪt"
    },
    {
        "name": "tower",
        "trans": [
            "塔"
        ],
        "usphone": "'taʊɚ",
        "ukphone": "'taʊə"
    },
    {
        "name": "at first",
        "trans": [
            "首先，最初"
        ],
        "usphone": "",
        "ukphone": ""
    },
    {
        "name": "truth",
        "trans": [
            "真相 ；事实；真理"
        ],
        "usphone": "trʊθ",
        "ukphone": "truːθ"
    },
    {
        "name": "shoot",
        "trans": [
            "射击； 射死，射伤；投篮"
        ],
        "usphone": "ʃut",
        "ukphone": "ʃuːt"
    },
    {
        "name": "stone",
        "trans": [
            "石头"
        ],
        "usphone": "ston",
        "ukphone": "stəʊn"
    },
    {
        "name": "weak",
        "trans": [
            "虚弱的，柔弱的"
        ],
        "usphone": "wik",
        "ukphone": "wiːk"
    },
    {
        "name": "god",
        "trans": [
            "上帝，神"
        ],
        "usphone": "ɡɑd",
        "ukphone": "ɡɒd"
    },
    {
        "name": "remind",
        "trans": [
            "提醒，使想起"
        ],
        "usphone": "rɪ'maɪnd",
        "ukphone": "rɪ'maɪnd"
    },
    {
        "name": "bit",
        "trans": [
            "一点；小块"
        ],
        "usphone": "bɪt",
        "ukphone": "bɪt"
    },
    {
        "name": "a little bit",
        "trans": [
            "有点儿，稍微"
        ],
        "usphone": "",
        "ukphone": ""
    },
    {
        "name": "silly",
        "trans": [
            "愚昧的；",
            "傻子，蠢货"
        ],
        "usphone": "'sɪli",
        "ukphone": "'sɪlɪ"
    },
    {
        "name": "instead of",
        "trans": [
            "代替，而不是…"
        ],
        "usphone": "",
        "ukphone": ""
    },
    {
        "name": "turn into",
        "trans": [
            "变成"
        ],
        "usphone": "",
        "ukphone": ""
    },
    {
        "name": "object",
        "trans": [
            "物体，物品；目标"
        ],
        "usphone": "'ɑbdʒɛkt",
        "ukphone": "'ɒbdʒɪkt; -dʒekt"
    },
    {
        "name": "hide",
        "trans": [
            "隐藏；躲藏"
        ],
        "usphone": "haɪd",
        "ukphone": "haɪd"
    },
    {
        "name": "tail",
        "trans": [
            "尾巴"
        ],
        "usphone": "tel",
        "ukphone": "teɪl"
    },
    {
        "name": "magic",
        "trans": [
            "魔法，巫术"
        ],
        "usphone": "'mædʒɪk",
        "ukphone": "'mædʒɪk"
    },
    {
        "name": "stick",
        "trans": [
            "刺，戳，插",
            "棍，棒"
        ],
        "usphone": "stɪk",
        "ukphone": "stɪk"
    },
    {
        "name": "excite",
        "trans": [
            "使激动，使兴奋"
        ],
        "usphone": "ɪk'saɪt",
        "ukphone": "ɪk'saɪt; ek-"
    },
    {
        "name": "Western",
        "trans": [
            "在西部的；来自西部的；西方的，欧美的"
        ],
        "usphone": "'wɛstɚn",
        "ukphone": "'west(ə)n"
    },
    {
        "name": "once upon",
        "trans": [
            "从前"
        ],
        "usphone": "",
        "ukphone": ""
    },
    {
        "name": "stepsister",
        "trans": [
            "继姐（妹）"
        ],
        "usphone": "'stɛpsɪstɚ",
        "ukphone": "'stepsɪstə"
    },
    {
        "name": "prince",
        "trans": [
            "王子"
        ],
        "usphone": "prɪns",
        "ukphone": "prɪns"
    },
    {
        "name": "fall in love",
        "trans": [
            "爱上，喜欢上"
        ],
        "usphone": "",
        "ukphone": ""
    },
    {
        "name": "fit",
        "trans": [
            "适合；合身"
        ],
        "usphone": "fɪt",
        "ukphone": "fɪt"
    },
    {
        "name": "couple",
        "trans": [
            "（尤指）夫妻，两人"
        ],
        "usphone": "'kʌpl",
        "ukphone": "'kʌp(ə)l"
    },
    {
        "name": "smile",
        "trans": [
            "微笑",
            "微笑"
        ],
        "usphone": "smaɪl",
        "ukphone": "smaɪl"
    },
    {
        "name": "marry",
        "trans": [
            "与某人结婚"
        ],
        "usphone": "'mæri",
        "ukphone": "'mærɪ"
    },
    {
        "name": "get married",
        "trans": [
            "结婚"
        ],
        "usphone": "",
        "ukphone": ""
    },
    {
        "name": "gold",
        "trans": [
            "黄金；金币"
        ],
        "usphone": "ɡold",
        "ukphone": "gəʊld"
    },
    {
        "name": "emperor",
        "trans": [
            "皇帝"
        ],
        "usphone": "'ɛmpərɚ",
        "ukphone": "ˈempərə(r)"
    },
    {
        "name": "silk",
        "trans": [
            "丝绸"
        ],
        "usphone": "sɪlk",
        "ukphone": "sɪlk"
    },
    {
        "name": "underwear",
        "trans": [
            "内衣"
        ],
        "usphone": "'ʌndɚwɛr",
        "ukphone": "'ʌndəweə"
    },
    {
        "name": "nobody",
        "trans": [
            "无人,没有任何人,谁也不"
        ],
        "usphone": "'nəubədi, -bɔdi",
        "ukphone": "'nəʊbədɪ"
    },
    {
        "name": "stupid",
        "trans": [
            "愚蠢的,傻的",
            "傻子"
        ],
        "usphone": "'stupɪd",
        "ukphone": "'stjuːpɪd"
    },
    {
        "name": "cheat",
        "trans": [
            "欺骗，愚弄"
        ],
        "usphone": "tʃit",
        "ukphone": "tʃiːt"
    },
    {
        "name": "stepmother",
        "trans": [
            "继母"
        ],
        "usphone": "'stɛpmʌðɚ",
        "ukphone": "'stepmʌðə"
    },
    {
        "name": "wife",
        "trans": [
            "妻子"
        ],
        "usphone": "waɪf",
        "ukphone": "waɪf"
    },
    {
        "name": "husband",
        "trans": [
            "丈夫"
        ],
        "usphone": "'hʌzbənd",
        "ukphone": "'hʌzbənd"
    },
    {
        "name": "whole",
        "trans": [
            "全部的，整体的"
        ],
        "usphone": "hol",
        "ukphone": "həʊl"
    },
    {
        "name": "scene",
        "trans": [
            "（戏剧）场景"
        ],
        "usphone": "sin",
        "ukphone": "siːn"
    },
    {
        "name": "moonlight",
        "trans": [
            "月光"
        ],
        "usphone": "'munlaɪt",
        "ukphone": "'muːnlaɪt"
    },
    {
        "name": "shine",
        "trans": [
            "照耀，发光"
        ],
        "usphone": "ʃaɪn",
        "ukphone": "ʃaɪn"
    },
    {
        "name": "bright",
        "trans": [
            "明亮的,发亮的"
        ],
        "usphone": "braɪt",
        "ukphone": "braɪt"
    },
    {
        "name": "ground",
        "trans": [
            "地面；沃土"
        ],
        "usphone": "ɡraʊnd",
        "ukphone": "graʊnd"
    },
    {
        "name": "lead",
        "trans": [
            "带头(做某事)；主角",
            "带路"
        ],
        "usphone": "lid; lɛd",
        "ukphone": "li:d;led"
    },
    {
        "name": "voice",
        "trans": [
            "嗓音"
        ],
        "usphone": "vɔɪs",
        "ukphone": "vɒɪs"
    },
    {
        "name": "brave",
        "trans": [
            "勇敢的"
        ],
        "usphone": "brev",
        "ukphone": "breɪv"
    },
    {
        "name": "square",
        "trans": [
            "正方形；平方"
        ],
        "usphone": "skwɛr",
        "ukphone": "skweə"
    },
    {
        "name": "meter",
        "trans": [
            "米"
        ],
        "usphone": "mitɚ",
        "ukphone": "ˈmi:tə(r)"
    },
    {
        "name": "deep",
        "trans": [
            "深的"
        ],
        "usphone": "dip",
        "ukphone": "diːp"
    },
    {
        "name": "desert",
        "trans": [
            "沙漠"
        ],
        "usphone": "(for v.) dɪˈzɝ​t; (for n.) 'dɛzɚt",
        "ukphone": "(for v.) dɪ'zɜːt; (for n.) 'dezət"
    },
    {
        "name": "population",
        "trans": [
            "人口(数量）；全体居民"
        ],
        "usphone": ",pɑpju'leʃən",
        "ukphone": "pɒpjʊ'leɪʃ(ə)n"
    },
    {
        "name": "Asia",
        "trans": [
            "亚洲"
        ],
        "usphone": "ˈeɪʒn; eʒən",
        "ukphone": "ˈeɪʃn"
    },
    {
        "name": "feel free",
        "trans": [
            "（可以）随便（做某事)"
        ],
        "usphone": "",
        "ukphone": ""
    },
    {
        "name": "tour",
        "trans": [
            "旅行，观光"
        ],
        "usphone": "tʊr",
        "ukphone": "tʊə"
    },
    {
        "name": "wall",
        "trans": [
            "墙"
        ],
        "usphone": "wɔl",
        "ukphone": "wɔːl"
    },
    {
        "name": "amazing",
        "trans": [
            "令人惊异的"
        ],
        "usphone": "ə'mezɪŋ",
        "ukphone": "ə'meɪzɪŋ"
    },
    {
        "name": "ancient",
        "trans": [
            "古代的；古老的"
        ],
        "usphone": "ˈenʃənt",
        "ukphone": "ˈeɪnʃənt"
    },
    {
        "name": "protect",
        "trans": [
            "保护"
        ],
        "usphone": "prə'tɛkt",
        "ukphone": "prə'tekt"
    },
    {
        "name": "wide",
        "trans": [
            "宽的；广阔的"
        ],
        "usphone": "waɪd",
        "ukphone": "waɪd"
    },
    {
        "name": "as far as I know",
        "trans": [
            "就我所知"
        ],
        "usphone": "",
        "ukphone": ""
    },
    {
        "name": "achieve",
        "trans": [
            "完成，实现"
        ],
        "usphone": "ə'tʃiv",
        "ukphone": "ə'tʃiːv"
    },
    {
        "name": "achievement",
        "trans": [
            "成就，成绩"
        ],
        "usphone": "ə'tʃivmənt",
        "ukphone": "ə'tʃiːvm(ə)nt"
    },
    {
        "name": "southwestern",
        "trans": [
            "西南的,西南方向的"
        ],
        "usphone": ",sauθ'westən",
        "ukphone": ",saʊθ'westən"
    },
    {
        "name": "thick",
        "trans": [
            "厚的；浓的"
        ],
        "usphone": "θɪk",
        "ukphone": "θɪk"
    },
    {
        "name": "include",
        "trans": [
            "包括，包含"
        ],
        "usphone": "ɪn'klud",
        "ukphone": "ɪn'kluːd"
    },
    {
        "name": "freezing",
        "trans": [
            "极冷的；冷冻的"
        ],
        "usphone": "'frizɪŋ",
        "ukphone": "'friːzɪŋ"
    },
    {
        "name": "condition",
        "trans": [
            "条件；状况"
        ],
        "usphone": "kən'dɪʃən",
        "ukphone": "kən'dɪʃ(ə)n"
    },
    {
        "name": "take in",
        "trans": [
            "吸入，吞入"
        ],
        "usphone": "",
        "ukphone": ""
    },
    {
        "name": "succeed",
        "trans": [
            "成功，实现目标，完成"
        ],
        "usphone": "sək'sid",
        "ukphone": "sək'siːd"
    },
    {
        "name": "challenge",
        "trans": [
            "挑战，考验",
            "质疑，对…表示怀疑"
        ],
        "usphone": "'tʃælɪndʒ",
        "ukphone": "'tʃælɪn(d)ʒ"
    },
    {
        "name": "in the face of",
        "trans": [
            "面对（问题，困难）"
        ],
        "usphone": "",
        "ukphone": ""
    },
    {
        "name": "force",
        "trans": [
            "力，力量；军事行动，武力"
        ],
        "usphone": "fɔrs",
        "ukphone": "fɔːs"
    },
    {
        "name": "nature",
        "trans": [
            "自然界，大自然"
        ],
        "usphone": "'netʃɚ",
        "ukphone": "'neɪtʃə"
    },
    {
        "name": "even though",
        "trans": [
            "（等于even if） 即使，虽然"
        ],
        "usphone": "",
        "ukphone": ""
    },
    {
        "name": "ocean",
        "trans": [
            "海洋"
        ],
        "usphone": "'oʃən",
        "ukphone": "'əʊʃ(ə)n"
    },
    {
        "name": "the Pacific Ocean",
        "trans": [
            "太平洋"
        ],
        "usphone": "",
        "ukphone": ""
    },
    {
        "name": "cm",
        "trans": [
            "厘米(等于centimeter)"
        ],
        "usphone": "",
        "ukphone": ""
    },
    {
        "name": "weigh",
        "trans": [
            "重量是…；称…重量"
        ],
        "usphone": "weɪ",
        "ukphone": "weɪ"
    },
    {
        "name": "birth",
        "trans": [
            "生孩子；生下（某人）；出生；诞生"
        ],
        "usphone": "bɝθ",
        "ukphone": "bɜːθ"
    },
    {
        "name": "at birth",
        "trans": [
            "出生时"
        ],
        "usphone": "",
        "ukphone": ""
    },
    {
        "name": "up to",
        "trans": [
            "到达（某数量，程度），不多于"
        ],
        "usphone": "",
        "ukphone": ""
    },
    {
        "name": "adult",
        "trans": [
            "成年人"
        ],
        "usphone": "'ædʌlt",
        "ukphone": "'ædʌlt; ə'dʌlt"
    },
    {
        "name": "bamboo",
        "trans": [
            "竹子"
        ],
        "usphone": ",bæm'bu",
        "ukphone": "bæm'buː"
    },
    {
        "name": "endangered",
        "trans": [
            "濒临灭绝的，濒危的；有危险的"
        ],
        "usphone": "ɪn'dendʒɚd",
        "ukphone": "ɪn'deɪndʒəd"
    },
    {
        "name": "research",
        "trans": [
            "研究，调查；研究；探索",
            "研究；探索"
        ],
        "usphone": "'risɝtʃ",
        "ukphone": "rɪ'sɜːtʃ; 'riːsɜːtʃ"
    },
    {
        "name": "keeper",
        "trans": [
            "饲养员；保管人"
        ],
        "usphone": "'kipɚ",
        "ukphone": "'kiːpə"
    },
    {
        "name": "awake",
        "trans": [
            "醒着"
        ],
        "usphone": "ə'wek",
        "ukphone": "ə'weɪk"
    },
    {
        "name": "excitement",
        "trans": [
            "激动，兴奋"
        ],
        "usphone": "ɪk'saɪtmənt",
        "ukphone": "ɪk'saɪtmənt"
    },
    {
        "name": "walk into",
        "trans": [
            "走进"
        ],
        "usphone": "",
        "ukphone": ""
    },
    {
        "name": "fall over",
        "trans": [
            "倒下"
        ],
        "usphone": "",
        "ukphone": ""
    },
    {
        "name": "illness",
        "trans": [
            "疾病，生病"
        ],
        "usphone": "'ɪlnəs",
        "ukphone": "ˈɪlnəs"
    },
    {
        "name": "remaining",
        "trans": [
            "遗留的，剩余的"
        ],
        "usphone": "rɪ'menɪŋ",
        "ukphone": "rɪ'meɪnɪŋ"
    },
    {
        "name": "or so",
        "trans": [
            "大约"
        ],
        "usphone": "",
        "ukphone": ""
    },
    {
        "name": "artwork",
        "trans": [
            "插图，图片；艺术品"
        ],
        "usphone": "'ɑrt'wɝk",
        "ukphone": "'ɑːtwɜːk"
    },
    {
        "name": "wild",
        "trans": [
            "野生的；野性的，野蛮的"
        ],
        "usphone": "waɪld",
        "ukphone": "waɪld"
    },
    {
        "name": "government",
        "trans": [
            "政府"
        ],
        "usphone": "'ɡʌvɚnmənt",
        "ukphone": "ˈgʌvənmənt"
    },
    {
        "name": "whale",
        "trans": [
            "鲸"
        ],
        "usphone": "wel",
        "ukphone": "weɪl"
    },
    {
        "name": "protection",
        "trans": [
            "保护，保卫"
        ],
        "usphone": "prə'tɛkʃən",
        "ukphone": "prə'tekʃ(ə)n"
    },
    {
        "name": "huge",
        "trans": [
            "巨大的，极多的"
        ],
        "usphone": "hjudʒ",
        "ukphone": "hjuːdʒ"
    },
    {
        "name": "dynasty",
        "trans": [
            "王朝；朝代"
        ],
        "usphone": "'daɪnəsti",
        "ukphone": "'dɪnəstɪ"
    },
    {
        "name": "base",
        "trans": [
            "基础；基地"
        ],
        "usphone": "bes",
        "ukphone": "beɪs"
    },
    {
        "name": "treasure",
        "trans": [
            "财宝，财富"
        ],
        "usphone": "'trɛʒɚ",
        "ukphone": "'treʒə"
    },
    {
        "name": "island",
        "trans": [
            "岛屿"
        ],
        "usphone": "'aɪlənd",
        "ukphone": "'aɪlənd"
    },
    {
        "name": "full of",
        "trans": [
            "满是…的，（有）丰富的"
        ],
        "usphone": "",
        "ukphone": ""
    },
    {
        "name": "classic",
        "trans": [
            "经典著作，名著"
        ],
        "usphone": "'klæsɪk",
        "ukphone": "'klæsɪk"
    },
    {
        "name": "page",
        "trans": [
            "（书或纸张的）页，面，张"
        ],
        "usphone": "",
        "ukphone": "peɪdʒ"
    },
    {
        "name": "hurry",
        "trans": [
            "匆忙，赶快"
        ],
        "usphone": "'hɝrɪ",
        "ukphone": "'hʌrɪ"
    },
    {
        "name": "hurry up",
        "trans": [
            "赶快，急忙（做某事）"
        ],
        "usphone": "'hɝrɪ ʌp",
        "ukphone": "'hʌrɪ ʌp"
    },
    {
        "name": "due",
        "trans": [
            "预期的；到期的"
        ],
        "usphone": "du",
        "ukphone": "djuː"
    },
    {
        "name": "ship",
        "trans": [
            "船"
        ],
        "usphone": "ʃɪp",
        "ukphone": "ʃɪp"
    },
    {
        "name": "tool",
        "trans": [
            "工具"
        ],
        "usphone": "tul",
        "ukphone": "tuːl"
    },
    {
        "name": "gun",
        "trans": [
            "炮，枪"
        ],
        "usphone": "ɡʌn",
        "ukphone": "gʌn"
    },
    {
        "name": "mark",
        "trans": [
            "记号；分数",
            "作标记"
        ],
        "usphone": "",
        "ukphone": "mɑːk"
    },
    {
        "name": "sand",
        "trans": [
            "沙；沙滩"
        ],
        "usphone": "sænd",
        "ukphone": "sænd"
    },
    {
        "name": "cannibal",
        "trans": [
            "食人肉者"
        ],
        "usphone": "'kænəbl",
        "ukphone": "'kænɪb(ə)l"
    },
    {
        "name": "towards",
        "trans": [
            "向着，朝着；对于,关于"
        ],
        "usphone": "tɔrdz",
        "ukphone": "tə'wɔːdz; twɔːdz; 'tɔːdz"
    },
    {
        "name": "land",
        "trans": [
            "大地；陆地；国家；国土",
            "着陆"
        ],
        "usphone": "lænd",
        "ukphone": "lænd"
    },
    {
        "name": "fiction",
        "trans": [
            "小说；虚构，编造"
        ],
        "usphone": "'fɪkʃən",
        "ukphone": "'fɪkʃ(ə)n"
    },
    {
        "name": "science fiction",
        "trans": [
            "科幻小说"
        ],
        "usphone": "",
        "ukphone": ""
    },
    {
        "name": "technology",
        "trans": [
            "科技，工艺"
        ],
        "usphone": "tɛkˈnɑlədʒɪ",
        "ukphone": "tek'nɒlədʒɪ"
    },
    {
        "name": "French",
        "trans": [
            "法语",
            "法国人（的）"
        ],
        "usphone": "",
        "ukphone": "frentʃ"
    },
    {
        "name": "pop",
        "trans": [
            "流行音乐"
        ],
        "usphone": "pɑp",
        "ukphone": "pɒp"
    },
    {
        "name": "rock",
        "trans": [
            "岩石；摇滚乐"
        ],
        "usphone": "rɑk",
        "ukphone": "rɒk"
    },
    {
        "name": "band",
        "trans": [
            "乐队"
        ],
        "usphone": "bænd",
        "ukphone": "bænd"
    },
    {
        "name": "country music",
        "trans": [
            "乡村音乐"
        ],
        "usphone": "",
        "ukphone": ""
    },
    {
        "name": "forever",
        "trans": [
            "永远"
        ],
        "usphone": "fɚ'ɛvɚ",
        "ukphone": "fə'revə"
    },
    {
        "name": "abroad",
        "trans": [
            "在国外，到国外"
        ],
        "usphone": "ə'brɔd",
        "ukphone": "ə'brɔːd"
    },
    {
        "name": "actually",
        "trans": [
            "实际上,说实在的"
        ],
        "usphone": "'æktʃuəli",
        "ukphone": "ˈæktʃuəli"
    },
    {
        "name": "ever since",
        "trans": [
            "自从"
        ],
        "usphone": "",
        "ukphone": ""
    },
    {
        "name": "fan",
        "trans": [
            "狂热爱好者"
        ],
        "usphone": "fæn",
        "ukphone": "fæn"
    },
    {
        "name": "southern",
        "trans": [
            "南方的"
        ],
        "usphone": "'sʌðɚn",
        "ukphone": "'sʌð(ə)n"
    },
    {
        "name": "modern",
        "trans": [
            "现代的；现代化的"
        ],
        "usphone": "'mɑdɚn",
        "ukphone": "'mɒd(ə)n"
    },
    {
        "name": "success",
        "trans": [
            "成功"
        ],
        "usphone": "sək'sɛs",
        "ukphone": "sək'ses"
    },
    {
        "name": "belong",
        "trans": [
            "属于"
        ],
        "usphone": "bɪ'lɔŋ",
        "ukphone": "bɪ'lɒŋ"
    },
    {
        "name": "one another",
        "trans": [
            "互相"
        ],
        "usphone": "",
        "ukphone": ""
    },
    {
        "name": "laughter",
        "trans": [
            "笑，笑声"
        ],
        "usphone": "'læftɚ",
        "ukphone": "'lɑːftə"
    },
    {
        "name": "beauty",
        "trans": [
            "美丽；美好的事物"
        ],
        "usphone": "'bjuti",
        "ukphone": "'bjuːtɪ"
    },
    {
        "name": "million",
        "trans": [
            "百万"
        ],
        "usphone": "'mɪljən",
        "ukphone": "'mɪljən"
    },
    {
        "name": "record",
        "trans": [
            "记录；唱片",
            "录制，录音"
        ],
        "usphone": "(for v.) rɪˈkɔrd; (for n.) ˈrekərd;ˈrɛkɚd",
        "ukphone": "(for v.)rɪˈkɔːd; (for n.) ˈrekɔːd"
    },
    {
        "name": "introduce",
        "trans": [
            "介绍，引进；使...传入"
        ],
        "usphone": "ˌɪntrə'dus",
        "ukphone": "ɪntrə'djuːs"
    },
    {
        "name": "line",
        "trans": [
            "排，队，列"
        ],
        "usphone": "laɪn",
        "ukphone": "laɪn"
    },
    {
        "name": "amusement",
        "trans": [
            "娱乐，消遣；游戏"
        ],
        "usphone": "ə'mjuzmənt",
        "ukphone": "ə'mjuːzm(ə)nt"
    },
    {
        "name": "amusement park",
        "trans": [
            "游乐场"
        ],
        "usphone": "",
        "ukphone": ""
    },
    {
        "name": "somewhere",
        "trans": [
            "某处，在某处"
        ],
        "usphone": "'sʌmwɛr",
        "ukphone": "'sʌmweə"
    },
    {
        "name": "camera",
        "trans": [
            "照相机"
        ],
        "usphone": "'kæmərə",
        "ukphone": "'kæm(ə)rə"
    },
    {
        "name": "invention",
        "trans": [
            "发明（物）；发明，创造"
        ],
        "usphone": "ɪn'vɛnʃən",
        "ukphone": "ɪn'venʃ(ə)n"
    },
    {
        "name": "invent",
        "trans": [
            "发明，创造"
        ],
        "usphone": "ɪn'vɛnt",
        "ukphone": "ɪn'vent"
    },
    {
        "name": "unbelievable",
        "trans": [
            "难以置信的；不真实的；不可信的"
        ],
        "usphone": ",ʌnbɪ'livəbl",
        "ukphone": "ʌnbɪ'liːvəb(ə)l"
    },
    {
        "name": "progress",
        "trans": [
            "进步，进展"
        ],
        "usphone": "'prɑɡrɛs",
        "ukphone": "'prəʊgres"
    },
    {
        "name": "rapid",
        "trans": [
            "迅速的，快速的"
        ],
        "usphone": "'ræpɪd",
        "ukphone": "'ræpɪd"
    },
    {
        "name": "unusual",
        "trans": [
            "特别的，不寻常的"
        ],
        "usphone": "ʌnˈjuʒəl",
        "ukphone": "ʌnˈju:ʒl"
    },
    {
        "name": "toilet",
        "trans": [
            "坐便器；厕所"
        ],
        "usphone": "ˈtɔɪlɪt",
        "ukphone": "ˈtɔɪlɪt"
    },
    {
        "name": "encourage",
        "trans": [
            "鼓励，激励"
        ],
        "usphone": "ɪn'kɝrɪdʒ",
        "ukphone": "ɪn'kʌrɪdʒ; en-"
    },
    {
        "name": "social",
        "trans": [
            "社会的"
        ],
        "usphone": "'soʃl",
        "ukphone": "'səʊʃ(ə)l"
    },
    {
        "name": "peaceful",
        "trans": [
            "平静的；和平的"
        ],
        "usphone": "'pisfəl",
        "ukphone": "'piːsfʊl; -f(ə)l"
    },
    {
        "name": "tea art",
        "trans": [
            "茶艺"
        ],
        "usphone": "",
        "ukphone": ""
    },
    {
        "name": "performance",
        "trans": [
            "表演，演出"
        ],
        "usphone": "pɚ'fɔrməns",
        "ukphone": "pə'fɔːm(ə)ns"
    },
    {
        "name": "perfect",
        "trans": [
            "完美的，理想的；完全的"
        ],
        "usphone": "ˈpɝfɪkt; (for v.) pɝˈfɛkt",
        "ukphone": "ˈpɜ:fɪkt; (for v.) pəˈfekt"
    },
    {
        "name": "tea set",
        "trans": [
            "茶具"
        ],
        "usphone": "",
        "ukphone": ""
    },
    {
        "name": "itself",
        "trans": [
            "它自己，它本身"
        ],
        "usphone": "ɪt'sɛlf",
        "ukphone": "ɪt'self"
    },
    {
        "name": "collect",
        "trans": [
            "收集"
        ],
        "usphone": "kə'lɛkt",
        "ukphone": "kə'lekt"
    },
    {
        "name": "a couple of",
        "trans": [
            "一对，两个；几个"
        ],
        "usphone": "",
        "ukphone": ""
    },
    {
        "name": "German",
        "trans": [
            "德语；德国人",
            "德国的；德国人的；德语的"
        ],
        "usphone": "",
        "ukphone": "'dʒɜːmən"
    },
    {
        "name": "theme",
        "trans": [
            "主题，题目；作文"
        ],
        "usphone": "θim",
        "ukphone": "θiːm"
    },
    {
        "name": "ride",
        "trans": [
            "骑；乘",
            "（短途）旅程"
        ],
        "usphone": "raɪd",
        "ukphone": "raɪd"
    },
    {
        "name": "province",
        "trans": [
            "省，省份"
        ],
        "usphone": "'prɑvɪns",
        "ukphone": "'prɒvɪns"
    },
    {
        "name": "thousand",
        "trans": [
            "一千"
        ],
        "usphone": "'θaʊznd",
        "ukphone": "'θaʊz(ə)nd"
    },
    {
        "name": "thousands of",
        "trans": [
            "数以千计的，许许多多的"
        ],
        "usphone": "",
        "ukphone": ""
    },
    {
        "name": "safe",
        "trans": [
            "安全的，保险的"
        ],
        "usphone": "sef",
        "ukphone": "seɪf"
    },
    {
        "name": "simply",
        "trans": [
            "仅仅，只，不过"
        ],
        "usphone": "'sɪmpli",
        "ukphone": "'sɪmplɪ"
    },
    {
        "name": "fear",
        "trans": [
            "恐惧，害怕",
            "恐惧，害怕"
        ],
        "usphone": "fɪr",
        "ukphone": "fɪə"
    },
    {
        "name": "whether",
        "trans": [
            "或者…或者，是否；不管…还是"
        ],
        "usphone": "'wɛðɚ",
        "ukphone": "'weðə"
    },
    {
        "name": "Indian",
        "trans": [
            "印度的，印度人的"
        ],
        "usphone": "'ɪndɪən",
        "ukphone": "'ɪndɪən"
    },
    {
        "name": "Japanese",
        "trans": [
            "日本的",
            "日本人；日语"
        ],
        "usphone": ",dʒæpə'niz",
        "ukphone": "ˌdʒæpə'ni:z"
    },
    {
        "name": "fox",
        "trans": [
            "狐狸"
        ],
        "usphone": "fɑks",
        "ukphone": "fɒks"
    },
    {
        "name": "all year around",
        "trans": [
            "全年"
        ],
        "usphone": "",
        "ukphone": ""
    },
    {
        "name": "equator",
        "trans": [
            "赤道"
        ],
        "usphone": "ɪ'kwetɚ",
        "ukphone": "ɪ'kweɪtə"
    },
    {
        "name": "whenever",
        "trans": [
            "无论何时"
        ],
        "usphone": "wɛn'ɛvɚ",
        "ukphone": "wen'evə"
    },
    {
        "name": "spring",
        "trans": [
            "春天"
        ],
        "usphone": "sprɪŋ",
        "ukphone": "sprɪŋ"
    },
    {
        "name": "mostly",
        "trans": [
            "大多数地，主要地，通常"
        ],
        "usphone": "'mostli",
        "ukphone": "'məʊs(t)lɪ"
    },
    {
        "name": "location",
        "trans": [
            "地点，位置"
        ],
        "usphone": "lo'keʃən",
        "ukphone": "lə(ʊ)'keɪʃ(ə)n"
    },
    {
        "name": "yard",
        "trans": [
            "院子"
        ],
        "usphone": "jɑrd",
        "ukphone": "jɑːd"
    },
    {
        "name": "yard sale",
        "trans": [
            "庭院拍卖会"
        ],
        "usphone": "",
        "ukphone": ""
    },
    {
        "name": "sweet",
        "trans": [
            "甜的",
            "糖果"
        ],
        "usphone": "swit",
        "ukphone": "swiːt"
    },
    {
        "name": "memory",
        "trans": [
            "记忆，记忆力；回忆"
        ],
        "usphone": "'mɛməri",
        "ukphone": "'mem(ə)rɪ"
    },
    {
        "name": "cent",
        "trans": [
            "分，分币〔货币单位，符号为¢〕"
        ],
        "usphone": "sɛnt",
        "ukphone": "sent"
    },
    {
        "name": "toy",
        "trans": [
            "玩具"
        ],
        "usphone": "tɔɪ",
        "ukphone": "tɒɪ"
    },
    {
        "name": "bear",
        "trans": [
            "熊"
        ],
        "usphone": "bɛr",
        "ukphone": "beə"
    },
    {
        "name": "maker",
        "trans": [
            "生产者，制造者"
        ],
        "usphone": "'mekɚ",
        "ukphone": "'meɪkə"
    },
    {
        "name": "bread maker",
        "trans": [
            "面包机"
        ],
        "usphone": "",
        "ukphone": ""
    },
    {
        "name": "scarf",
        "trans": [
            "围巾，披巾，头巾"
        ],
        "usphone": "skɑrf",
        "ukphone": "skɑːf"
    },
    {
        "name": "soft",
        "trans": [
            "柔软的；柔滑的"
        ],
        "usphone": "sɔft",
        "ukphone": "sɒft"
    },
    {
        "name": "soft toy",
        "trans": [
            "软体玩具，布绒玩具"
        ],
        "usphone": "",
        "ukphone": ""
    },
    {
        "name": "check",
        "trans": [
            "检查",
            "餐馆账单"
        ],
        "usphone": "tʃɛk",
        "ukphone": "tʃek"
    },
    {
        "name": "check out",
        "trans": [
            "察看，观察"
        ],
        "usphone": "",
        "ukphone": ""
    },
    {
        "name": "board",
        "trans": [
            "板子"
        ],
        "usphone": "bɔrd",
        "ukphone": "bɔːd"
    },
    {
        "name": "board game",
        "trans": [
            "棋类游戏"
        ],
        "usphone": "",
        "ukphone": ""
    },
    {
        "name": "junior",
        "trans": [
            "地位低下的"
        ],
        "usphone": "'dʒunɪɚ",
        "ukphone": "'dʒuːnɪə"
    },
    {
        "name": "junior high school",
        "trans": [
            "初中"
        ],
        "usphone": "",
        "ukphone": ""
    },
    {
        "name": "clear",
        "trans": [
            "清楚的；清晰的；清澈的"
        ],
        "usphone": "klɪr",
        "ukphone": "klɪə"
    },
    {
        "name": "clear out",
        "trans": [
            "清理；清除掉"
        ],
        "usphone": "",
        "ukphone": ""
    },
    {
        "name": "bedroom",
        "trans": [
            "卧室"
        ],
        "usphone": "'bɛdrum",
        "ukphone": "'bedruːm; -rʊm"
    },
    {
        "name": "no longer",
        "trans": [
            "不再，不复"
        ],
        "usphone": "",
        "ukphone": ""
    },
    {
        "name": "own",
        "trans": [
            "属于自己的"
        ],
        "usphone": "on",
        "ukphone": "əʊn"
    },
    {
        "name": "railway",
        "trans": [
            "铁路，铁道"
        ],
        "usphone": "'relwe",
        "ukphone": "'reɪlweɪ"
    },
    {
        "name": "part",
        "trans": [
            "部分；零部件"
        ],
        "usphone": "pɑrt",
        "ukphone": "pɑːt"
    },
    {
        "name": "part with",
        "trans": [
            "放弃，交出"
        ],
        "usphone": "",
        "ukphone": ""
    },
    {
        "name": "certain",
        "trans": [
            "确定的，无疑的；某一"
        ],
        "usphone": "'sɝtn",
        "ukphone": "'sɜːt(ə)n; -tɪn"
    },
    {
        "name": "as for",
        "trans": [
            "至于，关于"
        ],
        "usphone": "",
        "ukphone": ""
    },
    {
        "name": "honest",
        "trans": [
            "诚实的，正直的"
        ],
        "usphone": "'ɑnɪst",
        "ukphone": "'ɒnɪst"
    },
    {
        "name": "to be honest",
        "trans": [
            "说实在的"
        ],
        "usphone": "",
        "ukphone": ""
    },
    {
        "name": "while",
        "trans": [
            "当...时候",
            "一段时间，一会儿"
        ],
        "usphone": "hwaɪl",
        "ukphone": "waɪl"
    },
    {
        "name": "truthful",
        "trans": [
            "诚实的；真实的"
        ],
        "usphone": "'tru:θful",
        "ukphone": "'truːθfʊl; -f(ə)l"
    },
    {
        "name": "hometown",
        "trans": [
            "家乡，故乡"
        ],
        "usphone": "'homtaʊn",
        "ukphone": "'həʊm'taʊn"
    },
    {
        "name": "nowadays",
        "trans": [
            "现今，现在，目前"
        ],
        "usphone": "'naʊədez",
        "ukphone": "'naʊədeɪz"
    },
    {
        "name": "search",
        "trans": [
            "搜索，搜查"
        ],
        "usphone": "sɝtʃ",
        "ukphone": "sɜːtʃ"
    },
    {
        "name": "among",
        "trans": [
            "在其中；…之一"
        ],
        "usphone": "ə'mʌŋ",
        "ukphone": "ə'mʌŋ"
    },
    {
        "name": "crayon",
        "trans": [
            "彩色铅笔"
        ],
        "usphone": "kreən",
        "ukphone": "ˈkreɪən"
    },
    {
        "name": "shame",
        "trans": [
            "羞耻"
        ],
        "usphone": "ʃem",
        "ukphone": "ʃeɪm"
    },
    {
        "name": "regard",
        "trans": [
            "致敬，问候",
            "将…视为"
        ],
        "usphone": "rɪ'ɡɑrd",
        "ukphone": "rɪ'gɑːd"
    },
    {
        "name": "count",
        "trans": [
            "计算，计数；有价值",
            "计算，计数"
        ],
        "usphone": "kaʊnt",
        "ukphone": "kaʊnt"
    },
    {
        "name": "century",
        "trans": [
            "世纪，百年"
        ],
        "usphone": "ˈsɛntʃərɪ",
        "ukphone": "ˈsentʃərɪ"
    },
    {
        "name": "according",
        "trans": [
            "依照，按照"
        ],
        "usphone": "ə'kɔrdɪŋ",
        "ukphone": "ə'kɔːdɪŋ"
    },
    {
        "name": "opposite",
        "trans": [
            "在…对面，与…相对",
            "对面的"
        ],
        "usphone": "ˈɑpəzɪt; ˈɑpəsɪt",
        "ukphone": "'ɒpəzɪt; -sɪt"
    },
    {
        "name": "especially",
        "trans": [
            "特别，尤其"
        ],
        "usphone": "ɪˈspɛʃlɪ",
        "ukphone": "ɪˈspeʃəlɪ"
    },
    {
        "name": "childhood",
        "trans": [
            "孩童时期"
        ],
        "usphone": "'tʃaɪldhʊd",
        "ukphone": "'tʃaɪldhʊd"
    },
    {
        "name": "consider",
        "trans": [
            "仔细考虑，思考；注视"
        ],
        "usphone": "kən'sɪdɚ",
        "ukphone": "kən'sɪdə"
    },
    {
        "name": "close to",
        "trans": [
            "几乎，接近"
        ],
        "usphone": "",
        "ukphone": ""
    },
    {
        "name": "hold",
        "trans": [
            "抓住；拥有"
        ],
        "usphone": "hold",
        "ukphone": "həʊld"
    }
]