[
    {
        "name": "guitar",
        "trans": [
            "吉他"
        ],
        "usphone": "ɡɪ'tɑr",
        "ukphone": "gɪ'tɑː"
    },
    {
        "name": "sing",
        "trans": [
            "唱；唱歌"
        ],
        "usphone": "sɪŋ",
        "ukphone": "sɪŋ"
    },
    {
        "name": "swim",
        "trans": [
            "游泳"
        ],
        "usphone": "swɪm",
        "ukphone": "swɪm"
    },
    {
        "name": "dance",
        "trans": [
            "跳舞"
        ],
        "usphone": "dæns",
        "ukphone": "dɑːns"
    },
    {
        "name": "draw",
        "trans": [
            "画"
        ],
        "usphone": "drɔ",
        "ukphone": "drɔː"
    },
    {
        "name": "chess",
        "trans": [
            "国际象棋"
        ],
        "usphone": "tʃɛs",
        "ukphone": "tʃes"
    },
    {
        "name": "play  chess",
        "trans": [
            "下国际象棋"
        ],
        "usphone": "ple tʃɛs",
        "ukphone": "pleɪ tʃes"
    },
    {
        "name": "speak",
        "trans": [
            "说；说话"
        ],
        "usphone": "spik",
        "ukphone": "spiːk"
    },
    {
        "name": "speak  English",
        "trans": [
            "说英语"
        ],
        "usphone": "",
        "ukphone": ""
    },
    {
        "name": "join",
        "trans": [
            "参加；加入"
        ],
        "usphone": "dʒɔɪn",
        "ukphone": "dʒɒɪn"
    },
    {
        "name": "club",
        "trans": [
            "俱乐部；社团"
        ],
        "usphone": "klʌb",
        "ukphone": "klʌb"
    },
    {
        "name": "be good at...",
        "trans": [
            "擅长于……"
        ],
        "usphone": "",
        "ukphone": ""
    },
    {
        "name": "tell",
        "trans": [
            "讲述；告诉"
        ],
        "usphone": "",
        "ukphone": "tel"
    },
    {
        "name": "story",
        "trans": [
            "故事；小说"
        ],
        "usphone": "stɔrɪ",
        "ukphone": "'stɔːrɪ"
    },
    {
        "name": "write",
        "trans": [
            "写作，写字"
        ],
        "usphone": "raɪt",
        "ukphone": "raɪt"
    },
    {
        "name": "show",
        "trans": [
            "演出;表演",
            "向某人出示"
        ],
        "usphone": "ʃo",
        "ukphone": "ʃəʊ"
    },
    {
        "name": "or",
        "trans": [
            "或者"
        ],
        "usphone": "ɔr",
        "ukphone": "ɔː"
    },
    {
        "name": "talk",
        "trans": [
            "说话；谈话",
            "交谈"
        ],
        "usphone": "tɔk",
        "ukphone": "tɔːk"
    },
    {
        "name": "talk to ...",
        "trans": [
            "跟……说"
        ],
        "usphone": "",
        "ukphone": ""
    },
    {
        "name": "kungfu",
        "trans": [
            "（中国）功夫"
        ],
        "usphone": "",
        "ukphone": ""
    },
    {
        "name": "drum",
        "trans": [
            "鼓"
        ],
        "usphone": "drʌm",
        "ukphone": "drʌm"
    },
    {
        "name": "play the drums",
        "trans": [
            "敲鼓"
        ],
        "usphone": "",
        "ukphone": ""
    },
    {
        "name": "piano",
        "trans": [
            "钢琴"
        ],
        "usphone": "pɪ'æno",
        "ukphone": "pɪ'ænəʊ"
    },
    {
        "name": "play the piano",
        "trans": [
            "弹钢琴"
        ],
        "usphone": "",
        "ukphone": ""
    },
    {
        "name": "violin",
        "trans": [
            "小提琴"
        ],
        "usphone": ",vaɪə'lɪn",
        "ukphone": "ˌvaɪəˈlɪn"
    },
    {
        "name": "play the violin",
        "trans": [
            "拉小提琴"
        ],
        "usphone": "",
        "ukphone": ""
    },
    {
        "name": "also",
        "trans": [
            "而且；也"
        ],
        "usphone": "'ɔlso",
        "ukphone": "'ɔːlsəʊ"
    },
    {
        "name": "people",
        "trans": [
            "人； 人们"
        ],
        "usphone": "'pipl",
        "ukphone": "'piːp(ə)l"
    },
    {
        "name": "home",
        "trans": [
            "家，住所",
            "到家；在家"
        ],
        "usphone": "hom",
        "ukphone": "həʊm"
    },
    {
        "name": "be good with...",
        "trans": [
            "善于应付……的；对……有办法"
        ],
        "usphone": "",
        "ukphone": ""
    },
    {
        "name": "make",
        "trans": [
            "制造"
        ],
        "usphone": "mek",
        "ukphone": "meɪk"
    },
    {
        "name": "make friends",
        "trans": [
            "结交朋友"
        ],
        "usphone": "",
        "ukphone": ""
    },
    {
        "name": "today",
        "trans": [
            "在今天"
        ],
        "usphone": "tə'de",
        "ukphone": "tə'deɪ"
    },
    {
        "name": "help (sb) with sth",
        "trans": [
            "在某方面帮助（某人）"
        ],
        "usphone": "",
        "ukphone": ""
    },
    {
        "name": "center",
        "trans": [
            "（centre的美式拼法）中心，中央"
        ],
        "usphone": "'sɛntɚ",
        "ukphone": "ˈsentə(r)"
    },
    {
        "name": "weekend",
        "trans": [
            "周末"
        ],
        "usphone": "ˈwikend",
        "ukphone": "wiːkˈɛnd"
    },
    {
        "name": "on the weekend",
        "trans": [
            "(在)周末"
        ],
        "usphone": "",
        "ukphone": ""
    },
    {
        "name": "teach",
        "trans": [
            "教，讲授"
        ],
        "usphone": "titʃ",
        "ukphone": "tiːtʃ"
    },
    {
        "name": "musician",
        "trans": [
            "音乐家"
        ],
        "usphone": "mjʊ'zɪʃən",
        "ukphone": "mjuː'zɪʃ(ə)n"
    },
    {
        "name": "up",
        "trans": [
            "向上"
        ],
        "usphone": "ʌp",
        "ukphone": "ʌp"
    },
    {
        "name": "get up",
        "trans": [
            "站起；起床"
        ],
        "usphone": "",
        "ukphone": ""
    },
    {
        "name": "dress",
        "trans": [
            "穿衣服",
            "连衣裙"
        ],
        "usphone": "drɛs",
        "ukphone": "dres"
    },
    {
        "name": "get dressed",
        "trans": [
            "穿上衣服"
        ],
        "usphone": "",
        "ukphone": ""
    },
    {
        "name": "brush",
        "trans": [
            "刷, 刷净",
            "刷子"
        ],
        "usphone": "brʌʃ",
        "ukphone": "brʌʃ"
    },
    {
        "name": "tooth",
        "trans": [
            "(pl  teeth)牙齿"
        ],
        "usphone": "tuθ",
        "ukphone": "tuːθ"
    },
    {
        "name": "shower",
        "trans": [
            "淋浴器（间）；淋浴",
            "洗淋浴"
        ],
        "usphone": "'ʃaʊɚ",
        "ukphone": "'ʃaʊə"
    },
    {
        "name": "take a shower",
        "trans": [
            "洗淋浴"
        ],
        "usphone": "",
        "ukphone": ""
    },
    {
        "name": "usually",
        "trans": [
            "通常地；一般地"
        ],
        "usphone": "juʒəlɪ",
        "ukphone": "ˈjuːʒʊəlɪ"
    },
    {
        "name": "forty",
        "trans": [
            "四十"
        ],
        "usphone": "'fɔrti",
        "ukphone": "'fɔːtɪ"
    },
    {
        "name": "Wow",
        "trans": [
            "（表示惊奇或敬佩）哇；呀"
        ],
        "usphone": "wou",
        "ukphone": "waʊ"
    },
    {
        "name": "never",
        "trans": [
            "从不；绝不"
        ],
        "usphone": "'nɛvɚ",
        "ukphone": "'nevə"
    },
    {
        "name": "early",
        "trans": [
            "早（的）",
            "提早，提前"
        ],
        "usphone": "'ɝli",
        "ukphone": "'ɜːlɪ"
    },
    {
        "name": "fifty",
        "trans": [
            "五十"
        ],
        "usphone": "'fɪfti",
        "ukphone": "'fɪftɪ"
    },
    {
        "name": "job",
        "trans": [
            "工作；职业"
        ],
        "usphone": "",
        "ukphone": "dʒɒb"
    },
    {
        "name": "work",
        "trans": [
            "工作",
            "工作；职业"
        ],
        "usphone": "wɝk",
        "ukphone": "wɜːk"
    },
    {
        "name": "station",
        "trans": [
            "车站；电视台"
        ],
        "usphone": "ˈsteɪʃən",
        "ukphone": "'steɪʃ(ə)n"
    },
    {
        "name": "radio station",
        "trans": [
            "广播电台"
        ],
        "usphone": "",
        "ukphone": ""
    },
    {
        "name": "o'clock",
        "trans": [
            "（表示整点）…点钟"
        ],
        "usphone": "ə'klɑk",
        "ukphone": "ə'klɒk"
    },
    {
        "name": "night",
        "trans": [
            "晚上；夜晚"
        ],
        "usphone": "naɪt",
        "ukphone": "naɪt"
    },
    {
        "name": "funny",
        "trans": [
            "滑稽好笑的"
        ],
        "usphone": "'fʌni",
        "ukphone": "'fʌnɪ"
    },
    {
        "name": "exercise",
        "trans": [
            "锻炼；练习，训练",
            "运动，锻炼(身体)"
        ],
        "usphone": "'ɛksɚsaɪz",
        "ukphone": "'eksəsaɪz"
    },
    {
        "name": "on weekends",
        "trans": [
            "(在)周末"
        ],
        "usphone": "",
        "ukphone": ""
    },
    {
        "name": "best",
        "trans": [
            "最好的",
            "最好地"
        ],
        "usphone": "bɛst",
        "ukphone": "best"
    },
    {
        "name": "half",
        "trans": [
            "一半，半数"
        ],
        "usphone": "hæf",
        "ukphone": "hɑːf"
    },
    {
        "name": "past",
        "trans": [
            "晚于；过（时间）",
            "过去的"
        ],
        "usphone": "pæst",
        "ukphone": "pɑːst"
    },
    {
        "name": "quarter",
        "trans": [
            "四分之一；一刻钟"
        ],
        "usphone": "'kwɔrtɚ",
        "ukphone": "'kwɔːtə"
    },
    {
        "name": "homework",
        "trans": [
            "家庭作业"
        ],
        "usphone": "'hom'wɝk",
        "ukphone": "'həʊmwɜːk"
    },
    {
        "name": "do (one's) homework",
        "trans": [
            "做作业"
        ],
        "usphone": "",
        "ukphone": ""
    },
    {
        "name": "run",
        "trans": [
            "跑；奔"
        ],
        "usphone": "rʌn",
        "ukphone": "rʌn"
    },
    {
        "name": "clean",
        "trans": [
            "打扫；弄干净；",
            "干净的"
        ],
        "usphone": "klin",
        "ukphone": "kliːn"
    },
    {
        "name": "walk",
        "trans": [
            "行走；步行",
            "散步"
        ],
        "usphone": "wɔk",
        "ukphone": "wɔːk"
    },
    {
        "name": "take a walk",
        "trans": [
            "散步；走一走"
        ],
        "usphone": "",
        "ukphone": ""
    },
    {
        "name": "quickly",
        "trans": [
            "很快地"
        ],
        "usphone": "'kwɪkli",
        "ukphone": "'kwɪklɪ"
    },
    {
        "name": "either",
        "trans": [
            "也(不) （用在否定词组后）"
        ],
        "usphone": "'iðɚ",
        "ukphone": "'aɪðə; 'iː-"
    },
    {
        "name": "Either...or ......",
        "trans": [
            "要么……要么……；或者……或者……"
        ],
        "usphone": "",
        "ukphone": ""
    },
    {
        "name": "lot",
        "trans": [
            "大量；许多"
        ],
        "usphone": "lɑt",
        "ukphone": "lɒt"
    },
    {
        "name": "lots of",
        "trans": [
            "大量；许多"
        ],
        "usphone": "",
        "ukphone": ""
    },
    {
        "name": "sometimes",
        "trans": [
            "有时"
        ],
        "usphone": "'sʌmtaɪmz",
        "ukphone": "'sʌmtaɪmz"
    },
    {
        "name": "taste",
        "trans": [
            "有…的味道；品尝",
            "味道；滋味"
        ],
        "usphone": "test",
        "ukphone": "teɪst"
    },
    {
        "name": "Life",
        "trans": [
            "生命；生活"
        ],
        "usphone": "laɪf",
        "ukphone": "laɪf"
    },
    {
        "name": "train",
        "trans": [
            "火车"
        ],
        "usphone": "tren",
        "ukphone": "treɪn"
    },
    {
        "name": "bus",
        "trans": [
            "公交车"
        ],
        "usphone": "bʌs",
        "ukphone": "bʌs"
    },
    {
        "name": "subway",
        "trans": [
            "地铁"
        ],
        "usphone": "'sʌbwe",
        "ukphone": "'sʌbweɪ"
    },
    {
        "name": "take the subway",
        "trans": [
            "乘地铁"
        ],
        "usphone": "",
        "ukphone": ""
    },
    {
        "name": "ride",
        "trans": [
            "骑",
            "旅行"
        ],
        "usphone": "raɪd",
        "ukphone": "raɪd"
    },
    {
        "name": "bike",
        "trans": [
            "自行车"
        ],
        "usphone": "baɪk",
        "ukphone": "baɪk"
    },
    {
        "name": "ride a bike",
        "trans": [
            "骑自行车"
        ],
        "usphone": "",
        "ukphone": ""
    },
    {
        "name": "sixty",
        "trans": [
            "六十"
        ],
        "usphone": "'sɪksti",
        "ukphone": "'sɪkstɪ"
    },
    {
        "name": "seventy",
        "trans": [
            "七十"
        ],
        "usphone": "'sɛvnti",
        "ukphone": "'sev(ə)ntɪ"
    },
    {
        "name": "eighty",
        "trans": [
            "八十"
        ],
        "usphone": "ˈeti",
        "ukphone": "'eɪtɪ"
    },
    {
        "name": "ninety",
        "trans": [
            "九十"
        ],
        "usphone": "'naɪnti",
        "ukphone": "'naɪntɪ"
    },
    {
        "name": "hundred",
        "trans": [
            "一百"
        ],
        "usphone": "'hʌndrəd",
        "ukphone": "'hʌndrəd"
    },
    {
        "name": "minute",
        "trans": [
            "分钟"
        ],
        "usphone": "'mɪnɪt",
        "ukphone": "'mɪnɪt"
    },
    {
        "name": "far",
        "trans": [
            "远；远的",
            "远；用于表示进展情况或影响程度"
        ],
        "usphone": "fɑr",
        "ukphone": "fɑː"
    },
    {
        "name": "kilometer",
        "trans": [
            "公里（等于kilometre）"
        ],
        "usphone": "ˈkɪləˌmitɚ; kəˈlɑmətɚ",
        "ukphone": "'kɪlə,mitɚ"
    },
    {
        "name": "new",
        "trans": [
            "新的；刚出现的"
        ],
        "usphone": "nu",
        "ukphone": "njuː"
    },
    {
        "name": "every",
        "trans": [
            "每一；每个"
        ],
        "usphone": "'ɛvri",
        "ukphone": "'evrɪ"
    },
    {
        "name": "every day",
        "trans": [
            "每天"
        ],
        "usphone": "",
        "ukphone": ""
    },
    {
        "name": "by",
        "trans": [
            "由谁/什么做某事"
        ],
        "usphone": "baɪ",
        "ukphone": "baɪ"
    },
    {
        "name": "by bike",
        "trans": [
            "骑自行车"
        ],
        "usphone": "",
        "ukphone": ""
    },
    {
        "name": "drive",
        "trans": [
            "开车"
        ],
        "usphone": "draɪv",
        "ukphone": "draɪv"
    },
    {
        "name": "car",
        "trans": [
            "小汽车；轿车"
        ],
        "usphone": "kɑr",
        "ukphone": "kɑː"
    },
    {
        "name": "live",
        "trans": [
            "居住；生活"
        ],
        "usphone": "laɪv；lɪv",
        "ukphone": "laɪv；lɪv"
    },
    {
        "name": "stop",
        "trans": [
            "车站；停止"
        ],
        "usphone": "stɑp",
        "ukphone": "stɒp"
    },
    {
        "name": "think of",
        "trans": [
            "认为"
        ],
        "usphone": "",
        "ukphone": ""
    },
    {
        "name": "cross",
        "trans": [
            "横过；越过"
        ],
        "usphone": "krɔs",
        "ukphone": "krɒs"
    },
    {
        "name": "river",
        "trans": [
            "河；江"
        ],
        "usphone": "'rɪvɚ",
        "ukphone": "'rɪvə"
    },
    {
        "name": "many",
        "trans": [
            "许多"
        ],
        "usphone": "'mɛni",
        "ukphone": "'menɪ"
    },
    {
        "name": "village",
        "trans": [
            "村庄；村镇"
        ],
        "usphone": "'vɪlɪdʒ",
        "ukphone": "'vɪlɪdʒ"
    },
    {
        "name": "between",
        "trans": [
            "介于…之间"
        ],
        "usphone": "bəˈtwin",
        "ukphone": "bɪ'twiːn"
    },
    {
        "name": "between... and...",
        "trans": [
            "在……和……之间"
        ],
        "usphone": "",
        "ukphone": ""
    },
    {
        "name": "bridge",
        "trans": [
            "桥"
        ],
        "usphone": "brɪdʒ",
        "ukphone": "brɪdʒ"
    },
    {
        "name": "boat",
        "trans": [
            "小船"
        ],
        "usphone": "bot",
        "ukphone": "bəʊt"
    },
    {
        "name": "ropeway",
        "trans": [
            "索道"
        ],
        "usphone": "",
        "ukphone": ""
    },
    {
        "name": "year",
        "trans": [
            "年；岁"
        ],
        "usphone": "yir",
        "ukphone": "jɪə; jɜː"
    },
    {
        "name": "afraid",
        "trans": [
            "害怕；惧怕"
        ],
        "usphone": "ə'fred",
        "ukphone": "ə'freɪd"
    },
    {
        "name": "like",
        "trans": [
            "像"
        ],
        "usphone": "laɪk",
        "ukphone": "laɪk"
    },
    {
        "name": "leave",
        "trans": [
            "离开"
        ],
        "usphone": "liv",
        "ukphone": "liːv"
    },
    {
        "name": "dream",
        "trans": [
            "睡梦；梦想",
            "做梦"
        ],
        "usphone": "drim",
        "ukphone": "driːm"
    },
    {
        "name": "true",
        "trans": [
            "真的；符合事实的"
        ],
        "usphone": "tru",
        "ukphone": "truː"
    },
    {
        "name": "come true",
        "trans": [
            "实现；成为现实"
        ],
        "usphone": "",
        "ukphone": ""
    },
    {
        "name": "rule",
        "trans": [
            "规则；规章"
        ],
        "usphone": "rul",
        "ukphone": "ruːl"
    },
    {
        "name": "arrive",
        "trans": [
            "到达"
        ],
        "usphone": "ə'raɪv",
        "ukphone": "ə'raɪv"
    },
    {
        "name": "(be) on time",
        "trans": [
            "准时"
        ],
        "usphone": "",
        "ukphone": ""
    },
    {
        "name": "hallway",
        "trans": [
            "走廊；过道"
        ],
        "usphone": "'hɔlwe",
        "ukphone": "'hɔːlweɪ"
    },
    {
        "name": "hall",
        "trans": [
            "大厅；礼堂"
        ],
        "usphone": "hɔl",
        "ukphone": "hɔːl"
    },
    {
        "name": "dining hall",
        "trans": [
            "餐厅"
        ],
        "usphone": "",
        "ukphone": ""
    },
    {
        "name": "listen",
        "trans": [
            "听；倾听"
        ],
        "usphone": "'lɪsn",
        "ukphone": "'lɪs(ə)n"
    },
    {
        "name": "listen to...",
        "trans": [
            "听……"
        ],
        "usphone": "",
        "ukphone": ""
    },
    {
        "name": "fight",
        "trans": [
            "打（仗）；与（…）作战；战斗",
            "打斗，打架"
        ],
        "usphone": "faɪt",
        "ukphone": "faɪt"
    },
    {
        "name": "sorry",
        "trans": [
            "抱歉的；；难过的；惋惜的"
        ],
        "usphone": "'sɔri",
        "ukphone": "'sɒrɪ"
    },
    {
        "name": "outside",
        "trans": [
            "在外面",
            "外面的"
        ],
        "usphone": ",aʊt'saɪd",
        "ukphone": "aʊt'saɪd; 'aʊtsaɪd"
    },
    {
        "name": "wear",
        "trans": [
            "穿；戴"
        ],
        "usphone": "wɛr",
        "ukphone": "weə"
    },
    {
        "name": "important",
        "trans": [
            "重要的"
        ],
        "usphone": "ɪm'pɔrtnt",
        "ukphone": "ɪm'pɔːt(ə)nt"
    },
    {
        "name": "bring",
        "trans": [
            "带来；取来"
        ],
        "usphone": "brɪŋ",
        "ukphone": "brɪŋ"
    },
    {
        "name": "uniform",
        "trans": [
            "校服；制服"
        ],
        "usphone": "junəˌfɔrm",
        "ukphone": "'juːnɪfɔːm"
    },
    {
        "name": "quiet",
        "trans": [
            "安静的"
        ],
        "usphone": "'kwaɪət",
        "ukphone": "'kwaɪət"
    },
    {
        "name": "out",
        "trans": [
            "外出"
        ],
        "usphone": "aʊt",
        "ukphone": "aʊt"
    },
    {
        "name": "go out",
        "trans": [
            "外出（娱乐）"
        ],
        "usphone": "",
        "ukphone": ""
    },
    {
        "name": "practice",
        "trans": [
            "练习"
        ],
        "usphone": "'præktɪs",
        "ukphone": "'præktɪs"
    },
    {
        "name": "dish",
        "trans": [
            "碟；盘"
        ],
        "usphone": "dɪʃ",
        "ukphone": "dɪʃ"
    },
    {
        "name": "do the dishes",
        "trans": [
            "清洗餐具"
        ],
        "usphone": "",
        "ukphone": ""
    },
    {
        "name": "before",
        "trans": [
            "在…以前",
            "以前"
        ],
        "usphone": "bɪ'fɔr",
        "ukphone": "bɪ'fɔː"
    },
    {
        "name": "make (one's) bed",
        "trans": [
            "铺床"
        ],
        "usphone": "",
        "ukphone": ""
    },
    {
        "name": "dirty",
        "trans": [
            "脏的"
        ],
        "usphone": "ˈdɝ​tɪ",
        "ukphone": "'dɜːtɪ"
    },
    {
        "name": "kitchen",
        "trans": [
            "厨房"
        ],
        "usphone": "'kɪtʃɪn",
        "ukphone": "'kɪtʃɪn; -tʃ(ə)n"
    },
    {
        "name": "more",
        "trans": [
            "更多的"
        ],
        "usphone": "mɔr",
        "ukphone": "mɔː"
    },
    {
        "name": "noisy",
        "trans": [
            "吵闹的"
        ],
        "usphone": "ˈnɔɪzɪ",
        "ukphone": "ˈnɔɪzɪ"
    },
    {
        "name": "relax",
        "trans": [
            "放松；休息"
        ],
        "usphone": "rɪ'læks",
        "ukphone": "rɪ'læks"
    },
    {
        "name": "read",
        "trans": [
            "读；阅读"
        ],
        "usphone": "rid; rɛd",
        "ukphone": "ri:d;red"
    },
    {
        "name": "terrible",
        "trans": [
            "非常讨厌的；可怕的"
        ],
        "usphone": "'tɛrəbl",
        "ukphone": "ˈterəbl"
    },
    {
        "name": "feel",
        "trans": [
            "感受；觉得"
        ],
        "usphone": "fil",
        "ukphone": "fiːl"
    },
    {
        "name": "strict",
        "trans": [
            "严格的；严厉的"
        ],
        "usphone": "strɪkt",
        "ukphone": "strɪkt"
    },
    {
        "name": "be strict (with sb)",
        "trans": [
            "（对某人）要求严格"
        ],
        "usphone": "",
        "ukphone": ""
    },
    {
        "name": "remember",
        "trans": [
            "记住； 记起"
        ],
        "usphone": "rɪ'mɛmbɚ",
        "ukphone": "rɪ'membə"
    },
    {
        "name": "follow",
        "trans": [
            "跟随；遵循"
        ],
        "usphone": "'fɑlo",
        "ukphone": "'fɒləʊ"
    },
    {
        "name": "follow the rules",
        "trans": [
            "遵守规则"
        ],
        "usphone": "",
        "ukphone": ""
    },
    {
        "name": "luck",
        "trans": [
            "幸运；运气"
        ],
        "usphone": "lʌk",
        "ukphone": "lʌk"
    },
    {
        "name": "keep",
        "trans": [
            "保持；保留"
        ],
        "usphone": "kip",
        "ukphone": "kiːp"
    },
    {
        "name": "hair",
        "trans": [
            "头发；毛发"
        ],
        "usphone": "hɛr",
        "ukphone": "heə"
    },
    {
        "name": "learn",
        "trans": [
            "学习；学会"
        ],
        "usphone": "lɝn",
        "ukphone": "lɜːn"
    },
    {
        "name": "panda",
        "trans": [
            "熊猫"
        ],
        "usphone": "'pændə",
        "ukphone": "'pændə"
    },
    {
        "name": "zoo",
        "trans": [
            "动物园"
        ],
        "usphone": "zu",
        "ukphone": "zuː"
    },
    {
        "name": "tiger",
        "trans": [
            "老虎"
        ],
        "usphone": "'taɪɡɚ",
        "ukphone": "'taɪgə"
    },
    {
        "name": "elephant",
        "trans": [
            "大象"
        ],
        "usphone": "ˈɛləfənt",
        "ukphone": "'elɪf(ə)nt"
    },
    {
        "name": "koala",
        "trans": [
            "树袋熊"
        ],
        "usphone": "ko'ɑlə",
        "ukphone": "kəʊ'ɑːlə"
    },
    {
        "name": "lion",
        "trans": [
            "狮子"
        ],
        "usphone": "'laɪən",
        "ukphone": "'laɪən"
    },
    {
        "name": "giraffe",
        "trans": [
            "长颈鹿"
        ],
        "usphone": "dʒəˈræf; dʒəˈræf",
        "ukphone": "dʒɪˈrɑ:f"
    },
    {
        "name": "animal",
        "trans": [
            "动物"
        ],
        "usphone": "'ænɪml",
        "ukphone": "'ænɪm(ə)l"
    },
    {
        "name": "cute",
        "trans": [
            "可爱的；机灵的"
        ],
        "usphone": "kjʊt",
        "ukphone": "kjuːt"
    },
    {
        "name": "lazy",
        "trans": [
            "懒散的；懒惰的"
        ],
        "usphone": "ˈlezɪ",
        "ukphone": "'leɪzɪ"
    },
    {
        "name": "smart",
        "trans": [
            "聪明的"
        ],
        "usphone": "smɑrt",
        "ukphone": "smɑːt"
    },
    {
        "name": "beautiful",
        "trans": [
            "美丽的；美好的"
        ],
        "usphone": "'bjʊtəfəl",
        "ukphone": "ˈbju:tɪfl"
    },
    {
        "name": "scary",
        "trans": [
            "吓人的；恐怖的"
        ],
        "usphone": "'skɛri",
        "ukphone": "'skeərɪ"
    },
    {
        "name": "kind",
        "trans": [
            "种类"
        ],
        "usphone": "kaɪnd",
        "ukphone": "kaɪnd"
    },
    {
        "name": "kind of",
        "trans": [
            "稍微；有点儿"
        ],
        "usphone": "",
        "ukphone": ""
    },
    {
        "name": "Australia",
        "trans": [
            "澳大利亚"
        ],
        "usphone": "ɔ'streljə",
        "ukphone": "ɒ'streɪlɪə"
    },
    {
        "name": "south",
        "trans": [
            "南方的",
            "南； 南方"
        ],
        "usphone": "saʊθ",
        "ukphone": "saʊθ"
    },
    {
        "name": "Africa",
        "trans": [
            "非洲"
        ],
        "usphone": "ˈæfrɪkə",
        "ukphone": "'æfrɪkə"
    },
    {
        "name": "South  Africa",
        "trans": [
            "南非"
        ],
        "usphone": "",
        "ukphone": ""
    },
    {
        "name": "pet",
        "trans": [
            "宠物"
        ],
        "usphone": "pɛt",
        "ukphone": "pet"
    },
    {
        "name": "leg",
        "trans": [
            "腿"
        ],
        "usphone": "lɛɡ",
        "ukphone": "leg"
    },
    {
        "name": "cat",
        "trans": [
            "猫"
        ],
        "usphone": "kæt",
        "ukphone": "kæt"
    },
    {
        "name": "sleep",
        "trans": [
            "睡觉"
        ],
        "usphone": "slip",
        "ukphone": "sliːp"
    },
    {
        "name": "friendly",
        "trans": [
            "友好的"
        ],
        "usphone": "ˈfrɛndlɪ",
        "ukphone": "ˈfrendlɪ"
    },
    {
        "name": "shy",
        "trans": [
            "羞怯的；腼腆的"
        ],
        "usphone": "ʃaɪ",
        "ukphone": "ʃaɪ"
    },
    {
        "name": "save",
        "trans": [
            "救；救助"
        ],
        "usphone": "sev",
        "ukphone": "seɪv"
    },
    {
        "name": "symbol",
        "trans": [
            "象征"
        ],
        "usphone": "'sɪmbl",
        "ukphone": "'sɪmb(ə)l"
    },
    {
        "name": "flag",
        "trans": [
            "旗；旗帜"
        ],
        "usphone": "flæg",
        "ukphone": "flæg"
    },
    {
        "name": "forget",
        "trans": [
            "忘记；遗忘"
        ],
        "usphone": "fɚ'ɡɛt",
        "ukphone": "fə'get"
    },
    {
        "name": "get lost",
        "trans": [
            "迷路"
        ],
        "usphone": "",
        "ukphone": ""
    },
    {
        "name": "place",
        "trans": [
            "地点；位置"
        ],
        "usphone": "ples",
        "ukphone": "pleɪs"
    },
    {
        "name": "water",
        "trans": [
            "水"
        ],
        "usphone": "ˈwɔtɚ",
        "ukphone": "'wɔːtə"
    },
    {
        "name": "danger",
        "trans": [
            "危险"
        ],
        "usphone": "'dendʒɚ",
        "ukphone": "ˈdeɪndʒə(r)"
    },
    {
        "name": "be in (great) danger",
        "trans": [
            "处于（极大）危险之中"
        ],
        "usphone": "",
        "ukphone": ""
    },
    {
        "name": "cut",
        "trans": [
            "砍；切"
        ],
        "usphone": "kʌt",
        "ukphone": "kʌt"
    },
    {
        "name": "down",
        "trans": [
            "（坐、躺、倒）下；向下；沿着，顺着"
        ],
        "usphone": "daʊn",
        "ukphone": "daʊn"
    },
    {
        "name": "cut down",
        "trans": [
            "砍倒"
        ],
        "usphone": "",
        "ukphone": ""
    },
    {
        "name": "tree",
        "trans": [
            "树"
        ],
        "usphone": "tri",
        "ukphone": "triː"
    },
    {
        "name": "kill",
        "trans": [
            "杀死；弄死"
        ],
        "usphone": "kɪl",
        "ukphone": "kɪl"
    },
    {
        "name": "ivory",
        "trans": [
            "象牙"
        ],
        "usphone": "'aɪvəri",
        "ukphone": "'aɪv(ə)rɪ"
    },
    {
        "name": "over",
        "trans": [
            "超过；多于；；在… 上方（但未碰触）"
        ],
        "usphone": "'ovɚ",
        "ukphone": "'əʊvə"
    },
    {
        "name": "(be) made of",
        "trans": [
            "由……制成的"
        ],
        "usphone": "",
        "ukphone": ""
    },
    {
        "name": "Julie",
        "trans": [
            "朱莉（女名）"
        ],
        "usphone": "",
        "ukphone": ""
    },
    {
        "name": "Becky",
        "trans": [
            "贝姬（女名）"
        ],
        "usphone": "'beki",
        "ukphone": "'beki"
    },
    {
        "name": "Thailand",
        "trans": [
            "泰国"
        ],
        "usphone": "'taɪlænd; -lənd",
        "ukphone": "'taɪlænd"
    },
    {
        "name": "Thai",
        "trans": [
            "泰国（人的）；泰语（的)"
        ],
        "usphone": "taɪ",
        "ukphone": "taɪ"
    },
    {
        "name": "newspaper",
        "trans": [
            "报纸"
        ],
        "usphone": "'nuzpepɚ",
        "ukphone": "'njuːzpeɪpə; 'njuːs-"
    },
    {
        "name": "read a newspaper",
        "trans": [
            "看报纸"
        ],
        "usphone": "",
        "ukphone": ""
    },
    {
        "name": "use",
        "trans": [
            "使用；运用"
        ],
        "usphone": "juz",
        "ukphone": "juːz"
    },
    {
        "name": "Soup",
        "trans": [
            "汤"
        ],
        "usphone": "sup",
        "ukphone": "suːp"
    },
    {
        "name": "make soup",
        "trans": [
            "做汤"
        ],
        "usphone": "",
        "ukphone": ""
    },
    {
        "name": "wash",
        "trans": [
            "洗"
        ],
        "usphone": "wɔʃ",
        "ukphone": "wɒʃ"
    },
    {
        "name": "movie",
        "trans": [
            "电影"
        ],
        "usphone": "'muvi",
        "ukphone": "'muːvɪ"
    },
    {
        "name": "go to movies",
        "trans": [
            "看电影"
        ],
        "usphone": "",
        "ukphone": ""
    },
    {
        "name": "just",
        "trans": [
            "只是；恰好"
        ],
        "usphone": "dʒʌst",
        "ukphone": "dʒʌst"
    },
    {
        "name": "eat out",
        "trans": [
            "出去吃饭"
        ],
        "usphone": "",
        "ukphone": ""
    },
    {
        "name": "house",
        "trans": [
            "房子"
        ],
        "usphone": "haʊs",
        "ukphone": "haʊs"
    },
    {
        "name": "drink",
        "trans": [
            "一杯（份）饮料；饮，喝",
            "喝；饮"
        ],
        "usphone": "drɪŋk",
        "ukphone": "drɪŋk"
    },
    {
        "name": "tea",
        "trans": [
            "茶；茶叶"
        ],
        "usphone": "ti",
        "ukphone": "tiː"
    },
    {
        "name": "drink  tea",
        "trans": [
            "喝茶"
        ],
        "usphone": "",
        "ukphone": ""
    },
    {
        "name": "tomorrow",
        "trans": [
            "在明天",
            "明天；中文释义: 来日；未来 (尤指不久的将来)"
        ],
        "usphone": "tə'mɔro",
        "ukphone": "tə'mɒrəʊ"
    },
    {
        "name": "pool",
        "trans": [
            "游泳池； 水池"
        ],
        "usphone": "pul",
        "ukphone": "puːl"
    },
    {
        "name": "shop",
        "trans": [
            "购物",
            "商店"
        ],
        "usphone": "ʃɑp",
        "ukphone": "ʃɒp"
    },
    {
        "name": "supermarket",
        "trans": [
            "超市"
        ],
        "usphone": "'sʊpɚ'mɑrkɪt",
        "ukphone": "'suːpəmɑːkɪt; 'sjuː-"
    },
    {
        "name": "man",
        "trans": [
            "男人；成年男子；中文释义: 人 (尤用于正式场合或过去)"
        ],
        "usphone": "mæn",
        "ukphone": "mæn"
    },
    {
        "name": "race",
        "trans": [
            "竞赛"
        ],
        "usphone": "res",
        "ukphone": "reɪs"
    },
    {
        "name": "host",
        "trans": [
            "主人；东道主"
        ],
        "usphone": "host",
        "ukphone": "həʊst"
    },
    {
        "name": "study",
        "trans": [
            "研究 (对某一课题或问题的)；中文释义: 学习 (尤指在家里或放学后的)",
            "中文释义: 学习，攻读"
        ],
        "usphone": "'stʌdi",
        "ukphone": "'stʌdɪ"
    },
    {
        "name": "state",
        "trans": [
            "洲"
        ],
        "usphone": "stet",
        "ukphone": "steɪt"
    },
    {
        "name": "the United States",
        "trans": [
            "美国；美利坚合众国"
        ],
        "usphone": "",
        "ukphone": ""
    },
    {
        "name": "American",
        "trans": [
            "美国的;美洲的",
            "美国人;美洲人"
        ],
        "usphone": "əˈmɛrɪkən",
        "ukphone": "əˈmerɪkən"
    },
    {
        "name": "dragon",
        "trans": [
            "龙"
        ],
        "usphone": "'dræɡən",
        "ukphone": "'dræg(ə)n"
    },
    {
        "name": "Dragon Boat Festival",
        "trans": [
            "端午节"
        ],
        "usphone": "",
        "ukphone": ""
    },
    {
        "name": "any",
        "trans": [
            "任何的； 任一的",
            "任何；任一"
        ],
        "usphone": "'ɛni",
        "ukphone": "'enɪ"
    },
    {
        "name": "other",
        "trans": [
            "另外的；其他的",
            "另外的人（或物）"
        ],
        "usphone": "'ʌðɚ",
        "ukphone": "'ʌðə"
    },
    {
        "name": "young",
        "trans": [
            "幼小的,年轻的"
        ],
        "usphone": "jʌŋ",
        "ukphone": "jʌŋ"
    },
    {
        "name": "children",
        "trans": [
            "儿童"
        ],
        "usphone": "'tʃɪldrən",
        "ukphone": "'tʃɪldrən"
    },
    {
        "name": "miss",
        "trans": [
            "怀念, 思念"
        ],
        "usphone": "mɪs",
        "ukphone": "mɪs"
    },
    {
        "name": "wish",
        "trans": [
            "希望"
        ],
        "usphone": "wɪʃ",
        "ukphone": "wɪʃ"
    },
    {
        "name": "delicious",
        "trans": [
            "可口的,美味的"
        ],
        "usphone": "dɪ'lɪʃəs",
        "ukphone": "dɪ'lɪʃəs"
    },
    {
        "name": "still",
        "trans": [
            "还,仍然"
        ],
        "usphone": "stɪl",
        "ukphone": "stɪl"
    },
    {
        "name": "living room",
        "trans": [
            "客厅"
        ],
        "usphone": "'lɪvɪŋ rum",
        "ukphone": "'lɪvɪŋ ru:m"
    },
    {
        "name": "rain",
        "trans": [
            "下雨",
            "雨水"
        ],
        "usphone": "ren",
        "ukphone": "reɪn"
    },
    {
        "name": "windy",
        "trans": [
            "多风的"
        ],
        "usphone": "'wɪndi",
        "ukphone": "'wɪndɪ"
    },
    {
        "name": "cloudy",
        "trans": [
            "多云的"
        ],
        "usphone": "'klaʊdi",
        "ukphone": "'klaʊdɪ"
    },
    {
        "name": "sunny",
        "trans": [
            "晴朗的；开朗的，快乐的"
        ],
        "usphone": "'sʌni",
        "ukphone": "'sʌnɪ"
    },
    {
        "name": "snow",
        "trans": [
            "下雪；",
            "雪"
        ],
        "usphone": "sno",
        "ukphone": "snəʊ"
    },
    {
        "name": "weather",
        "trans": [
            "天气"
        ],
        "usphone": "'wɛðɚ",
        "ukphone": "'weðə"
    },
    {
        "name": "cook",
        "trans": [
            "做饭"
        ],
        "usphone": "kʊk",
        "ukphone": "kʊk"
    },
    {
        "name": "bad",
        "trans": [
            "坏的；糟的"
        ],
        "usphone": "bæd",
        "ukphone": "bæd"
    },
    {
        "name": "park",
        "trans": [
            "公园"
        ],
        "usphone": "pɑrk",
        "ukphone": "pɑːk"
    },
    {
        "name": "message",
        "trans": [
            "信息；消息"
        ],
        "usphone": "'mɛsɪdʒ",
        "ukphone": "'mesɪdʒ"
    },
    {
        "name": "take a message",
        "trans": [
            "捎个口信；传话"
        ],
        "usphone": "",
        "ukphone": ""
    },
    {
        "name": "him",
        "trans": [
            "他（he的宾格）"
        ],
        "usphone": "hɪm",
        "ukphone": "hɪm"
    },
    {
        "name": "could",
        "trans": [
            "能；可以"
        ],
        "usphone": "kəd; kʊd",
        "ukphone": "kəd; kʊd"
    },
    {
        "name": "back",
        "trans": [
            "回来；回原处"
        ],
        "usphone": "bæk",
        "ukphone": "bæk"
    },
    {
        "name": "call(sb)back",
        "trans": [
            "回电话"
        ],
        "usphone": "",
        "ukphone": ""
    },
    {
        "name": "problem",
        "trans": [
            "困难；难题"
        ],
        "usphone": "'prɑbləm",
        "ukphone": "'prɒbləm"
    },
    {
        "name": "again",
        "trans": [
            "再一次；又一次"
        ],
        "usphone": "əˈɡɛn, əˈɡen",
        "ukphone": "ə'gen; ə'geɪn"
    },
    {
        "name": "dry",
        "trans": [
            "干燥的"
        ],
        "usphone": "draɪ",
        "ukphone": "draɪ"
    },
    {
        "name": "cold",
        "trans": [
            "寒冷的；冷的"
        ],
        "usphone": "kold",
        "ukphone": "kəʊld"
    },
    {
        "name": "hot",
        "trans": [
            "热的；辛辣的"
        ],
        "usphone": "hɑt",
        "ukphone": "hɒt"
    },
    {
        "name": "warm",
        "trans": [
            "温暖的"
        ],
        "usphone": "wɔrm",
        "ukphone": "wɔːm"
    },
    {
        "name": "visit",
        "trans": [
            "拜访；参观"
        ],
        "usphone": "'vɪzɪt",
        "ukphone": "'vɪzɪt"
    },
    {
        "name": "Canada",
        "trans": [
            "加拿大"
        ],
        "usphone": "'kænədə",
        "ukphone": "'kænədə"
    },
    {
        "name": "summer",
        "trans": [
            "夏天；夏季"
        ],
        "usphone": "'sʌmɚ",
        "ukphone": "'sʌmə"
    },
    {
        "name": "sit",
        "trans": [
            "坐"
        ],
        "usphone": "sɪt",
        "ukphone": "sɪt"
    },
    {
        "name": "juice",
        "trans": [
            "果汁；饮料"
        ],
        "usphone": "dʒus",
        "ukphone": "dʒuːs"
    },
    {
        "name": "soon",
        "trans": [
            "不久；很快"
        ],
        "usphone": "sun",
        "ukphone": "suːn"
    },
    {
        "name": "vacation",
        "trans": [
            "假期"
        ],
        "usphone": "veˈkeʃən",
        "ukphone": "vəˈkeɪʃn"
    },
    {
        "name": "on(a)vacation",
        "trans": [
            "度假"
        ],
        "usphone": "",
        "ukphone": ""
    },
    {
        "name": "hard",
        "trans": [
            "努力地",
            "困难的"
        ],
        "usphone": "hɑrd",
        "ukphone": "hɑːd"
    },
    {
        "name": "Europe",
        "trans": [
            "欧洲"
        ],
        "usphone": "'jʊrəp",
        "ukphone": "'jʊrəp"
    },
    {
        "name": "mountain",
        "trans": [
            "高山"
        ],
        "usphone": "ˈmaʊntn",
        "ukphone": "ˈmaʊntən"
    },
    {
        "name": "country",
        "trans": [
            "国；国家"
        ],
        "usphone": "'kʌntri",
        "ukphone": "'kʌntrɪ"
    },
    {
        "name": "skate",
        "trans": [
            "滑冰"
        ],
        "usphone": "sket",
        "ukphone": "skeɪt"
    },
    {
        "name": "snowy",
        "trans": [
            "下雪的"
        ],
        "usphone": "'snoɪ",
        "ukphone": "'snəʊɪ"
    },
    {
        "name": "winter",
        "trans": [
            "冬天；冬季"
        ],
        "usphone": "'wɪntɚ",
        "ukphone": "'wɪntə"
    },
    {
        "name": "Russian",
        "trans": [
            "俄罗斯的；俄罗斯人的；俄语的"
        ],
        "usphone": "'rʌʃən",
        "ukphone": "'rʌʃ(ə)n"
    },
    {
        "name": "snowman",
        "trans": [
            "雪人"
        ],
        "usphone": "'snomæn",
        "ukphone": "'snəʊmæn"
    },
    {
        "name": "rainy",
        "trans": [
            "阴雨的；多雨的"
        ],
        "usphone": "'reni",
        "ukphone": "'reɪnɪ"
    },
    {
        "name": "Moscow",
        "trans": [
            "莫斯科"
        ],
        "usphone": "ˈmɑsˌkaʊ",
        "ukphone": "'mɔskəʊ"
    },
    {
        "name": "Toronto",
        "trans": [
            "多伦多"
        ],
        "usphone": "tə'rɑnto",
        "ukphone": "təˈrɒntəʊ"
    },
    {
        "name": "Boston",
        "trans": [
            "波士顿"
        ],
        "usphone": "'bɔstən",
        "ukphone": "'bɔstən"
    },
    {
        "name": "post",
        "trans": [
            "邮政"
        ],
        "usphone": "post",
        "ukphone": "pəʊst"
    },
    {
        "name": "office",
        "trans": [
            "办公室"
        ],
        "usphone": "'ɔfɪs",
        "ukphone": "'ɒfɪs"
    },
    {
        "name": "post office",
        "trans": [
            "邮局"
        ],
        "usphone": "ˈpost ɔfɪs",
        "ukphone": "ˈpəust ɔfis"
    },
    {
        "name": "police",
        "trans": [
            "警察"
        ],
        "usphone": "pə'lis",
        "ukphone": "pə'liːs"
    },
    {
        "name": "police station",
        "trans": [
            "警察局"
        ],
        "usphone": "pə'lis 'steʃən",
        "ukphone": "pə'liːs 'steɪʃən"
    },
    {
        "name": "hotel",
        "trans": [
            "旅店；酒店"
        ],
        "usphone": "ho'tɛl",
        "ukphone": "həʊˈtel"
    },
    {
        "name": "restaurant",
        "trans": [
            "餐馆"
        ],
        "usphone": "ˈrestərənt; rɛstərənt",
        "ukphone": "ˈrestrɒnt"
    },
    {
        "name": "bank",
        "trans": [
            "银行"
        ],
        "usphone": "bæŋk",
        "ukphone": "bæŋk"
    },
    {
        "name": "hospital",
        "trans": [
            "医院"
        ],
        "usphone": "'hɑspɪtl",
        "ukphone": "'hɒspɪt(ə)l"
    },
    {
        "name": "street",
        "trans": [
            "大街"
        ],
        "usphone": "strit",
        "ukphone": "striːt"
    },
    {
        "name": "pay",
        "trans": [
            "付费"
        ],
        "usphone": "pe",
        "ukphone": "peɪ"
    },
    {
        "name": "pay phone",
        "trans": [
            "付费电话"
        ],
        "usphone": "",
        "ukphone": ""
    },
    {
        "name": "near",
        "trans": [
            "在……附近"
        ],
        "usphone": "nɪr",
        "ukphone": "nɪə"
    },
    {
        "name": "across",
        "trans": [
            "过；穿过"
        ],
        "usphone": "ə'krɔs",
        "ukphone": "ə'krɒs"
    },
    {
        "name": "across from",
        "trans": [
            "在……对面"
        ],
        "usphone": "",
        "ukphone": ""
    },
    {
        "name": "front",
        "trans": [
            "前面"
        ],
        "usphone": "frʌnt",
        "ukphone": "frʌnt"
    },
    {
        "name": "in front of",
        "trans": [
            "在……前面"
        ],
        "usphone": "ɪn frʌnt ʌv",
        "ukphone": "ɪn frʌnt əv"
    },
    {
        "name": "behind",
        "trans": [
            "在……后面"
        ],
        "usphone": "bɪ'haɪnd",
        "ukphone": "bɪ'haɪnd"
    },
    {
        "name": "town",
        "trans": [
            "镇；市镇"
        ],
        "usphone": "taʊn",
        "ukphone": "taʊn"
    },
    {
        "name": "around",
        "trans": [
            "到处；大约"
        ],
        "usphone": "ə'raʊnd",
        "ukphone": "ə'raʊnd"
    },
    {
        "name": "north",
        "trans": [
            "北；北方",
            "北方的"
        ],
        "usphone": "nɔrθ",
        "ukphone": "nɔːθ"
    },
    {
        "name": "along",
        "trans": [
            "沿着"
        ],
        "usphone": "ə'lɔŋ",
        "ukphone": "ə'lɒŋ"
    },
    {
        "name": "go along",
        "trans": [
            "沿着（这条街）走"
        ],
        "usphone": "",
        "ukphone": ""
    },
    {
        "name": "turn",
        "trans": [
            "转向；转移（思考、处理、观察等的对象）"
        ],
        "usphone": "tɝn",
        "ukphone": "tɜːn"
    },
    {
        "name": "right",
        "trans": [
            "向右边；",
            "右边；"
        ],
        "usphone": "raɪt",
        "ukphone": "raɪt"
    },
    {
        "name": "left",
        "trans": [
            "向左边",
            "左边；"
        ],
        "usphone": "lɛft",
        "ukphone": "left"
    },
    {
        "name": "turn right/left",
        "trans": [
            "向右、左转"
        ],
        "usphone": "",
        "ukphone": ""
    },
    {
        "name": "crossing",
        "trans": [
            "十字路口"
        ],
        "usphone": "'krɔsɪŋ",
        "ukphone": "'krɒsɪŋ"
    },
    {
        "name": "neighborhood",
        "trans": [
            "街区；街坊"
        ],
        "usphone": "'nebɚ,hʊd",
        "ukphone": "'neɪbə,hʊd"
    },
    {
        "name": "spend",
        "trans": [
            "花（时间、钱等）"
        ],
        "usphone": "spɛnd",
        "ukphone": "spend"
    },
    {
        "name": "spend time",
        "trans": [
            "花时间"
        ],
        "usphone": "",
        "ukphone": ""
    },
    {
        "name": "climb",
        "trans": [
            "爬"
        ],
        "usphone": "klaɪm",
        "ukphone": "klaɪm"
    },
    {
        "name": "road",
        "trans": [
            "路"
        ],
        "usphone": "rod",
        "ukphone": "rəʊd"
    },
    {
        "name": "often",
        "trans": [
            "时常；常常"
        ],
        "usphone": "ˈɔ:fn; ɔfən",
        "ukphone": "'ɒf(tə)n"
    },
    {
        "name": "air",
        "trans": [
            "空气"
        ],
        "usphone": "ɛr",
        "ukphone": "eə"
    },
    {
        "name": "sunshine",
        "trans": [
            "阳光"
        ],
        "usphone": "'sʌnʃaɪn",
        "ukphone": "'sʌnʃaɪn"
    },
    {
        "name": "free",
        "trans": [
            "免费的"
        ],
        "usphone": "fri",
        "ukphone": "friː"
    },
    {
        "name": "enjoy",
        "trans": [
            "享受；喜爱"
        ],
        "usphone": "ɪn'dʒɔɪ",
        "ukphone": "ɪnˈdʒɔɪ"
    },
    {
        "name": "enjoy reading",
        "trans": [
            "喜欢阅读"
        ],
        "usphone": "",
        "ukphone": ""
    },
    {
        "name": "easily",
        "trans": [
            "容易地"
        ],
        "usphone": "'izəli",
        "ukphone": "'iːzɪlɪ"
    },
    {
        "name": "money",
        "trans": [
            "钱"
        ],
        "usphone": "'mʌni",
        "ukphone": "'mʌnɪ"
    },
    {
        "name": "curly",
        "trans": [
            "卷曲的"
        ],
        "usphone": "'kɝli",
        "ukphone": "'kɜːlɪ"
    },
    {
        "name": "straight",
        "trans": [
            "直的"
        ],
        "usphone": "stret",
        "ukphone": "streɪt"
    },
    {
        "name": "tall",
        "trans": [
            "高的"
        ],
        "usphone": "tɔl",
        "ukphone": "tɔːl"
    },
    {
        "name": "medium",
        "trans": [
            "中等的"
        ],
        "usphone": "'midɪəm",
        "ukphone": "'miːdɪəm"
    },
    {
        "name": "height",
        "trans": [
            "身高；高度"
        ],
        "usphone": "haɪt",
        "ukphone": "haɪt"
    },
    {
        "name": "of medium height",
        "trans": [
            "中等身高"
        ],
        "usphone": "",
        "ukphone": ""
    },
    {
        "name": "thin",
        "trans": [
            "瘦的"
        ],
        "usphone": "θɪn",
        "ukphone": "θɪn"
    },
    {
        "name": "heavy",
        "trans": [
            "重的"
        ],
        "usphone": "'hɛvi",
        "ukphone": "'hevɪ"
    },
    {
        "name": "build",
        "trans": [
            "身材"
        ],
        "usphone": "bɪld",
        "ukphone": "bɪld"
    },
    {
        "name": "of medium build",
        "trans": [
            "中等身材"
        ],
        "usphone": "",
        "ukphone": ""
    },
    {
        "name": "tonight",
        "trans": [
            "今夜",
            "今夜"
        ],
        "usphone": "tə'naɪt",
        "ukphone": "tə'naɪt"
    },
    {
        "name": "little",
        "trans": [
            "小的"
        ],
        "usphone": "'lɪtl",
        "ukphone": "'lɪt(ə)l"
    },
    {
        "name": "a little",
        "trans": [
            "一点，少量"
        ],
        "usphone": "",
        "ukphone": ""
    },
    {
        "name": "cinema",
        "trans": [
            "电影院"
        ],
        "usphone": "'sɪnəmə",
        "ukphone": "ˈsɪnəmɑ:ˈsɪnəmə"
    },
    {
        "name": "glasses",
        "trans": [
            "眼镜"
        ],
        "usphone": "'glæsɪz",
        "ukphone": "'glɑːsɪz"
    },
    {
        "name": "later",
        "trans": [
            "以后"
        ],
        "usphone": "'letɚ",
        "ukphone": "'leɪtə"
    },
    {
        "name": "handsome",
        "trans": [
            "英俊的"
        ],
        "usphone": "'hænsəm",
        "ukphone": "'hæns(ə)m"
    },
    {
        "name": "actor",
        "trans": [
            "演员"
        ],
        "usphone": "'æktɚ",
        "ukphone": "'æktə"
    },
    {
        "name": "actress",
        "trans": [
            "女演员"
        ],
        "usphone": "'æktrɪs",
        "ukphone": "'æktrɪs"
    },
    {
        "name": "person",
        "trans": [
            "人"
        ],
        "usphone": "'pɝsn",
        "ukphone": "'pɜːs(ə)n"
    },
    {
        "name": "nose",
        "trans": [
            "鼻子"
        ],
        "usphone": "noz",
        "ukphone": "nəʊz"
    },
    {
        "name": "blonde",
        "trans": [
            "金黄色的"
        ],
        "usphone": "blɑnd",
        "ukphone": "blɒnd"
    },
    {
        "name": "mouth",
        "trans": [
            "嘴"
        ],
        "usphone": "maʊθ",
        "ukphone": "maʊθ"
    },
    {
        "name": "round",
        "trans": [
            "圆形的"
        ],
        "usphone": "raʊnd",
        "ukphone": "raʊnd"
    },
    {
        "name": "face",
        "trans": [
            "脸"
        ],
        "usphone": "fes",
        "ukphone": "feɪs"
    },
    {
        "name": "eye",
        "trans": [
            "眼睛"
        ],
        "usphone": "aɪ",
        "ukphone": "aɪ"
    },
    {
        "name": "singer",
        "trans": [
            "歌手"
        ],
        "usphone": "'sɪŋɚ",
        "ukphone": "'sɪŋə(r)"
    },
    {
        "name": "artist",
        "trans": [
            "艺术家"
        ],
        "usphone": "'ɑrtɪst",
        "ukphone": "'ɑːtɪst"
    },
    {
        "name": "crime",
        "trans": [
            "犯罪活动"
        ],
        "usphone": "kraɪm",
        "ukphone": "kraɪm"
    },
    {
        "name": "criminal",
        "trans": [
            "罪犯"
        ],
        "usphone": "'krɪmɪnl",
        "ukphone": "'krɪmɪn(ə)l"
    },
    {
        "name": "put",
        "trans": [
            "放"
        ],
        "usphone": "pʊt",
        "ukphone": "pʊt"
    },
    {
        "name": "each",
        "trans": [
            "每个，各自"
        ],
        "usphone": "itʃ",
        "ukphone": "iːtʃ"
    },
    {
        "name": "way",
        "trans": [
            "方式；中文释义: 路线"
        ],
        "usphone": "we",
        "ukphone": "weɪ"
    },
    {
        "name": "describe",
        "trans": [
            "描述"
        ],
        "usphone": "dɪ'skraɪb",
        "ukphone": "dɪ'skraɪb"
    },
    {
        "name": "differently",
        "trans": [
            "不同地"
        ],
        "usphone": "'dɪfərəntli",
        "ukphone": "'dɪfərəntlɪ"
    },
    {
        "name": "another",
        "trans": [
            "另一，又一"
        ],
        "usphone": "ə'nʌðɚ",
        "ukphone": "ə'nʌðə"
    },
    {
        "name": "end",
        "trans": [
            "结尾，尽头"
        ],
        "usphone": "ɛnd",
        "ukphone": "end"
    },
    {
        "name": "in the end",
        "trans": [
            "最后"
        ],
        "usphone": "",
        "ukphone": ""
    },
    {
        "name": "real",
        "trans": [
            "真正的;真实的"
        ],
        "usphone": "'riəl",
        "ukphone": "riːl"
    },
    {
        "name": "jeans",
        "trans": [
            "牛仔裤"
        ],
        "usphone": "",
        "ukphone": ""
    },
    {
        "name": "noodle",
        "trans": [
            "面条"
        ],
        "usphone": "'nudl",
        "ukphone": "'nuːd(ə)l"
    },
    {
        "name": "mutton",
        "trans": [
            "羊肉"
        ],
        "usphone": "'mʌtn",
        "ukphone": "'mʌt(ə)n"
    },
    {
        "name": "beef",
        "trans": [
            "牛肉"
        ],
        "usphone": "bif",
        "ukphone": "biːf"
    },
    {
        "name": "cabbage",
        "trans": [
            "卷心菜；洋白菜"
        ],
        "usphone": "ˈkæbɪdʒ",
        "ukphone": "ˈkæbɪdʒ"
    },
    {
        "name": "potato",
        "trans": [
            "土豆；马铃薯"
        ],
        "usphone": "pə'teto",
        "ukphone": "pə'teɪtəʊ"
    },
    {
        "name": "special",
        "trans": [
            "特别的；特殊的",
            "特色菜；特价品"
        ],
        "usphone": "ˈspɛʃəl",
        "ukphone": "'speʃ(ə)l"
    },
    {
        "name": "would",
        "trans": [
            "（用于礼貌地请求）"
        ],
        "usphone": "wʊd; wəd",
        "ukphone": "wʊd; wəd"
    },
    {
        "name": "would like",
        "trans": [
            "愿意；喜欢"
        ],
        "usphone": "",
        "ukphone": ""
    },
    {
        "name": "yet",
        "trans": [
            "（常用于否定句或疑问句）还；仍然"
        ],
        "usphone": "jɛt",
        "ukphone": "jet"
    },
    {
        "name": "large",
        "trans": [
            "大号的；大的"
        ],
        "usphone": "lɑrdʒ",
        "ukphone": "lɑːdʒ"
    },
    {
        "name": "order",
        "trans": [
            "命令；点菜，点饮料",
            "发出/颁布命令"
        ],
        "usphone": "'ɔrdɚ",
        "ukphone": "'ɔːdə"
    },
    {
        "name": "take one's order",
        "trans": [
            "点菜"
        ],
        "usphone": "",
        "ukphone": ""
    },
    {
        "name": "size",
        "trans": [
            "大小；尺码"
        ],
        "usphone": "saɪz",
        "ukphone": "saɪz"
    },
    {
        "name": "bowl",
        "trans": [
            "碗"
        ],
        "usphone": "bol",
        "ukphone": "bəʊl"
    },
    {
        "name": "one(large)bowl of",
        "trans": [
            "一（大）碗"
        ],
        "usphone": "",
        "ukphone": ""
    },
    {
        "name": "tofu",
        "trans": [
            "豆腐"
        ],
        "usphone": "'tofu",
        "ukphone": "'təʊfuː"
    },
    {
        "name": "meat",
        "trans": [
            "（可食用的）肉"
        ],
        "usphone": "mit",
        "ukphone": "miːt"
    },
    {
        "name": "dumpling",
        "trans": [
            "饺子"
        ],
        "usphone": "'dʌmplɪŋ",
        "ukphone": "'dʌmplɪŋ"
    },
    {
        "name": "porridge",
        "trans": [
            "粥；面糊"
        ],
        "usphone": "'pɔrɪdʒ",
        "ukphone": "'pɒrɪdʒ"
    },
    {
        "name": "onion",
        "trans": [
            "洋葱"
        ],
        "usphone": "'ʌnjən",
        "ukphone": "'ʌnjən"
    },
    {
        "name": "fish",
        "trans": [
            "鱼；鱼肉"
        ],
        "usphone": "fɪʃ",
        "ukphone": "fɪʃ"
    },
    {
        "name": "pancake",
        "trans": [
            "烙饼；薄饼"
        ],
        "usphone": "'pænkek",
        "ukphone": "'pænkeɪk"
    },
    {
        "name": "world",
        "trans": [
            "世界"
        ],
        "usphone": "wɝld",
        "ukphone": "wɜːld"
    },
    {
        "name": "around the world",
        "trans": [
            "世界各地"
        ],
        "usphone": "",
        "ukphone": ""
    },
    {
        "name": "answer",
        "trans": [
            "回答，答复；答案"
        ],
        "usphone": "'ænsɚ",
        "ukphone": "'ɑːnsə"
    },
    {
        "name": "different",
        "trans": [
            "不同的"
        ],
        "usphone": "'dɪfrənt",
        "ukphone": "ˈdɪfrənt"
    },
    {
        "name": "cake",
        "trans": [
            "蛋糕"
        ],
        "usphone": "kek",
        "ukphone": "keɪk"
    },
    {
        "name": "candle",
        "trans": [
            "蜡烛"
        ],
        "usphone": "'kændl",
        "ukphone": "'kænd(ə)l"
    },
    {
        "name": "age",
        "trans": [
            "年龄"
        ],
        "usphone": "edʒ",
        "ukphone": "eɪdʒ"
    },
    {
        "name": "make a wish",
        "trans": [
            "许愿"
        ],
        "usphone": "",
        "ukphone": ""
    },
    {
        "name": "blow",
        "trans": [
            "吹"
        ],
        "usphone": "blo",
        "ukphone": "bləʊ"
    },
    {
        "name": "blow out",
        "trans": [
            "吹灭"
        ],
        "usphone": "",
        "ukphone": ""
    },
    {
        "name": "if",
        "trans": [
            "如果"
        ],
        "usphone": "ɪf",
        "ukphone": "ɪf"
    },
    {
        "name": "will",
        "trans": [
            "将，会，要（用于构成将来时）"
        ],
        "usphone": "wɪl",
        "ukphone": "wɪl"
    },
    {
        "name": "the UK",
        "trans": [
            "英国"
        ],
        "usphone": "",
        "ukphone": ""
    },
    {
        "name": "candy",
        "trans": [
            "糖果"
        ],
        "usphone": "ˈkændɪ",
        "ukphone": "'kændɪ"
    },
    {
        "name": "lucky",
        "trans": [
            "幸运的"
        ],
        "usphone": "'lʌki",
        "ukphone": "'lʌkɪ"
    },
    {
        "name": "popular",
        "trans": [
            "受欢迎的；普遍的"
        ],
        "usphone": "'pɑpjəlɚ",
        "ukphone": "'pɒpjʊlə"
    },
    {
        "name": "get popular",
        "trans": [
            "受欢迎；流行"
        ],
        "usphone": "",
        "ukphone": ""
    },
    {
        "name": "cut up",
        "trans": [
            "切碎"
        ],
        "usphone": "",
        "ukphone": ""
    },
    {
        "name": "idea",
        "trans": [
            "想法；主意"
        ],
        "usphone": "aɪ'diə",
        "ukphone": "aɪ'dɪə"
    },
    {
        "name": "bring good luck to...",
        "trans": [
            "给……带来好运"
        ],
        "usphone": "",
        "ukphone": ""
    },
    {
        "name": "milk",
        "trans": [
            "挤奶"
        ],
        "usphone": "mɪlk",
        "ukphone": "mɪlk"
    },
    {
        "name": "cow",
        "trans": [
            "奶牛"
        ],
        "usphone": "kaʊ",
        "ukphone": "kaʊ"
    },
    {
        "name": "milk a cow",
        "trans": [
            "给奶牛挤奶"
        ],
        "usphone": "",
        "ukphone": ""
    },
    {
        "name": "horse",
        "trans": [
            "马"
        ],
        "usphone": "hɔrs",
        "ukphone": "hɔːs"
    },
    {
        "name": "ride a horse",
        "trans": [
            "骑马"
        ],
        "usphone": "",
        "ukphone": ""
    },
    {
        "name": "feed",
        "trans": [
            "喂养；饲养"
        ],
        "usphone": "fid",
        "ukphone": "fiːd"
    },
    {
        "name": "feed chickens",
        "trans": [
            "喂鸡"
        ],
        "usphone": "",
        "ukphone": ""
    },
    {
        "name": "farmer",
        "trans": [
            "农民；农场主"
        ],
        "usphone": "'fɑmɚ",
        "ukphone": "'fɑːmə"
    },
    {
        "name": "quite",
        "trans": [
            "相当；颇"
        ],
        "usphone": "kwaɪt",
        "ukphone": "kwaɪt"
    },
    {
        "name": "quite a lot(of...)",
        "trans": [
            "许多"
        ],
        "usphone": "",
        "ukphone": ""
    },
    {
        "name": "anything",
        "trans": [
            "（常用于否定句或疑问句）任何东西；任何事物"
        ],
        "usphone": "'ɛnɪ'θɪŋ",
        "ukphone": "'enɪθɪŋ"
    },
    {
        "name": "grow",
        "trans": [
            "生长；种植"
        ],
        "usphone": "ɡro",
        "ukphone": "grəʊ"
    },
    {
        "name": "farm",
        "trans": [
            "务农；种田"
        ],
        "usphone": "fɑrm",
        "ukphone": "fɑːm"
    },
    {
        "name": "pick",
        "trans": [
            "采；摘"
        ],
        "usphone": "pɪk",
        "ukphone": "pɪk"
    },
    {
        "name": "excellent",
        "trans": [
            "极好的；优秀的"
        ],
        "usphone": "'ɛksələnt",
        "ukphone": "ˈeksələnt"
    },
    {
        "name": "countryside",
        "trans": [
            "乡村；农村"
        ],
        "usphone": "'kʌntrɪsaɪd",
        "ukphone": "'kʌntrɪsaɪd"
    },
    {
        "name": "in the countryside",
        "trans": [
            "在乡下；在农村"
        ],
        "usphone": "",
        "ukphone": ""
    },
    {
        "name": "yesterday",
        "trans": [
            "昨天"
        ],
        "usphone": "ˈjɛstɚdɪ;-de",
        "ukphone": "ˈjestədɪ;-deɪ"
    },
    {
        "name": "flower",
        "trans": [
            "花"
        ],
        "usphone": "'flaʊɚ",
        "ukphone": "'flaʊə"
    },
    {
        "name": "worry",
        "trans": [
            "担心；担忧"
        ],
        "usphone": "ˈwʌrɪ",
        "ukphone": "'wʌrɪ"
    },
    {
        "name": "luckily",
        "trans": [
            "幸运地；好运地"
        ],
        "usphone": "'lʌkɪli",
        "ukphone": "'lʌkɪlɪ"
    },
    {
        "name": "sun",
        "trans": [
            "太阳"
        ],
        "usphone": "sʌn",
        "ukphone": "sʌn"
    },
    {
        "name": "museum",
        "trans": [
            "博物馆"
        ],
        "usphone": "mjuˈzɪəm",
        "ukphone": "mjuː'zɪəm"
    },
    {
        "name": "fire",
        "trans": [
            "火；火灾"
        ],
        "usphone": "'faɪr",
        "ukphone": "'faɪə"
    },
    {
        "name": "fire station",
        "trans": [
            "消防站"
        ],
        "usphone": "",
        "ukphone": ""
    },
    {
        "name": "painting",
        "trans": [
            "油画；绘画"
        ],
        "usphone": "'pentɪŋ",
        "ukphone": "'peɪntɪŋ"
    },
    {
        "name": "exciting",
        "trans": [
            "使人兴奋的；令人激动的"
        ],
        "usphone": "ɪk'saɪtɪŋ",
        "ukphone": "ɪk'saɪtɪŋ; ek-"
    },
    {
        "name": "lovely",
        "trans": [
            "可爱的"
        ],
        "usphone": "'lʌvli",
        "ukphone": "'lʌvlɪ"
    },
    {
        "name": "expensive",
        "trans": [
            "昂贵的"
        ],
        "usphone": "ɪk'spɛnsɪv",
        "ukphone": "ɪkˈspensɪv"
    },
    {
        "name": "cheap",
        "trans": [
            "廉价的；便宜的"
        ],
        "usphone": "tʃip",
        "ukphone": "tʃiːp"
    },
    {
        "name": "slow",
        "trans": [
            "缓慢的；迟缓的"
        ],
        "usphone": "sloʊ",
        "ukphone": "sləʊ"
    },
    {
        "name": "fast",
        "trans": [
            "快地",
            "快的"
        ],
        "usphone": "fæst",
        "ukphone": "fɑːst"
    },
    {
        "name": "robot",
        "trans": [
            "机器人"
        ],
        "usphone": "'robɑt",
        "ukphone": "'rəʊbɒt"
    },
    {
        "name": "guide",
        "trans": [
            "导游；向导"
        ],
        "usphone": "ɡaɪd",
        "ukphone": "gaɪd"
    },
    {
        "name": "gift",
        "trans": [
            "礼物；赠品"
        ],
        "usphone": "ɡɪft",
        "ukphone": "gɪft"
    },
    {
        "name": "all in all",
        "trans": [
            "总的说来"
        ],
        "usphone": "",
        "ukphone": ""
    },
    {
        "name": "everything",
        "trans": [
            "一切；所有事物"
        ],
        "usphone": "'ɛvrɪ'θɪŋ",
        "ukphone": "'evrɪθɪŋ"
    },
    {
        "name": "interested",
        "trans": [
            "感兴趣的"
        ],
        "usphone": "'ɪntrəstɪd",
        "ukphone": "'ɪntrəstɪd"
    },
    {
        "name": "be interested in",
        "trans": [
            "对……感兴趣"
        ],
        "usphone": "",
        "ukphone": ""
    },
    {
        "name": "dark",
        "trans": [
            "黑暗的；昏暗的"
        ],
        "usphone": "dɑrk",
        "ukphone": "dɑːk"
    },
    {
        "name": "hear",
        "trans": [
            "听到；听见(过去式，过去分词 heard）"
        ],
        "usphone": "hɪr",
        "ukphone": "hɪə"
    },
    {
        "name": "camp",
        "trans": [
            "扎营;扎帐篷"
        ],
        "usphone": "kæmp",
        "ukphone": "kæmp"
    },
    {
        "name": "lake",
        "trans": [
            "湖，湖泊"
        ],
        "usphone": "lek",
        "ukphone": "leɪk"
    },
    {
        "name": "beach",
        "trans": [
            "海滩，沙滩"
        ],
        "usphone": "bitʃ",
        "ukphone": "biːtʃ"
    },
    {
        "name": "badminton",
        "trans": [
            "羽毛球运动"
        ],
        "usphone": "'bædmɪntən",
        "ukphone": "'bædmɪnt(ə)n"
    },
    {
        "name": "sheep",
        "trans": [
            "羊，绵羊"
        ],
        "usphone": "ʃip",
        "ukphone": "ʃiːp"
    },
    {
        "name": "as",
        "trans": [
            "作为，当做"
        ],
        "usphone": "æz; əz",
        "ukphone": "æz; əz"
    },
    {
        "name": "natural",
        "trans": [
            "自然的"
        ],
        "usphone": "'nætʃrəl",
        "ukphone": "ˈnætʃrəl"
    },
    {
        "name": "butterfly",
        "trans": [
            "蝴蝶"
        ],
        "usphone": "'bʌtɚflaɪ",
        "ukphone": "'bʌtəflaɪ"
    },
    {
        "name": "visitor",
        "trans": [
            "游客；访问者"
        ],
        "usphone": "'vɪzɪtɚ",
        "ukphone": "'vɪzɪtə"
    },
    {
        "name": "tired",
        "trans": [
            "疲倦的"
        ],
        "usphone": "ˈtaɪrd",
        "ukphone": "taɪəd"
    },
    {
        "name": "stay",
        "trans": [
            "停留"
        ],
        "usphone": "ste",
        "ukphone": "steɪ"
    },
    {
        "name": "stay up late",
        "trans": [
            "熬夜；睡得很晚"
        ],
        "usphone": "",
        "ukphone": ""
    },
    {
        "name": "away",
        "trans": [
            "离开"
        ],
        "usphone": "əˈwe",
        "ukphone": "ə'weɪ"
    },
    {
        "name": "run away",
        "trans": [
            "跑开"
        ],
        "usphone": "",
        "ukphone": ""
    },
    {
        "name": "mouse",
        "trans": [
            "老鼠"
        ],
        "usphone": "maʊs",
        "ukphone": "maʊs"
    },
    {
        "name": "baby",
        "trans": [
            "婴儿"
        ],
        "usphone": "bebɪ",
        "ukphone": "'beɪbɪ"
    },
    {
        "name": "shout",
        "trans": [
            "呼叫，喊叫"
        ],
        "usphone": "ʃaʊt",
        "ukphone": "ʃaʊt"
    },
    {
        "name": "shout at...",
        "trans": [
            "冲……大声叫嚷"
        ],
        "usphone": "",
        "ukphone": ""
    },
    {
        "name": "woof",
        "trans": [
            "（狗叫声）汪汪"
        ],
        "usphone": "",
        "ukphone": ""
    },
    {
        "name": "language",
        "trans": [
            "语言"
        ],
        "usphone": "'læŋɡwɪdʒ",
        "ukphone": "'læŋgwɪdʒ"
    },
    {
        "name": "fly",
        "trans": [
            "乘飞机旅行；飞，飞翔"
        ],
        "usphone": "flaɪ",
        "ukphone": "flaɪ"
    },
    {
        "name": "kite",
        "trans": [
            "风筝"
        ],
        "usphone": "kaɪt",
        "ukphone": "kaɪt"
    },
    {
        "name": "fly a kite",
        "trans": [
            "放风筝"
        ],
        "usphone": "",
        "ukphone": ""
    },
    {
        "name": "high",
        "trans": [
            "高的",
            "（离地面）高高地；在[向]高处"
        ],
        "usphone": "haɪ",
        "ukphone": "haɪ"
    },
    {
        "name": "high school",
        "trans": [
            "中学"
        ],
        "usphone": "",
        "ukphone": ""
    },
    {
        "name": "ago",
        "trans": [
            "以前"
        ],
        "usphone": "ə'ɡo",
        "ukphone": "ə'gəʊ"
    },
    {
        "name": "India",
        "trans": [
            "印度"
        ],
        "usphone": "'ɪndɪə",
        "ukphone": "'ɪndɪə"
    },
    {
        "name": "tent",
        "trans": [
            "帐篷"
        ],
        "usphone": "tɛnt",
        "ukphone": "tent"
    },
    {
        "name": "put up",
        "trans": [
            "搭起，举起"
        ],
        "usphone": "",
        "ukphone": ""
    },
    {
        "name": "moon",
        "trans": [
            "月亮"
        ],
        "usphone": "mun",
        "ukphone": "muːn"
    },
    {
        "name": "surprise",
        "trans": [
            "惊奇，惊讶",
            "使吃惊"
        ],
        "usphone": "sɚ'praɪz",
        "ukphone": "sə'praɪz"
    },
    {
        "name": "get a surprise",
        "trans": [
            "吃惊"
        ],
        "usphone": "",
        "ukphone": ""
    },
    {
        "name": "snake",
        "trans": [
            "蛇"
        ],
        "usphone": "snek",
        "ukphone": "sneɪk"
    },
    {
        "name": "scared",
        "trans": [
            "惊慌的"
        ],
        "usphone": "skɛrd",
        "ukphone": "skeəd"
    },
    {
        "name": "move",
        "trans": [
            "移动"
        ],
        "usphone": "muv",
        "ukphone": "muːv"
    },
    {
        "name": "shout to...",
        "trans": [
            "对……大声喊叫"
        ],
        "usphone": "",
        "ukphone": ""
    },
    {
        "name": "start",
        "trans": [
            "开始，着手"
        ],
        "usphone": "stɑrt",
        "ukphone": "stɑːt"
    },
    {
        "name": "jump",
        "trans": [
            "跳跃"
        ],
        "usphone": "dʒʌmp",
        "ukphone": "dʒʌmp"
    },
    {
        "name": "up and down",
        "trans": [
            "上上下下"
        ],
        "usphone": "",
        "ukphone": ""
    },
    {
        "name": "wake",
        "trans": [
            "弄醒，醒"
        ],
        "usphone": "wek",
        "ukphone": "weɪk"
    },
    {
        "name": "into",
        "trans": [
            "到……里面"
        ],
        "usphone": "ˈɪntu",
        "ukphone": "'ɪntʊ; 'ɪntə"
    },
    {
        "name": "forest",
        "trans": [
            "森林"
        ],
        "usphone": "'fɔrɪst",
        "ukphone": "'fɒrɪst"
    },
    {
        "name": "ear",
        "trans": [
            "耳朵"
        ],
        "usphone": "ɪr",
        "ukphone": "ɪə"
    }
]