[
    {
        "name": "textbook",
        "trans": [
            "教科书；课本"
        ],
        "usphone": "'tɛkstbʊk",
        "ukphone": "'teks(t)bʊk"
    },
    {
        "name": "conversation",
        "trans": [
            "交谈；谈话"
        ],
        "usphone": ",kɑnvɚ'seʃən",
        "ukphone": "kɒnvə'seɪʃ(ə)n"
    },
    {
        "name": "aloud",
        "trans": [
            "大声地；出声地"
        ],
        "usphone": "ə'laʊd",
        "ukphone": "ə'laʊd"
    },
    {
        "name": "pronunciation",
        "trans": [
            "发音；读音"
        ],
        "usphone": "prə,nʌnsɪ'eʃən",
        "ukphone": "prə,nʌnsɪ'eɪʃ(ə)n"
    },
    {
        "name": "sentence",
        "trans": [
            "句子"
        ],
        "usphone": "'sɛntəns",
        "ukphone": "'sent(ə)ns"
    },
    {
        "name": "patient",
        "trans": [
            "有耐心的",
            "病人"
        ],
        "usphone": "ˈpeʃənt",
        "ukphone": "'peɪʃ(ə)nt"
    },
    {
        "name": "expression",
        "trans": [
            "表达（方式）；表示"
        ],
        "usphone": "ɪk'sprɛʃən",
        "ukphone": "ɪkˈspreʃn"
    },
    {
        "name": "discover",
        "trans": [
            "发现"
        ],
        "usphone": "dɪ'skʌvɚ",
        "ukphone": "dɪ'skʌvə"
    },
    {
        "name": "secret",
        "trans": [
            "秘密；秘诀",
            "秘密的；保密的"
        ],
        "usphone": "'sikrɪt",
        "ukphone": "'siːkrɪt"
    },
    {
        "name": "fall in love with",
        "trans": [
            "爱上；与...相爱"
        ],
        "usphone": "",
        "ukphone": ""
    },
    {
        "name": "grammar",
        "trans": [
            "语法"
        ],
        "usphone": "'græmɚ",
        "ukphone": "'græmə"
    },
    {
        "name": "repeat",
        "trans": [
            "重复；重说；重写；重做"
        ],
        "usphone": "rɪ'pit",
        "ukphone": "rɪ'piːt"
    },
    {
        "name": "note",
        "trans": [
            "笔记；记录",
            "注意；指出"
        ],
        "usphone": "not",
        "ukphone": "nəʊt"
    },
    {
        "name": "pal",
        "trans": [
            "朋友；伙伴"
        ],
        "usphone": "pæl",
        "ukphone": "pæl"
    },
    {
        "name": "pattern",
        "trans": [
            "模式；方式"
        ],
        "usphone": "'pætɚn",
        "ukphone": "'pæt(ə)n"
    },
    {
        "name": "physics",
        "trans": [
            "物理；物理学"
        ],
        "usphone": "'fɪzɪks",
        "ukphone": "'fɪzɪks"
    },
    {
        "name": "chemistry",
        "trans": [
            "化学"
        ],
        "usphone": "'kɛmɪstri",
        "ukphone": "'kemɪstrɪ"
    },
    {
        "name": "partner",
        "trans": [
            "搭档；同伴"
        ],
        "usphone": "'pɑrtnɚ",
        "ukphone": "'pɑːtnə"
    },
    {
        "name": "pronounce",
        "trans": [
            "发音"
        ],
        "usphone": "prə'naʊns",
        "ukphone": "prə'naʊns"
    },
    {
        "name": "increase",
        "trans": [
            "增加；增长"
        ],
        "usphone": "'ɪnkris",
        "ukphone": "ɪn'kriːs"
    },
    {
        "name": "speed",
        "trans": [
            "速度"
        ],
        "usphone": "spid",
        "ukphone": "spiːd"
    },
    {
        "name": "ability",
        "trans": [
            "能力；才能"
        ],
        "usphone": "əˈbɪlətɪ",
        "ukphone": "əˈbɪlətɪ"
    },
    {
        "name": "brain",
        "trans": [
            "大脑"
        ],
        "usphone": "bren",
        "ukphone": "breɪn"
    },
    {
        "name": "active",
        "trans": [
            "活跃的；积极的"
        ],
        "usphone": "'æktɪv",
        "ukphone": "'æktɪv"
    },
    {
        "name": "attention",
        "trans": [
            "注意；关注"
        ],
        "usphone": "ə'tɛnʃən",
        "ukphone": "ə'tenʃ(ə)n"
    },
    {
        "name": "pay attention to",
        "trans": [
            "注意；关注"
        ],
        "usphone": "",
        "ukphone": ""
    },
    {
        "name": "connect",
        "trans": [
            "（使）连接；与...有联系"
        ],
        "usphone": "kə'nɛkt",
        "ukphone": "kə'nekt"
    },
    {
        "name": "connect ... with",
        "trans": [
            "把...和...连接或联系起来"
        ],
        "usphone": "",
        "ukphone": ""
    },
    {
        "name": "overnight",
        "trans": [
            "一夜之间；在夜间"
        ],
        "usphone": "'ovənaɪt",
        "ukphone": "əʊvə'naɪt"
    },
    {
        "name": "review",
        "trans": [
            "回顾",
            "复习；回顾"
        ],
        "usphone": "rɪ'vju",
        "ukphone": "rɪ'vjuː"
    },
    {
        "name": "knowledge",
        "trans": [
            "知识；学问"
        ],
        "usphone": "'nɑlɪdʒ",
        "ukphone": "'nɒlɪdʒ"
    },
    {
        "name": "wisely",
        "trans": [
            "明智地；聪明地"
        ],
        "usphone": "'waɪzli",
        "ukphone": "'waizli"
    },
    {
        "name": "Annie",
        "trans": [
            "安妮（女名）"
        ],
        "usphone": "",
        "ukphone": ""
    },
    {
        "name": "Alexander Graham Bell",
        "trans": [
            "亚历山大 • 格雷厄姆 • 贝尔"
        ],
        "usphone": "",
        "ukphone": ""
    },
    {
        "name": "lantern",
        "trans": [
            "灯笼"
        ],
        "usphone": "'læntɚn",
        "ukphone": "'læntən"
    },
    {
        "name": "stranger",
        "trans": [
            "陌生人"
        ],
        "usphone": "'strendʒɚ",
        "ukphone": "'streɪn(d)ʒə"
    },
    {
        "name": "relative",
        "trans": [
            "亲属；亲戚"
        ],
        "usphone": "'rɛlətɪv",
        "ukphone": "'relətɪv"
    },
    {
        "name": "put on",
        "trans": [
            "增加（体重）；发胖"
        ],
        "usphone": "pʊt ɑn",
        "ukphone": "pʊt ɒn"
    },
    {
        "name": "pound",
        "trans": [
            "磅（重量单位）；英镑（英国货币单位）"
        ],
        "usphone": "paʊnd",
        "ukphone": "paʊnd"
    },
    {
        "name": "folk",
        "trans": [
            "民间的；民俗的"
        ],
        "usphone": "fok",
        "ukphone": "fəʊk"
    },
    {
        "name": "goddess",
        "trans": [
            "女神"
        ],
        "usphone": "ɡɑdɪs",
        "ukphone": "ˈgɒdɪs"
    },
    {
        "name": "steal",
        "trans": [
            "偷；窃取"
        ],
        "usphone": "stil",
        "ukphone": "stiːl"
    },
    {
        "name": "lay",
        "trans": [
            "放置；安放；产（卵）；下（蛋）"
        ],
        "usphone": "le",
        "ukphone": "leɪ"
    },
    {
        "name": "lay out",
        "trans": [
            "摆放；布置"
        ],
        "usphone": "'lei,aut",
        "ukphone": "'lei,aut"
    },
    {
        "name": "dessert",
        "trans": [
            "（饭后）甜点；甜食"
        ],
        "usphone": "dɪ'zɝt",
        "ukphone": "dɪ'zɜːt"
    },
    {
        "name": "garden",
        "trans": [
            "花园；园子"
        ],
        "usphone": "'ɡɑrdn",
        "ukphone": "'gɑːd(ə)n"
    },
    {
        "name": "admire",
        "trans": [
            "欣赏；仰慕"
        ],
        "usphone": "ədˈmaɪr",
        "ukphone": "əd'maɪə"
    },
    {
        "name": "tie",
        "trans": [
            "领带",
            "捆；束"
        ],
        "usphone": "taɪ",
        "ukphone": "taɪ"
    },
    {
        "name": "haunted",
        "trans": [
            "有鬼魂出没的；闹鬼的"
        ],
        "usphone": "'hɔntɪd",
        "ukphone": "'hɔːntɪd"
    },
    {
        "name": "ghost",
        "trans": [
            "鬼；鬼魂"
        ],
        "usphone": "ɡost",
        "ukphone": "gəʊst"
    },
    {
        "name": "trick",
        "trans": [
            "花招；把戏"
        ],
        "usphone": "trɪk",
        "ukphone": "trɪk"
    },
    {
        "name": "treat",
        "trans": [
            "款待；招待",
            "招待；请（客）"
        ],
        "usphone": "trit",
        "ukphone": "triːt"
    },
    {
        "name": "spider",
        "trans": [
            "蜘蛛"
        ],
        "usphone": "'spaɪdɚ",
        "ukphone": "'spaɪdə"
    },
    {
        "name": "Christmas",
        "trans": [
            "圣诞节"
        ],
        "usphone": "",
        "ukphone": "ˈkrɪsməs"
    },
    {
        "name": "fool",
        "trans": [
            "蠢人；傻瓜",
            "愚弄",
            "愚蠢的"
        ],
        "usphone": "ful",
        "ukphone": "fuːl"
    },
    {
        "name": "lie",
        "trans": [
            "平躺；处于"
        ],
        "usphone": "",
        "ukphone": "laɪ"
    },
    {
        "name": "novel",
        "trans": [
            "（长篇）小说"
        ],
        "usphone": "ˈnɑːvl",
        "ukphone": "'nɒv(ə)l"
    },
    {
        "name": "eve",
        "trans": [
            "（尤指宗教节假日的）前夕；前夜"
        ],
        "usphone": "",
        "ukphone": "iːv"
    },
    {
        "name": "bookstore",
        "trans": [
            "书店"
        ],
        "usphone": "bʊkstɔr",
        "ukphone": "'bʊkstɔː"
    },
    {
        "name": "dead",
        "trans": [
            "死的；失去生命的"
        ],
        "usphone": "dɛd",
        "ukphone": "ded"
    },
    {
        "name": "business",
        "trans": [
            "生意；商业"
        ],
        "usphone": "ˈbɪznɪs",
        "ukphone": "ˈbɪznɪs"
    },
    {
        "name": "punish",
        "trans": [
            "处罚；惩罚"
        ],
        "usphone": "'pʌnɪʃ",
        "ukphone": "'pʌnɪʃ"
    },
    {
        "name": "warn",
        "trans": [
            "警告；告诫"
        ],
        "usphone": "wɔrn",
        "ukphone": "wɔːn"
    },
    {
        "name": "present",
        "trans": [
            "礼物；现在",
            "现在的"
        ],
        "usphone": "prɪˈzɛnt;(for n.)ˈprɛznt",
        "ukphone": "prɪˈzent;(for n.)ˈpreznt"
    },
    {
        "name": "nobody",
        "trans": [
            "没有人"
        ],
        "usphone": "'nəubədi, -bɔdi",
        "ukphone": "'nəʊbədɪ"
    },
    {
        "name": "warmth",
        "trans": [
            "温暖；暖和"
        ],
        "usphone": "wɔrmθ",
        "ukphone": "wɔːmθ"
    },
    {
        "name": "spread",
        "trans": [
            "蔓延；传播",
            "传播；展开"
        ],
        "usphone": "sprɛd",
        "ukphone": "spred"
    },
    {
        "name": "Macao",
        "trans": [
            "澳门"
        ],
        "usphone": "mə'kau",
        "ukphone": "mə'kau"
    },
    {
        "name": "Chiang Mai",
        "trans": [
            "清迈（泰国城市）"
        ],
        "usphone": "",
        "ukphone": ""
    },
    {
        "name": "Halloween",
        "trans": [
            "万圣节前夕"
        ],
        "usphone": "ˌhæloˈin",
        "ukphone": "ˌhæləʊ'iːn"
    },
    {
        "name": "Valentine's Day",
        "trans": [
            "情人节"
        ],
        "usphone": "",
        "ukphone": ""
    },
    {
        "name": "Clara",
        "trans": [
            "克拉拉（女名）"
        ],
        "usphone": "'klærə",
        "ukphone": "'klara"
    },
    {
        "name": "Santa",
        "trans": [
            "圣诞老人"
        ],
        "usphone": "'sæntə",
        "ukphone": "'sæntə"
    },
    {
        "name": "Charles  Dickens",
        "trans": [
            "查尔斯 • 狄更斯（英国作家）"
        ],
        "usphone": "",
        "ukphone": ""
    },
    {
        "name": "Scrooge",
        "trans": [
            "斯克鲁奇",
            "（非正式）吝啬鬼"
        ],
        "usphone": "",
        "ukphone": ""
    },
    {
        "name": "Jacob   Marley",
        "trans": [
            "雅各布 • 马利"
        ],
        "usphone": "",
        "ukphone": ""
    },
    {
        "name": "restroom",
        "trans": [
            "（美）洗手间；公共厕所"
        ],
        "usphone": "'rɛstrum",
        "ukphone": "'restruːm; -rʊm"
    },
    {
        "name": "stamp",
        "trans": [
            "邮票；印章"
        ],
        "usphone": "stæmp",
        "ukphone": "stæmp"
    },
    {
        "name": "postcard",
        "trans": [
            "明信片"
        ],
        "usphone": "'post'kɑrd",
        "ukphone": "'pəʊs(t)kɑːd"
    },
    {
        "name": "pardon",
        "trans": [
            "请再说一遍；抱歉，对不起"
        ],
        "usphone": "'pɑrdn",
        "ukphone": "ˈpɑːdn"
    },
    {
        "name": "washroom",
        "trans": [
            "洗手间；厕所"
        ],
        "usphone": "'wɑʃrum",
        "ukphone": "'wɒʃruːm; -rʊm"
    },
    {
        "name": "bathroom",
        "trans": [
            "洗手间；浴室"
        ],
        "usphone": "'bæθrum",
        "ukphone": "'bɑːθruːm; -rʊm"
    },
    {
        "name": "quick",
        "trans": [
            "快的；迅速的",
            "快速地；迅速地"
        ],
        "usphone": "kwɪk",
        "ukphone": "kwɪk"
    },
    {
        "name": "rush",
        "trans": [
            "仓促；急促",
            "冲，奔"
        ],
        "usphone": "rʌʃ",
        "ukphone": "rʌʃ"
    },
    {
        "name": "suggest",
        "trans": [
            "建议；提议"
        ],
        "usphone": "sə'dʒɛst",
        "ukphone": "sə'dʒest"
    },
    {
        "name": "staff",
        "trans": [
            "全体职员；职工"
        ],
        "usphone": "stæf",
        "ukphone": "stɑːf"
    },
    {
        "name": "grape",
        "trans": [
            "葡萄"
        ],
        "usphone": "ɡrep",
        "ukphone": "greɪp"
    },
    {
        "name": "central",
        "trans": [
            "中心的；中央的"
        ],
        "usphone": "'sɛntrəl",
        "ukphone": "'sentr(ə)l"
    },
    {
        "name": "mail",
        "trans": [
            "邮件；信件",
            "邮寄；发电子邮件"
        ],
        "usphone": "mel",
        "ukphone": "meɪl"
    },
    {
        "name": "east",
        "trans": [
            "东方的；东部的",
            "向东；朝东",
            "东；东方"
        ],
        "usphone": "ist",
        "ukphone": "iːst"
    },
    {
        "name": "fascinating",
        "trans": [
            "迷人的；极有吸引力的"
        ],
        "usphone": "'fæsɪnetɪŋ",
        "ukphone": "'fæsɪneɪtɪŋ"
    },
    {
        "name": "convenient",
        "trans": [
            "便利的；方便的"
        ],
        "usphone": "kənˈvinjənt",
        "ukphone": "kən'viːnɪənt"
    },
    {
        "name": "mall",
        "trans": [
            "商场；购物中心"
        ],
        "usphone": "mɔl",
        "ukphone": "mæl; mɔːl; mɒl"
    },
    {
        "name": "clerk",
        "trans": [
            "职员"
        ],
        "usphone": "klɝk",
        "ukphone": "klɑːk"
    },
    {
        "name": "corner",
        "trans": [
            "角；拐角；角落"
        ],
        "usphone": "'kɔrnɚ",
        "ukphone": "'kɔːnə"
    },
    {
        "name": "polite",
        "trans": [
            "有礼貌的；客气的"
        ],
        "usphone": "pə'laɪt",
        "ukphone": "pə'laɪt"
    },
    {
        "name": "politely",
        "trans": [
            "礼貌地；客气地"
        ],
        "usphone": "pə'laɪtli",
        "ukphone": "pə'laitli"
    },
    {
        "name": "speaker",
        "trans": [
            "发言者；讲（某种语言）的人"
        ],
        "usphone": "'spikɚ",
        "ukphone": "'spiːkə"
    },
    {
        "name": "request",
        "trans": [
            "要求；请求"
        ],
        "usphone": "rɪ'kwɛst",
        "ukphone": "rɪ'kwest"
    },
    {
        "name": "choice",
        "trans": [
            "选择；挑选"
        ],
        "usphone": "tʃɔɪs",
        "ukphone": "tʃɒɪs"
    },
    {
        "name": "direction",
        "trans": [
            "方向；方位"
        ],
        "usphone": "dəˈrɛkʃən; (also) daɪˈrɛkʃən",
        "ukphone": "dɪˈrekʃn, daɪ-;"
    },
    {
        "name": "correct",
        "trans": [
            "正确的；恰当的"
        ],
        "usphone": "kə'rɛkt",
        "ukphone": "kə'rekt"
    },
    {
        "name": "direct",
        "trans": [
            "直接的；直率的"
        ],
        "usphone": "dəˈrɛkt; daɪˈrɛkt",
        "ukphone": "dəˈrekt; daɪˈrekt"
    },
    {
        "name": "whom",
        "trans": [
            "谁；什么人"
        ],
        "usphone": "hum",
        "ukphone": "huːm"
    },
    {
        "name": "address",
        "trans": [
            "住址； 地址；通讯处"
        ],
        "usphone": "əˈdrɛs;(for n)ˈædres; ædrɛs",
        "ukphone": "ə'dres"
    },
    {
        "name": "faithfully",
        "trans": [
            "忠实地；忠诚地"
        ],
        "usphone": "'feθfəli",
        "ukphone": "'feɪθfʊlɪ; -f(ə)lɪ"
    },
    {
        "name": "Italian",
        "trans": [
            "意大利（人）的；",
            "意大利人；意大利语"
        ],
        "usphone": "ɪˈtæljən",
        "ukphone": "ɪˈtælɪən"
    },
    {
        "name": "Kevin",
        "trans": [
            "凯文（男名）"
        ],
        "usphone": "'kevin",
        "ukphone": "'kɛvɪn"
    },
    {
        "name": "Tim",
        "trans": [
            "蒂姆（男名）"
        ],
        "usphone": "",
        "ukphone": ""
    },
    {
        "name": "humorous",
        "trans": [
            "有幽默感的；滑稽有趣的"
        ],
        "usphone": "'hjumərəs",
        "ukphone": "'hjuːm(ə)rəs"
    },
    {
        "name": "silent",
        "trans": [
            "不说话的；沉默的"
        ],
        "usphone": "'saɪlənt",
        "ukphone": "'saɪlənt"
    },
    {
        "name": "helpful",
        "trans": [
            "有用的；有帮助的"
        ],
        "usphone": "'hɛlpfl",
        "ukphone": "'helpfʊl; -f(ə)l"
    },
    {
        "name": "from time to time",
        "trans": [
            "时常；有时"
        ],
        "usphone": "",
        "ukphone": ""
    },
    {
        "name": "score",
        "trans": [
            "得分",
            "打分"
        ],
        "usphone": "skɔ",
        "ukphone": "skɔː"
    },
    {
        "name": "background",
        "trans": [
            "背景"
        ],
        "usphone": "'bækɡraʊnd",
        "ukphone": "'bækgraʊnd"
    },
    {
        "name": "interview",
        "trans": [
            "采访；面试",
            "面试；访谈"
        ],
        "usphone": "'ɪntɚvju",
        "ukphone": "'ɪntəvjuː"
    },
    {
        "name": "Asian",
        "trans": [
            "亚洲的；亚洲人的",
            "亚洲人"
        ],
        "usphone": "ˈeʒən, ˈeʃən",
        "ukphone": "'eiʃən"
    },
    {
        "name": "deal with",
        "trans": [
            "对付；应付"
        ],
        "usphone": "",
        "ukphone": ""
    },
    {
        "name": "dare",
        "trans": [
            "敢于；胆敢"
        ],
        "usphone": "dɛr",
        "ukphone": "deə"
    },
    {
        "name": "private",
        "trans": [
            "私人的"
        ],
        "usphone": "ˈpraɪvɪt",
        "ukphone": "ˈpraɪvɪt"
    },
    {
        "name": "guard",
        "trans": [
            "警卫；看守",
            "守卫；保卫"
        ],
        "usphone": "ɡɑrd",
        "ukphone": "gɑːd"
    },
    {
        "name": "require",
        "trans": [
            "需要；要求"
        ],
        "usphone": "rɪ'kwaɪr",
        "ukphone": "rɪ'kwaɪə"
    },
    {
        "name": "European",
        "trans": [
            "欧洲的；欧洲人的"
        ],
        "usphone": "'jʊrə'piən",
        "ukphone": "ˌjʊərəˈpɪən"
    },
    {
        "name": "British",
        "trans": [
            "英国的；英国人的"
        ],
        "usphone": "'brɪtɪʃ",
        "ukphone": "'brɪtɪʃ"
    },
    {
        "name": "speech",
        "trans": [
            "讲话；言语能力；演讲"
        ],
        "usphone": "spitʃ",
        "ukphone": "spiːtʃ"
    },
    {
        "name": "ant",
        "trans": [
            "蚂蚁"
        ],
        "usphone": "ænt",
        "ukphone": "ænt"
    },
    {
        "name": "insect",
        "trans": [
            "昆虫"
        ],
        "usphone": "'ɪnsɛkt",
        "ukphone": "'ɪnsekt"
    },
    {
        "name": "influence",
        "trans": [
            "影响",
            "影响"
        ],
        "usphone": "'ɪnfluəns",
        "ukphone": "'ɪnflʊəns"
    },
    {
        "name": "seldom",
        "trans": [
            "不常；很少"
        ],
        "usphone": "'sɛldəm",
        "ukphone": "'seldəm"
    },
    {
        "name": "proud",
        "trans": [
            "自豪的；骄傲的"
        ],
        "usphone": "praʊd",
        "ukphone": "praʊd"
    },
    {
        "name": "be proud of",
        "trans": [
            "为...骄傲；感到自豪"
        ],
        "usphone": "",
        "ukphone": ""
    },
    {
        "name": "absent",
        "trans": [
            "缺席的；不在的"
        ],
        "usphone": "ˈæbsnt;(for v.)əbˈsɛnt",
        "ukphone": "ˈæbsənt;(for v.)əbˈsent"
    },
    {
        "name": "fail",
        "trans": [
            "失败；未能（做到）"
        ],
        "usphone": "fel",
        "ukphone": "feɪl"
    },
    {
        "name": "examination",
        "trans": [
            "考试；审查"
        ],
        "usphone": "ɪg'zæmə'neʃən",
        "ukphone": "ɪg,zæmɪ'neɪʃ(ə)n; eg-"
    },
    {
        "name": "boarding school",
        "trans": [
            "寄宿学校"
        ],
        "usphone": "",
        "ukphone": ""
    },
    {
        "name": "leaf",
        "trans": [
            "叶子"
        ],
        "usphone": "lif",
        "ukphone": "liːf"
    },
    {
        "name": "in person",
        "trans": [
            "亲身；亲自"
        ],
        "usphone": "",
        "ukphone": ""
    },
    {
        "name": "exactly",
        "trans": [
            "确切地；精确地"
        ],
        "usphone": "ɪɡ'zæktli",
        "ukphone": "ɪg'zæk(t)lɪ"
    },
    {
        "name": "pride",
        "trans": [
            "自豪；骄傲"
        ],
        "usphone": "praɪd",
        "ukphone": "praɪd"
    },
    {
        "name": "take pride in",
        "trans": [
            "为...感到自豪"
        ],
        "usphone": "",
        "ukphone": ""
    },
    {
        "name": "grandson",
        "trans": [
            "孙子；外孙"
        ],
        "usphone": "'ɡrænsʌn",
        "ukphone": "'græn(d)sʌn"
    },
    {
        "name": "general",
        "trans": [
            "普遍的；常规的；总的",
            "将军"
        ],
        "usphone": "'dʒɛnrəl",
        "ukphone": "'dʒen(ə)r(ə)l"
    },
    {
        "name": "introduction",
        "trans": [
            "介绍"
        ],
        "usphone": ",ɪntrə'dʌkʃən",
        "ukphone": ",ɪntrə'dʌkʃ(ə)n"
    },
    {
        "name": "Paula",
        "trans": [
            "葆拉 （女名）"
        ],
        "usphone": "'pɔ:lə",
        "ukphone": "'pɔ:lə"
    },
    {
        "name": "Alfred",
        "trans": [
            "艾尔弗雷德（男名）"
        ],
        "usphone": "'ælfrɪd",
        "ukphone": "'ælfrid; -fred"
    },
    {
        "name": "Billy",
        "trans": [
            "比利（男名）"
        ],
        "usphone": "",
        "ukphone": ""
    },
    {
        "name": "Candy",
        "trans": [
            "坎迪（女名）"
        ],
        "usphone": "",
        "ukphone": ""
    },
    {
        "name": "Jerry",
        "trans": [
            "杰里（男名）；杰丽（女名）"
        ],
        "usphone": "",
        "ukphone": ""
    },
    {
        "name": "Emily",
        "trans": [
            "埃米莉（女名）"
        ],
        "usphone": "'emili",
        "ukphone": "'eməlɪ"
    },
    {
        "name": "material",
        "trans": [
            "衣料，布料；材料，原料"
        ],
        "usphone": "mə'tɪrɪəl",
        "ukphone": "mə'tɪərɪəl"
    },
    {
        "name": "chopsticks",
        "trans": [
            "筷子"
        ],
        "usphone": "'tʃɑp,stɪks",
        "ukphone": "'tʃɒpstɪks"
    },
    {
        "name": "coin",
        "trans": [
            "硬币"
        ],
        "usphone": "kɔɪn",
        "ukphone": "kɒɪn"
    },
    {
        "name": "fork",
        "trans": [
            "餐叉，叉子"
        ],
        "usphone": "fɔrk",
        "ukphone": "fɔːk"
    },
    {
        "name": "blouse",
        "trans": [
            "（女士）短上衣；衬衫"
        ],
        "usphone": "blaʊs",
        "ukphone": "'blaʊz"
    },
    {
        "name": "sliver",
        "trans": [
            "小块，薄片；碎片，裂片"
        ],
        "usphone": "'slɪvɚ",
        "ukphone": "'slɪvə; 'slaɪ-"
    },
    {
        "name": "glass",
        "trans": [
            "玻璃"
        ],
        "usphone": "ɡlæs",
        "ukphone": "glɑːs"
    },
    {
        "name": "cotton",
        "trans": [
            "棉；棉花"
        ],
        "usphone": "'kɑtn",
        "ukphone": "'kɒt(ə)n"
    },
    {
        "name": "steel",
        "trans": [
            "钢；钢铁"
        ],
        "usphone": "stil",
        "ukphone": "stiːl"
    },
    {
        "name": "grass",
        "trans": [
            "草；草地"
        ],
        "usphone": "ɡræs",
        "ukphone": "grɑːs"
    },
    {
        "name": "leaf.",
        "trans": [
            "叶；叶子"
        ],
        "usphone": "lif",
        "ukphone": "liːf"
    },
    {
        "name": "produce",
        "trans": [
            "引起；造成；产生；制造；生产；出产"
        ],
        "usphone": "prəˈdus;(for n.)ˈprɒdus; prɑdus",
        "ukphone": "prəˈdju:s;(for n.)ˈprɒdju:s"
    },
    {
        "name": "widely",
        "trans": [
            "广泛地；普遍地"
        ],
        "usphone": "'waɪdli",
        "ukphone": "'waɪdlɪ"
    },
    {
        "name": "process",
        "trans": [
            "加工；处理"
        ],
        "usphone": "proˈsɛs;(for n.)prɑsɛs",
        "ukphone": "prəˈses;(for n.)ˈprəʊses"
    },
    {
        "name": "France",
        "trans": [
            "法国"
        ],
        "usphone": "",
        "ukphone": "frɑːns"
    },
    {
        "name": "no matter",
        "trans": [
            "不论；无论"
        ],
        "usphone": "",
        "ukphone": ""
    },
    {
        "name": "local",
        "trans": [
            "当地的；本地的"
        ],
        "usphone": "ˈloʊkl",
        "ukphone": "'ləʊk(ə)l"
    },
    {
        "name": "even though",
        "trans": [
            "虽然；即使"
        ],
        "usphone": "",
        "ukphone": ""
    },
    {
        "name": "brand",
        "trans": [
            "品牌；牌子"
        ],
        "usphone": "brænd",
        "ukphone": "brænd"
    },
    {
        "name": "avoid",
        "trans": [
            "避免；回避"
        ],
        "usphone": "ə'vɔɪd",
        "ukphone": "ə'vɒɪd"
    },
    {
        "name": "product",
        "trans": [
            "产品；制品"
        ],
        "usphone": "'prɑdʌkt",
        "ukphone": "'prɒdʌkt"
    },
    {
        "name": "handbag",
        "trans": [
            "小手提包"
        ],
        "usphone": "'hænd'bæg",
        "ukphone": "'hæn(d)bæg"
    },
    {
        "name": "mobile",
        "trans": [
            "可移动的；非固定的"
        ],
        "usphone": "ˈməʊbl;mobil",
        "ukphone": "ˈməʊbaɪl"
    },
    {
        "name": "Germany",
        "trans": [
            "德国"
        ],
        "usphone": "'dʒɝməni",
        "ukphone": "'dʒɜːmənɪ"
    },
    {
        "name": "surface",
        "trans": [
            "表面；表层"
        ],
        "usphone": "'sɝfɪs",
        "ukphone": "'sɜːfɪs"
    },
    {
        "name": "postman",
        "trans": [
            "邮递员"
        ],
        "usphone": "'postmən",
        "ukphone": "'pəʊs(t)mən"
    },
    {
        "name": "cap",
        "trans": [
            "（尤指有帽舌的）帽子"
        ],
        "usphone": "kæp",
        "ukphone": "kæp"
    },
    {
        "name": "glove",
        "trans": [
            "（分手指的）手套"
        ],
        "usphone": "ɡlʌv",
        "ukphone": "glʌv"
    },
    {
        "name": "international",
        "trans": [
            "国际的"
        ],
        "usphone": ",ɪntɚ'næʃnəl",
        "ukphone": "ɪntə'næʃ(ə)n(ə)l"
    },
    {
        "name": "competitor",
        "trans": [
            "竞争者；参赛者"
        ],
        "usphone": "kəm'pɛtɪtɚ",
        "ukphone": "kəm'petɪtə"
    },
    {
        "name": "paint",
        "trans": [
            "刷漆；作画"
        ],
        "usphone": "pent",
        "ukphone": "peɪnt"
    },
    {
        "name": "its",
        "trans": [
            "它的"
        ],
        "usphone": "ɪts",
        "ukphone": "ɪts"
    },
    {
        "name": "form",
        "trans": [
            "类型；形式"
        ],
        "usphone": "fɔrm",
        "ukphone": "fɔːm"
    },
    {
        "name": "clay",
        "trans": [
            "黏土；陶土"
        ],
        "usphone": "kle",
        "ukphone": "kleɪ"
    },
    {
        "name": "balloon",
        "trans": [
            "气球"
        ],
        "usphone": "bə'lun",
        "ukphone": "bə'luːn"
    },
    {
        "name": "scissors",
        "trans": [
            "(pl) 剪刀"
        ],
        "usphone": "'sɪzɚz",
        "ukphone": "'sɪzəz"
    },
    {
        "name": "lively",
        "trans": [
            "生气勃勃的；（色彩）鲜艳的"
        ],
        "usphone": "'laɪvli",
        "ukphone": "'laɪvlɪ"
    },
    {
        "name": "fairy",
        "trans": [
            "仙子，小精灵"
        ],
        "usphone": "'fɛri",
        "ukphone": "'feərɪ"
    },
    {
        "name": "heat",
        "trans": [
            "热；高温"
        ],
        "usphone": "hit",
        "ukphone": "hiːt"
    },
    {
        "name": "polish",
        "trans": [
            "修改；润色；磨光，擦光"
        ],
        "usphone": "'pɑlɪʃ",
        "ukphone": "'pɒlɪʃ"
    },
    {
        "name": "complete",
        "trans": [
            "完成"
        ],
        "usphone": "kəm'plit",
        "ukphone": "kəm'pliːt"
    },
    {
        "name": "Korea",
        "trans": [
            "朝鲜；韩国"
        ],
        "usphone": "kə'rɪr",
        "ukphone": "kə'rɪə"
    },
    {
        "name": "Switzerland",
        "trans": [
            "瑞士"
        ],
        "usphone": "'swɪtsələnd",
        "ukphone": "ˈswɪtsələnd"
    },
    {
        "name": "San Francisco",
        "trans": [
            "圣弗朗西斯科（旧金山，美国城市）"
        ],
        "usphone": "",
        "ukphone": ""
    },
    {
        "name": "Pam",
        "trans": [
            "帕姆（女名）"
        ],
        "usphone": "",
        "ukphone": ""
    },
    {
        "name": "heel",
        "trans": [
            "鞋跟；足跟"
        ],
        "usphone": "hil",
        "ukphone": "hiːl"
    },
    {
        "name": "electricity",
        "trans": [
            "电；电能"
        ],
        "usphone": "ɪ'lɛk'trɪsəti",
        "ukphone": ",ɪlek'trɪsɪtɪ; ,el-; ,iːl-"
    },
    {
        "name": "scoop",
        "trans": [
            "勺；铲子"
        ],
        "usphone": "skup",
        "ukphone": "skuːp"
    },
    {
        "name": "style",
        "trans": [
            "样式；款式"
        ],
        "usphone": "staɪl",
        "ukphone": "staɪl"
    },
    {
        "name": "project",
        "trans": [
            "项目；工程"
        ],
        "usphone": "prəˈdʒɛkt; prɑdʒɛkt",
        "ukphone": "prəˈdʒekt; ˈprɒdʒekt"
    },
    {
        "name": "pleasure",
        "trans": [
            "高兴；愉快"
        ],
        "usphone": "ˈplɛʒɚ",
        "ukphone": "'pleʒə"
    },
    {
        "name": "zipper",
        "trans": [
            "(zip) 拉链；拉锁"
        ],
        "usphone": "ˈzɪpə",
        "ukphone": "'zɪpə"
    },
    {
        "name": "daily",
        "trans": [
            "每日的；日常的"
        ],
        "usphone": "'delɪ",
        "ukphone": "'deɪlɪ"
    },
    {
        "name": "website",
        "trans": [
            "网站"
        ],
        "usphone": "",
        "ukphone": ""
    },
    {
        "name": "pioneer",
        "trans": [
            "先锋；先驱"
        ],
        "usphone": ",paɪə'nɪr",
        "ukphone": "paɪə'nɪə"
    },
    {
        "name": "list",
        "trans": [
            "列表；列清单",
            "名单；清单"
        ],
        "usphone": "lɪst",
        "ukphone": "lɪst"
    },
    {
        "name": "mention",
        "trans": [
            "提到；说到"
        ],
        "usphone": "'mɛnʃən",
        "ukphone": "'menʃ(ə)n"
    },
    {
        "name": "by accident",
        "trans": [
            "偶然；意外地"
        ],
        "usphone": "",
        "ukphone": ""
    },
    {
        "name": "nearly",
        "trans": [
            "几乎；差不多"
        ],
        "usphone": "'nɪrli",
        "ukphone": "'nɪəlɪ"
    },
    {
        "name": "boil",
        "trans": [
            "煮沸；烧开"
        ],
        "usphone": "bɔɪl",
        "ukphone": "bɒɪl"
    },
    {
        "name": "smell",
        "trans": [
            "气味",
            "闻到；发出气味"
        ],
        "usphone": "smɛl",
        "ukphone": "smel"
    },
    {
        "name": "saint",
        "trans": [
            "圣人；圣徒"
        ],
        "usphone": "sent",
        "ukphone": "seɪnt"
    },
    {
        "name": "take place",
        "trans": [
            "发生；出现"
        ],
        "usphone": "",
        "ukphone": ""
    },
    {
        "name": "doubt",
        "trans": [
            "怀疑",
            "怀疑"
        ],
        "usphone": "daʊt",
        "ukphone": "daʊt"
    },
    {
        "name": "without doubt",
        "trans": [
            "毫无疑问；的确"
        ],
        "usphone": "",
        "ukphone": ""
    },
    {
        "name": "fridge",
        "trans": [
            "冰箱"
        ],
        "usphone": "frɪdʒ",
        "ukphone": "frɪdʒ"
    },
    {
        "name": "translate",
        "trans": [
            "翻译"
        ],
        "usphone": "træns'let",
        "ukphone": "træns'leɪt; trɑːns-; -nz-"
    },
    {
        "name": "lock",
        "trans": [
            "锁上；锁住"
        ],
        "usphone": "lɑk",
        "ukphone": "lɒk"
    },
    {
        "name": "earthquake",
        "trans": [
            "地震"
        ],
        "usphone": "'ɝθ'kwek",
        "ukphone": "'ɜːθkweɪk"
    },
    {
        "name": "sudden",
        "trans": [
            "突然（的）"
        ],
        "usphone": "'sʌdn",
        "ukphone": "'sʌd(ə)n"
    },
    {
        "name": "all of a sudden",
        "trans": [
            "突然；猛地"
        ],
        "usphone": "",
        "ukphone": ""
    },
    {
        "name": "biscuit",
        "trans": [
            "饼干"
        ],
        "usphone": "'bɪskɪt",
        "ukphone": "'bɪskɪt"
    },
    {
        "name": "cookie",
        "trans": [
            "曲奇饼"
        ],
        "usphone": "'kʊki",
        "ukphone": "'kʊkɪ"
    },
    {
        "name": "instrument",
        "trans": [
            "器械； 仪器；工具"
        ],
        "usphone": "'ɪnstrəmənt",
        "ukphone": "'ɪnstrʊm(ə)nt"
    },
    {
        "name": "crispy",
        "trans": [
            "脆的；酥脆的"
        ],
        "usphone": "'krɪspi",
        "ukphone": "'krɪspɪ"
    },
    {
        "name": "sour",
        "trans": [
            "酸的；有酸味的"
        ],
        "usphone": "'saʊɚ",
        "ukphone": "saʊə"
    },
    {
        "name": "by mistake",
        "trans": [
            "错误地；无意中"
        ],
        "usphone": "",
        "ukphone": ""
    },
    {
        "name": "customer",
        "trans": [
            "顾客；客户"
        ],
        "usphone": "'kʌstəmɚ",
        "ukphone": "'kʌstəmə"
    },
    {
        "name": "Canadian",
        "trans": [
            "加拿大的；加拿大人的",
            "加拿大人"
        ],
        "usphone": "kə'nedɪən",
        "ukphone": "kə'neɪdɪən"
    },
    {
        "name": "divide",
        "trans": [
            "分开；分散"
        ],
        "usphone": "dɪ'vaɪd",
        "ukphone": "dɪ'vaɪd"
    },
    {
        "name": "divide ... into",
        "trans": [
            "把...分开"
        ],
        "usphone": "",
        "ukphone": ""
    },
    {
        "name": "purpose",
        "trans": [
            "目的；目标"
        ],
        "usphone": "'pɝpəs",
        "ukphone": "'pɜːpəs"
    },
    {
        "name": "basket",
        "trans": [
            "篮；筐"
        ],
        "usphone": "'bæskɪt",
        "ukphone": "'bɑːskɪt"
    },
    {
        "name": "the Olympics",
        "trans": [
            "奥林匹克运动会"
        ],
        "usphone": "",
        "ukphone": ""
    },
    {
        "name": "look up to",
        "trans": [
            "钦佩；仰慕"
        ],
        "usphone": "",
        "ukphone": ""
    },
    {
        "name": "hero",
        "trans": [
            "英雄；男主角"
        ],
        "usphone": "'hɪro",
        "ukphone": "'hɪərəʊ"
    },
    {
        "name": "Berlin",
        "trans": [
            "柏林（德国城市）"
        ],
        "usphone": "bɝ'lɪn",
        "ukphone": "bə:'lin"
    },
    {
        "name": "NBA",
        "trans": [
            "全美篮球协会(National Basketball Association)，国家篮球协会 （美国职业篮球联赛）"
        ],
        "usphone": "",
        "ukphone": ""
    },
    {
        "name": "CBA",
        "trans": [
            "中国篮球协会(China Basketball Association)，中国篮球协会（中国职业篮球联赛）"
        ],
        "usphone": "",
        "ukphone": ""
    },
    {
        "name": "Chelsea Lanmon",
        "trans": [
            "切尔西 • 兰曼"
        ],
        "usphone": "",
        "ukphone": ""
    },
    {
        "name": "Jayce  Coziar",
        "trans": [
            "杰斯 • 克里亚"
        ],
        "usphone": "",
        "ukphone": ""
    },
    {
        "name": "Jamie Ellsworth",
        "trans": [
            "杰米 • 埃尔斯沃恩"
        ],
        "usphone": "",
        "ukphone": ""
    },
    {
        "name": "Julie   Thompson",
        "trans": [
            "朱莉 • 汤普森"
        ],
        "usphone": "",
        "ukphone": ""
    },
    {
        "name": "Whitcomb   Judson",
        "trans": [
            "惠特科姆 • 贾德森"
        ],
        "usphone": "",
        "ukphone": ""
    },
    {
        "name": "Thomas  Watson",
        "trans": [
            "托马斯 • 沃森"
        ],
        "usphone": "",
        "ukphone": ""
    },
    {
        "name": "George   Crum",
        "trans": [
            "乔治 • 克拉姆"
        ],
        "usphone": "",
        "ukphone": ""
    },
    {
        "name": "James  Naismith",
        "trans": [
            "詹姆斯 • 奈史密斯"
        ],
        "usphone": "",
        "ukphone": ""
    },
    {
        "name": "smoke",
        "trans": [
            "吸烟；冒烟",
            "烟"
        ],
        "usphone": "smok",
        "ukphone": "sməʊk"
    },
    {
        "name": "pierce",
        "trans": [
            "扎；刺破；穿透"
        ],
        "usphone": "pɪrs",
        "ukphone": "pɪəs"
    },
    {
        "name": "license",
        "trans": [
            "(licence) 证；证件"
        ],
        "usphone": "'laɪsns",
        "ukphone": "'laɪsns"
    },
    {
        "name": "safety",
        "trans": [
            "安全；安全性"
        ],
        "usphone": "'sefti",
        "ukphone": "'seɪftɪ"
    },
    {
        "name": "earring",
        "trans": [
            "耳环；耳饰"
        ],
        "usphone": "'ɪrɪŋ",
        "ukphone": "'ɪərɪŋ"
    },
    {
        "name": "cry",
        "trans": [
            "哭；叫喊",
            "哭；叫喊声"
        ],
        "usphone": "kraɪ",
        "ukphone": "kraɪ"
    },
    {
        "name": "field",
        "trans": [
            "田野；（运动）场地"
        ],
        "usphone": "fild",
        "ukphone": "fiːld"
    },
    {
        "name": "hug",
        "trans": [
            "拥抱；搂抱",
            "拥抱；搂抱"
        ],
        "usphone": "hʌɡ",
        "ukphone": "hʌg"
    },
    {
        "name": "lift",
        "trans": [
            "举起；抬高"
        ],
        "usphone": "lɪft",
        "ukphone": "lɪft"
    },
    {
        "name": "talk back",
        "trans": [
            "回嘴；顶嘴"
        ],
        "usphone": "",
        "ukphone": ""
    },
    {
        "name": "awful",
        "trans": [
            "很坏的；讨厌的"
        ],
        "usphone": "'ɔfl",
        "ukphone": "'ɔːfʊl"
    },
    {
        "name": "teen",
        "trans": [
            "十几岁（十三至十九岁之间）"
        ],
        "usphone": "tin",
        "ukphone": "tiːn"
    },
    {
        "name": "regret",
        "trans": [
            "感到遗憾；懊悔"
        ],
        "usphone": "rɪ'ɡrɛt",
        "ukphone": "rɪ'gret"
    },
    {
        "name": "poem",
        "trans": [
            "诗；韵文"
        ],
        "usphone": "'poəm",
        "ukphone": "'pəʊɪm"
    },
    {
        "name": "bedroom",
        "trans": [
            "卧室"
        ],
        "usphone": "'bɛdrum",
        "ukphone": "'bedruːm; -rʊm"
    },
    {
        "name": "community",
        "trans": [
            "社区；社团;团体"
        ],
        "usphone": "kəˈmjunətɪ",
        "ukphone": "kəˈmju:nətɪ"
    },
    {
        "name": "keep away from",
        "trans": [
            "避免接近；远离"
        ],
        "usphone": "",
        "ukphone": ""
    },
    {
        "name": "chance",
        "trans": [
            "机会；可能性"
        ],
        "usphone": "tʃæns",
        "ukphone": "tʃɑːns"
    },
    {
        "name": "make one's own decision",
        "trans": [
            "自己做决定"
        ],
        "usphone": "",
        "ukphone": ""
    },
    {
        "name": "manage",
        "trans": [
            "完成（困难的事）；应付（困难局面）"
        ],
        "usphone": "'mænɪdʒ",
        "ukphone": "'mænɪdʒ"
    },
    {
        "name": "society",
        "trans": [
            "社会"
        ],
        "usphone": "səˈsaɪətɪ",
        "ukphone": "sə'saɪətɪ"
    },
    {
        "name": "unit",
        "trans": [
            "单元；单位"
        ],
        "usphone": "'junɪt",
        "ukphone": "'juːnɪt"
    },
    {
        "name": "educate",
        "trans": [
            "教育；教导"
        ],
        "usphone": "'ɛdʒuket",
        "ukphone": "'edjʊkeɪt"
    },
    {
        "name": "get in the way of",
        "trans": [
            "挡...的路；妨碍"
        ],
        "usphone": "",
        "ukphone": ""
    },
    {
        "name": "professional",
        "trans": [
            "专业的；职业的"
        ],
        "usphone": "prə'fɛʃənl",
        "ukphone": "prə'feʃ(ə)n(ə)l"
    },
    {
        "name": "enter",
        "trans": [
            "进来；进去"
        ],
        "usphone": "'ɛntɚ",
        "ukphone": "'entə"
    },
    {
        "name": "support",
        "trans": [
            "支持",
            "支持"
        ],
        "usphone": "sə'pɔrt",
        "ukphone": "sə'pɔːt"
    },
    {
        "name": "Picasso",
        "trans": [
            "毕加索（西班牙画家）"
        ],
        "usphone": "pi'kæsəu",
        "ukphone": "pi'kæsəu"
    },
    {
        "name": "truck",
        "trans": [
            "卡车；货车"
        ],
        "usphone": "trʌk",
        "ukphone": "trʌk"
    },
    {
        "name": "rabbit",
        "trans": [
            "兔；野兔"
        ],
        "usphone": "'ræbɪt",
        "ukphone": "'ræbɪt"
    },
    {
        "name": "whose",
        "trans": [
            "谁的；（特指）那个人的"
        ],
        "usphone": "huz",
        "ukphone": "huːz"
    },
    {
        "name": "attend",
        "trans": [
            "出席；参加"
        ],
        "usphone": "ə'tɛnd",
        "ukphone": "ə'tend"
    },
    {
        "name": "valuable",
        "trans": [
            "宝贵的；很有用的"
        ],
        "usphone": "ˈvæljuəbəl; ˈvæljə-",
        "ukphone": "'væljʊəb(ə)l"
    },
    {
        "name": "pink",
        "trans": [
            "粉红色的",
            "粉红色"
        ],
        "usphone": "pɪŋk",
        "ukphone": "pɪŋk"
    },
    {
        "name": "picnic",
        "trans": [
            "野餐"
        ],
        "usphone": "'pɪknɪk",
        "ukphone": "'pɪknɪk"
    },
    {
        "name": "somebody",
        "trans": [
            "某人，有人；重要人物"
        ],
        "usphone": "'sʌmbədi",
        "ukphone": "'sʌmbədɪ"
    },
    {
        "name": "anybody",
        "trans": [
            "任何人"
        ],
        "usphone": "'ɛnɪbɑdi",
        "ukphone": "'enɪbɒdɪ"
    },
    {
        "name": "noise",
        "trans": [
            "声音；噪音"
        ],
        "usphone": "nɔɪz",
        "ukphone": "nɔɪz"
    },
    {
        "name": "policeman",
        "trans": [
            "男警察"
        ],
        "usphone": "pə'lismən",
        "ukphone": "pə'liːsmən"
    },
    {
        "name": "wolf",
        "trans": [
            "狼"
        ],
        "usphone": "wʊlf",
        "ukphone": "wʊlf"
    },
    {
        "name": "laboratory",
        "trans": [
            "实验室"
        ],
        "usphone": "ˈlæbrəˌtɔrɪ",
        "ukphone": "ləˈbɒrətrɪ"
    },
    {
        "name": "coat",
        "trans": [
            "外套；外衣"
        ],
        "usphone": "kot",
        "ukphone": "kəʊt"
    },
    {
        "name": "sleepy",
        "trans": [
            "困倦的；瞌睡的"
        ],
        "usphone": "'slipi",
        "ukphone": "'sliːpɪ"
    },
    {
        "name": "pocket",
        "trans": [
            "衣袋；口袋"
        ],
        "usphone": "'pɑkɪt",
        "ukphone": "'pɒkɪt"
    },
    {
        "name": "alien",
        "trans": [
            "外星人；外侨，外国人"
        ],
        "usphone": "ˈeliən,ˈeljən",
        "ukphone": "'eɪlɪən"
    },
    {
        "name": "suit",
        "trans": [
            "西服；套装"
        ],
        "usphone": "sut",
        "ukphone": "sju:t; su:t"
    },
    {
        "name": "express",
        "trans": [
            "表示；表达"
        ],
        "usphone": "ɪk'sprɛs",
        "ukphone": "ɪk'spres; ek-"
    },
    {
        "name": "not only ... but also",
        "trans": [
            "不但...而且"
        ],
        "usphone": "",
        "ukphone": ""
    },
    {
        "name": "circle",
        "trans": [
            "圆圈",
            "圈出"
        ],
        "usphone": "'sɝkl",
        "ukphone": "'sɜːk(ə)l"
    },
    {
        "name": "Britain",
        "trans": [
            "( Great Britain) 大不列颠"
        ],
        "usphone": "'brɪtn",
        "ukphone": "'brɪt(ə)n"
    },
    {
        "name": "receive",
        "trans": [
            "接受；收到"
        ],
        "usphone": "rɪ'siv",
        "ukphone": "rɪ'siːv"
    },
    {
        "name": "leader",
        "trans": [
            "领导；领袖"
        ],
        "usphone": "'lidɚ",
        "ukphone": "'liːdə"
    },
    {
        "name": "midsummer",
        "trans": [
            "仲夏；中夏"
        ],
        "usphone": ",mɪd'sʌmɚ",
        "ukphone": "mɪd'sʌmə"
    },
    {
        "name": "medical",
        "trans": [
            "医疗的；医学的"
        ],
        "usphone": "'mɛdɪkl",
        "ukphone": "'medɪk(ə)l"
    },
    {
        "name": "prevent",
        "trans": [
            "阻止；阻挠"
        ],
        "usphone": "pri'vɛnt",
        "ukphone": "prɪ'vent"
    },
    {
        "name": "energy",
        "trans": [
            "精力，力量"
        ],
        "usphone": "'ɛnɚdʒi",
        "ukphone": "'enədʒɪ"
    },
    {
        "name": "position",
        "trans": [
            "位置；地方"
        ],
        "usphone": "pə'zɪʃən",
        "ukphone": "pə'zɪʃ(ə)n"
    },
    {
        "name": "burial",
        "trans": [
            "埋葬；安葬"
        ],
        "usphone": "'bɛrɪəl",
        "ukphone": "'berɪəl"
    },
    {
        "name": "honor",
        "trans": [
            "( honour) 尊重；表示敬意；荣幸"
        ],
        "usphone": "ɑnɚ",
        "ukphone": "ˈɒnə(r)"
    },
    {
        "name": "ancestor",
        "trans": [
            "祖宗；祖先"
        ],
        "usphone": "'ænsɛstɚ",
        "ukphone": "'ænsestə"
    },
    {
        "name": "victory",
        "trans": [
            "胜利；成功"
        ],
        "usphone": "'vɪktəri",
        "ukphone": "'vɪkt(ə)rɪ"
    },
    {
        "name": "enemy",
        "trans": [
            "敌人；仇人"
        ],
        "usphone": "'ɛnəmi",
        "ukphone": "'enəmɪ"
    },
    {
        "name": "period",
        "trans": [
            "一段时间；时期"
        ],
        "usphone": "'pɪrɪəd",
        "ukphone": "'pɪərɪəd"
    },
    {
        "name": "mystery",
        "trans": [
            "奥秘；神秘事物"
        ],
        "usphone": "ˈmɪstri",
        "ukphone": "ˈmɪstri"
    },
    {
        "name": "Stonehenge",
        "trans": [
            "巨石阵"
        ],
        "usphone": ",ston'hɛndʒ",
        "ukphone": ",stəʊn'hendʒ"
    },
    {
        "name": "Carla",
        "trans": [
            "卡拉（女名）"
        ],
        "usphone": "",
        "ukphone": ""
    },
    {
        "name": "J. K. Rowling",
        "trans": [
            "J. K. 罗琳（英国作家）"
        ],
        "usphone": "",
        "ukphone": ""
    },
    {
        "name": "Victor",
        "trans": [
            "维克托（男名）"
        ],
        "usphone": "'vɪktɚ",
        "ukphone": "'vɪktə"
    },
    {
        "name": "Jean",
        "trans": [
            "琼（女名）"
        ],
        "usphone": "",
        "ukphone": "dʒiːn"
    },
    {
        "name": "Paul Stoker",
        "trans": [
            "保罗 • 斯托克"
        ],
        "usphone": "",
        "ukphone": ""
    },
    {
        "name": "prefer",
        "trans": [
            "更喜欢"
        ],
        "usphone": "prɪ'fɝ",
        "ukphone": "prɪ'fɜː"
    },
    {
        "name": "lyrics",
        "trans": [
            "(pl) 歌词"
        ],
        "usphone": "'lɪrɪks",
        "ukphone": "'lɪrɪks"
    },
    {
        "name": "Australian",
        "trans": [
            "澳大利亚的；澳大利亚人的",
            "澳大利亚人"
        ],
        "usphone": "ɑ'strelɪən",
        "ukphone": ""
    },
    {
        "name": "electronic",
        "trans": [
            "电子的；电子设备的"
        ],
        "usphone": "ɪˌlɛkˈtrɑnɪk",
        "ukphone": "ɪˌlekˈtrɒnɪk"
    },
    {
        "name": "suppose",
        "trans": [
            "推断；料想"
        ],
        "usphone": "sə'poz",
        "ukphone": "sə'pəʊz"
    },
    {
        "name": "smooth",
        "trans": [
            "平滑的；悦耳的"
        ],
        "usphone": "smʊð",
        "ukphone": "smuːð"
    },
    {
        "name": "spare",
        "trans": [
            "空闲的；不用的"
        ],
        "usphone": "spɛr",
        "ukphone": "speə"
    },
    {
        "name": "case",
        "trans": [
            "情况；实情"
        ],
        "usphone": "kes",
        "ukphone": "keɪs"
    },
    {
        "name": "in that case",
        "trans": [
            "既然那样；假使那样的话"
        ],
        "usphone": "",
        "ukphone": ""
    },
    {
        "name": "war",
        "trans": [
            "战争；战争状态"
        ],
        "usphone": "wɔr",
        "ukphone": "wɔː"
    },
    {
        "name": "director",
        "trans": [
            "部门负责人；导演"
        ],
        "usphone": "dəˈrɛktɚ, daɪ-",
        "ukphone": "dɪ'rektə; daɪ-"
    },
    {
        "name": "dialogue",
        "trans": [
            "(dialog) 对话；对白"
        ],
        "usphone": "ˈdaɪəˌlɔɡ",
        "ukphone": "'daɪəlɒg"
    },
    {
        "name": "documentary",
        "trans": [
            "纪录片"
        ],
        "usphone": "'dɑkjə'mɛntri",
        "ukphone": "dɒkjʊ'ment(ə)rɪ"
    },
    {
        "name": "drama",
        "trans": [
            "戏；剧"
        ],
        "usphone": "'drɑmə",
        "ukphone": "'drɑːmə"
    },
    {
        "name": "plenty",
        "trans": [
            "大量；众多"
        ],
        "usphone": "'plɛnti",
        "ukphone": "'plentɪ"
    },
    {
        "name": "plenty of",
        "trans": [
            "大量；充足"
        ],
        "usphone": "",
        "ukphone": ""
    },
    {
        "name": "shut",
        "trans": [
            "(过去式 shut, 过去分词 shut) 关闭；关上"
        ],
        "usphone": "ʃʌt",
        "ukphone": "ʃʌt"
    },
    {
        "name": "superhero",
        "trans": [
            "超级英雄"
        ],
        "usphone": "'supɚhɪro",
        "ukphone": "'suːpəhɪərəʊ; 'sjuː-"
    },
    {
        "name": "horror",
        "trans": [
            "震惊；恐惧"
        ],
        "usphone": "'hɔrɚ",
        "ukphone": "'hɒrə"
    },
    {
        "name": "thriller",
        "trans": [
            "惊险电影（小说、戏剧）"
        ],
        "usphone": "'θrɪlɚ",
        "ukphone": "'θrɪlə"
    },
    {
        "name": "intelligent",
        "trans": [
            "有才智的；聪明的"
        ],
        "usphone": "ɪn'tɛlɪdʒənt",
        "ukphone": "ɪn'telɪdʒ(ə)nt"
    },
    {
        "name": "sense",
        "trans": [
            "感觉；意识",
            "感觉到；意识到"
        ],
        "usphone": "sɛns",
        "ukphone": "sens"
    },
    {
        "name": "pain",
        "trans": [
            "痛苦；苦恼"
        ],
        "usphone": "pen",
        "ukphone": "peɪn"
    },
    {
        "name": "reflect",
        "trans": [
            "映出；照出；反映"
        ],
        "usphone": "rɪ'flɛkt",
        "ukphone": "rɪ'flekt"
    },
    {
        "name": "perform",
        "trans": [
            "表演；执行"
        ],
        "usphone": "pɚ'fɔrm",
        "ukphone": "pə'fɔːm"
    },
    {
        "name": "amazing",
        "trans": [
            "令人惊奇的； 令人惊喜的"
        ],
        "usphone": "ə'mezɪŋ",
        "ukphone": "ə'meɪzɪŋ"
    },
    {
        "name": "pity",
        "trans": [
            "遗憾；怜悯"
        ],
        "usphone": "'pɪti",
        "ukphone": "'pɪtɪ"
    },
    {
        "name": "total",
        "trans": [
            "总数；合计",
            "总的；全体的"
        ],
        "usphone": "'totl",
        "ukphone": "'təʊt(ə)l"
    },
    {
        "name": "in total",
        "trans": [
            "总共；合计"
        ],
        "usphone": "",
        "ukphone": ""
    },
    {
        "name": "master",
        "trans": [
            "能手；主人",
            "掌握"
        ],
        "usphone": "'mæstɚ",
        "ukphone": "'mɑːstə"
    },
    {
        "name": "praise",
        "trans": [
            "表扬；赞扬",
            "表扬；赞扬"
        ],
        "usphone": "prez",
        "ukphone": "preɪz"
    },
    {
        "name": "national",
        "trans": [
            "国家的；民族的",
            "〔侨居国外的〕(某国)国民，侨民"
        ],
        "usphone": "'næʃnəl",
        "ukphone": "'næʃ(ə)n(ə)l"
    },
    {
        "name": "recall",
        "trans": [
            "回忆起；回想起"
        ],
        "usphone": "'rikɔl",
        "ukphone": "rɪ'kɔːl"
    },
    {
        "name": "wound",
        "trans": [
            "伤；伤口；创伤"
        ],
        "usphone": "wund",
        "ukphone": "wuːnd"
    },
    {
        "name": "World War II",
        "trans": [
            "第二次世界大战"
        ],
        "usphone": "",
        "ukphone": ""
    },
    {
        "name": "Titanic",
        "trans": [
            "泰坦尼克号（轮船名）；《泰坦尼克号》（电影名）"
        ],
        "usphone": "taɪ'tænɪk",
        "ukphone": "taɪ'tænɪk"
    },
    {
        "name": "Carmen",
        "trans": [
            "卡门（女名）"
        ],
        "usphone": "",
        "ukphone": ""
    },
    {
        "name": "Dan",
        "trans": [
            "丹 • 德维什"
        ],
        "usphone": "dæn",
        "ukphone": "dæn"
    },
    {
        "name": "custom",
        "trans": [
            "风俗；习俗"
        ],
        "usphone": "'kʌstəm",
        "ukphone": "'kʌstəm"
    },
    {
        "name": "bow",
        "trans": [
            "鞠躬"
        ],
        "usphone": "baʊ",
        "ukphone": "baʊ"
    },
    {
        "name": "kiss",
        "trans": [
            "亲吻；接吻",
            "亲吻；接吻"
        ],
        "usphone": "kɪs",
        "ukphone": "kɪs"
    },
    {
        "name": "greet",
        "trans": [
            "打招呼；迎接"
        ],
        "usphone": "ɡrit",
        "ukphone": "griːt"
    },
    {
        "name": "value",
        "trans": [
            "重视；珍视",
            "价值"
        ],
        "usphone": "'vælju",
        "ukphone": "'væljuː"
    },
    {
        "name": "everyday",
        "trans": [
            "每天的；日常的"
        ],
        "usphone": "'ɛvrɪde",
        "ukphone": "'evrɪdeɪ; -'deɪ"
    },
    {
        "name": "drop by",
        "trans": [
            "顺便访问；随便进入"
        ],
        "usphone": "",
        "ukphone": ""
    },
    {
        "name": "capital",
        "trans": [
            "首都；国都"
        ],
        "usphone": "'kæpɪtl",
        "ukphone": "'kæpɪt(ə)l"
    },
    {
        "name": "noon",
        "trans": [
            "正午；中午"
        ],
        "usphone": "nun",
        "ukphone": "nuːn"
    },
    {
        "name": "mad",
        "trans": [
            "很生气；疯的"
        ],
        "usphone": "mæd",
        "ukphone": "mæd"
    },
    {
        "name": "get mad",
        "trans": [
            "大动肝火；气愤"
        ],
        "usphone": "",
        "ukphone": ""
    },
    {
        "name": "make an effort",
        "trans": [
            "作出努力"
        ],
        "usphone": "",
        "ukphone": ""
    },
    {
        "name": "traffic",
        "trans": [
            "交通；路上行驶的车辆"
        ],
        "usphone": "'træfɪk",
        "ukphone": "'træfɪk"
    },
    {
        "name": "somewhere",
        "trans": [
            "在某处；到某处"
        ],
        "usphone": "'sʌmwɛr",
        "ukphone": "'sʌmweə"
    },
    {
        "name": "passport",
        "trans": [
            "护照"
        ],
        "usphone": "'pæspɔrt",
        "ukphone": "'pɑːspɔːt"
    },
    {
        "name": "chalk",
        "trans": [
            "粉笔"
        ],
        "usphone": "tʃɔk",
        "ukphone": "tʃɔːk"
    },
    {
        "name": "blackboard",
        "trans": [
            "黑板"
        ],
        "usphone": "'blækbɔrd",
        "ukphone": "'blækbɔːd"
    },
    {
        "name": "northern",
        "trans": [
            "北方的；北部的"
        ],
        "usphone": "'nɔrðɚn",
        "ukphone": "'nɔːð(ə)n"
    },
    {
        "name": "coast",
        "trans": [
            "海岸；海滨"
        ],
        "usphone": "kost",
        "ukphone": "kəʊst"
    },
    {
        "name": "season",
        "trans": [
            "季；季节"
        ],
        "usphone": "'sizn",
        "ukphone": "'siːz(ə)n"
    },
    {
        "name": "knock",
        "trans": [
            "敲门（窗）；敲；击"
        ],
        "usphone": "nɑk",
        "ukphone": "nɒk"
    },
    {
        "name": "eastern",
        "trans": [
            "东方的；东部的"
        ],
        "usphone": "'istɚn",
        "ukphone": "'iːst(ə)n"
    },
    {
        "name": "worth",
        "trans": [
            "值得；值…钱的"
        ],
        "usphone": "wɝθ",
        "ukphone": "wɜːθ"
    },
    {
        "name": "manner",
        "trans": [
            "方式；方法；(pl) 礼貌；礼仪"
        ],
        "usphone": "'mænɚ",
        "ukphone": "'mænə"
    },
    {
        "name": "empty",
        "trans": [
            "空的；空洞的"
        ],
        "usphone": "ˈɛmptɪ",
        "ukphone": "ˈemptɪ"
    },
    {
        "name": "basic",
        "trans": [
            "基本的；基础的"
        ],
        "usphone": "'besɪk",
        "ukphone": "'beɪsɪk"
    },
    {
        "name": "exchange",
        "trans": [
            "交换",
            "交换"
        ],
        "usphone": "ɪks'tʃendʒ",
        "ukphone": "ɪks'tʃeɪndʒ; eks-"
    },
    {
        "name": "go out of one's way",
        "trans": [
            "特地；格外努力"
        ],
        "usphone": "",
        "ukphone": ""
    },
    {
        "name": "make ... feel at home",
        "trans": [
            "使（某人）感到宾至如归"
        ],
        "usphone": "",
        "ukphone": ""
    },
    {
        "name": "granddaughter",
        "trans": [
            "（外）孙女"
        ],
        "usphone": "'ɡrændɔtɚ",
        "ukphone": "'grændɔːtə"
    },
    {
        "name": "behave",
        "trans": [
            "表现；举止"
        ],
        "usphone": "bɪ'hev",
        "ukphone": "bɪ'heɪv"
    },
    {
        "name": "except",
        "trans": [
            "除...之外",
            "除了；只是"
        ],
        "usphone": "ɪk'sɛpt",
        "ukphone": "ɪkˈsept"
    },
    {
        "name": "elbow",
        "trans": [
            "肘；胳膊"
        ],
        "usphone": "'ɛlbo",
        "ukphone": "'elbəʊ"
    },
    {
        "name": "gradually",
        "trans": [
            "逐步地；渐进地"
        ],
        "usphone": "'grædʒʊəli",
        "ukphone": "'grædʒʊlɪ; 'grædjʊəlɪ"
    },
    {
        "name": "suggestion",
        "trans": [
            "建议"
        ],
        "usphone": "sə'dʒɛstʃən",
        "ukphone": "sə'dʒestʃ(ə)n"
    },
    {
        "name": "Brazil",
        "trans": [
            "巴西"
        ],
        "usphone": "brə'zil",
        "ukphone": "brə'zil"
    },
    {
        "name": "Mexico",
        "trans": [
            "墨西哥"
        ],
        "usphone": "'mɛksɪko",
        "ukphone": "'meksɪkəʊ"
    },
    {
        "name": "Cali",
        "trans": [
            "卡利（哥伦比亚城市）"
        ],
        "usphone": "'kɑ:li",
        "ukphone": "'kɑ:li"
    },
    {
        "name": "Colombia  VmbI",
        "trans": [
            "哥伦比亚（南美洲国家）"
        ],
        "usphone": "",
        "ukphone": ""
    },
    {
        "name": "Lausanne",
        "trans": [
            "洛桑（瑞士城市）"
        ],
        "usphone": "lo'zæn",
        "ukphone": "ləu'zɑ:n; -'zæn"
    },
    {
        "name": "Norway",
        "trans": [
            "挪威"
        ],
        "usphone": "'nɔrweɪ",
        "ukphone": "'nɔ:weɪ"
    },
    {
        "name": "Maria",
        "trans": [
            "玛丽亚（女名）"
        ],
        "usphone": "'mɛərɪr",
        "ukphone": "'mærɪə"
    },
    {
        "name": "Katie",
        "trans": [
            "凯蒂（女名）"
        ],
        "usphone": "",
        "ukphone": ""
    },
    {
        "name": "Sato",
        "trans": [
            "佐藤（日本姓氏）"
        ],
        "usphone": "",
        "ukphone": ""
    },
    {
        "name": "Marie",
        "trans": [
            "玛丽（女名）；马里（男名）"
        ],
        "usphone": "'mɑ:ri",
        "ukphone": "mə'ri:"
    },
    {
        "name": "Teresa Lopez Upez",
        "trans": [
            "特蕾莎 • 洛佩斯（人名）"
        ],
        "usphone": "",
        "ukphone": ""
    },
    {
        "name": "Marc LeBlanc",
        "trans": [
            "马克 • 勒布朗（人名）"
        ],
        "usphone": "",
        "ukphone": ""
    },
    {
        "name": "the more ... the more",
        "trans": [
            "越...越... ； 愈...愈..."
        ],
        "usphone": "",
        "ukphone": ""
    },
    {
        "name": "leave out",
        "trans": [
            "不包括；不提及；忽略"
        ],
        "usphone": "",
        "ukphone": ""
    },
    {
        "name": "friendship",
        "trans": [
            "友谊；友情"
        ],
        "usphone": "'frɛndʃɪp",
        "ukphone": "'fren(d)ʃɪp"
    },
    {
        "name": "king",
        "trans": [
            "君主；国王"
        ],
        "usphone": "kɪŋ",
        "ukphone": "kɪŋ"
    },
    {
        "name": "prime",
        "trans": [
            "首要的；基本的"
        ],
        "usphone": "praɪm",
        "ukphone": "praɪm"
    },
    {
        "name": "minister",
        "trans": [
            "大臣；部长"
        ],
        "usphone": "'mɪnɪstɚ",
        "ukphone": "'mɪnɪstə"
    },
    {
        "name": "prime minister",
        "trans": [
            "总理; 首相"
        ],
        "usphone": "",
        "ukphone": ""
    },
    {
        "name": "fame",
        "trans": [
            "名声；声誉"
        ],
        "usphone": "fem",
        "ukphone": "feɪm"
    },
    {
        "name": "pale",
        "trans": [
            "苍白的；灰白的"
        ],
        "usphone": "pel",
        "ukphone": "peɪl"
    },
    {
        "name": "queen",
        "trans": [
            "王后；女王"
        ],
        "usphone": "kwin",
        "ukphone": "kwiːn"
    },
    {
        "name": "examine",
        "trans": [
            "（仔细地）检查；检验"
        ],
        "usphone": "ɪg'zæmɪn",
        "ukphone": "ɪg'zæmɪn; eg-"
    },
    {
        "name": "nor",
        "trans": [
            "也不",
            "也不"
        ],
        "usphone": "nɔr",
        "ukphone": "nɔː; nə"
    },
    {
        "name": "neither ... nor",
        "trans": [
            "既不...也不"
        ],
        "usphone": "",
        "ukphone": ""
    },
    {
        "name": "palace",
        "trans": [
            "王宫；宫殿"
        ],
        "usphone": "ˈpælɪs",
        "ukphone": "'pælɪs"
    },
    {
        "name": "power",
        "trans": [
            "权利；力量"
        ],
        "usphone": "'paʊɚ",
        "ukphone": "'paʊə"
    },
    {
        "name": "wealth",
        "trans": [
            "富裕；丰裕"
        ],
        "usphone": "wɛlθ",
        "ukphone": "welθ"
    },
    {
        "name": "grey",
        "trans": [
            "灰色的；（天空）阴沉的；昏暗的"
        ],
        "usphone": "ɡre",
        "ukphone": "greɪ"
    },
    {
        "name": "lemon",
        "trans": [
            "柠檬"
        ],
        "usphone": "'lɛmən",
        "ukphone": "'lemən"
    },
    {
        "name": "cancel",
        "trans": [
            "取消；终止"
        ],
        "usphone": "'kænsl",
        "ukphone": "'kæns(ə)l"
    },
    {
        "name": "weight",
        "trans": [
            "重量；分量"
        ],
        "usphone": "wet",
        "ukphone": "weɪt"
    },
    {
        "name": "shoulder",
        "trans": [
            "肩；肩膀"
        ],
        "usphone": "'ʃoldɚ",
        "ukphone": "'ʃəʊldə"
    },
    {
        "name": "goal",
        "trans": [
            "目标；球门；射门"
        ],
        "usphone": "ɡol",
        "ukphone": "gəʊl"
    },
    {
        "name": "coach",
        "trans": [
            "教练；私人教师"
        ],
        "usphone": "kotʃ",
        "ukphone": "kəʊtʃ"
    },
    {
        "name": "kick",
        "trans": [
            "踢；踹"
        ],
        "usphone": "kɪk",
        "ukphone": "kɪk"
    },
    {
        "name": "teammate",
        "trans": [
            "同队队员；队友"
        ],
        "usphone": "'tim'met",
        "ukphone": "'tiːmmeɪt"
    },
    {
        "name": "courage",
        "trans": [
            "勇敢；勇气"
        ],
        "usphone": " 'kɝrɪdʒ",
        "ukphone": "'kʌrɪdʒ"
    },
    {
        "name": "rather",
        "trans": [
            "相当；宁愿"
        ],
        "usphone": "'ræðɚ",
        "ukphone": "'rɑːðə"
    },
    {
        "name": "rather than",
        "trans": [
            "而不是"
        ],
        "usphone": "",
        "ukphone": ""
    },
    {
        "name": "pull",
        "trans": [
            "拉；拖"
        ],
        "usphone": "pʊl",
        "ukphone": "pʊl"
    },
    {
        "name": "pull together",
        "trans": [
            "齐心协力；通力合作"
        ],
        "usphone": "",
        "ukphone": ""
    },
    {
        "name": "relief",
        "trans": [
            "轻松；解脱"
        ],
        "usphone": "rɪ'lif",
        "ukphone": "rɪ'liːf"
    },
    {
        "name": "nod",
        "trans": [
            "点头"
        ],
        "usphone": "nɑd",
        "ukphone": "nɒd"
    },
    {
        "name": "agreement",
        "trans": [
            "（意见或看法）一致；同意"
        ],
        "usphone": "ə'grimənt",
        "ukphone": "ə'griːm(ə)nt"
    },
    {
        "name": "fault",
        "trans": [
            "过失；缺点"
        ],
        "usphone": "fɔlt",
        "ukphone": "fɔːlt; fɒlt"
    },
    {
        "name": "disappoint",
        "trans": [
            "使失望"
        ],
        "usphone": "'dɪsə'pɔɪnt",
        "ukphone": "dɪsə'pɒɪnt"
    },
    {
        "name": "Bert",
        "trans": [
            "伯特（男名）"
        ],
        "usphone": "",
        "ukphone": ""
    },
    {
        "name": "Holly",
        "trans": [
            "霍莉（女名）"
        ],
        "usphone": "'hɑli",
        "ukphone": "'hɒlɪ"
    },
    {
        "name": "backpack",
        "trans": [
            "背包；旅行包"
        ],
        "usphone": "'bæk'pæk",
        "ukphone": "'bækpæk"
    },
    {
        "name": "oversleep",
        "trans": [
            "(过去式 overslept, 过去分词 overslept) 睡过头；睡得太久"
        ],
        "usphone": "ovə'slip",
        "ukphone": "əʊvə'sliːp"
    },
    {
        "name": "give ... a lift",
        "trans": [
            "捎（某人）一程"
        ],
        "usphone": "",
        "ukphone": ""
    },
    {
        "name": "miss",
        "trans": [
            "错过；未得到"
        ],
        "usphone": "mɪs",
        "ukphone": "mɪs"
    },
    {
        "name": "unexpected",
        "trans": [
            "出乎意料的；始料不及的"
        ],
        "usphone": "'ʌnɪk'spɛktɪd",
        "ukphone": "ʌnɪk'spektɪd; ʌnek-"
    },
    {
        "name": "block",
        "trans": [
            "街区"
        ],
        "usphone": "blɑk",
        "ukphone": "blɒk"
    },
    {
        "name": "worker",
        "trans": [
            "工作者；工人"
        ],
        "usphone": "'wɝkɚ",
        "ukphone": "'wɜːkə"
    },
    {
        "name": "stare",
        "trans": [
            "盯着看；凝视"
        ],
        "usphone": "stɛr",
        "ukphone": "steə"
    },
    {
        "name": "disbelief",
        "trans": [
            "不信；怀疑"
        ],
        "usphone": ",dɪsbɪ'lif",
        "ukphone": "dɪsbɪ'liːf"
    },
    {
        "name": "above",
        "trans": [
            "在上面；向上面",
            "在...上面"
        ],
        "usphone": "ə'bʌv",
        "ukphone": "ə'bʌv"
    },
    {
        "name": "burn",
        "trans": [
            "着火；燃烧"
        ],
        "usphone": "bɝn",
        "ukphone": "bɜːn"
    },
    {
        "name": "alive",
        "trans": [
            "活着；有生气的"
        ],
        "usphone": "ə'laɪv",
        "ukphone": "ə'laɪv"
    },
    {
        "name": "take off",
        "trans": [
            "中文释义:（飞机等）起飞；匆忙离开"
        ],
        "usphone": "",
        "ukphone": ""
    },
    {
        "name": "till",
        "trans": [
            "到；直到"
        ],
        "usphone": "tɪl",
        "ukphone": "tɪl"
    },
    {
        "name": "west",
        "trans": [
            "向西；朝西",
            "向西的；西部的",
            "西；西方"
        ],
        "usphone": "wɛst",
        "ukphone": "west"
    },
    {
        "name": "cream",
        "trans": [
            "奶油；乳脂"
        ],
        "usphone": "krim",
        "ukphone": "kriːm"
    },
    {
        "name": "boss",
        "trans": [
            "老板；领导"
        ],
        "usphone": "bɑs",
        "ukphone": "bɒs"
    },
    {
        "name": "pie",
        "trans": [
            "果馅饼；果馅派"
        ],
        "usphone": "paɪ",
        "ukphone": "paɪ"
    },
    {
        "name": "course",
        "trans": [
            "课程；过程，进程"
        ],
        "usphone": "kɔrs",
        "ukphone": "kɔːs"
    },
    {
        "name": "bean",
        "trans": [
            "豆；豆荚"
        ],
        "usphone": "bin",
        "ukphone": "biːn"
    },
    {
        "name": "market",
        "trans": [
            "市场；集市"
        ],
        "usphone": "'mɑrkɪt",
        "ukphone": "'mɑːkɪt"
    },
    {
        "name": "costume",
        "trans": [
            "戏装；化装服；服装，装束"
        ],
        "usphone": "ˈkɑsˌtum",
        "ukphone": "kɒstjuːm"
    },
    {
        "name": "embarrassed",
        "trans": [
            "窘迫的；害羞的"
        ],
        "usphone": "ɪm'bærəst",
        "ukphone": "ɪm'bærəst"
    },
    {
        "name": "announce",
        "trans": [
            "宣布；宣告"
        ],
        "usphone": "ə'naʊns",
        "ukphone": "ə'naʊns"
    },
    {
        "name": "spaghetti",
        "trans": [
            "意大利面条"
        ],
        "usphone": "spə'ɡɛti",
        "ukphone": "spə'getɪ"
    },
    {
        "name": "hoax",
        "trans": [
            "恶作剧；骗局"
        ],
        "usphone": "hoks",
        "ukphone": "həʊks"
    },
    {
        "name": "discovery",
        "trans": [
            "发现；发觉"
        ],
        "usphone": "dɪ'skʌvəri",
        "ukphone": "dɪ'skʌv(ə)rɪ"
    },
    {
        "name": "lady",
        "trans": [
            "女士；女子；举止文雅的女人，淑女"
        ],
        "usphone": "'ledi",
        "ukphone": "'leɪdɪ"
    },
    {
        "name": "officer",
        "trans": [
            "军官；官员"
        ],
        "usphone": "'ɔfɪsɚ",
        "ukphone": "'ɒfɪsə"
    },
    {
        "name": "believable",
        "trans": [
            "可相信的；可信任的"
        ],
        "usphone": "bi'li:vəbl",
        "ukphone": "bɪ'liːvəbl"
    },
    {
        "name": "embarrassing",
        "trans": [
            "使人害羞的（难堪的或惭愧的）"
        ],
        "usphone": "ɪm'bærəsɪŋ",
        "ukphone": ""
    },
    {
        "name": "New Zealand",
        "trans": [
            "新西兰"
        ],
        "usphone": "",
        "ukphone": ""
    },
    {
        "name": "Italy",
        "trans": [
            "意大利"
        ],
        "usphone": "'ɪtəlɪ",
        "ukphone": "'ɪtəlɪ"
    },
    {
        "name": "Mars",
        "trans": [
            "火星"
        ],
        "usphone": "mɑrz",
        "ukphone": "mɑːz"
    },
    {
        "name": "Carl",
        "trans": [
            "卡尔（男名）"
        ],
        "usphone": "",
        "ukphone": ""
    },
    {
        "name": "Orson",
        "trans": [
            "奥森"
        ],
        "usphone": "'ɔ:sən",
        "ukphone": "'ɔ:sən"
    },
    {
        "name": "litter",
        "trans": [
            "使凌乱；把...弄乱；乱扔（垃圾）",
            "垃圾；废弃物"
        ],
        "usphone": "'lɪtɚ",
        "ukphone": "'lɪtə"
    },
    {
        "name": "bottom",
        "trans": [
            "底部；最下部"
        ],
        "usphone": "'bɑtəm",
        "ukphone": "'bɒtəm"
    },
    {
        "name": "fisherman",
        "trans": [
            "渔民；钓鱼的人"
        ],
        "usphone": "'fɪʃɚmən",
        "ukphone": "'fɪʃəmən"
    },
    {
        "name": "coal",
        "trans": [
            "煤；煤块"
        ],
        "usphone": "kol",
        "ukphone": "kəʊl"
    },
    {
        "name": "public",
        "trans": [
            "公众的；公共的",
            "民众；百姓"
        ],
        "usphone": "'pʌblɪk",
        "ukphone": "'pʌblɪk"
    },
    {
        "name": "ugly",
        "trans": [
            "丑陋的；难看的"
        ],
        "usphone": "'ʌɡli",
        "ukphone": "'ʌglɪ"
    },
    {
        "name": "advantage",
        "trans": [
            "有利条件；优点"
        ],
        "usphone": "əd'væntɪdʒ",
        "ukphone": "əd'vɑːntɪdʒ"
    },
    {
        "name": "cost",
        "trans": [
            "花费；价钱为；计算…的成本；估计…的花费",
            "价钱，费用；花费"
        ],
        "usphone": "kɔst",
        "ukphone": "kɒst"
    },
    {
        "name": "wooden",
        "trans": [
            "木制的；木头的"
        ],
        "usphone": "'wʊdn",
        "ukphone": "'wʊd(ə)n"
    },
    {
        "name": "plastic",
        "trans": [
            "塑料的",
            "塑料；塑胶"
        ],
        "usphone": "'plæstɪk",
        "ukphone": "'plæstɪk"
    },
    {
        "name": "make a difference",
        "trans": [
            "有关系，作用，影响"
        ],
        "usphone": "",
        "ukphone": ""
    },
    {
        "name": "shark",
        "trans": [
            "鲨鱼"
        ],
        "usphone": "ʃɑrk",
        "ukphone": "ʃɑːk"
    },
    {
        "name": "fin",
        "trans": [
            "（鱼）鳍"
        ],
        "usphone": "fɪn",
        "ukphone": "fɪn"
    },
    {
        "name": "cut off",
        "trans": [
            "割掉；砍掉"
        ],
        "usphone": "",
        "ukphone": ""
    },
    {
        "name": "method",
        "trans": [
            "方法；措施"
        ],
        "usphone": "'mɛθəd",
        "ukphone": "'meθəd"
    },
    {
        "name": "cruel",
        "trans": [
            "残酷的；残忍的"
        ],
        "usphone": "kruəl",
        "ukphone": "krʊəl"
    },
    {
        "name": "harmful",
        "trans": [
            "有害的"
        ],
        "usphone": "'hɑrmfəl",
        "ukphone": "'hɑːmfʊl; -f(ə)l"
    },
    {
        "name": "chain",
        "trans": [
            "链子；链条"
        ],
        "usphone": "tʃen",
        "ukphone": "tʃeɪn"
    },
    {
        "name": "ecosystem",
        "trans": [
            "生态系统"
        ],
        "usphone": "'ɛko,sɪstəm",
        "ukphone": "'iːkəʊsɪstəm"
    },
    {
        "name": "low",
        "trans": [
            "（数量等）少的；低的；矮的"
        ],
        "usphone": "",
        "ukphone": "ləʊ"
    },
    {
        "name": "industry",
        "trans": [
            "工业；行业"
        ],
        "usphone": "'ɪndəstri",
        "ukphone": "'ɪndəstrɪ"
    },
    {
        "name": "law",
        "trans": [
            "法律；法规"
        ],
        "usphone": "lɔ",
        "ukphone": "lɔː"
    },
    {
        "name": "reusable",
        "trans": [
            "可重复使用的；可再次使用的"
        ],
        "usphone": ",ri'juzəbl",
        "ukphone": "ri:'ju:zəbl"
    },
    {
        "name": "afford",
        "trans": [
            "买得起；承担得起（后果）"
        ],
        "usphone": "ə'fɔrd",
        "ukphone": "ə'fɔːd"
    },
    {
        "name": "transportation",
        "trans": [
            "运输业；交通运输"
        ],
        "usphone": ",trænspɔr'teʃən",
        "ukphone": "trænspɔː'teɪʃ(ə)n; trɑːns-"
    },
    {
        "name": "recycle",
        "trans": [
            "回收利用；再利用"
        ],
        "usphone": ",ri'saɪkl",
        "ukphone": "riː'saɪk(ə)l"
    },
    {
        "name": "napkin",
        "trans": [
            "餐巾；餐巾纸"
        ],
        "usphone": "'næpkɪn",
        "ukphone": "'næpkɪn"
    },
    {
        "name": "upside down",
        "trans": [
            "颠倒；倒转"
        ],
        "usphone": "",
        "ukphone": ""
    },
    {
        "name": "gate",
        "trans": [
            "大门"
        ],
        "usphone": "ɡet",
        "ukphone": "geɪt"
    },
    {
        "name": "bottle",
        "trans": [
            "瓶；瓶子"
        ],
        "usphone": "'bɑtl",
        "ukphone": "'bɒt(ə)l"
    },
    {
        "name": "president",
        "trans": [
            "主席；总统；负责人"
        ],
        "usphone": "'prɛzɪdənt",
        "ukphone": "'prezɪd(ə)nt"
    },
    {
        "name": "inspiration",
        "trans": [
            "灵感；鼓舞人心的人（或事物）"
        ],
        "usphone": "ˌɪnspəˈreʃən",
        "ukphone": "ˌɪnspəˈreɪʃn"
    },
    {
        "name": "metal",
        "trans": [
            "金属"
        ],
        "usphone": "'mɛtl",
        "ukphone": "'met(ə)l"
    },
    {
        "name": "creativity",
        "trans": [
            "创造力；独创性"
        ],
        "usphone": ",krie'tɪvəti",
        "ukphone": ",kriːeɪ'tɪvɪtɪ"
    },
    {
        "name": "WildAid",
        "trans": [
            "野生救援协会（美国）"
        ],
        "usphone": "",
        "ukphone": ""
    },
    {
        "name": "WWF",
        "trans": [
            "世界自然基金会(World Wide Fund For Nature)"
        ],
        "usphone": "",
        "ukphone": ""
    },
    {
        "name": "Mark",
        "trans": [
            "马克（男名）"
        ],
        "usphone": "",
        "ukphone": "mɑːk"
    },
    {
        "name": "Jason",
        "trans": [
            "杰森（男名）"
        ],
        "usphone": "'dʒesən",
        "ukphone": "ˈdʒeɪsən"
    },
    {
        "name": "Ken",
        "trans": [
            "肯（男名）"
        ],
        "usphone": "",
        "ukphone": ""
    },
    {
        "name": "Hayes",
        "trans": [
            "海斯（姓）"
        ],
        "usphone": "heiz",
        "ukphone": "heiz"
    },
    {
        "name": "Jessica",
        "trans": [
            "杰茜卡（女名）"
        ],
        "usphone": "'dʒesikə",
        "ukphone": "'dʒesɪkə"
    },
    {
        "name": "Survey",
        "trans": [
            "调查"
        ],
        "usphone": "ˈsɝˌve; (for v.) sɝˈve",
        "ukphone": "ˈsəːveɪ; (for v.) səˈveɪ"
    },
    {
        "name": "standard",
        "trans": [
            "标准；水平"
        ],
        "usphone": "'stændɚd",
        "ukphone": "'stændəd"
    },
    {
        "name": "row",
        "trans": [
            "一排；一列；一行"
        ],
        "usphone": "ro",
        "ukphone": "rəʊ"
    },
    {
        "name": "in a row",
        "trans": [
            "连续几次地"
        ],
        "usphone": "",
        "ukphone": ""
    },
    {
        "name": "keyboard",
        "trans": [
            "（计算机等）键盘；琴键"
        ],
        "usphone": "'ki'bɔrd",
        "ukphone": "'kiːbɔːd"
    },
    {
        "name": "instruction",
        "trans": [
            "指示；命令"
        ],
        "usphone": "ɪn'strʌkʃən",
        "ukphone": "ɪn'strʌkʃ(ə)n"
    },
    {
        "name": "double",
        "trans": [
            "加倍；是...的两倍",
            "两倍的；加倍的"
        ],
        "usphone": "'dʌbl",
        "ukphone": "'dʌb(ə)l"
    },
    {
        "name": "shall",
        "trans": [
            "将要；将会"
        ],
        "usphone": "ʃəl",
        "ukphone": "ʃæl; ʃ(ə)l"
    },
    {
        "name": "overcome",
        "trans": [
            "克服；战胜"
        ],
        "usphone": ",ovɚ'kʌm",
        "ukphone": "əʊvə'kʌm"
    },
    {
        "name": "make a mess",
        "trans": [
            "弄得一团糟，一塌糊涂"
        ],
        "usphone": "",
        "ukphone": ""
    },
    {
        "name": "graduate",
        "trans": [
            "毕业；获得学位"
        ],
        "usphone": "ˈɡrædʒuˌet",
        "ukphone": "ˈɡradʒʊeɪt"
    },
    {
        "name": "keep one's cool",
        "trans": [
            "沉住气；保持冷静"
        ],
        "usphone": "",
        "ukphone": ""
    },
    {
        "name": "ours",
        "trans": [
            "我们的"
        ],
        "usphone": "ɑrz",
        "ukphone": "aʊəz"
    },
    {
        "name": "senior",
        "trans": [
            "级别（或地位）高的"
        ],
        "usphone": "'sinɪɚ",
        "ukphone": "'siːnɪə; 'siːnjə"
    },
    {
        "name": "senior high (school)",
        "trans": [
            "高中"
        ],
        "usphone": "",
        "ukphone": ""
    },
    {
        "name": "text",
        "trans": [
            "文本；课文"
        ],
        "usphone": "tɛkst",
        "ukphone": "tekst"
    },
    {
        "name": "level",
        "trans": [
            "标准；水平"
        ],
        "usphone": "'lɛvl",
        "ukphone": "'lev(ə)l"
    },
    {
        "name": "degree",
        "trans": [
            "度数；程度；（大学的）学位"
        ],
        "usphone": "dɪ'ɡri",
        "ukphone": "dɪ'griː"
    },
    {
        "name": "manager",
        "trans": [
            "经理；经营者"
        ],
        "usphone": "'mænɪdʒɚ",
        "ukphone": "'mænɪdʒə"
    },
    {
        "name": "believe in",
        "trans": [
            "信任；信赖"
        ],
        "usphone": "",
        "ukphone": ""
    },
    {
        "name": "gentleman",
        "trans": [
            "先生"
        ],
        "usphone": "'dʒɛntlmən",
        "ukphone": "'dʒent(ə)lmən"
    },
    {
        "name": "graduation",
        "trans": [
            "毕业"
        ],
        "usphone": ",ɡrædʒu'eʃən",
        "ukphone": "grædʒʊ'eɪʃ(ə)n; -djʊ-"
    },
    {
        "name": "ceremony",
        "trans": [
            "典礼；仪式"
        ],
        "usphone": "ˈsɛrəˌmoʊni",
        "ukphone": "'serɪmənɪ"
    },
    {
        "name": "congratulate",
        "trans": [
            "祝贺"
        ],
        "usphone": "kən'ɡrætʃulet",
        "ukphone": "kən'grætjʊleɪt"
    },
    {
        "name": "thirsty",
        "trans": [
            "口渴的；渴望的"
        ],
        "usphone": "'θɝsti",
        "ukphone": "'θɜːstɪ"
    },
    {
        "name": "none",
        "trans": [
            "没有一个；毫无"
        ],
        "usphone": "nʌn",
        "ukphone": "nʌn"
    },
    {
        "name": "task",
        "trans": [
            "任务；工作"
        ],
        "usphone": "tæsk",
        "ukphone": "tɑːsk"
    },
    {
        "name": "ahead",
        "trans": [
            "向前面；在前面"
        ],
        "usphone": "ə'hɛd",
        "ukphone": "ə'hed"
    },
    {
        "name": "responsible",
        "trans": [
            "应承担责任的；有责任的"
        ],
        "usphone": "rɪ'spɑnsəbl",
        "ukphone": "rɪ'spɒnsɪb(ə)l"
    },
    {
        "name": "be responsible for",
        "trans": [
            "对...有责任；负责任"
        ],
        "usphone": "",
        "ukphone": ""
    },
    {
        "name": "separate",
        "trans": [
            "单独的； 分离的",
            "分开；分离"
        ],
        "usphone": "(for v.) sɛpəˌret; (for adj.) sɛprɪt",
        "ukphone": "(for v.) ˈsepəreɪt; (for adj.) ˈseprət"
    },
    {
        "name": "wing",
        "trans": [
            "翅膀；翼"
        ],
        "usphone": "wɪŋ",
        "ukphone": "wɪŋ"
    },
    {
        "name": "Brian",
        "trans": [
            "布莱恩（男名）"
        ],
        "usphone": "'braɪən",
        "ukphone": "'braɪən"
    },
    {
        "name": "Luke",
        "trans": [
            "卢克（男名）"
        ],
        "usphone": "luk",
        "ukphone": "lu:k"
    },
    {
        "name": "Griffin",
        "trans": [
            "格里芬（姓）"
        ],
        "usphone": "",
        "ukphone": ""
    },
    {
        "name": "Trent",
        "trans": [
            "特伦特（姓）"
        ],
        "usphone": "trent",
        "ukphone": "trent"
    }
]