[
    {
        "name": "venture",
        "trans": [
            "（有风险的）商业、企业",
            "冒险，敢于去"
        ],
        "usphone": "'vɛntʃɚ",
        "ukphone": "'ventʃə"
    },
    {
        "name": "web",
        "trans": [
            "（蜘蛛等的）网"
        ],
        "usphone": "wɛb",
        "ukphone": "web"
    },
    {
        "name": "Scottish",
        "trans": [
            "苏格兰的，苏格兰人的，苏格兰英语的"
        ],
        "usphone": "'skɔtiʃ",
        "ukphone": "'skɔtiʃ"
    },
    {
        "name": "suffering",
        "trans": [
            "苦处，难受，苦难"
        ],
        "usphone": "'sʌfərɪŋ",
        "ukphone": "'sʌf(ə)rɪŋ"
    },
    {
        "name": "gall-bladder",
        "trans": [
            "胆囊"
        ],
        "usphone": "",
        "ukphone": ""
    },
    {
        "name": "strengthen",
        "trans": [
            "加强，巩固"
        ],
        "usphone": "'strɛŋθn",
        "ukphone": "'streŋθ(ə)n; -ŋkθ(ə)n"
    },
    {
        "name": "Perce Blackborrow",
        "trans": [
            "珀斯.布莱克鲍罗"
        ],
        "usphone": "",
        "ukphone": ""
    },
    {
        "name": "Sir Ernest Shackleton",
        "trans": [
            "欧内斯特.沙克尔顿爵士"
        ],
        "usphone": "",
        "ukphone": ""
    },
    {
        "name": "endurance",
        "trans": [
            "忍耐，持久，耐（性）"
        ],
        "usphone": "ɪn'dʊrəns",
        "ukphone": "ɪn'djʊər(ə)ns; en-"
    },
    {
        "name": "hut",
        "trans": [
            "小屋，棚屋"
        ],
        "usphone": "hʌt",
        "ukphone": "hʌt"
    },
    {
        "name": "stove",
        "trans": [
            "炉子"
        ],
        "usphone": "stov",
        "ukphone": "stəʊv"
    },
    {
        "name": "unbearable",
        "trans": [
            "无法忍受的，承受不住的"
        ],
        "usphone": "ʌn'bɛrəbl",
        "ukphone": "ʌn'beərəb(ə)l"
    },
    {
        "name": "cosy",
        "trans": [
            "舒适的，安逸的"
        ],
        "usphone": "ˈkozi",
        "ukphone": "'kəʊzɪ"
    },
    {
        "name": "block out",
        "trans": [
            "封闭"
        ],
        "usphone": "",
        "ukphone": ""
    },
    {
        "name": "breathless",
        "trans": [
            "喘不过气来的"
        ],
        "usphone": "'brɛθləs",
        "ukphone": "'breθlɪs"
    },
    {
        "name": "rotten",
        "trans": [
            "腐烂的，变质的"
        ],
        "usphone": "'rɑtn",
        "ukphone": "'rɒt(ə)n"
    },
    {
        "name": "blacken",
        "trans": [
            "使变黑"
        ],
        "usphone": "'blækən",
        "ukphone": "'blæk(ə)n"
    },
    {
        "name": "circumstance",
        "trans": [
            "客观环境；详情；境况"
        ],
        "usphone": "ˈsɝ​kəmˌstəns",
        "ukphone": "ˈsɜ:kəmstəns"
    },
    {
        "name": "blast",
        "trans": [
            "一阵（风），一股（气流）"
        ],
        "usphone": "blæst",
        "ukphone": "blɑːst"
    },
    {
        "name": "hoarse",
        "trans": [
            "嘶哑的"
        ],
        "usphone": "hɔrs",
        "ukphone": "hɔːs"
    },
    {
        "name": "bless",
        "trans": [
            "祝福，保佑"
        ],
        "usphone": "blɛs",
        "ukphone": "bles"
    },
    {
        "name": "selfish",
        "trans": [
            "自私的"
        ],
        "usphone": "'sɛlfɪʃ",
        "ukphone": "'selfɪʃ"
    },
    {
        "name": "Tom Orde-Lees",
        "trans": [
            "汤姆.奥德.利兹"
        ],
        "usphone": "",
        "ukphone": ""
    },
    {
        "name": "hook",
        "trans": [
            "钩，吊钩",
            "迷上；勾住"
        ],
        "usphone": "hʊk",
        "ukphone": "hʊk"
    },
    {
        "name": "aboard",
        "trans": [
            "在船（飞机，车上）上，上船（飞机，车等）"
        ],
        "usphone": "ə'bɔrd",
        "ukphone": "ə'bɔːd"
    },
    {
        "name": "seasickness",
        "trans": [
            "晕船"
        ],
        "usphone": "'si,sɪknɪs",
        "ukphone": "'siːsɪknɪs"
    },
    {
        "name": "anyhow",
        "trans": [
            "无论如何"
        ],
        "usphone": "'ɛnɪ'haʊ",
        "ukphone": "'enɪhaʊ"
    },
    {
        "name": "steward",
        "trans": [
            "（轮船，飞机等）乘务员，膳务员"
        ],
        "usphone": "'stuɚd",
        "ukphone": "'stjuːəd"
    },
    {
        "name": "crush",
        "trans": [
            "碾碎，粉碎，（使）变形"
        ],
        "usphone": "krʌʃ",
        "ukphone": "krʌʃ"
    },
    {
        "name": "mourn",
        "trans": [
            "哀伤，忧伤"
        ],
        "usphone": "mɔrn",
        "ukphone": "mɔːn"
    },
    {
        "name": "urgent",
        "trans": [
            "急迫的，紧急的"
        ],
        "usphone": "'ɝdʒənt",
        "ukphone": "ˈɜːdʒənt"
    },
    {
        "name": "bedding",
        "trans": [
            "被褥；（家畜）草垫"
        ],
        "usphone": "'bɛdɪŋ",
        "ukphone": "'bedɪŋ"
    },
    {
        "name": "Hussey",
        "trans": [
            "赫西"
        ],
        "usphone": "",
        "ukphone": ""
    },
    {
        "name": "banjo",
        "trans": [
            "班卓琴，五弦琴"
        ],
        "usphone": "'bændʒo",
        "ukphone": "'bændʒəʊ"
    },
    {
        "name": "vital",
        "trans": [
            "重要的；生死攸关的"
        ],
        "usphone": "'vaɪtl",
        "ukphone": "'vaɪt(ə)l"
    },
    {
        "name": "cheerful",
        "trans": [
            "愉快的，高兴的"
        ],
        "usphone": "'tʃɪrfl",
        "ukphone": "'tʃɪəfʊl; -f(ə)l"
    },
    {
        "name": "persevere",
        "trans": [
            "坚持"
        ],
        "usphone": ",pɝsə'vɪr",
        "ukphone": "pɜːsɪ'vɪə"
    },
    {
        "name": "perseverance",
        "trans": [
            "坚持不懈"
        ],
        "usphone": ",pɝsə'vɪrəns",
        "ukphone": "pɜːsɪ'vɪər(ə)ns"
    },
    {
        "name": "faith",
        "trans": [
            "信任，信念，信仰，忠实"
        ],
        "usphone": "feθ",
        "ukphone": "feɪθ"
    },
    {
        "name": "give way to",
        "trans": [
            "让路，让步"
        ],
        "usphone": "",
        "ukphone": ""
    },
    {
        "name": "framework",
        "trans": [
            "框架；结构"
        ],
        "usphone": "'fremwɝk",
        "ukphone": "'freɪmwɜːk"
    },
    {
        "name": "rank",
        "trans": [
            "等级，军衔，军阶"
        ],
        "usphone": "ræŋk",
        "ukphone": "ræŋk"
    },
    {
        "name": "morale",
        "trans": [
            "士气，精神状态"
        ],
        "usphone": "mə'ræl",
        "ukphone": "mə'rɑːl"
    },
    {
        "name": "select",
        "trans": [
            "选择，挑选"
        ],
        "usphone": "sə'lɛkt",
        "ukphone": "sɪ'lekt"
    },
    {
        "name": "booming",
        "trans": [
            "发隆声的"
        ],
        "usphone": "'bʊmɪŋ",
        "ukphone": "buːmɪŋ"
    },
    {
        "name": "swear",
        "trans": [
            "宣誓，发誓"
        ],
        "usphone": "swɛr",
        "ukphone": "sweə"
    },
    {
        "name": "advocate",
        "trans": [
            "支持，拥护，提倡"
        ],
        "usphone": "ˈædvəkeɪt；-et",
        "ukphone": "'ædvəkeɪt；-ət"
    },
    {
        "name": "freezing",
        "trans": [
            "冰冻的，严寒的"
        ],
        "usphone": "'frizɪŋ",
        "ukphone": "'friːzɪŋ"
    },
    {
        "name": "stool",
        "trans": [
            "凳子；大便"
        ],
        "usphone": "stʊl",
        "ukphone": "stuːl"
    },
    {
        "name": "gratitude",
        "trans": [
            "感激，感恩"
        ],
        "usphone": "'ɡrætɪtud",
        "ukphone": "'grætɪtjuːd"
    },
    {
        "name": "punishment",
        "trans": [
            "惩罚，惩处"
        ],
        "usphone": "'pʌnɪʃmənt",
        "ukphone": "'pʌnɪʃm(ə)nt"
    },
    {
        "name": "loyal",
        "trans": [
            "忠实的，忠诚的"
        ],
        "usphone": "'lɔɪəl",
        "ukphone": "'lɒɪəl"
    },
    {
        "name": "tactful",
        "trans": [
            "机智的，圆滑的，言行得体的"
        ],
        "usphone": "'tæktfl",
        "ukphone": "'tæktfʊl; -f(ə)l"
    },
    {
        "name": "Frank Worsley",
        "trans": [
            "弗兰克.沃斯利"
        ],
        "usphone": "",
        "ukphone": ""
    },
    {
        "name": "odd",
        "trans": [
            "古怪的；奇数的，单数的"
        ],
        "usphone": "ɑd",
        "ukphone": "ɒd"
    },
    {
        "name": "stout",
        "trans": [
            "结实的；矮胖的；顽强的"
        ],
        "usphone": "staʊt",
        "ukphone": "staʊt"
    },
    {
        "name": "Hubert Hudson",
        "trans": [
            "休伯特.哈德逊"
        ],
        "usphone": "",
        "ukphone": ""
    },
    {
        "name": "optimism",
        "trans": [
            "乐观，乐观主义"
        ],
        "usphone": "'ɑptɪmɪzəm",
        "ukphone": "'ɒptɪmɪz(ə)m"
    },
    {
        "name": "delay",
        "trans": [
            "耽搁，延迟",
            "耽误，延迟"
        ],
        "usphone": "dɪ'le",
        "ukphone": "dɪ'leɪ"
    },
    {
        "name": "discourage",
        "trans": [
            "使……气馁"
        ],
        "usphone": "dɪs'kɝɪdʒ",
        "ukphone": "dɪs'kʌrɪdʒ"
    },
    {
        "name": "dynamic",
        "trans": [
            "动力的，经历充沛的，有活力的"
        ],
        "usphone": "daɪ'næmɪk",
        "ukphone": "daɪ'næmɪk"
    },
    {
        "name": "regular",
        "trans": [
            "规则的，定期的，常规的"
        ],
        "usphone": "'rɛgjəlɚ",
        "ukphone": "'regjʊlə"
    },
    {
        "name": "grasp",
        "trans": [
            "抓住，抓紧；掌握"
        ],
        "usphone": "ɡræsp",
        "ukphone": "grɑːsp"
    },
    {
        "name": "give off",
        "trans": [
            "发出（蒸汽，光等）"
        ],
        "usphone": "",
        "ukphone": ""
    },
    {
        "name": "Lionel Greenstreet",
        "trans": [
            "莱昂内尔.格林斯特里特"
        ],
        "usphone": "",
        "ukphone": ""
    },
    {
        "name": "bored",
        "trans": [
            "无聊的，无聊的，烦人的"
        ],
        "usphone": "bɔrd",
        "ukphone": "bɔːd"
    },
    {
        "name": "liver",
        "trans": [
            "肝脏"
        ],
        "usphone": "'lɪvɚ",
        "ukphone": "'lɪvə"
    },
    {
        "name": "chef",
        "trans": [
            "厨师，主厨"
        ],
        "usphone": "ʃɛf",
        "ukphone": "ʃef"
    },
    {
        "name": "changeable",
        "trans": [
            "可改变的"
        ],
        "usphone": "'tʃendʒəbl",
        "ukphone": "'tʃeɪn(d)ʒəb(ə)l"
    },
    {
        "name": "caution",
        "trans": [
            "小心，谨慎，警告"
        ],
        "usphone": "'kɔʃən",
        "ukphone": "'kɔːʃ(ə)n"
    },
    {
        "name": "sun-blindness",
        "trans": [
            "日盲症，（因阳光强烈导致的暂时）失明"
        ],
        "usphone": "",
        "ukphone": ""
    },
    {
        "name": "admirable",
        "trans": [
            "令人钦佩的，绝妙的，极好的"
        ],
        "usphone": "'ædmərəbl",
        "ukphone": "'ædm(ə)rəb(ə)l"
    },
    {
        "name": "commitment",
        "trans": [
            "许诺，委托事项，承担义务"
        ],
        "usphone": "kə'mɪtmənt",
        "ukphone": "kə'mɪtm(ə)nt"
    },
    {
        "name": "proverb",
        "trans": [
            "谚语"
        ],
        "usphone": "'prɑvɝb",
        "ukphone": "'prɒvɜːb"
    },
    {
        "name": "King Lear",
        "trans": [
            "李尔王"
        ],
        "usphone": "",
        "ukphone": ""
    },
    {
        "name": "respectful",
        "trans": [
            "尊敬的，恭敬的"
        ],
        "usphone": "rɪ'spɛktfəl",
        "ukphone": "rɪ'spek(t)fʊl; -f(ə)l"
    },
    {
        "name": "disrespectful",
        "trans": [
            "失礼的，无礼的"
        ],
        "usphone": "disri,spektful",
        "ukphone": "dɪsrɪ'spek(t)f(ʊ)l"
    },
    {
        "name": "disrespectfully",
        "trans": [
            "失礼地，无理地"
        ],
        "usphone": "",
        "ukphone": ""
    },
    {
        "name": "emperor",
        "trans": [
            "皇帝，君主"
        ],
        "usphone": "'ɛmpərɚ",
        "ukphone": "ˈempərə(r)"
    },
    {
        "name": "shorten",
        "trans": [
            "缩短，使变短"
        ],
        "usphone": "'ʃɔrtn",
        "ukphone": "'ʃɔːt(ə)n"
    },
    {
        "name": "modernize",
        "trans": [
            "使现代化"
        ],
        "usphone": "mɑdɚnˌaɪz",
        "ukphone": "ˈmɒdənaɪz"
    },
    {
        "name": "throne",
        "trans": [
            "王座，王位"
        ],
        "usphone": "θron",
        "ukphone": "θrəʊn"
    },
    {
        "name": "Regan",
        "trans": [
            "里根"
        ],
        "usphone": "",
        "ukphone": ""
    },
    {
        "name": "Goneril",
        "trans": [
            "贡纳莉"
        ],
        "usphone": "'ɡɔnəril",
        "ukphone": "'ɡɔnəril"
    },
    {
        "name": "Cordelia",
        "trans": [
            "科迪莉亚"
        ],
        "usphone": "kɔ:'di:ljə",
        "ukphone": "kɔ:'di:ljə"
    },
    {
        "name": "duke",
        "trans": [
            "公爵"
        ],
        "usphone": "dʊk",
        "ukphone": "djuːk"
    },
    {
        "name": "Albany",
        "trans": [
            "奥尔巴尼"
        ],
        "usphone": "'ɔ:bəni",
        "ukphone": "'ɔ:bəni"
    },
    {
        "name": "Cornwall",
        "trans": [
            "康沃尔"
        ],
        "usphone": "'kɔ:nwɔ:l",
        "ukphone": "'kɔ:nwɔ:l"
    },
    {
        "name": "Kent",
        "trans": [
            "肯特"
        ],
        "usphone": "kent",
        "ukphone": "kent"
    },
    {
        "name": "burden",
        "trans": [
            "负担，担子"
        ],
        "usphone": "'bɝdn",
        "ukphone": "'bɜːd(ə)n"
    },
    {
        "name": "hand over",
        "trans": [
            "移交（权力、责任）"
        ],
        "usphone": "'hænd,əuvə(r)",
        "ukphone": "'hænd,əuvə(r)"
    },
    {
        "name": "responsibility",
        "trans": [
            "责任，职责"
        ],
        "usphone": "rɪˌspɑːnsəˈbɪləti",
        "ukphone": "rɪˌspɒnsəˈbɪlətɪ"
    },
    {
        "name": "boundary",
        "trans": [
            "边界，分界线"
        ],
        "usphone": "'baʊndri",
        "ukphone": "'baʊnd(ə)rɪ"
    },
    {
        "name": "allocate",
        "trans": [
            "分派，分配"
        ],
        "usphone": "'æləket",
        "ukphone": "'æləkeɪt"
    },
    {
        "name": "whichever",
        "trans": [
            "无论哪一个，任何"
        ],
        "usphone": "wɪtʃ'ɛvɚ",
        "ukphone": "wɪtʃ'evə"
    },
    {
        "name": "darling",
        "trans": [
            "心爱的人",
            "亲爱的，可爱的"
        ],
        "usphone": "'dɑrlɪŋ",
        "ukphone": "'dɑːlɪŋ"
    },
    {
        "name": "adore",
        "trans": [
            "爱慕；喜爱"
        ],
        "usphone": "ə'dɔr",
        "ukphone": "ə'dɔː"
    },
    {
        "name": "pray",
        "trans": [
            "祈祷；恳求，请"
        ],
        "usphone": "pre",
        "ukphone": "preɪ"
    },
    {
        "name": "care for",
        "trans": [
            "关怀，照顾"
        ],
        "usphone": "",
        "ukphone": ""
    },
    {
        "name": "majesty",
        "trans": [
            "最高权威，王权；雄伟"
        ],
        "usphone": "'mædʒəsti",
        "ukphone": "'mædʒɪstɪ"
    },
    {
        "name": "lord",
        "trans": [
            "封建领主，地主，统治者；（宗）上帝"
        ],
        "usphone": "lɔrd",
        "ukphone": "lɔːd"
    },
    {
        "name": "bridegroom",
        "trans": [
            "新郎"
        ],
        "usphone": "'braɪdɡrum",
        "ukphone": "'braɪdgruːm"
    },
    {
        "name": "distribute",
        "trans": [
            "分发，分配"
        ],
        "usphone": "dɪ'strɪbjut",
        "ukphone": "dɪ'strɪbjuːt; 'dɪstrɪbjuːt"
    },
    {
        "name": "troop",
        "trans": [
            "(pl)军队；英文释义：〔集结在一起活动的〕一群人[动物]"
        ],
        "usphone": "trʊp",
        "ukphone": "truːp"
    },
    {
        "name": "contradict",
        "trans": [
            "同……矛盾或抵触；反驳"
        ],
        "usphone": "'kɑntrə'dɪkt",
        "ukphone": "kɒntrə'dɪkt"
    },
    {
        "name": "hear out",
        "trans": [
            "听某人把话说完"
        ],
        "usphone": "",
        "ukphone": ""
    },
    {
        "name": "on behalf of",
        "trans": [
            "代表……"
        ],
        "usphone": "",
        "ukphone": ""
    },
    {
        "name": "flattery",
        "trans": [
            "奉承，恭维话"
        ],
        "usphone": "'flætəri",
        "ukphone": "'flæt(ə)rɪ"
    },
    {
        "name": "flatter",
        "trans": [
            "过分夸赞，奉承，恭维"
        ],
        "usphone": "'flætɚ",
        "ukphone": "'flætə"
    },
    {
        "name": "beyond question",
        "trans": [
            "无可争辩，毫无疑问"
        ],
        "usphone": "",
        "ukphone": ""
    },
    {
        "name": "speak out",
        "trans": [
            "大胆地说，大声地说"
        ],
        "usphone": "",
        "ukphone": ""
    },
    {
        "name": "friction",
        "trans": [
            "矛盾，冲突；摩擦"
        ],
        "usphone": "'frɪkʃən",
        "ukphone": "'frɪkʃ(ə)n"
    },
    {
        "name": "forecast",
        "trans": [
            "预报，预测",
            "预测，预报"
        ],
        "usphone": "'fɔrkæst",
        "ukphone": "'fɔːkɑːst"
    },
    {
        "name": "oppose",
        "trans": [
            "反对，反抗，抵制"
        ],
        "usphone": "ə'poz",
        "ukphone": "ə'pəʊz"
    },
    {
        "name": "pack up",
        "trans": [
            "把……打包，整理"
        ],
        "usphone": "",
        "ukphone": ""
    },
    {
        "name": "frontier",
        "trans": [
            "国界，边疆，边境"
        ],
        "usphone": "frʌn'tɪr",
        "ukphone": "'frʌntɪə; frʌn'tɪə"
    },
    {
        "name": "give away",
        "trans": [
            "赠送；泄露"
        ],
        "usphone": "",
        "ukphone": ""
    },
    {
        "name": "fond",
        "trans": [
            "喜爱的；慈爱的，宠爱的，溺爱的"
        ],
        "usphone": "fɑnd",
        "ukphone": "fɒnd"
    },
    {
        "name": "be fond of",
        "trans": [
            "喜爱，爱好"
        ],
        "usphone": "",
        "ukphone": ""
    },
    {
        "name": "deceitful",
        "trans": [
            "欺诈的，不诚实的"
        ],
        "usphone": "dɪ'sitfl",
        "ukphone": "dɪ'siːtfʊl; -f(ə)l"
    },
    {
        "name": "corrupt",
        "trans": [
            "腐败的，贪污的；堕落的"
        ],
        "usphone": "kə'rʌpt",
        "ukphone": "kə'rʌpt"
    },
    {
        "name": "greedy",
        "trans": [
            "贪婪的"
        ],
        "usphone": "'gridi",
        "ukphone": "'griːdɪ"
    },
    {
        "name": "greed",
        "trans": [
            "贪婪"
        ],
        "usphone": "ɡrid",
        "ukphone": "griːd"
    },
    {
        "name": "innocent",
        "trans": [
            "天真的，无罪的，清白的"
        ],
        "usphone": "'ɪnəsnt",
        "ukphone": "'ɪnəs(ə)nt"
    },
    {
        "name": "cunning",
        "trans": [
            "善于骗人的，狡猾的"
        ],
        "usphone": "'kʌnɪŋ",
        "ukphone": "'kʌnɪŋ"
    },
    {
        "name": "strorage",
        "trans": [
            "贮藏，存储，储藏室"
        ],
        "usphone": "",
        "ukphone": ""
    },
    {
        "name": "author",
        "trans": [
            "作家"
        ],
        "usphone": "'ɔθɚ",
        "ukphone": "'ɔːθə"
    },
    {
        "name": "sacrifice",
        "trans": [
            "牺牲；献身，祭品"
        ],
        "usphone": "'sækrɪfaɪs",
        "ukphone": "'sækrɪfaɪs"
    },
    {
        "name": "Stratford-on-Avon",
        "trans": [
            "埃文河畔斯特拉特福镇（莎翁故乡）"
        ],
        "usphone": "",
        "ukphone": ""
    },
    {
        "name": "Latin",
        "trans": [
            "拉丁文，拉丁语",
            "拉丁文的，拉丁语的"
        ],
        "usphone": "'lætn",
        "ukphone": "'lætɪn"
    },
    {
        "name": "make a name",
        "trans": [
            "出名"
        ],
        "usphone": "",
        "ukphone": ""
    },
    {
        "name": "allergic",
        "trans": [
            "过敏的"
        ],
        "usphone": "ə'lɝdʒɪk",
        "ukphone": "ə'lɜːdʒɪk"
    },
    {
        "name": "sneeze",
        "trans": [
            "喷嚏",
            "打喷嚏"
        ],
        "usphone": "sniz",
        "ukphone": "sniːz"
    },
    {
        "name": "armchair",
        "trans": [
            "手扶椅，（单座）沙发"
        ],
        "usphone": "'ɑrmtʃɛr",
        "ukphone": "ɑːm'tʃeə; 'ɑːm-"
    },
    {
        "name": "confirm",
        "trans": [
            "确定"
        ],
        "usphone": "kən'fɝm",
        "ukphone": "kən'fɜːm"
    },
    {
        "name": "rewind",
        "trans": [
            "重绕，倒回"
        ],
        "usphone": ",ri'waɪnd",
        "ukphone": "riː'waɪnd"
    },
    {
        "name": "cash",
        "trans": [
            "现金",
            "兑现"
        ],
        "usphone": "kæʃ",
        "ukphone": "kæʃ"
    },
    {
        "name": "cheque",
        "trans": [
            "支票"
        ],
        "usphone": "tʃɛk",
        "ukphone": "tʃek"
    },
    {
        "name": "signature",
        "trans": [
            "签名，署名"
        ],
        "usphone": "'sɪgnətʃɚ",
        "ukphone": "'sɪgnətʃə"
    },
    {
        "name": "terminal",
        "trans": [
            "终点站，航空集散站"
        ],
        "usphone": "tɝ​mənl",
        "ukphone": "'tɜːmɪn(ə)l"
    },
    {
        "name": "vacant",
        "trans": [
            "空的，空缺的"
        ],
        "usphone": "'vekənt",
        "ukphone": "'veɪk(ə)nt"
    },
    {
        "name": "dusty",
        "trans": [
            "满是灰尘的，积满灰尘的"
        ],
        "usphone": "'dʌsti",
        "ukphone": "'dʌstɪ"
    },
    {
        "name": "Burgundy",
        "trans": [
            "勃艮第"
        ],
        "usphone": "'bɝɡəndi",
        "ukphone": "'bɜːgəndɪ"
    },
    {
        "name": "respond",
        "trans": [
            "响应，做出反应；回答"
        ],
        "usphone": "rɪ'spɑnd",
        "ukphone": "rɪ'spɒnd"
    },
    {
        "name": "Oswald",
        "trans": [
            "奥斯瓦尔德"
        ],
        "usphone": "'ɔzwəld",
        "ukphone": "'ɔzwəld"
    },
    {
        "name": "staff",
        "trans": [
            "职工，员工"
        ],
        "usphone": "stæf",
        "ukphone": "stɑːf"
    },
    {
        "name": "Caius",
        "trans": [
            "凯厄斯"
        ],
        "usphone": "",
        "ukphone": ""
    },
    {
        "name": "suspect",
        "trans": [
            "怀疑"
        ],
        "usphone": "sʌspɛkt; (for v.) səˈspɛkt",
        "ukphone": "ˈsʌspekt; (for v.) səˈspekt"
    },
    {
        "name": "insult",
        "trans": [
            "侮辱，凌辱"
        ],
        "usphone": "ɪn'sʌlt",
        "ukphone": "ɪn'sʌlt"
    },
    {
        "name": "scold",
        "trans": [
            "责骂，斥责"
        ],
        "usphone": "skold",
        "ukphone": "skəʊld"
    },
    {
        "name": "drunken",
        "trans": [
            "醉的，喝醉的"
        ],
        "usphone": "'drʌŋkən",
        "ukphone": "'drʌŋk(ə)n"
    },
    {
        "name": "scratch",
        "trans": [
            "抓痕，刮痕"
        ],
        "usphone": "skrætʃ",
        "ukphone": "skrætʃ"
    },
    {
        "name": "baggage",
        "trans": [
            "行李"
        ],
        "usphone": "'bæɡɪdʒ",
        "ukphone": "'bægɪdʒ"
    },
    {
        "name": "demand",
        "trans": [
            "要求，需要"
        ],
        "usphone": "dɪ'mænd",
        "ukphone": "dɪ'mɑːnd"
    },
    {
        "name": "prop",
        "trans": [
            "（小）道具"
        ],
        "usphone": "",
        "ukphone": ""
    },
    {
        "name": "civil",
        "trans": [
            "公民的，国民的"
        ],
        "usphone": "'sɪvl",
        "ukphone": "'sɪv(ə)l; -ɪl"
    },
    {
        "name": "trolleybus",
        "trans": [
            "无轨电车"
        ],
        "usphone": "",
        "ukphone": ""
    },
    {
        "name": "register",
        "trans": [
            "登记簿",
            "登记，注册"
        ],
        "usphone": "'rɛdʒɪstɚ",
        "ukphone": "'redʒɪstə"
    },
    {
        "name": "Maryann Jines",
        "trans": [
            "玛丽安.琼斯"
        ],
        "usphone": "",
        "ukphone": ""
    },
    {
        "name": "Montgommery",
        "trans": [
            "蒙哥马利（城市名）"
        ],
        "usphone": "",
        "ukphone": ""
    },
    {
        "name": "Martin Luther King Jr.",
        "trans": [
            "马丁.路德.金"
        ],
        "usphone": "",
        "ukphone": ""
    },
    {
        "name": "boycott",
        "trans": [
            "抵制，排斥"
        ],
        "usphone": "'bɔɪkɑt",
        "ukphone": "'bɒɪkɒt"
    },
    {
        "name": "prohibit",
        "trans": [
            "禁止，阻止"
        ],
        "usphone": "prə'hɪbɪt",
        "ukphone": "prə(ʊ)'hɪbɪt"
    },
    {
        "name": "offence",
        "trans": [
            "违法行为；冒犯"
        ],
        "usphone": "ə'fɛns",
        "ukphone": "ə'fens"
    },
    {
        "name": "unjust",
        "trans": [
            "不公平的，不公正的"
        ],
        "usphone": "'ʌn'dʒʌst",
        "ukphone": "ʌn'dʒʌst"
    },
    {
        "name": "separation",
        "trans": [
            "分离，分开"
        ],
        "usphone": ",sɛpə'reʃən",
        "ukphone": "sepə'reɪʃ(ə)n"
    },
    {
        "name": "tradition",
        "trans": [
            "传统"
        ],
        "usphone": "trə'dɪʃən",
        "ukphone": "trə'dɪʃ(ə)n"
    },
    {
        "name": "submit",
        "trans": [
            "服从，顺从"
        ],
        "usphone": "səb'mɪt",
        "ukphone": "səb'mɪt"
    },
    {
        "name": "unwilling",
        "trans": [
            "不愿意的；勉强的"
        ],
        "usphone": "ʌn'wɪlɪŋ",
        "ukphone": "ʌn'wɪlɪŋ"
    },
    {
        "name": "seize",
        "trans": [
            "抓取；逮住；夺取"
        ],
        "usphone": "siz",
        "ukphone": "siːz"
    },
    {
        "name": "seize on",
        "trans": [
            "抓住"
        ],
        "usphone": "",
        "ukphone": ""
    },
    {
        "name": "collision",
        "trans": [
            "碰撞，冲突"
        ],
        "usphone": "kə'lɪʒən",
        "ukphone": "kə'lɪʒ(ə)n"
    },
    {
        "name": "collision course",
        "trans": [
            "冲突（的前进或者行动）"
        ],
        "usphone": "",
        "ukphone": ""
    },
    {
        "name": "hopeful",
        "trans": [
            "怀有希望的，有希望的"
        ],
        "usphone": "'hopfl",
        "ukphone": "'həʊpfʊl; -f(ə)l"
    },
    {
        "name": "negotiate",
        "trans": [
            "商议，谈判，磋商"
        ],
        "usphone": "nɪ'ɡoʃɪet",
        "ukphone": "nɪ'gəʊʃɪeɪt"
    },
    {
        "name": "chaos",
        "trans": [
            "混乱"
        ],
        "usphone": "'keɑs",
        "ukphone": "'keɪɒs"
    },
    {
        "name": "Serena",
        "trans": [
            "赛丽娜"
        ],
        "usphone": "",
        "ukphone": ""
    },
    {
        "name": "sandal",
        "trans": [
            "凉鞋"
        ],
        "usphone": "'sændl",
        "ukphone": "'sænd(ə)l"
    },
    {
        "name": "punctual",
        "trans": [
            "守时的，准时的"
        ],
        "usphone": "'pʌŋtʃʊəl",
        "ukphone": "'pʌŋ(k)tʃʊəl; -tjʊəl"
    },
    {
        "name": "coincidence",
        "trans": [
            "巧合"
        ],
        "usphone": "ko'ɪnsɪdəns",
        "ukphone": "kəʊ'ɪnsɪd(ə)ns"
    },
    {
        "name": "pedestrian",
        "trans": [
            "步行者"
        ],
        "usphone": "pə'dɛstrɪən",
        "ukphone": "pɪˈdestrɪən"
    },
    {
        "name": "march",
        "trans": [
            "行军，前进"
        ],
        "usphone": "mɑrtʃ",
        "ukphone": "mɑːtʃ"
    },
    {
        "name": "pavement",
        "trans": [
            "人行道；路面"
        ],
        "usphone": "'pevmənt",
        "ukphone": "'peɪvm(ə)nt"
    },
    {
        "name": "salute",
        "trans": [
            "行礼致敬，敬礼"
        ],
        "usphone": "sə'lut",
        "ukphone": "sə'l(j)uːt"
    },
    {
        "name": "abuse",
        "trans": [
            "虐待；滥用；辱骂",
            "虐待；滥用；辱骂"
        ],
        "usphone": "ə'bjus",
        "ukphone": "ə'bjuːz"
    },
    {
        "name": "hostility",
        "trans": [
            "敌意，恶意"
        ],
        "usphone": "hɑ'stɪləti",
        "ukphone": "hɒ'stɪlɪtɪ"
    },
    {
        "name": "resolve",
        "trans": [
            "决心",
            "决定"
        ],
        "usphone": "rɪ'zɑlv",
        "ukphone": "rɪ'zɒlv"
    },
    {
        "name": "prayer",
        "trans": [
            "祈祷"
        ],
        "usphone": "prɛr",
        "ukphone": "preə"
    },
    {
        "name": "bomb",
        "trans": [
            "炸弹",
            "投弹，轰炸"
        ],
        "usphone": "bɑm",
        "ukphone": "bɒm"
    },
    {
        "name": "supreme",
        "trans": [
            "最高的，极度的"
        ],
        "usphone": "suˈprim",
        "ukphone": "suː'priːm"
    },
    {
        "name": "nationwide",
        "trans": [
            "全国性的，全国的"
        ],
        "usphone": ",neʃn'waɪd",
        "ukphone": "'neɪʃ(ə)nwaɪd; -'waɪd"
    },
    {
        "name": "constitution",
        "trans": [
            "宪法"
        ],
        "usphone": "'kɑnstə'tʊʃən",
        "ukphone": "kɒnstɪ'tjuːʃ(ə)n"
    },
    {
        "name": "constitutional",
        "trans": [
            "宪法的"
        ],
        "usphone": ",kɑnstə'tuʃənl",
        "ukphone": "kɒnstɪ'tjuːʃ(ə)n(ə)l"
    },
    {
        "name": "fundamental",
        "trans": [
            "基础的，基本的"
        ],
        "usphone": ",fʌndə'mɛntl",
        "ukphone": "ˌfʌndə'mentl"
    },
    {
        "name": "battle",
        "trans": [
            "战争，战役"
        ],
        "usphone": "'bætl",
        "ukphone": "'bæt(ə)l"
    },
    {
        "name": "happiness",
        "trans": [
            "幸福，快乐"
        ],
        "usphone": "'hæpɪnəs",
        "ukphone": "'hæpɪnəs"
    },
    {
        "name": "liberty",
        "trans": [
            "自由"
        ],
        "usphone": "'lɪbɚti",
        "ukphone": "'lɪbətɪ"
    },
    {
        "name": "skim",
        "trans": [
            "浏览；轻轻掠过"
        ],
        "usphone": "skɪm",
        "ukphone": "skɪm"
    },
    {
        "name": "evident",
        "trans": [
            "明显的，显然的"
        ],
        "usphone": "'ɛvɪdənt",
        "ukphone": "'evɪd(ə)nt"
    },
    {
        "name": "self-evident",
        "trans": [
            "不证自明的，不言而喻的"
        ],
        "usphone": "'self'evidənt",
        "ukphone": "'self'evidənt"
    },
    {
        "name": "brief",
        "trans": [
            "简短的，短暂的"
        ],
        "usphone": "brif",
        "ukphone": "briːf"
    },
    {
        "name": "discrimination",
        "trans": [
            "歧视"
        ],
        "usphone": "dɪ,skrɪmɪ'neʃən",
        "ukphone": "dɪ,skrɪmɪ'neɪʃ(ə)n"
    },
    {
        "name": "philosophy",
        "trans": [
            "哲学，人生观"
        ],
        "usphone": "fə'lɑsəfi",
        "ukphone": "fɪ'lɒsəfɪ"
    },
    {
        "name": "Scout",
        "trans": [
            "斯考特"
        ],
        "usphone": "skaʊt",
        "ukphone": "skaʊt"
    },
    {
        "name": "Atticus",
        "trans": [
            "阿提斯库"
        ],
        "usphone": "",
        "ukphone": ""
    },
    {
        "name": "Jem",
        "trans": [
            "杰姆"
        ],
        "usphone": "",
        "ukphone": ""
    },
    {
        "name": "Arthur",
        "trans": [
            "亚瑟"
        ],
        "usphone": "ˈɑːθə",
        "ukphone": "'ɑ:θə"
    },
    {
        "name": "commit",
        "trans": [
            "犯罪，做（不合法的或错事）"
        ],
        "usphone": "kə'mɪt",
        "ukphone": "kə'mɪt"
    },
    {
        "name": "Walter Cunningham",
        "trans": [
            "沃尔特.坎宁安"
        ],
        "usphone": "",
        "ukphone": ""
    },
    {
        "name": "Caroline",
        "trans": [
            "卡罗琳"
        ],
        "usphone": "'kærə,laɪn",
        "ukphone": ""
    },
    {
        "name": "live out",
        "trans": [
            "实践"
        ],
        "usphone": "",
        "ukphone": ""
    },
    {
        "name": "creed",
        "trans": [
            "信条"
        ],
        "usphone": "krid",
        "ukphone": "kriːd"
    },
    {
        "name": "brotherhood",
        "trans": [
            "手足情意；兄弟关系"
        ],
        "usphone": "'brʌðɚhʊd",
        "ukphone": "'brʌðəhʊd"
    },
    {
        "name": "oasis",
        "trans": [
            "（沙漠中）绿洲；舒适的地方"
        ],
        "usphone": "o'esɪs",
        "ukphone": "əʊ'eɪsɪs"
    },
    {
        "name": "Alabama",
        "trans": [
            "阿拉巴马州（美国的一个州）"
        ],
        "usphone": ",ælə'bæmə",
        "ukphone": ",ælə'bæmə"
    },
    {
        "name": "symphony",
        "trans": [
            "交响乐，交响曲"
        ],
        "usphone": "'sɪmfəni",
        "ukphone": "'sɪmf(ə)nɪ"
    },
    {
        "name": "Jew",
        "trans": [
            "犹太人"
        ],
        "usphone": "dʒu:",
        "ukphone": "dʒu:"
    },
    {
        "name": "Gentile",
        "trans": [
            "非犹太人，异教徒"
        ],
        "usphone": "",
        "ukphone": ""
    },
    {
        "name": "Protestant",
        "trans": [
            "新教徒"
        ],
        "usphone": "'prɑtɪstənt",
        "ukphone": "'prɒtɪstənt"
    },
    {
        "name": "Catholic",
        "trans": [
            "天主教徒"
        ],
        "usphone": "kæθəlɪk",
        "ukphone": ""
    },
    {
        "name": "Negro",
        "trans": [
            "[过时的]黑人"
        ],
        "usphone": "'nigro",
        "ukphone": "'niːgrəʊ"
    },
    {
        "name": "almighty",
        "trans": [
            "全能的，有无限权力的"
        ],
        "usphone": "ɔl'maɪti",
        "ukphone": "ɔːl'maɪtɪ"
    },
    {
        "name": "quotation",
        "trans": [
            "引语，引文，语录；引用"
        ],
        "usphone": "kwo'teʃən",
        "ukphone": "kwə(ʊ)'teɪʃ(ə)n"
    },
    {
        "name": "metaphor",
        "trans": [
            "隐喻，暗喻"
        ],
        "usphone": "'mɛtəfɚ",
        "ukphone": "'metəfə; -fɔː"
    },
    {
        "name": "simile",
        "trans": [
            "明喻"
        ],
        "usphone": "'sɪməli",
        "ukphone": "'sɪmɪlɪ"
    },
    {
        "name": "Ewell",
        "trans": [
            "尤厄尔"
        ],
        "usphone": "",
        "ukphone": ""
    },
    {
        "name": "Mayella",
        "trans": [
            "梅耶拉"
        ],
        "usphone": "",
        "ukphone": ""
    },
    {
        "name": "dominate",
        "trans": [
            "支配，占优势"
        ],
        "usphone": "'dɑmɪnet",
        "ukphone": "'dɒmɪneɪt"
    },
    {
        "name": "efficient",
        "trans": [
            "有效率的，效率高的"
        ],
        "usphone": "ɪ'fɪʃnt",
        "ukphone": "ɪ'fɪʃ(ə)nt"
    },
    {
        "name": "efficiently",
        "trans": [
            "有效率地，效率高地"
        ],
        "usphone": "ɪ'fɪʃəntli",
        "ukphone": "i'fiʃəntli"
    },
    {
        "name": "centigrade",
        "trans": [
            "摄氏温度"
        ],
        "usphone": "'sɛntɪɡred",
        "ukphone": "'sentɪgreɪd"
    },
    {
        "name": "diameter",
        "trans": [
            "直径"
        ],
        "usphone": "daɪ'æmɪtɚ",
        "ukphone": "daɪ'æmɪtə"
    },
    {
        "name": "recipe",
        "trans": [
            "菜谱"
        ],
        "usphone": "'rɛsəpi",
        "ukphone": "'resɪpɪ"
    },
    {
        "name": "booklet",
        "trans": [
            "小册子"
        ],
        "usphone": "'bʊklət",
        "ukphone": "'bʊklɪt"
    },
    {
        "name": "endeavour",
        "trans": [
            "尽力，竭力"
        ],
        "usphone": "ɪndɛvəʳ",
        "ukphone": "ɪn'devə; en-"
    },
    {
        "name": "competent",
        "trans": [
            "有能力的，能胜任的"
        ],
        "usphone": "'kɑmpɪtənt",
        "ukphone": "'kɒmpɪt(ə)nt"
    },
    {
        "name": "up to",
        "trans": [
            "取决于"
        ],
        "usphone": "",
        "ukphone": ""
    },
    {
        "name": "caption",
        "trans": [
            "标题，说明，字幕"
        ],
        "usphone": "'kæpʃən",
        "ukphone": "'kæpʃ(ə)n"
    },
    {
        "name": "digest",
        "trans": [
            "消化"
        ],
        "usphone": "daɪ'dʒɛst",
        "ukphone": "daɪ'dʒest; dɪ-"
    },
    {
        "name": "beneath",
        "trans": [
            "在……之下"
        ],
        "usphone": "bɪˈniːθ",
        "ukphone": "bɪ'niːθ"
    },
    {
        "name": "adopt",
        "trans": [
            "收养；采纳"
        ],
        "usphone": "ə'dɑpt",
        "ukphone": "ə'dɒpt"
    },
    {
        "name": "preview",
        "trans": [
            "预习，事先查看"
        ],
        "usphone": "'pri'vjʊ",
        "ukphone": "'priːvjuː"
    },
    {
        "name": "frequent",
        "trans": [
            "时常发生的，经常的"
        ],
        "usphone": "'frikwənt",
        "ukphone": "'friːkw(ə)nt"
    },
    {
        "name": "in detail",
        "trans": [
            "详细地"
        ],
        "usphone": "",
        "ukphone": ""
    },
    {
        "name": "manual",
        "trans": [
            "手册，指南"
        ],
        "usphone": "'mænjuəl",
        "ukphone": "'mænjʊ(ə)l"
    },
    {
        "name": "New Zealand",
        "trans": [
            "新西兰"
        ],
        "usphone": "",
        "ukphone": ""
    },
    {
        "name": "assess",
        "trans": [
            "评定，评估"
        ],
        "usphone": "ə'sɛs",
        "ukphone": "ə'ses"
    },
    {
        "name": "consult",
        "trans": [
            "请教，咨询"
        ],
        "usphone": "kən'sʌlt",
        "ukphone": "kən'sʌlt"
    },
    {
        "name": "underneath",
        "trans": [
            "在……的下面，在下面"
        ],
        "usphone": ",ʌndɚ'niθ",
        "ukphone": "ʌndə'niːθ"
    },
    {
        "name": "shabby",
        "trans": [
            "破旧的；衣衫褴褛的"
        ],
        "usphone": "ˈʃæbi",
        "ukphone": "'ʃæbɪ"
    },
    {
        "name": "rainbow",
        "trans": [
            "彩虹"
        ],
        "usphone": "'renbo",
        "ukphone": "'reɪnbəʊ"
    },
    {
        "name": "brewery",
        "trans": [
            "酿酒厂，啤酒厂"
        ],
        "usphone": "'bruəri",
        "ukphone": "'brʊərɪ"
    },
    {
        "name": "acute",
        "trans": [
            "敏锐的"
        ],
        "usphone": "ə'kjut",
        "ukphone": "ə'kjuːt"
    },
    {
        "name": "bent",
        "trans": [
            "弯曲的"
        ],
        "usphone": "bɛnt",
        "ukphone": "bent"
    },
    {
        "name": "cab",
        "trans": [
            "出租车，计程车"
        ],
        "usphone": "kæb",
        "ukphone": "kæb"
    },
    {
        "name": "currency",
        "trans": [
            "货币，通货"
        ],
        "usphone": "ˈkɜrənsi",
        "ukphone": "'kʌr(ə)nsɪ"
    },
    {
        "name": "lotus",
        "trans": [
            "荷花，莲花，睡莲"
        ],
        "usphone": "'lotəs",
        "ukphone": "'ləʊtəs"
    },
    {
        "name": "cuisine",
        "trans": [
            "烹饪（法）"
        ],
        "usphone": "kwɪ'zin",
        "ukphone": "kwɪ'ziːn"
    },
    {
        "name": "educator",
        "trans": [
            "教育家"
        ],
        "usphone": "'ɛdʒə'ketɚ",
        "ukphone": "'edʒʊkeɪtə"
    },
    {
        "name": "seminar",
        "trans": [
            "研讨会，讨论发言会"
        ],
        "usphone": "'sɛmɪnɑr",
        "ukphone": "'semɪnɑː"
    },
    {
        "name": "acquisition",
        "trans": [
            "获得，习得"
        ],
        "usphone": ",ækwɪ'zɪʃən",
        "ukphone": ",ækwɪ'zɪʃ(ə)n"
    },
    {
        "name": "ballet",
        "trans": [
            "芭蕾舞"
        ],
        "usphone": "bæ'le",
        "ukphone": "'bæleɪ; -lɪ"
    },
    {
        "name": "album",
        "trans": [
            "（收集相片、邮票等的）薄、册，唱片集"
        ],
        "usphone": "'ælbəm",
        "ukphone": "'ælbəm"
    },
    {
        "name": "resemble",
        "trans": [
            "像，类似"
        ],
        "usphone": "rɪ'zɛmbl",
        "ukphone": "rɪ'zemb(ə)l"
    },
    {
        "name": "cassette",
        "trans": [
            "盒式磁带"
        ],
        "usphone": "kə'sɛt",
        "ukphone": "kə'set"
    },
    {
        "name": "tend",
        "trans": [
            "倾向"
        ],
        "usphone": "tɛnd",
        "ukphone": "tend"
    },
    {
        "name": "tend to",
        "trans": [
            "易于，往往会"
        ],
        "usphone": "",
        "ukphone": ""
    },
    {
        "name": "tend to do sth",
        "trans": [
            "易于做某事，往往会做某事"
        ],
        "usphone": "",
        "ukphone": ""
    },
    {
        "name": "messy",
        "trans": [
            "脏乱的，凌乱的，杂乱的"
        ],
        "usphone": "'mɛsi",
        "ukphone": "'mesɪ"
    },
    {
        "name": "tiresome",
        "trans": [
            "令人厌烦的，烦人的"
        ],
        "usphone": "'taɪɚsəm",
        "ukphone": "'taɪəs(ə)m"
    },
    {
        "name": "vague",
        "trans": [
            "含糊的，不清楚的"
        ],
        "usphone": "veɡ",
        "ukphone": "veɪg"
    },
    {
        "name": "bonus",
        "trans": [
            "奖金，红利，津贴"
        ],
        "usphone": "'bonəs",
        "ukphone": "'bəʊnəs"
    },
    {
        "name": "auditory",
        "trans": [
            "听的，听觉的"
        ],
        "usphone": "'ɔdətɔri",
        "ukphone": "'ɔːdɪt(ə)rɪ"
    },
    {
        "name": "tactile",
        "trans": [
            "触觉的，可感触的，触觉型的"
        ],
        "usphone": "'tæktl",
        "ukphone": "'tæktaɪl"
    },
    {
        "name": "oral",
        "trans": [
            "口头的，口述的"
        ],
        "usphone": "'ɔrəl",
        "ukphone": "'ɔːr(ə)l"
    },
    {
        "name": "component",
        "trans": [
            "成分，组成部分"
        ],
        "usphone": "kəm'ponənt",
        "ukphone": "kəm'pəʊnənt"
    },
    {
        "name": "concrete",
        "trans": [
            "具体的，有形的"
        ],
        "usphone": "'kɑŋkrit",
        "ukphone": "'kɒŋkriːt"
    },
    {
        "name": "literary",
        "trans": [
            "文学的"
        ],
        "usphone": "lɪtərɛri",
        "ukphone": "'lɪt(ə)(rə)rɪ"
    },
    {
        "name": "genre",
        "trans": [
            "（文学作品的）类型，载体"
        ],
        "usphone": "'ʒɑnrə",
        "ukphone": "ˈʒɒnrə"
    },
    {
        "name": "recount",
        "trans": [
            "重新计算选票",
            "叙述"
        ],
        "usphone": "rɪ'kaʊnt",
        "ukphone": "rɪ'kaʊnt"
    },
    {
        "name": "Agnes Grey",
        "trans": [
            "艾格妮斯.格雷（人名，书名）"
        ],
        "usphone": "",
        "ukphone": ""
    },
    {
        "name": "Jane Austin",
        "trans": [
            "简.奥斯丁"
        ],
        "usphone": "",
        "ukphone": ""
    },
    {
        "name": "Charlotte Bronte",
        "trans": [
            "夏洛蒂.勃朗特"
        ],
        "usphone": "",
        "ukphone": ""
    },
    {
        "name": "Tess of d'Urbevilles",
        "trans": [
            "德伯家的苔丝（书名）"
        ],
        "usphone": "",
        "ukphone": ""
    },
    {
        "name": "prejudice",
        "trans": [
            "偏见，成见"
        ],
        "usphone": "'prɛdʒədɪs",
        "ukphone": "'predʒʊdɪs"
    },
    {
        "name": "Wuthering Heights",
        "trans": [
            "呼啸山庄（书名）"
        ],
        "usphone": "",
        "ukphone": ""
    },
    {
        "name": "Margaret Mitchell",
        "trans": [
            "玛格丽特.米切尔"
        ],
        "usphone": "",
        "ukphone": ""
    },
    {
        "name": "Rudyard Kipling",
        "trans": [
            "拉迪亚德.吉普林"
        ],
        "usphone": "",
        "ukphone": ""
    },
    {
        "name": "consensus",
        "trans": [
            "共识，共同意见"
        ],
        "usphone": "kən'sɛnsəs",
        "ukphone": "kən'sensəs"
    },
    {
        "name": "equality",
        "trans": [
            "等同，平等"
        ],
        "usphone": "ɪ'kwɑləti",
        "ukphone": "ɪ'kwɒlɪtɪ; iː-"
    },
    {
        "name": "in force",
        "trans": [
            "已生效；在实施中"
        ],
        "usphone": "",
        "ukphone": ""
    },
    {
        "name": "twist",
        "trans": [
            "扭曲，歪曲"
        ],
        "usphone": "twɪst",
        "ukphone": "twɪst"
    },
    {
        "name": "contradiction",
        "trans": [
            "反驳，矛盾"
        ],
        "usphone": ",kɑntrə'dɪkʃən",
        "ukphone": "kɒntrə'dɪkʃ(ə)n"
    },
    {
        "name": "get round",
        "trans": [
            "顺利应付；克服，说服某人同意原先反对的事"
        ],
        "usphone": "",
        "ukphone": ""
    },
    {
        "name": "George Eliot",
        "trans": [
            "乔治.艾略特"
        ],
        "usphone": "",
        "ukphone": ""
    },
    {
        "name": "limitation",
        "trans": [
            "限制，局限性"
        ],
        "usphone": ",lɪmɪ'teʃən",
        "ukphone": "lɪmɪ'teɪʃ(ə)n"
    },
    {
        "name": "heroine",
        "trans": [
            "女英雄；女主人公"
        ],
        "usphone": "",
        "ukphone": ""
    },
    {
        "name": "obstacle",
        "trans": [
            "障碍，阻碍"
        ],
        "usphone": "'ɑbstəkl",
        "ukphone": "'ɒbstək(ə)l"
    },
    {
        "name": "ironic",
        "trans": [
            "具有讽刺意味的，讽刺的"
        ],
        "usphone": "aɪ'rɑnɪk",
        "ukphone": "aɪ'rɒnɪk"
    },
    {
        "name": "hopeless",
        "trans": [
            "没有希望的，绝望的"
        ],
        "usphone": "ˈhoʊpləs",
        "ukphone": "'həʊpləs"
    },
    {
        "name": "under the name of",
        "trans": [
            "用…… 的名字，在…… 的名字下"
        ],
        "usphone": "",
        "ukphone": ""
    },
    {
        "name": "sceptical",
        "trans": [
            "怀疑性的，持怀疑态度的"
        ],
        "usphone": "'skeptikəl",
        "ukphone": "'skeptɪk(ə)l"
    },
    {
        "name": "see through",
        "trans": [
            "看破，识破"
        ],
        "usphone": "",
        "ukphone": ""
    },
    {
        "name": "deception",
        "trans": [
            "欺骗，诡计"
        ],
        "usphone": "dɪ'sɛpʃən",
        "ukphone": "dɪ'sepʃ(ə)n"
    },
    {
        "name": "approval",
        "trans": [
            "赞成，承认"
        ],
        "usphone": "əˈpruvl",
        "ukphone": "ə'pruːv(ə)l"
    },
    {
        "name": "explicit",
        "trans": [
            "直率的，明确的，清楚的"
        ],
        "usphone": "ɪk'splɪsɪt",
        "ukphone": "ɪk'splɪsɪt; ek-"
    },
    {
        "name": "struggle against",
        "trans": [
            "与……作斗争"
        ],
        "usphone": "",
        "ukphone": ""
    },
    {
        "name": "outspoken",
        "trans": [
            "坦率直言的"
        ],
        "usphone": "aʊt'spokən",
        "ukphone": "aʊt'spəʊk(ə)n"
    },
    {
        "name": "growth",
        "trans": [
            "成长，生长"
        ],
        "usphone": "ɡroθ",
        "ukphone": "grəʊθ"
    },
    {
        "name": "childhood",
        "trans": [
            "孩童时期，童年"
        ],
        "usphone": "'tʃaɪldhʊd",
        "ukphone": "'tʃaɪldhʊd"
    },
    {
        "name": "hail",
        "trans": [
            "向……欢呼，打声招呼，呼喊"
        ],
        "usphone": "hel",
        "ukphone": "heɪl"
    },
    {
        "name": "revelation",
        "trans": [
            "启示，揭示"
        ],
        "usphone": "'rɛvə'leʃən",
        "ukphone": "revə'leɪʃ(ə)n"
    },
    {
        "name": "premier",
        "trans": [
            "第一的，首要的"
        ],
        "usphone": "prɪ'mɪr",
        "ukphone": "'premɪə; 'priː-"
    },
    {
        "name": "ambiguous",
        "trans": [
            "含糊的，模糊的"
        ],
        "usphone": "æm'bɪɡjuəs",
        "ukphone": "æm'bɪgjʊəs"
    },
    {
        "name": "concession",
        "trans": [
            "让步，让与某人之物"
        ],
        "usphone": "kən'sɛʃən",
        "ukphone": "kən'seʃ(ə)n"
    },
    {
        "name": "stand out",
        "trans": [
            "杰出"
        ],
        "usphone": "",
        "ukphone": ""
    },
    {
        "name": "critic",
        "trans": [
            "批评家，评论家"
        ],
        "usphone": "'krɪtɪk",
        "ukphone": "'krɪtɪk"
    },
    {
        "name": "injustice",
        "trans": [
            "不公平，非正义"
        ],
        "usphone": "ɪn'dʒʌstɪs",
        "ukphone": "ɪn'dʒʌstɪs"
    },
    {
        "name": "possess",
        "trans": [
            "拥有，占有"
        ],
        "usphone": "pə'zɛs",
        "ukphone": "pə'zes"
    },
    {
        "name": "sponsor",
        "trans": [
            "发起人；担保人；赞助者"
        ],
        "usphone": "'spɑnsɚ",
        "ukphone": "'spɒnsə"
    },
    {
        "name": "eccentric",
        "trans": [
            "古怪的"
        ],
        "usphone": "ɪk'sɛntrɪk",
        "ukphone": "ɪk'sentrɪk; ek-"
    },
    {
        "name": "Betsy Trotwood",
        "trans": [
            "贝特西.特洛特伍德"
        ],
        "usphone": "",
        "ukphone": ""
    },
    {
        "name": "generous",
        "trans": [
            "慷慨的，大方的"
        ],
        "usphone": "'dʒɛnərəs",
        "ukphone": "'dʒen(ə)rəs"
    },
    {
        "name": "merchant",
        "trans": [
            "商人"
        ],
        "usphone": "'mɝtʃənt",
        "ukphone": "'mɜːtʃ(ə)nt"
    },
    {
        "name": "staight away",
        "trans": [
            "立即，马上"
        ],
        "usphone": "",
        "ukphone": ""
    },
    {
        "name": "warehouse",
        "trans": [
            "仓库，货栈"
        ],
        "usphone": "'wɛrhaʊs",
        "ukphone": "'weəhaʊs"
    },
    {
        "name": "bargain",
        "trans": [
            "便宜货"
        ],
        "usphone": "ˈbɑrɡɪn",
        "ukphone": "ˈbɑːɡɪn"
    },
    {
        "name": "burglar",
        "trans": [
            "窃贼"
        ],
        "usphone": "'bɝɡlɚ",
        "ukphone": "'bɜːglə"
    },
    {
        "name": "sequence",
        "trans": [
            "顺序"
        ],
        "usphone": "'sikwəns",
        "ukphone": "'siːkw(ə)ns"
    },
    {
        "name": "inspect",
        "trans": [
            "检查，视察"
        ],
        "usphone": "ɪn'spɛkt",
        "ukphone": "ɪn'spekt"
    },
    {
        "name": "bungalow",
        "trans": [
            "平房"
        ],
        "usphone": "ˈbʌŋɡəˌlo",
        "ukphone": "'bʌŋgələʊ"
    },
    {
        "name": "chain",
        "trans": [
            "链条，锁链"
        ],
        "usphone": "tʃen",
        "ukphone": "tʃeɪn"
    },
    {
        "name": "dangle",
        "trans": [
            "悬挂，摇摆，使晃动"
        ],
        "usphone": "'dæŋɡl",
        "ukphone": "'dæŋg(ə)l"
    },
    {
        "name": "semicircle",
        "trans": [
            "半圆形"
        ],
        "usphone": "'sɛmɪsɝkl",
        "ukphone": "'semɪsɜːkl"
    },
    {
        "name": "squeak",
        "trans": [
            "尖叫声，吱吱声",
            "发出尖叫声"
        ],
        "usphone": "skwik",
        "ukphone": "skwiːk"
    },
    {
        "name": "pull oneself up",
        "trans": [
            "立起身来"
        ],
        "usphone": "",
        "ukphone": ""
    },
    {
        "name": "roof",
        "trans": [
            "屋顶，房顶"
        ],
        "usphone": "ruf",
        "ukphone": "ruːf"
    },
    {
        "name": "collar",
        "trans": [
            "衣领"
        ],
        "usphone": "'kɑlɚ",
        "ukphone": "'kɒlə"
    },
    {
        "name": "bench",
        "trans": [
            "长椅子"
        ],
        "usphone": "bɛntʃ",
        "ukphone": "bentʃ"
    },
    {
        "name": "pine",
        "trans": [
            "松树"
        ],
        "usphone": "paɪn",
        "ukphone": "paɪn"
    },
    {
        "name": "claw",
        "trans": [
            "爪，脚爪"
        ],
        "usphone": "klɔ",
        "ukphone": "klɔː"
    },
    {
        "name": "squirrel",
        "trans": [
            "松鼠"
        ],
        "usphone": "ˈskwɜ:rəl; skwɝ​əl",
        "ukphone": "'skwɪr(ə)l"
    },
    {
        "name": "romance",
        "trans": [
            "恋情；浪漫故事，浪漫史"
        ],
        "usphone": "ro'mæns",
        "ukphone": "rə(ʊ)'mæns; 'rəʊmæns"
    },
    {
        "name": "vain",
        "trans": [
            "虚荣的；徒劳的"
        ],
        "usphone": "ven",
        "ukphone": "veɪn"
    },
    {
        "name": "in vain",
        "trans": [
            "徒劳的"
        ],
        "usphone": "",
        "ukphone": ""
    },
    {
        "name": "signal",
        "trans": [
            "信号"
        ],
        "usphone": "'sɪgnl",
        "ukphone": "'sɪgn(ə)l"
    },
    {
        "name": "discount",
        "trans": [
            "不信任；减价",
            "打折，折扣"
        ],
        "usphone": "dɪs'kaʊnt",
        "ukphone": "'dɪskaʊnt"
    },
    {
        "name": "sensitive",
        "trans": [
            "敏感的"
        ],
        "usphone": "'sɛnsətɪv",
        "ukphone": "'sensɪtɪv"
    },
    {
        "name": "decline",
        "trans": [
            "拒绝；衰退；下降"
        ],
        "usphone": "dɪ'klaɪn",
        "ukphone": "dɪ'klaɪn"
    },
    {
        "name": "arrogant",
        "trans": [
            "傲慢的，自大的"
        ],
        "usphone": "'ærəɡənt",
        "ukphone": "'ærəg(ə)nt"
    },
    {
        "name": "at length",
        "trans": [
            "详细地；最后"
        ],
        "usphone": "",
        "ukphone": ""
    },
    {
        "name": "enquire",
        "trans": [
            "询问"
        ],
        "usphone": "ɪn'kwaɪr",
        "ukphone": "ɪn'kwaɪə"
    },
    {
        "name": "against one's will",
        "trans": [
            "违心地"
        ],
        "usphone": "",
        "ukphone": ""
    },
    {
        "name": "think ill of",
        "trans": [
            "对……评价不高"
        ],
        "usphone": "",
        "ukphone": ""
    },
    {
        "name": "do everything in one's power to",
        "trans": [
            "竭尽全力去做某事"
        ],
        "usphone": "",
        "ukphone": ""
    },
    {
        "name": "rejoice",
        "trans": [
            "欣喜，高兴，喜悦"
        ],
        "usphone": "rɪ'dʒɔɪs",
        "ukphone": "rɪ'dʒɒɪs"
    },
    {
        "name": "initial",
        "trans": [
            "最初的，初始的"
        ],
        "usphone": "ɪ'nɪʃəl",
        "ukphone": "ɪ'nɪʃəl"
    },
    {
        "name": "fault",
        "trans": [
            "错，缺点"
        ],
        "usphone": "fɔlt",
        "ukphone": "fɔːlt; fɒlt"
    },
    {
        "name": "hasty",
        "trans": [
            "匆忙的，慌忙的"
        ],
        "usphone": "'hesti",
        "ukphone": "'heɪstɪ"
    },
    {
        "name": "hastily",
        "trans": [
            "匆忙地，慌忙地"
        ],
        "usphone": "'hestɪli",
        "ukphone": "'heɪstɪlɪ"
    },
    {
        "name": "sensible",
        "trans": [
            "有感觉的，明智的"
        ],
        "usphone": "'sɛnsəbl",
        "ukphone": "'sensɪb(ə)l"
    }
]