[
    {
        "name": "survey",
        "trans": [
            "调查；测验"
        ],
        "usphone": "ˈsɝˌve; (for v.) sɝˈve",
        "ukphone": "ˈsəːveɪ; (for v.) səˈveɪ"
    },
    {
        "name": "add up",
        "trans": [
            "合计"
        ],
        "usphone": "",
        "ukphone": ""
    },
    {
        "name": "upset",
        "trans": [
            "心烦意乱的；不安的；不适的",
            "(过去式 upset, 过去分词 upset) 使不安；使心烦"
        ],
        "usphone": "ʌp'sɛt",
        "ukphone": "ʌp'set"
    },
    {
        "name": "ignore",
        "trans": [
            "不理睬；忽视"
        ],
        "usphone": "ɪɡ'nɔr",
        "ukphone": "ɪg'nɔː"
    },
    {
        "name": "calm",
        "trans": [
            "（使）平静；（使）镇定",
            "平静的；镇静的；沉着的"
        ],
        "usphone": "kɑm",
        "ukphone": "kɑːm"
    },
    {
        "name": "calm(...)down",
        "trans": [
            "（使）平静下来；（使）镇定下来"
        ],
        "usphone": "",
        "ukphone": ""
    },
    {
        "name": "have got to",
        "trans": [
            "不得不；必须"
        ],
        "usphone": "",
        "ukphone": ""
    },
    {
        "name": "concern",
        "trans": [
            "（使）担忧；涉及；关系到",
            "担心；关注 ；（利害）关系"
        ],
        "usphone": "kən'sɝn",
        "ukphone": "kən'sɜːn"
    },
    {
        "name": "be concerned about",
        "trans": [
            "关心；挂念"
        ],
        "usphone": "",
        "ukphone": ""
    },
    {
        "name": "walk the dog",
        "trans": [
            "遛狗"
        ],
        "usphone": "",
        "ukphone": ""
    },
    {
        "name": "loose",
        "trans": [
            "松的；松开的"
        ],
        "usphone": "lus",
        "ukphone": "luːs"
    },
    {
        "name": "vet",
        "trans": [
            "兽医"
        ],
        "usphone": "vɛt",
        "ukphone": "vet"
    },
    {
        "name": "go through",
        "trans": [
            "经历；经受"
        ],
        "usphone": "",
        "ukphone": ""
    },
    {
        "name": "Amsterdam",
        "trans": [
            "阿姆斯特丹（荷兰首都）"
        ],
        "usphone": ",æmstɚ'dæm",
        "ukphone": "ˈæmstəˈdæm"
    },
    {
        "name": "Netherlands",
        "trans": [
            "荷兰（西欧国家）"
        ],
        "usphone": "'neðələndz",
        "ukphone": "'neðələndz"
    },
    {
        "name": "Jewish",
        "trans": [
            "犹太人的；犹太族的"
        ],
        "usphone": "'dʒʊɪʃ",
        "ukphone": "'dʒuːɪʃ"
    },
    {
        "name": "German",
        "trans": [
            "德国的；德国人的；德语的",
            "德国人；德语"
        ],
        "usphone": "",
        "ukphone": "'dʒɜːmən"
    },
    {
        "name": "Nazi",
        "trans": [
            "纳粹党人",
            "纳粹党的"
        ],
        "usphone": "",
        "ukphone": ""
    },
    {
        "name": "set down",
        "trans": [
            "记下；放下；制定"
        ],
        "usphone": "",
        "ukphone": ""
    },
    {
        "name": "series",
        "trans": [
            "连续；系列"
        ],
        "usphone": "'sɪriz",
        "ukphone": "'sɪəriːz; -rɪz"
    },
    {
        "name": "a series of",
        "trans": [
            "一连串的；一系列；一套"
        ],
        "usphone": "",
        "ukphone": ""
    },
    {
        "name": "Kitty",
        "trans": [
            "基蒂（女名）"
        ],
        "usphone": "'kɪti",
        "ukphone": "'kɪtɪ"
    },
    {
        "name": "outdoors",
        "trans": [
            "在户外；在野外"
        ],
        "usphone": "'aʊt'dɔrz",
        "ukphone": "aʊt'dɔːz"
    },
    {
        "name": "spellbind",
        "trans": [
            "(过去式 spellbound, 过去分词 spellbound)迷住；迷惑"
        ],
        "usphone": "'spɛl,baɪnd",
        "ukphone": "'spelbaɪnd"
    },
    {
        "name": "on purpose",
        "trans": [
            "故意"
        ],
        "usphone": "",
        "ukphone": ""
    },
    {
        "name": "in order to",
        "trans": [
            "为了……"
        ],
        "usphone": "",
        "ukphone": ""
    },
    {
        "name": "dusk",
        "trans": [
            "黄昏；傍晚"
        ],
        "usphone": "dʌsk",
        "ukphone": "dʌsk"
    },
    {
        "name": "at dusk",
        "trans": [
            "在黄昏时刻"
        ],
        "usphone": "",
        "ukphone": ""
    },
    {
        "name": "thunder",
        "trans": [
            "打雷；雷鸣",
            "雷；雷声"
        ],
        "usphone": "'θʌndɚ",
        "ukphone": "'θʌndə"
    },
    {
        "name": "entire",
        "trans": [
            "整个的；完全的；全部的"
        ],
        "usphone": "ɪn'taɪɚ",
        "ukphone": "ɪn'taɪə; en-"
    },
    {
        "name": "entirely",
        "trans": [
            "完全地；全然地；整个地"
        ],
        "usphone": "ɪn'taɪɚli",
        "ukphone": "ɪn'taɪəlɪ; en-"
    },
    {
        "name": "power",
        "trans": [
            "能力；力量；权力"
        ],
        "usphone": "'paʊɚ",
        "ukphone": "'paʊə"
    },
    {
        "name": "face to face",
        "trans": [
            "面对面地"
        ],
        "usphone": "",
        "ukphone": ""
    },
    {
        "name": "curtain",
        "trans": [
            "窗帘；门帘；幕布"
        ],
        "usphone": "'kɝtn",
        "ukphone": "'kɜːt(ə)n"
    },
    {
        "name": "dusty",
        "trans": [
            "积满灰尘的"
        ],
        "usphone": "'dʌsti",
        "ukphone": "'dʌstɪ"
    },
    {
        "name": "no longer",
        "trans": [
            "不再……"
        ],
        "usphone": "",
        "ukphone": ""
    },
    {
        "name": "not...any longer",
        "trans": [
            "不再……"
        ],
        "usphone": "",
        "ukphone": ""
    },
    {
        "name": "partner",
        "trans": [
            "合作者；合伙人；伙伴"
        ],
        "usphone": "'pɑrtnɚ",
        "ukphone": "'pɑːtnə"
    },
    {
        "name": "settle",
        "trans": [
            "安家；定居；停留；解决"
        ],
        "usphone": "'sɛtl",
        "ukphone": "'set(ə)l"
    },
    {
        "name": "suffer",
        "trans": [
            "遭受；忍受；经历"
        ],
        "usphone": "'sʌfɚ",
        "ukphone": "'sʌfə"
    },
    {
        "name": "suffer from",
        "trans": [
            "遭受；患病"
        ],
        "usphone": "",
        "ukphone": ""
    },
    {
        "name": "loneliness",
        "trans": [
            "孤单；寂寞"
        ],
        "usphone": "'lonlɪnɪs",
        "ukphone": "'ləʊnlɪnɪs"
    },
    {
        "name": "highway",
        "trans": [
            "公路；大路"
        ],
        "usphone": "'haɪwe",
        "ukphone": "'haɪweɪ"
    },
    {
        "name": "recover",
        "trans": [
            "痊愈；恢复；重新获得"
        ],
        "usphone": "rɪ'kʌvɚ",
        "ukphone": "rɪ'kʌvə"
    },
    {
        "name": "get tired of",
        "trans": [
            "对……厌烦"
        ],
        "usphone": "",
        "ukphone": ""
    },
    {
        "name": "be tired of",
        "trans": [
            "对……厌烦"
        ],
        "usphone": "",
        "ukphone": ""
    },
    {
        "name": "pack",
        "trans": [
            "捆扎；包装；打行李",
            "小包；包裹"
        ],
        "usphone": "pæk",
        "ukphone": "pæk"
    },
    {
        "name": "pack (sth) up",
        "trans": [
            "将（东西）装箱打包"
        ],
        "usphone": "",
        "ukphone": ""
    },
    {
        "name": "suitcase",
        "trans": [
            "手提箱；衣箱"
        ],
        "usphone": "'sutkes",
        "ukphone": "'suːtkeɪs"
    },
    {
        "name": "Margot",
        "trans": [
            "玛戈（女名）"
        ],
        "usphone": "'mɑɡo",
        "ukphone": "'mɑ:ɡəʊ"
    },
    {
        "name": "Overcoat",
        "trans": [
            "大衣；外套"
        ],
        "usphone": "'ovɚkot",
        "ukphone": "'əʊvəkəʊt"
    },
    {
        "name": "teenager",
        "trans": [
            "十几岁的青少年"
        ],
        "usphone": "'tinedʒɚ",
        "ukphone": "'tiːneɪdʒə"
    },
    {
        "name": "get along with",
        "trans": [
            "与……相处；进展"
        ],
        "usphone": "",
        "ukphone": ""
    },
    {
        "name": "gossip",
        "trans": [
            "闲话；闲谈",
            "说闲话，说长道短"
        ],
        "usphone": "'ɡɑsɪp",
        "ukphone": "'gɒsɪp"
    },
    {
        "name": "fall in love",
        "trans": [
            "相爱；爱上"
        ],
        "usphone": "",
        "ukphone": ""
    },
    {
        "name": "exactly",
        "trans": [
            "确实如此；正是；确切地"
        ],
        "usphone": "ɪɡ'zæktli",
        "ukphone": "ɪg'zæk(t)lɪ"
    },
    {
        "name": "disagree",
        "trans": [
            "不同意"
        ],
        "usphone": ",dɪsə'ɡri",
        "ukphone": "dɪsə'griː"
    },
    {
        "name": "grateful",
        "trans": [
            "感激的；表示谢意的"
        ],
        "usphone": "'ɡretfl",
        "ukphone": "'greɪtfʊl; -f(ə)l"
    },
    {
        "name": "dislike",
        "trans": [
            "不喜欢；厌恶",
            "不喜欢；厌恶"
        ],
        "usphone": "dɪs'laɪk",
        "ukphone": "dɪs'laɪk"
    },
    {
        "name": "join in",
        "trans": [
            "参加；加入"
        ],
        "usphone": "",
        "ukphone": ""
    },
    {
        "name": "tip",
        "trans": [
            "尖；尖端；提示；技巧；小费",
            "倾斜；翻倒"
        ],
        "usphone": "tɪp",
        "ukphone": "tɪp"
    },
    {
        "name": "secondly",
        "trans": [
            "第二；其次"
        ],
        "usphone": "'sɛkəndli",
        "ukphone": "'sek(ə)ndlɪ"
    },
    {
        "name": "swap",
        "trans": [
            "交换"
        ],
        "usphone": "swɑp",
        "ukphone": "swɒp"
    },
    {
        "name": "item",
        "trans": [
            "项目；条款"
        ],
        "usphone": "'aɪtəm",
        "ukphone": "'aɪtəm"
    },
    {
        "name": "subway",
        "trans": [
            "<美>地铁；地下人行道"
        ],
        "usphone": "'sʌbwe",
        "ukphone": "'sʌbweɪ"
    },
    {
        "name": "elevator",
        "trans": [
            "电梯；升降机"
        ],
        "usphone": "'ɛlɪvetɚ",
        "ukphone": "'elɪveɪtə"
    },
    {
        "name": "petrol",
        "trans": [
            "<英>汽油（<美>gasoline）"
        ],
        "usphone": "'pɛtrəl",
        "ukphone": "'petr(ə)l"
    },
    {
        "name": "gas",
        "trans": [
            "气体；汽油；煤气；毒气"
        ],
        "usphone": "ɡæs",
        "ukphone": "gæs"
    },
    {
        "name": "official",
        "trans": [
            "官方的；正式的；公务的"
        ],
        "usphone": "əˈfɪʃəl; oʊˈfɪʃəl",
        "ukphone": "ə'fɪʃ(ə)l"
    },
    {
        "name": "voyage",
        "trans": [
            "航行；航海"
        ],
        "usphone": "'vɔɪɪdʒ",
        "ukphone": "'vɒɪɪdʒ"
    },
    {
        "name": "conquer",
        "trans": [
            "征服；占领"
        ],
        "usphone": "'kɑŋkɚ",
        "ukphone": "'kɒŋkə"
    },
    {
        "name": "because of",
        "trans": [
            "因为；由于"
        ],
        "usphone": "",
        "ukphone": ""
    },
    {
        "name": "native",
        "trans": [
            "本国的；本地的",
            "本地人；本国人"
        ],
        "usphone": "'netɪv",
        "ukphone": "'neɪtɪv"
    },
    {
        "name": "Amy",
        "trans": [
            "艾米（女名）"
        ],
        "usphone": "'emɪ",
        "ukphone": "eɪmɪ"
    },
    {
        "name": "come up",
        "trans": [
            "走近；上来；提出"
        ],
        "usphone": "",
        "ukphone": ""
    },
    {
        "name": "apartment",
        "trans": [
            "<美> 公寓住宅；单元住宅"
        ],
        "usphone": "ə'pɑrtmənt",
        "ukphone": "ə'pɑːtm(ə)nt"
    },
    {
        "name": "actually",
        "trans": [
            "实际上；事实上"
        ],
        "usphone": "'æktʃuəli",
        "ukphone": "ˈæktʃuəli"
    },
    {
        "name": "AD",
        "trans": [
            "公元"
        ],
        "usphone": "",
        "ukphone": ""
    },
    {
        "name": "base",
        "trans": [
            "以……为根据",
            "基部；基础；基地"
        ],
        "usphone": "bes",
        "ukphone": "beɪs"
    },
    {
        "name": "at present",
        "trans": [
            "现在；目前"
        ],
        "usphone": "",
        "ukphone": ""
    },
    {
        "name": "gradual",
        "trans": [
            "逐渐的；逐步的"
        ],
        "usphone": "'ɡrædʒuəl",
        "ukphone": "'grædʒʊəl"
    },
    {
        "name": "gradually",
        "trans": [
            "逐渐地；逐步地"
        ],
        "usphone": "'grædʒʊəli",
        "ukphone": "'grædʒʊlɪ; 'grædjʊəlɪ"
    },
    {
        "name": "Danish",
        "trans": [
            "丹麦语",
            "丹麦的；丹麦人的；丹麦语的"
        ],
        "usphone": "'denɪʃ",
        "ukphone": "'deɪnɪʃ"
    },
    {
        "name": "enrich",
        "trans": [
            "充实；改善；使富裕"
        ],
        "usphone": "ɪn'rɪtʃ",
        "ukphone": "ɪn'rɪtʃ; en-"
    },
    {
        "name": "vocabulary",
        "trans": [
            "词汇；词汇量；词表"
        ],
        "usphone": "və'kæbjəlɛri",
        "ukphone": "və(ʊ)'kæbjʊlərɪ"
    },
    {
        "name": "Shakespeare",
        "trans": [
            "莎士比亚（英国剧作家，诗人）"
        ],
        "usphone": "'ʃekspɪr",
        "ukphone": "ˈʃeɪkspɪə"
    },
    {
        "name": "make use of",
        "trans": [
            "利用；使用"
        ],
        "usphone": "",
        "ukphone": ""
    },
    {
        "name": "spelling",
        "trans": [
            "拼写；拼法"
        ],
        "usphone": "'spɛlɪŋ",
        "ukphone": "'spelɪŋ"
    },
    {
        "name": "Samuel Johnson",
        "trans": [
            "塞缪尔•约翰逊（英国作家，批评家）"
        ],
        "usphone": "",
        "ukphone": ""
    },
    {
        "name": "Noah Webster",
        "trans": [
            "诺厄•韦伯斯特（美国词典编纂家）"
        ],
        "usphone": "",
        "ukphone": ""
    },
    {
        "name": "latter",
        "trans": [
            "较后的；后半的；（两者中）后者的"
        ],
        "usphone": "'lætɚ",
        "ukphone": "'lætə"
    },
    {
        "name": "identity",
        "trans": [
            "本身；本体；身份"
        ],
        "usphone": "aɪ'dɛntəti",
        "ukphone": "aɪ'dentɪtɪ"
    },
    {
        "name": "fluent",
        "trans": [
            "流利的；流畅的"
        ],
        "usphone": "'fluənt",
        "ukphone": "'fluːənt"
    },
    {
        "name": "fluently",
        "trans": [
            "流利地；流畅地"
        ],
        "usphone": "'flu:əntlɪ",
        "ukphone": "ˈfluːəntlɪ"
    },
    {
        "name": "Singapore",
        "trans": [
            "新加坡（东南亚国家）"
        ],
        "usphone": "ˌsɪŋgə'pɔ:",
        "ukphone": "ˌsɪŋgə'pɔ:"
    },
    {
        "name": "Malaysia",
        "trans": [
            "马来西亚（东南亚国家）；马来群岛"
        ],
        "usphone": "mə'leʒə",
        "ukphone": "məˈleɪʒə"
    },
    {
        "name": "such as",
        "trans": [
            "例如……；像这种的"
        ],
        "usphone": "",
        "ukphone": ""
    },
    {
        "name": "frequent",
        "trans": [
            "频繁的；常见的"
        ],
        "usphone": "'frikwənt",
        "ukphone": "'friːkw(ə)nt"
    },
    {
        "name": "frequently",
        "trans": [
            "常常；频繁地"
        ],
        "usphone": "'frikwəntli",
        "ukphone": "'friːkw(ə)ntlɪ"
    },
    {
        "name": "usage",
        "trans": [
            "词语惯用法；使用；用法"
        ],
        "usphone": "'jusɪdʒ",
        "ukphone": "'juːsɪdʒ"
    },
    {
        "name": "command",
        "trans": [
            "命令；指令；掌握〔尤指语言〕",
            "命令；指令；掌握"
        ],
        "usphone": "kə'mænd",
        "ukphone": "kə'mɑːnd"
    },
    {
        "name": "request",
        "trans": [
            "请求；要求",
            "请求；要求"
        ],
        "usphone": "rɪ'kwɛst",
        "ukphone": "rɪ'kwest"
    },
    {
        "name": "dialect",
        "trans": [
            "方言"
        ],
        "usphone": "'daɪə'lɛkt",
        "ukphone": "'daɪəlekt"
    },
    {
        "name": "expression",
        "trans": [
            "表示；表达；词语"
        ],
        "usphone": "ɪk'sprɛʃən",
        "ukphone": "ɪkˈspreʃn"
    },
    {
        "name": "midwestern",
        "trans": [
            "中西部的",
            "有中西部特性的"
        ],
        "usphone": "ˌmɪd'wɛstən",
        "ukphone": ""
    },
    {
        "name": "African",
        "trans": [
            "非洲的；非洲人的；非洲语言的"
        ],
        "usphone": "'æfrɪkən",
        "ukphone": "'æfrɪk(ə)n"
    },
    {
        "name": "Spanish",
        "trans": [
            "西班牙的；西班牙人的；西班牙语的",
            "西班牙人；西班牙语"
        ],
        "usphone": "'spænɪʃ",
        "ukphone": "'spænɪʃ"
    },
    {
        "name": "play a part (in)",
        "trans": [
            "扮演一个角色；参与"
        ],
        "usphone": "",
        "ukphone": ""
    },
    {
        "name": "eastern",
        "trans": [
            "东方的；东部的"
        ],
        "usphone": "'istɚn",
        "ukphone": "'iːst(ə)n"
    },
    {
        "name": "southeastern",
        "trans": [
            "东南方的；来自东南的"
        ],
        "usphone": ",saʊθ'istɚn",
        "ukphone": ",saʊθ'iːstən"
    },
    {
        "name": "northwestern",
        "trans": [
            "西北方的；来自西北的"
        ],
        "usphone": "",
        "ukphone": ""
    },
    {
        "name": "recognize",
        "trans": [
            "辨认出；承认，公认"
        ],
        "usphone": "ˈrɛkəɡˌnaɪz",
        "ukphone": "'rekəɡnaɪz"
    },
    {
        "name": "lorry",
        "trans": [
            "<英>卡车（<美>truck）"
        ],
        "usphone": "'lɔri",
        "ukphone": "'lɒrɪ"
    },
    {
        "name": "Lori",
        "trans": [
            "罗丽（女名）"
        ],
        "usphone": "",
        "ukphone": ""
    },
    {
        "name": "Houston",
        "trans": [
            "休斯顿（美国城市）"
        ],
        "usphone": "'hju:stən",
        "ukphone": "'hju:stən"
    },
    {
        "name": "Texas",
        "trans": [
            "德克萨斯州（美国州名）"
        ],
        "usphone": "'teksəs",
        "ukphone": "'teksəs"
    },
    {
        "name": "accent",
        "trans": [
            "口音；腔调；重音"
        ],
        "usphone": "'æksɛnt",
        "ukphone": "'æks(ə)nt; -sent"
    },
    {
        "name": "Buford",
        "trans": [
            "布福德（姓氏；男名）"
        ],
        "usphone": "",
        "ukphone": ""
    },
    {
        "name": "Lester",
        "trans": [
            "莱斯特（姓错；男名）"
        ],
        "usphone": "'lestə",
        "ukphone": "'lestə"
    },
    {
        "name": "catfish",
        "trans": [
            "鲶鱼"
        ],
        "usphone": "'kætfɪʃ",
        "ukphone": "'kætfɪʃ"
    },
    {
        "name": "lightning",
        "trans": [
            "闪电"
        ],
        "usphone": "'laɪtnɪŋ",
        "ukphone": "'laɪtnɪŋ"
    },
    {
        "name": "straight",
        "trans": [
            "挺直；直接",
            "直的；笔直的；正直的；正直的"
        ],
        "usphone": "stret",
        "ukphone": "streɪt"
    },
    {
        "name": "block",
        "trans": [
            "块；木块；石块；街区"
        ],
        "usphone": "blɑk",
        "ukphone": "blɒk"
    },
    {
        "name": "cab",
        "trans": [
            "出租车"
        ],
        "usphone": "kæb",
        "ukphone": "kæb"
    },
    {
        "name": "journal",
        "trans": [
            "杂志；定期刊物；日记"
        ],
        "usphone": "'dʒɝnl",
        "ukphone": "'dʒɜːn(ə)l"
    },
    {
        "name": "transport",
        "trans": [
            "运送；运输",
            "运输；运送"
        ],
        "usphone": "'trænspɔrt",
        "ukphone": "træn'spɔːt; trɑːn-"
    },
    {
        "name": "prefer",
        "trans": [
            "更喜欢；选择某事物（而不选择其他事物）"
        ],
        "usphone": "prɪ'fɝ",
        "ukphone": "prɪ'fɜː"
    },
    {
        "name": "disadvantage",
        "trans": [
            "不利条件；不便之处"
        ],
        "usphone": ",dɪsəd'væntɪdʒ",
        "ukphone": "dɪsəd'vɑːntɪdʒ"
    },
    {
        "name": "fare",
        "trans": [
            "费用"
        ],
        "usphone": "fɛr",
        "ukphone": "feə"
    },
    {
        "name": "route",
        "trans": [
            "路线；路途"
        ],
        "usphone": "raʊt",
        "ukphone": "ruːt"
    },
    {
        "name": "Mekong",
        "trans": [
            "湄公河"
        ],
        "usphone": "'me'kɔŋ",
        "ukphone": "'meɪ'kɔŋ"
    },
    {
        "name": "flow",
        "trans": [
            "流动；流出",
            "流动；流量"
        ],
        "usphone": "flo",
        "ukphone": "fləʊ"
    },
    {
        "name": "ever since",
        "trans": [
            "从那以后"
        ],
        "usphone": "",
        "ukphone": ""
    },
    {
        "name": "persuade",
        "trans": [
            "说服；劝说"
        ],
        "usphone": "pɚ'swed",
        "ukphone": "pə'sweɪd"
    },
    {
        "name": "cycle",
        "trans": [
            "骑自行车"
        ],
        "usphone": "'saɪkl",
        "ukphone": "'saɪk(ə)l"
    },
    {
        "name": "graduate",
        "trans": [
            "毕业",
            "大学毕业生"
        ],
        "usphone": "ˈɡrædʒuˌet",
        "ukphone": "ˈɡradʒʊeɪt"
    },
    {
        "name": "finally",
        "trans": [
            "最后；终于"
        ],
        "usphone": "'faɪnlɪ",
        "ukphone": "'faɪnəlɪ"
    },
    {
        "name": "schedule",
        "trans": [
            "进度表；时间表",
            "为某事安排时间"
        ],
        "usphone": "ˈskedʒʊl; skɛdʒʊl",
        "ukphone": "ˈʃedju:l"
    },
    {
        "name": "fond",
        "trans": [
            "喜爱的；慈爱的；宠爱的"
        ],
        "usphone": "fɑnd",
        "ukphone": "fɒnd"
    },
    {
        "name": "be fond of",
        "trans": [
            "喜爱；喜欢"
        ],
        "usphone": "",
        "ukphone": ""
    },
    {
        "name": "shortcoming",
        "trans": [
            "缺点"
        ],
        "usphone": "'ʃɔrtkʌmɪŋ",
        "ukphone": "'ʃɔːtkʌmɪŋ"
    },
    {
        "name": "stubborn",
        "trans": [
            "顽固的；固执的"
        ],
        "usphone": "'stʌbɚn",
        "ukphone": "'stʌbən"
    },
    {
        "name": "organize",
        "trans": [
            "组织；成立"
        ],
        "usphone": "ɔrɡənˌaɪz",
        "ukphone": "ˈɔ:gənaɪz"
    },
    {
        "name": "care about",
        "trans": [
            "关心；忧虑；惦念"
        ],
        "usphone": "",
        "ukphone": ""
    },
    {
        "name": "detail",
        "trans": [
            "细节；详情"
        ],
        "usphone": "dɪˈtel",
        "ukphone": "'diːteɪl"
    },
    {
        "name": "source",
        "trans": [
            "来源；水源"
        ],
        "usphone": "sɔrs",
        "ukphone": "sɔːs"
    },
    {
        "name": "determine",
        "trans": [
            "确定；决定；下定决心"
        ],
        "usphone": "dɪ'tɝmɪn",
        "ukphone": "dɪ'tɜːmɪn"
    },
    {
        "name": "determined",
        "trans": [
            "坚决的；有决心的"
        ],
        "usphone": "dɪ'tɝmɪnd",
        "ukphone": "dɪ'tɜːmɪnd"
    },
    {
        "name": "change one's mind",
        "trans": [
            "改变主意"
        ],
        "usphone": "",
        "ukphone": ""
    },
    {
        "name": "journey",
        "trans": [
            "旅行；旅程"
        ],
        "usphone": "ˈdʒɝ​nɪ",
        "ukphone": "'dʒɜːnɪ"
    },
    {
        "name": "altitude",
        "trans": [
            "海拔高度；高处"
        ],
        "usphone": "'æltɪtud",
        "ukphone": "'æltɪtjuːd"
    },
    {
        "name": "make up one's mind",
        "trans": [
            "下决心；决定"
        ],
        "usphone": "",
        "ukphone": ""
    },
    {
        "name": "give in",
        "trans": [
            "投降；屈服；让步"
        ],
        "usphone": "",
        "ukphone": ""
    },
    {
        "name": "atlas",
        "trans": [
            "地图；地图集"
        ],
        "usphone": "",
        "ukphone": ""
    },
    {
        "name": "glacier",
        "trans": [
            "冰河；冰川"
        ],
        "usphone": "'ɡleʃɚ",
        "ukphone": "'glæsɪə; 'gleɪsɪə"
    },
    {
        "name": "Tibetan",
        "trans": [
            "西藏的；藏族的；藏族人的",
            "西藏人；藏族人；（西）藏语"
        ],
        "usphone": "ti'betən",
        "ukphone": "ti'betən"
    },
    {
        "name": "rapids",
        "trans": [
            "急流"
        ],
        "usphone": "'ræpɪdz",
        "ukphone": ""
    },
    {
        "name": "valley",
        "trans": [
            "（山）谷；流域"
        ],
        "usphone": "'væli",
        "ukphone": "'vælɪ"
    },
    {
        "name": "waterfall",
        "trans": [
            "瀑布"
        ],
        "usphone": "'wɔtɚfɔl",
        "ukphone": "'wɔːtəfɔːl"
    },
    {
        "name": "pace",
        "trans": [
            "缓慢而行；踱步",
            "速度；步调；一步"
        ],
        "usphone": "pes",
        "ukphone": "peɪs"
    },
    {
        "name": "bend",
        "trans": [
            "弯；拐角",
            "(过去式 bent, 过去分词 bent) 使弯曲；弯身；弯腰"
        ],
        "usphone": "bɛnd",
        "ukphone": "bend"
    },
    {
        "name": "meander",
        "trans": [
            "（指河流等）蜿蜒缓慢流动"
        ],
        "usphone": "mɪ'ændɚ",
        "ukphone": "mɪ'ændə"
    },
    {
        "name": "delta",
        "trans": [
            "三角洲"
        ],
        "usphone": "'dɛltə",
        "ukphone": "'deltə"
    },
    {
        "name": "attitude",
        "trans": [
            "态度；看法"
        ],
        "usphone": "'ætɪtʊd",
        "ukphone": "'ætɪtjuːd"
    },
    {
        "name": "Qomolangma",
        "trans": [
            "珠穆朗玛峰"
        ],
        "usphone": "",
        "ukphone": ""
    },
    {
        "name": "boil",
        "trans": [
            "（指液体）沸腾；（水）开"
        ],
        "usphone": "bɔɪl",
        "ukphone": "bɒɪl"
    },
    {
        "name": "forecast",
        "trans": [
            "预测；预报",
            "预测；预报"
        ],
        "usphone": "'fɔrkæst",
        "ukphone": "'fɔːkɑːst"
    },
    {
        "name": "parcel",
        "trans": [
            "小包；包裹"
        ],
        "usphone": "'pɑrsl",
        "ukphone": "'pɑːs(ə)l"
    },
    {
        "name": "insurance",
        "trans": [
            "保险"
        ],
        "usphone": "ɪn'ʃʊrəns",
        "ukphone": "ɪn'ʃʊər(ə)ns"
    },
    {
        "name": "wool",
        "trans": [
            "羊毛；毛织品"
        ],
        "usphone": "wʊl",
        "ukphone": "wʊl"
    },
    {
        "name": "as usual",
        "trans": [
            "照常"
        ],
        "usphone": "",
        "ukphone": ""
    },
    {
        "name": "reliable",
        "trans": [
            "可信赖的；可靠的"
        ],
        "usphone": "rɪ'laɪəbl",
        "ukphone": "rɪ'laɪəb(ə)l"
    },
    {
        "name": "view",
        "trans": [
            "观点；见解；风景；视野",
            "观看；注视；考虑"
        ],
        "usphone": "vju",
        "ukphone": "vjuː"
    },
    {
        "name": "yak",
        "trans": [
            "牦牛"
        ],
        "usphone": "jæk",
        "ukphone": "jæk"
    },
    {
        "name": "pillow",
        "trans": [
            "枕头；枕垫"
        ],
        "usphone": "'pɪlo",
        "ukphone": "'pɪləʊ"
    },
    {
        "name": "midnight",
        "trans": [
            "午夜；子夜"
        ],
        "usphone": "'mɪdnaɪt",
        "ukphone": "'mɪdnaɪt"
    },
    {
        "name": "at midnight",
        "trans": [
            "在午夜"
        ],
        "usphone": "",
        "ukphone": ""
    },
    {
        "name": "flame",
        "trans": [
            "火焰；光芒"
        ],
        "usphone": "flem",
        "ukphone": "fleɪm"
    },
    {
        "name": "beneath",
        "trans": [
            "在……下面"
        ],
        "usphone": "bɪˈniːθ",
        "ukphone": "bɪ'niːθ"
    },
    {
        "name": "Laos",
        "trans": [
            "老挝（东南亚国家）"
        ],
        "usphone": "laʊz",
        "ukphone": "laʊz"
    },
    {
        "name": "Laotian",
        "trans": [
            "老挝人",
            "老挝（人）的"
        ],
        "usphone": "lei'əuʃən",
        "ukphone": "lei'əuʃən"
    },
    {
        "name": "temple",
        "trans": [
            "庙宇；寺庙"
        ],
        "usphone": "'tɛmpl",
        "ukphone": "ˈtempl"
    },
    {
        "name": "cave",
        "trans": [
            "洞穴；地窖"
        ],
        "usphone": "kev",
        "ukphone": "keɪv"
    },
    {
        "name": "earthquake",
        "trans": [
            "地震"
        ],
        "usphone": "'ɝθ'kwek",
        "ukphone": "'ɜːθkweɪk"
    },
    {
        "name": "quake",
        "trans": [
            "地震"
        ],
        "usphone": "kwek",
        "ukphone": "kweɪk"
    },
    {
        "name": "right away",
        "trans": [
            "立刻；马上"
        ],
        "usphone": "",
        "ukphone": ""
    },
    {
        "name": "well",
        "trans": [
            "井"
        ],
        "usphone": "wɛl",
        "ukphone": "wel"
    },
    {
        "name": "crack",
        "trans": [
            "裂缝；噼啪声",
            "（使）开裂；破裂"
        ],
        "usphone": "kræk",
        "ukphone": "kræk"
    },
    {
        "name": "smelly",
        "trans": [
            "发臭的；有臭味的"
        ],
        "usphone": "'smɛli",
        "ukphone": "'smelɪ"
    },
    {
        "name": "farmyard",
        "trans": [
            "农场；农家"
        ],
        "usphone": "'fɑrmjɑrd",
        "ukphone": "'fɑːmjɑːd"
    },
    {
        "name": "pipe",
        "trans": [
            "管；导管"
        ],
        "usphone": "paɪp",
        "ukphone": "paɪp"
    },
    {
        "name": "burst",
        "trans": [
            "(过去式 burst, 过去分词 burst) 爆裂；爆发",
            "突然破裂；爆发"
        ],
        "usphone": "bɝst",
        "ukphone": "bɜːst"
    },
    {
        "name": "million",
        "trans": [
            "百万"
        ],
        "usphone": "'mɪljən",
        "ukphone": "'mɪljən"
    },
    {
        "name": "event",
        "trans": [
            "事件；大事"
        ],
        "usphone": "ɪ'vɛnt",
        "ukphone": "ɪ'vent"
    },
    {
        "name": "as if",
        "trans": [
            "仿佛；好像"
        ],
        "usphone": "",
        "ukphone": ""
    },
    {
        "name": "at an end",
        "trans": [
            "结束；终结"
        ],
        "usphone": "",
        "ukphone": ""
    },
    {
        "name": "nation",
        "trans": [
            "民族；国民；国家"
        ],
        "usphone": "'neʃən",
        "ukphone": "'neɪʃ(ə)n"
    },
    {
        "name": "canal",
        "trans": [
            "运河；水道"
        ],
        "usphone": "kə'næl",
        "ukphone": "kə'næl"
    },
    {
        "name": "steam",
        "trans": [
            "蒸汽；水汽"
        ],
        "usphone": "stim",
        "ukphone": "stiːm"
    },
    {
        "name": "dirt",
        "trans": [
            "污垢；泥土"
        ],
        "usphone": "dɝt",
        "ukphone": "dɜːt"
    },
    {
        "name": "ruin",
        "trans": [
            "废墟",
            "使破产；毁灭"
        ],
        "usphone": "'ruɪn",
        "ukphone": "'ruːɪn"
    },
    {
        "name": "in ruins",
        "trans": [
            "严重受损；破败不堪"
        ],
        "usphone": "",
        "ukphone": ""
    },
    {
        "name": "suffering",
        "trans": [
            "苦难；痛苦"
        ],
        "usphone": "'sʌfərɪŋ",
        "ukphone": "'sʌf(ə)rɪŋ"
    },
    {
        "name": "extreme",
        "trans": [
            "极度的"
        ],
        "usphone": "ɪk'strim",
        "ukphone": "ɪk'striːm; ek-"
    },
    {
        "name": "injure",
        "trans": [
            "损害；伤害"
        ],
        "usphone": "'ɪndʒɚ",
        "ukphone": "'ɪndʒə"
    },
    {
        "name": "survivor",
        "trans": [
            "幸存者；生还者；残存物"
        ],
        "usphone": "sɚ'vaɪvɚ",
        "ukphone": "sə'vaɪvə"
    },
    {
        "name": "destroy",
        "trans": [
            "破坏；毁坏；消灭"
        ],
        "usphone": "dɪ'strɔɪ",
        "ukphone": "dɪˈstrɔɪ"
    },
    {
        "name": "brick",
        "trans": [
            "砖；砖块"
        ],
        "usphone": "brɪk",
        "ukphone": "brɪk"
    },
    {
        "name": "dam",
        "trans": [
            "水坝；堰堤"
        ],
        "usphone": "dæm",
        "ukphone": "dæm"
    },
    {
        "name": "track",
        "trans": [
            "足迹；痕迹；轨道，铁轨"
        ],
        "usphone": "træk",
        "ukphone": "træk"
    },
    {
        "name": "useless",
        "trans": [
            "无用的；无效的；无益的"
        ],
        "usphone": "'jusləs",
        "ukphone": "ˈju:sləs"
    },
    {
        "name": "shock",
        "trans": [
            "（使）震惊；震动",
            "打击；震惊；休克"
        ],
        "usphone": "ʃɑk",
        "ukphone": "ʃɒk"
    },
    {
        "name": "rescue",
        "trans": [
            "援救；营救",
            "援救；营救"
        ],
        "usphone": "'rɛskju",
        "ukphone": "'reskjuː"
    },
    {
        "name": "trap",
        "trans": [
            "使陷入困境",
            "陷阱；困境"
        ],
        "usphone": "træp",
        "ukphone": "træp"
    },
    {
        "name": "electricity",
        "trans": [
            "电"
        ],
        "usphone": "ɪ'lɛk'trɪsəti",
        "ukphone": ",ɪlek'trɪsɪtɪ; ,el-; ,iːl-"
    },
    {
        "name": "disaster",
        "trans": [
            "灾难；灾祸"
        ],
        "usphone": "dɪ'zæstɚ",
        "ukphone": "dɪ'zɑːstə"
    },
    {
        "name": "dig out",
        "trans": [
            "掘出；发现"
        ],
        "usphone": "",
        "ukphone": ""
    },
    {
        "name": "bury",
        "trans": [
            "埋葬；掩埋；隐藏"
        ],
        "usphone": "'bɛri",
        "ukphone": "'berɪ"
    },
    {
        "name": "mine",
        "trans": [
            "矿；矿山；矿井"
        ],
        "usphone": "maɪn",
        "ukphone": "maɪn"
    },
    {
        "name": "miner",
        "trans": [
            "矿工"
        ],
        "usphone": "'maɪnɚ",
        "ukphone": "'maɪnə"
    },
    {
        "name": "shelter",
        "trans": [
            "掩蔽；掩蔽处；避身处"
        ],
        "usphone": "'ʃɛltɚ",
        "ukphone": "'ʃeltə"
    },
    {
        "name": "a (great) number of",
        "trans": [
            "许多；大量的"
        ],
        "usphone": "",
        "ukphone": ""
    },
    {
        "name": "title",
        "trans": [
            "标题；头衔"
        ],
        "usphone": "'taɪtl",
        "ukphone": "'taɪt(ə)l"
    },
    {
        "name": "reporter",
        "trans": [
            "记者"
        ],
        "usphone": "rɪ'pɔrtɚ",
        "ukphone": "rɪ'pɔːtə"
    },
    {
        "name": "bar",
        "trans": [
            "条；棒；条状物"
        ],
        "usphone": "bɑr",
        "ukphone": "bɑː"
    },
    {
        "name": "damage",
        "trans": [
            "损失；损害",
            "损失；损害"
        ],
        "usphone": "'dæmɪdʒ",
        "ukphone": "'dæmɪdʒ"
    },
    {
        "name": "frighten",
        "trans": [
            "使惊吓；吓唬"
        ],
        "usphone": "'fraɪtn",
        "ukphone": "'fraɪt(ə)n"
    },
    {
        "name": "frightened",
        "trans": [
            "受惊的；受恐吓的"
        ],
        "usphone": "'fraɪtnd",
        "ukphone": "'fraɪtnd"
    },
    {
        "name": "frightening",
        "trans": [
            "令人恐惧的"
        ],
        "usphone": "'fraɪtnɪŋ",
        "ukphone": "'fraɪt(ə)nɪŋ; 'fraɪtnɪŋ"
    },
    {
        "name": "congratulation",
        "trans": [
            "祝贺；（复数）贺词"
        ],
        "usphone": "kən,ɡrætʃu'leʃən",
        "ukphone": "kəngrætjʊ'leɪʃ(ə)n"
    },
    {
        "name": "judge",
        "trans": [
            "裁判员；法官",
            "断定；判断；判决"
        ],
        "usphone": "dʒʌdʒ",
        "ukphone": "dʒʌdʒ"
    },
    {
        "name": "sincerely",
        "trans": [
            "真诚地；真挚地"
        ],
        "usphone": "sɪn'sɪrli",
        "ukphone": "sɪn'sɪəlɪ"
    },
    {
        "name": "express",
        "trans": [
            "表示；表达",
            "快车；速递"
        ],
        "usphone": "ɪk'sprɛs",
        "ukphone": "ɪk'spres; ek-"
    },
    {
        "name": "outline",
        "trans": [
            "要点；大纲；轮廓"
        ],
        "usphone": "'aʊtlaɪn",
        "ukphone": "'aʊtlaɪn"
    },
    {
        "name": "headline",
        "trans": [
            "报刊的大字标题"
        ],
        "usphone": "'hɛdlaɪn",
        "ukphone": "'hedlaɪn"
    },
    {
        "name": "cyclist",
        "trans": [
            "骑自行车的人"
        ],
        "usphone": "'saɪklɪst",
        "ukphone": "'saɪklɪst"
    },
    {
        "name": "Nelson Mandela",
        "trans": [
            "纳尔逊•曼德拉（前南非共和国总统）"
        ],
        "usphone": "",
        "ukphone": ""
    },
    {
        "name": "quality",
        "trans": [
            "质量；品质；性质"
        ],
        "usphone": "'kwɑləti",
        "ukphone": "ˈkwɒlətɪ"
    },
    {
        "name": "warm-hearted",
        "trans": [
            "热心肠的"
        ],
        "usphone": "",
        "ukphone": ""
    },
    {
        "name": "mean",
        "trans": [
            "吝啬的；自私的；卑鄙的"
        ],
        "usphone": "min",
        "ukphone": "miːn"
    },
    {
        "name": "active",
        "trans": [
            "活跃的；积极的"
        ],
        "usphone": "'æktɪv",
        "ukphone": "'æktɪv"
    },
    {
        "name": "generous",
        "trans": [
            "慷慨的；大方的"
        ],
        "usphone": "'dʒɛnərəs",
        "ukphone": "'dʒen(ə)rəs"
    },
    {
        "name": "easy-going",
        "trans": [
            "随和的，温和宽容的"
        ],
        "usphone": ",i:zi:'gəuiŋ",
        "ukphone": ""
    },
    {
        "name": "self",
        "trans": [
            "自我；自身"
        ],
        "usphone": "sɛlf",
        "ukphone": "self"
    },
    {
        "name": "selfish",
        "trans": [
            "自私的"
        ],
        "usphone": "'sɛlfɪʃ",
        "ukphone": "'selfɪʃ"
    },
    {
        "name": "selfless",
        "trans": [
            "无私的；忘我的"
        ],
        "usphone": "sɛlflɪs",
        "ukphone": "'selflɪs"
    },
    {
        "name": "selflessly",
        "trans": [
            "无私地；忘我地"
        ],
        "usphone": "",
        "ukphone": ""
    },
    {
        "name": "devote",
        "trans": [
            "（与to连用）献身；专心于"
        ],
        "usphone": "dɪ'vot",
        "ukphone": "dɪ'vəʊt"
    },
    {
        "name": "devoted",
        "trans": [
            "深爱的；忠实的"
        ],
        "usphone": "dɪ'votɪd",
        "ukphone": "dɪ'votɪd"
    },
    {
        "name": "William Tyndale",
        "trans": [
            "威廉•廷代尔（英国早期新教改革者）"
        ],
        "usphone": "",
        "ukphone": ""
    },
    {
        "name": "Bible",
        "trans": [
            "《圣经》"
        ],
        "usphone": "'baɪbl",
        "ukphone": "'baɪb(ə)l"
    },
    {
        "name": "Norman Bethune",
        "trans": [
            "诺曼•白求恩（加拿大胸外科医师）"
        ],
        "usphone": "",
        "ukphone": ""
    },
    {
        "name": "invader",
        "trans": [
            "侵略者"
        ],
        "usphone": "ɪn'vedɚ",
        "ukphone": "ɪn'veɪdə(r)"
    },
    {
        "name": "found",
        "trans": [
            "建立；建设"
        ],
        "usphone": "faʊnd",
        "ukphone": "faʊnd"
    },
    {
        "name": "republic",
        "trans": [
            "共和国；共和政体"
        ],
        "usphone": "rɪ'pʌblɪk",
        "ukphone": "rɪ'pʌblɪk"
    },
    {
        "name": "principle",
        "trans": [
            "法则；原则；原理"
        ],
        "usphone": "'prɪnsəpl",
        "ukphone": "'prɪnsɪp(ə)l"
    },
    {
        "name": "nationalism",
        "trans": [
            "民族主义；国家主义"
        ],
        "usphone": "'næʃnəlɪzəm",
        "ukphone": "'næʃ(ə)n(ə)lɪz(ə)m"
    },
    {
        "name": "livelihood",
        "trans": [
            "生计；谋生"
        ],
        "usphone": "'laɪvlɪhʊd",
        "ukphone": "'laɪvlɪhʊd"
    },
    {
        "name": "Mohandas Gandhi",
        "trans": [
            "莫罕达斯•甘地（印度国民大会党领袖）"
        ],
        "usphone": "",
        "ukphone": ""
    },
    {
        "name": "peaceful",
        "trans": [
            "平静的；安宁的；和平的"
        ],
        "usphone": "'pisfəl",
        "ukphone": "'piːsfʊl; -f(ə)l"
    },
    {
        "name": "giant",
        "trans": [
            "巨大的；庞大的"
        ],
        "usphone": "'dʒaɪənt",
        "ukphone": "'dʒaɪənt"
    },
    {
        "name": "leap",
        "trans": [
            "飞跃；跳跃"
        ],
        "usphone": "lip",
        "ukphone": "liːp"
    },
    {
        "name": "mankind",
        "trans": [
            "人类"
        ],
        "usphone": "mæn'kaɪnd",
        "ukphone": ",mæn'kaɪnd"
    },
    {
        "name": "Elias",
        "trans": [
            "伊莱亚斯（男名）"
        ],
        "usphone": "ɪ'laɪəs",
        "ukphone": "ɪ'laɪəs"
    },
    {
        "name": "lawyer",
        "trans": [
            "律师"
        ],
        "usphone": "'lɔjɚ",
        "ukphone": "'lɔːjə; 'lɒɪə"
    },
    {
        "name": "guidance",
        "trans": [
            "指导；领导"
        ],
        "usphone": "'gaɪdns",
        "ukphone": "'gaɪd(ə)ns"
    },
    {
        "name": "legal",
        "trans": [
            "法律的；依照法律的"
        ],
        "usphone": "'ligl",
        "ukphone": "'liːg(ə)l"
    },
    {
        "name": "fee",
        "trans": [
            "费（会费、学费等）；酬金"
        ],
        "usphone": "fi",
        "ukphone": "fiː"
    },
    {
        "name": "passbook",
        "trans": [
            "银行存折"
        ],
        "usphone": "'pæs'bʊk",
        "ukphone": "'pɑːsbʊk"
    },
    {
        "name": "Johannesburg",
        "trans": [
            "约翰内斯堡（南非城市）"
        ],
        "usphone": "dʒəu'hænisbə:ɡ",
        "ukphone": "dʒəu'hænisbə:ɡ"
    },
    {
        "name": "out of work",
        "trans": [
            "失业"
        ],
        "usphone": "",
        "ukphone": ""
    },
    {
        "name": "hopeful",
        "trans": [
            "怀有希望的；有希望的"
        ],
        "usphone": "'hopfl",
        "ukphone": "'həʊpfʊl; -f(ə)l"
    },
    {
        "name": "ANC",
        "trans": [
            "非国大；非洲人国民大会；非洲民族会议（African National Congress）"
        ],
        "usphone": "",
        "ukphone": ""
    },
    {
        "name": "youth",
        "trans": [
            "青年时期；青年"
        ],
        "usphone": "jʊθ",
        "ukphone": "juːθ"
    },
    {
        "name": "league",
        "trans": [
            "同盟；联盟；联合会"
        ],
        "usphone": "lig",
        "ukphone": "liːg"
    },
    {
        "name": "Youth League",
        "trans": [
            "青年团"
        ],
        "usphone": "",
        "ukphone": ""
    },
    {
        "name": "stage",
        "trans": [
            "阶段；时期；舞台"
        ],
        "usphone": "stedʒ",
        "ukphone": "steɪdʒ"
    },
    {
        "name": "vote",
        "trans": [
            "投票；选举",
            "投票；选票；表决"
        ],
        "usphone": "vot; voʊt",
        "ukphone": "vəʊt"
    },
    {
        "name": "attack",
        "trans": [
            "进攻；攻击；抨击；抨击"
        ],
        "usphone": "ə'tæk",
        "ukphone": "ə'tæk"
    },
    {
        "name": "violence",
        "trans": [
            "暴力；暴行"
        ],
        "usphone": "'vaɪələns",
        "ukphone": "'vaɪəl(ə)ns"
    },
    {
        "name": "as a matter of fact",
        "trans": [
            "事实上"
        ],
        "usphone": "",
        "ukphone": ""
    },
    {
        "name": "blow up",
        "trans": [
            "爆炸；使充气"
        ],
        "usphone": "",
        "ukphone": ""
    },
    {
        "name": "equal",
        "trans": [
            "相等的；平等的"
        ],
        "usphone": "'ikwəl",
        "ukphone": "'i:kwəl"
    },
    {
        "name": "in trouble",
        "trans": [
            "在危险、受罚、痛苦、忧虑等的处境中"
        ],
        "usphone": "",
        "ukphone": ""
    },
    {
        "name": "willing",
        "trans": [
            "乐意的；自愿的"
        ],
        "usphone": "'wɪlɪŋ",
        "ukphone": "'wɪlɪŋ"
    },
    {
        "name": "unfair",
        "trans": [
            "不公正的；不公平的"
        ],
        "usphone": "'ʌn'fɛr",
        "ukphone": "ʌn'feə"
    },
    {
        "name": "turn to",
        "trans": [
            "求助于；致力于"
        ],
        "usphone": "",
        "ukphone": ""
    },
    {
        "name": "quote",
        "trans": [
            "引用语；语录"
        ],
        "usphone": "kwot",
        "ukphone": "kwəʊt"
    },
    {
        "name": "release",
        "trans": [
            "释放；发行"
        ],
        "usphone": "rɪ'lis",
        "ukphone": "rɪ'liːs"
    },
    {
        "name": "lose heart",
        "trans": [
            "丧失勇气或信心"
        ],
        "usphone": "",
        "ukphone": ""
    },
    {
        "name": "Robben Island",
        "trans": [
            "罗本岛"
        ],
        "usphone": "",
        "ukphone": ""
    },
    {
        "name": "escape",
        "trans": [
            "逃脱；逃走；泄露"
        ],
        "usphone": "ɪˈskep",
        "ukphone": "ɪ'skeɪp; e-"
    },
    {
        "name": "blanket",
        "trans": [
            "毛毯；毯子"
        ],
        "usphone": "'blæŋkɪt",
        "ukphone": "'blæŋkɪt"
    },
    {
        "name": "educate",
        "trans": [
            "教育；训练"
        ],
        "usphone": "'ɛdʒuket",
        "ukphone": "'edjʊkeɪt"
    },
    {
        "name": "educated",
        "trans": [
            "有教养的；受过教育的"
        ],
        "usphone": "'ɛdʒə'ketɪd",
        "ukphone": "'edjʊkeɪtɪd"
    },
    {
        "name": "come to power",
        "trans": [
            "当权；上台"
        ],
        "usphone": "",
        "ukphone": ""
    },
    {
        "name": "beg",
        "trans": [
            "请求；乞求"
        ],
        "usphone": "bɛɡ",
        "ukphone": "beg"
    },
    {
        "name": "relative",
        "trans": [
            "亲戚；亲属"
        ],
        "usphone": "'rɛlətɪv",
        "ukphone": "'relətɪv"
    },
    {
        "name": "terror",
        "trans": [
            "恐怖；恐怖时期；恐怖活动"
        ],
        "usphone": "'tɛrɚ",
        "ukphone": "'terə"
    },
    {
        "name": "cruelty",
        "trans": [
            "残忍；残酷"
        ],
        "usphone": "'krʊəlti",
        "ukphone": "'krʊəltɪ"
    },
    {
        "name": "reward",
        "trans": [
            "报酬；奖金",
            "酬劳；奖赏"
        ],
        "usphone": "rɪ'wɔrd",
        "ukphone": "rɪ'wɔːd"
    },
    {
        "name": "Transkei",
        "trans": [
            "特兰斯凯（南非东南部一地区）"
        ],
        "usphone": "træns'kei; -'kai",
        "ukphone": "træns'kei; -'kai"
    },
    {
        "name": "set up",
        "trans": [
            "设立;建立"
        ],
        "usphone": "",
        "ukphone": ""
    },
    {
        "name": "sentence",
        "trans": [
            "判决；宣判"
        ],
        "usphone": "'sɛntəns",
        "ukphone": "'sent(ə)ns"
    },
    {
        "name": "be sentenced to",
        "trans": [
            "被判处……（徒刑）"
        ],
        "usphone": "",
        "ukphone": ""
    },
    {
        "name": "anti-",
        "trans": [
            "[前缀]反；抗；阻"
        ],
        "usphone": "'æntaɪ",
        "ukphone": "'ænti, -tai, -tə"
    },
    {
        "name": "anti-black",
        "trans": [
            "反黑人的"
        ],
        "usphone": ",ænti'blæk",
        "ukphone": ",æntɪ'blæk"
    },
    {
        "name": "Cape Town",
        "trans": [
            "开普敦（南非立法首都）"
        ],
        "usphone": "",
        "ukphone": ""
    },
    {
        "name": "president",
        "trans": [
            "总统；会长；校长；行长"
        ],
        "usphone": "'prɛzɪdənt",
        "ukphone": "'prezɪd(ə)nt"
    },
    {
        "name": "Nobel Peace Prize",
        "trans": [
            "诺贝尔和平奖"
        ],
        "usphone": "",
        "ukphone": ""
    },
    {
        "name": "opinion",
        "trans": [
            "意见；看法；主张"
        ],
        "usphone": "ə'pɪnjən",
        "ukphone": "ə'pɪnjən"
    }
]