[
    {
        "name": "California",
        "trans": [
            "加利福尼亚（州）"
        ],
        "usphone": ",kælɪ'fɔnjə",
        "ukphone": ",kælɪ'fɔ:njə"
    },
    {
        "name": "Californian",
        "trans": [
            "加利福尼亚（州）人"
        ],
        "usphone": "ˌkælɪˈfɔːnɪən",
        "ukphone": ",kæli'fɔ:njən"
    },
    {
        "name": "illustrate",
        "trans": [
            "说明；阐明"
        ],
        "usphone": "'ɪləstret",
        "ukphone": "'ɪləstreɪt"
    },
    {
        "name": "distinct",
        "trans": [
            "明显不同的，截然不同的，不同种类的；清晰的；明显的；明确的"
        ],
        "usphone": "dɪ'stɪŋkt",
        "ukphone": "dɪ'stɪŋ(k)t"
    },
    {
        "name": "distinction",
        "trans": [
            "差别；区分；卓著"
        ],
        "usphone": "dɪ'stɪŋkʃən",
        "ukphone": "dɪ'stɪŋ(k)ʃ(ə)n"
    },
    {
        "name": "immigrant",
        "trans": [
            "（从外国移入的）移民"
        ],
        "usphone": "'ɪmɪɡrənt",
        "ukphone": "'ɪmɪgr(ə)nt"
    },
    {
        "name": "live on",
        "trans": [
            "靠 (某数额的钱) 过活"
        ],
        "usphone": "laɪv ɑn；lɪv ɑn",
        "ukphone": "laɪv ɒn；lɪv ɒn"
    },
    {
        "name": "strait",
        "trans": [
            "海峡"
        ],
        "usphone": "stret",
        "ukphone": "streɪt"
    },
    {
        "name": "Bering",
        "trans": [
            "白令海峡"
        ],
        "usphone": "'bɛriŋ",
        "ukphone": "'bɛriŋ"
    },
    {
        "name": "Arctic",
        "trans": [
            "北极的；北极区的"
        ],
        "usphone": "'ɑrktɪk",
        "ukphone": "'ɑːktɪk"
    },
    {
        "name": "the Arctic",
        "trans": [
            "北极"
        ],
        "usphone": "",
        "ukphone": ""
    },
    {
        "name": "means",
        "trans": [
            "手段；方法"
        ],
        "usphone": "minz",
        "ukphone": "miːnz"
    },
    {
        "name": "by means of...",
        "trans": [
            "用……办法；借助……"
        ],
        "usphone": "",
        "ukphone": ""
    },
    {
        "name": "prehistoric",
        "trans": [
            "史前的"
        ],
        "usphone": ",prihɪ'stɔrɪk",
        "ukphone": "priːhɪ'stɒrɪk"
    },
    {
        "name": "majority",
        "trans": [
            "大多数；大半"
        ],
        "usphone": "mə'dʒɔrəti",
        "ukphone": "mə'dʒɒrɪtɪ"
    },
    {
        "name": "ministry",
        "trans": [
            "（政府的）部；；（全体）牧师；牧师的职责"
        ],
        "usphone": "'mɪnɪstri",
        "ukphone": "'mɪnɪstrɪ"
    },
    {
        "name": "Catholic",
        "trans": [
            "天主教的",
            "天主教徒"
        ],
        "usphone": "kæθəlɪk",
        "ukphone": ""
    },
    {
        "name": "Alaska",
        "trans": [
            "阿拉斯加（州）"
        ],
        "usphone": "ə'læskə",
        "ukphone": "ə'læskə"
    },
    {
        "name": "San Francisco",
        "trans": [
            "圣弗朗西斯科（也称旧金山）"
        ],
        "usphone": "",
        "ukphone": ""
    },
    {
        "name": "adventurer",
        "trans": [
            "冒险家"
        ],
        "usphone": "əd'vɛntʃərɚ",
        "ukphone": "əd'ventʃ(ə)rə"
    },
    {
        "name": "make a life",
        "trans": [
            "习惯于新的生活方式、工作等"
        ],
        "usphone": "",
        "ukphone": ""
    },
    {
        "name": "despite",
        "trans": [
            "尽管；不管"
        ],
        "usphone": "dɪ'spaɪt",
        "ukphone": "dɪ'spaɪt"
    },
    {
        "name": "hardship",
        "trans": [
            "苦难；困苦"
        ],
        "usphone": "'hɑrdʃɪp",
        "ukphone": "'hɑːdʃɪp"
    },
    {
        "name": "elect",
        "trans": [
            "选举某人；选择；决定做某事"
        ],
        "usphone": "ɪ'lɛkt",
        "ukphone": "ɪ'lekt"
    },
    {
        "name": "federal",
        "trans": [
            "联邦制的；；联邦政府的"
        ],
        "usphone": "'fɛdərəl",
        "ukphone": "'fed(ə)r(ə)l"
    },
    {
        "name": "rail",
        "trans": [
            "铁路；；扶手；（护栏的）横条"
        ],
        "usphone": "rel",
        "ukphone": "reɪl"
    },
    {
        "name": "percentage",
        "trans": [
            "百分比；百分率"
        ],
        "usphone": "pɚ'sɛntɪdʒ",
        "ukphone": "pə'sentɪdʒ"
    },
    {
        "name": "Los Angeles",
        "trans": [
            "洛杉矶"
        ],
        "usphone": "",
        "ukphone": "lɒs ˈændʒɪˌliːz"
    },
    {
        "name": "Italy",
        "trans": [
            "意大利"
        ],
        "usphone": "'ɪtəlɪ",
        "ukphone": "'ɪtəlɪ"
    },
    {
        "name": "Italian",
        "trans": [
            "意大利人；意大利语",
            "意大利人的；意大利语的"
        ],
        "usphone": "ɪˈtæljən",
        "ukphone": "ɪˈtælɪən"
    },
    {
        "name": "Denmark",
        "trans": [
            "丹麦（北欧国家）"
        ],
        "usphone": "'denma:k",
        "ukphone": "'denma:k"
    },
    {
        "name": "keep up",
        "trans": [
            "跟上"
        ],
        "usphone": "",
        "ukphone": ""
    },
    {
        "name": "Hollywood",
        "trans": [
            "好莱坞；美国电影业"
        ],
        "usphone": "ˈhɑliˌwʊd",
        "ukphone": "ˈhɒlɪˌwʊd"
    },
    {
        "name": "boom",
        "trans": [
            "（人口、贸易的）繁荣",
            "处于经济迅速发展时期"
        ],
        "usphone": "buːm",
        "ukphone": "buːm"
    },
    {
        "name": "aircraft",
        "trans": [
            "飞行器；航空器；飞机"
        ],
        "usphone": "'ɛr'kræft",
        "ukphone": "'eəkrɑːft"
    },
    {
        "name": "Cambodian",
        "trans": [
            "柬埔寨人；柬埔寨语"
        ],
        "usphone": "kæm'bəudiən",
        "ukphone": "kæm'bəʊdɪən"
    },
    {
        "name": "Korea",
        "trans": [
            "韩国；朝鲜"
        ],
        "usphone": "kə'rɪr",
        "ukphone": "kə'rɪə"
    },
    {
        "name": "Korean",
        "trans": [
            "韩国/朝鲜人；朝鲜/韩语",
            "韩国（人/语）的；朝鲜（人/语）的"
        ],
        "usphone": "kə'riən",
        "ukphone": "kə'riən"
    },
    {
        "name": "Pakistan",
        "trans": [
            "巴基斯坦"
        ],
        "usphone": "'pækistæn",
        "ukphone": "'pækistæn"
    },
    {
        "name": "Pakistani",
        "trans": [
            "巴基斯坦（人）的",
            "巴基斯坦人"
        ],
        "usphone": ",pæki'stæni",
        "ukphone": ",pæki'stæni"
    },
    {
        "name": "immigrate",
        "trans": [
            "移入（外国定居）"
        ],
        "usphone": "'ɪmɪɡret",
        "ukphone": "'ɪmɪgreɪt"
    },
    {
        "name": "immigration",
        "trans": [
            "移民人数；移民入境"
        ],
        "usphone": ",ɪmɪ'ɡreʃən",
        "ukphone": "ɪmɪ'ɡreɪʃn"
    },
    {
        "name": "racial",
        "trans": [
            "人种的；种族的"
        ],
        "usphone": "'reʃl",
        "ukphone": "'reɪʃ(ə)l"
    },
    {
        "name": "crossing",
        "trans": [
            "横渡；横越；十字路口；人行横道"
        ],
        "usphone": "'krɔsɪŋ",
        "ukphone": "'krɒsɪŋ"
    },
    {
        "name": "vice",
        "trans": [
            "代理的；副职的",
            "罪恶，罪行"
        ],
        "usphone": "vaɪs",
        "ukphone": "vaɪs"
    },
    {
        "name": "nephew",
        "trans": [
            "侄子；外甥"
        ],
        "usphone": "'nɛfju",
        "ukphone": "'nefjuː; 'nevjuː"
    },
    {
        "name": "pole",
        "trans": [
            "地极；电极；磁极"
        ],
        "usphone": "pol",
        "ukphone": "pəʊl"
    },
    {
        "name": "applicant",
        "trans": [
            "申请人"
        ],
        "usphone": "'æplɪkənt",
        "ukphone": "'æplɪk(ə)nt"
    },
    {
        "name": "customs",
        "trans": [
            "海关；"
        ],
        "usphone": "'kʌstəmz",
        "ukphone": "'kʌstəmz"
    },
    {
        "name": "socialist",
        "trans": [
            "社会主义者；社会党人",
            "社会主义者的"
        ],
        "usphone": "'soʃəlɪst",
        "ukphone": "'səʊʃ(ə)lɪst; 'səʊʃəlɪst"
    },
    {
        "name": "socialism",
        "trans": [
            "社会主义"
        ],
        "usphone": "'soʃəlɪzəm",
        "ukphone": "'səʊʃəlɪz(ə)m"
    },
    {
        "name": "occur",
        "trans": [
            "发生；出现"
        ],
        "usphone": "ə'kɝ",
        "ukphone": "ə'kɜː"
    },
    {
        "name": "cattle",
        "trans": [
            "牛（总称）"
        ],
        "usphone": "'kætl",
        "ukphone": "'kæt(ə)l"
    },
    {
        "name": "Hispanic",
        "trans": [
            "（美）讲西班牙语的美国人"
        ],
        "usphone": "hi'spænik",
        "ukphone": "hi'spænik"
    },
    {
        "name": "indicate",
        "trans": [
            "表明；暗示；指出；指示"
        ],
        "usphone": "'ɪndɪket",
        "ukphone": "'ɪndɪkeɪt"
    },
    {
        "name": "back to back",
        "trans": [
            "背靠背"
        ],
        "usphone": "",
        "ukphone": ""
    },
    {
        "name": "luggage",
        "trans": [
            "行李（<美>baggage）"
        ],
        "usphone": "'lʌɡɪdʒ",
        "ukphone": "'lʌgɪdʒ"
    },
    {
        "name": "shave",
        "trans": [
            "刮；剃"
        ],
        "usphone": "ʃev",
        "ukphone": "ʃeɪv"
    },
    {
        "name": "cable",
        "trans": [
            "电缆；缆绳"
        ],
        "usphone": "'kebl",
        "ukphone": "'keɪb(ə)l"
    },
    {
        "name": "cable car",
        "trans": [
            "缆车；（美）有轨缆车"
        ],
        "usphone": "",
        "ukphone": ""
    },
    {
        "name": "Andrew Hallidie",
        "trans": [
            "安德鲁•海利迪"
        ],
        "usphone": "",
        "ukphone": ""
    },
    {
        "name": "tram",
        "trans": [
            "（有轨）电车"
        ],
        "usphone": "træm",
        "ukphone": "træm"
    },
    {
        "name": "apparent",
        "trans": [
            "显而易见的；显然的；表面上的"
        ],
        "usphone": "ə'pærənt",
        "ukphone": "ə'pær(ə)nt"
    },
    {
        "name": "apparently",
        "trans": [
            "据说"
        ],
        "usphone": "ə'pærəntli",
        "ukphone": "ə'pærəntlɪ"
    },
    {
        "name": "brake",
        "trans": [
            "闸；刹车；制动器",
            "刹（车）；用制动器减速"
        ],
        "usphone": "brek",
        "ukphone": "breɪk"
    },
    {
        "name": "conductor",
        "trans": [
            "（乐队）指挥；（公车）售票员；列车员"
        ],
        "usphone": "kən'dʌktɚ",
        "ukphone": "kən'dʌktə"
    },
    {
        "name": "slip",
        "trans": [
            "滑动；滑行；滑跤",
            "滑动；滑倒"
        ],
        "usphone": "slɪp",
        "ukphone": "slɪp"
    },
    {
        "name": "wharf",
        "trans": [
            "码头"
        ],
        "usphone": "wɔrf",
        "ukphone": "wɔːf"
    },
    {
        "name": "bakery",
        "trans": [
            "面包房；面包厂"
        ],
        "usphone": "'bekəri",
        "ukphone": "'beɪk(ə)rɪ"
    },
    {
        "name": "ferry",
        "trans": [
            "渡船；渡口",
            "摆渡；渡运"
        ],
        "usphone": "'fɛri",
        "ukphone": "'ferɪ"
    },
    {
        "name": "Angel Island",
        "trans": [
            "天使岛"
        ],
        "usphone": "",
        "ukphone": ""
    },
    {
        "name": "team up with",
        "trans": [
            "与……合作或一起工作"
        ],
        "usphone": "",
        "ukphone": ""
    },
    {
        "name": "hire",
        "trans": [
            "租用；雇用",
            "租用；雇用"
        ],
        "usphone": "'haɪɚ",
        "ukphone": "'haɪə"
    },
    {
        "name": "fascinating",
        "trans": [
            "迷人的；吸引人的"
        ],
        "usphone": "'fæsɪnetɪŋ",
        "ukphone": "'fæsɪneɪtɪŋ"
    },
    {
        "name": "mark out",
        "trans": [
            "划线；标出……界线"
        ],
        "usphone": "",
        "ukphone": ""
    },
    {
        "name": "seagull",
        "trans": [
            "海鸥"
        ],
        "usphone": "'siɡʌl",
        "ukphone": "'siːgʌl"
    },
    {
        "name": "take in",
        "trans": [
            "吸收"
        ],
        "usphone": "",
        "ukphone": ""
    },
    {
        "name": "angle",
        "trans": [
            "角；角度"
        ],
        "usphone": "'æŋɡl",
        "ukphone": "'æŋg(ə)l"
    },
    {
        "name": "a great many",
        "trans": [
            "许多；很多"
        ],
        "usphone": "",
        "ukphone": ""
    },
    {
        "name": "a good many",
        "trans": [
            "许多；很多"
        ],
        "usphone": "",
        "ukphone": ""
    },
    {
        "name": "apply for",
        "trans": [
            "申请；请示得到"
        ],
        "usphone": "",
        "ukphone": ""
    },
    {
        "name": "nowhere",
        "trans": [
            "无处；到处都无"
        ],
        "usphone": "'no'wɛr",
        "ukphone": "'nəʊhweə"
    },
    {
        "name": "miserable",
        "trans": [
            "痛苦的；悲惨的"
        ],
        "usphone": "'mɪzrəbl",
        "ukphone": "'mɪz(ə)rəb(ə)l"
    },
    {
        "name": "punishment",
        "trans": [
            "惩罚；处罚"
        ],
        "usphone": "'pʌnɪʃmənt",
        "ukphone": "'pʌnɪʃm(ə)nt"
    },
    {
        "name": "justice",
        "trans": [
            "公正；公平"
        ],
        "usphone": "'dʒʌstɪs",
        "ukphone": "'dʒʌstɪs"
    },
    {
        "name": "mourn",
        "trans": [
            "哀悼；悼念；表示悲痛"
        ],
        "usphone": "mɔrn",
        "ukphone": "mɔːn"
    },
    {
        "name": "civil",
        "trans": [
            "公民的；国内的；民间的"
        ],
        "usphone": "'sɪvl",
        "ukphone": "'sɪv(ə)l; -ɪl"
    },
    {
        "name": "authority",
        "trans": [
            "权力；当局；官方；权威"
        ],
        "usphone": "ə'θɔrəti",
        "ukphone": "ɔː'θɒrɪtɪ"
    },
    {
        "name": "reform",
        "trans": [
            "改革；革新",
            "改革；改造；改良"
        ],
        "usphone": "rɪ'fɔrm",
        "ukphone": "rɪ'fɔːm"
    },
    {
        "name": "grasp",
        "trans": [
            "抓住；抓紧；掌握；领会",
            "抓住；抓紧；理解力，领悟力"
        ],
        "usphone": "ɡræsp",
        "ukphone": "grɑːsp"
    },
    {
        "name": "thoughtful",
        "trans": [
            "关切的；体贴的；深思的"
        ],
        "usphone": "'θɔtfl",
        "ukphone": "'θɔːtfʊl; -f(ə)l"
    },
    {
        "name": "thankful",
        "trans": [
            "感激的；感谢的"
        ],
        "usphone": "'θæŋkfl",
        "ukphone": "'θæŋkfʊl; -f(ə)l"
    },
    {
        "name": "insert",
        "trans": [
            "插入；嵌入"
        ],
        "usphone": "'ɪnsɝt",
        "ukphone": "ɪn'sɜːt"
    },
    {
        "name": "differ",
        "trans": [
            "不同；相异"
        ],
        "usphone": "'dɪfɚ",
        "ukphone": "'dɪfə"
    },
    {
        "name": "exact",
        "trans": [
            "精确的；准确的"
        ],
        "usphone": "ɪɡ'zækt",
        "ukphone": "ɪg'zækt; eg-"
    },
    {
        "name": "cutting",
        "trans": [
            "剪枝；剪报"
        ],
        "usphone": "'kʌtɪŋ",
        "ukphone": "'kʌtɪŋ"
    },
    {
        "name": "twin",
        "trans": [
            "双胞胎之一；孪生儿之一",
            "成对的；成双的"
        ],
        "usphone": "twɪn",
        "ukphone": "twɪn"
    },
    {
        "name": "identical",
        "trans": [
            "同一的；一模一样的"
        ],
        "usphone": "aɪ'dɛntɪkl",
        "ukphone": "aɪ'dentɪk(ə)l"
    },
    {
        "name": "commercial",
        "trans": [
            "商业的；贸易的"
        ],
        "usphone": "kə'mɝʃəl",
        "ukphone": "kə'mɜːʃ(ə)l"
    },
    {
        "name": "straightforward",
        "trans": [
            "简单的；直接的；坦率的"
        ],
        "usphone": ",stret'fɔrwɚd",
        "ukphone": "streɪt'fɔːwəd"
    },
    {
        "name": "complicated",
        "trans": [
            "复杂的；难懂的"
        ],
        "usphone": "'kɑmplɪketɪd",
        "ukphone": "'kɒmplɪkeɪtɪd"
    },
    {
        "name": "undertake",
        "trans": [
            "着手；从事；承担"
        ],
        "usphone": ",ʌndɚ'tek",
        "ukphone": "ʌndə'teɪk"
    },
    {
        "name": "pay off",
        "trans": [
            "偿清；得到好结果；取得成功"
        ],
        "usphone": "",
        "ukphone": ""
    },
    {
        "name": "breakthrough",
        "trans": [
            "突破"
        ],
        "usphone": "'brek'θrʊ",
        "ukphone": "'breɪkθruː"
    },
    {
        "name": "procedure",
        "trans": [
            "程序；步骤；手续"
        ],
        "usphone": "prə'sidʒɚ",
        "ukphone": "prə'siːdʒə"
    },
    {
        "name": "nucleus",
        "trans": [
            "原子核；中心"
        ],
        "usphone": "'nuklɪəs",
        "ukphone": "'njuːklɪəs"
    },
    {
        "name": "somatic",
        "trans": [
            "躯体的；肉体的；细胞体的"
        ],
        "usphone": "so'mætɪk",
        "ukphone": "sə'mætɪk"
    },
    {
        "name": "embryo",
        "trans": [
            "胚；胚胎；萌牙时期"
        ],
        "usphone": "'ɛmbrɪo",
        "ukphone": "'embrɪəʊ"
    },
    {
        "name": "carrier",
        "trans": [
            "携带者；搬运工；运输工具"
        ],
        "usphone": "'kærɪɚ",
        "ukphone": "'kærɪə"
    },
    {
        "name": "cast",
        "trans": [
            "投射〔光或影〕"
        ],
        "usphone": "kæst",
        "ukphone": "kɑːst"
    },
    {
        "name": "cast down",
        "trans": [
            "沮丧；不愉快"
        ],
        "usphone": "",
        "ukphone": ""
    },
    {
        "name": "altogether",
        "trans": [
            "总共；完全地"
        ],
        "usphone": ",ɔltə'ɡɛðɚ",
        "ukphone": "ɔːltə'geðə; ɒl-"
    },
    {
        "name": "arbitrary",
        "trans": [
            "任意的"
        ],
        "usphone": "ˈɑːrbətreri",
        "ukphone": "'ɑːbɪt(rə)rɪ"
    },
    {
        "name": "fate",
        "trans": [
            "命运；天命"
        ],
        "usphone": "fet",
        "ukphone": "feɪt"
    },
    {
        "name": "correction",
        "trans": [
            "改正；纠正；修正"
        ],
        "usphone": "kə'rɛkʃən",
        "ukphone": "kə'rekʃ(ə)n"
    },
    {
        "name": "object",
        "trans": [
            "反对；不赞成"
        ],
        "usphone": "'ɑbdʒɛkt",
        "ukphone": "'ɒbdʒɪkt; -dʒekt"
    },
    {
        "name": "objection",
        "trans": [
            "异议；不赞成；反对"
        ],
        "usphone": "əb'dʒɛkʃən",
        "ukphone": "əb'dʒekʃ(ə)n"
    },
    {
        "name": "impact",
        "trans": [
            "影响；撞击力；冲击力"
        ],
        "usphone": "ɪm'pækt",
        "ukphone": "'ɪmpækt"
    },
    {
        "name": "medium",
        "trans": [
            "媒介；手段；工具"
        ],
        "usphone": "'midɪəm",
        "ukphone": "'miːdɪəm"
    },
    {
        "name": "the media",
        "trans": [
            "大众传播媒体（如电视、报纸等）"
        ],
        "usphone": "",
        "ukphone": ""
    },
    {
        "name": "obtain",
        "trans": [
            "获得；赢得"
        ],
        "usphone": "əb'ten",
        "ukphone": "əb'teɪn"
    },
    {
        "name": "attain",
        "trans": [
            "到达（水平、年龄、状况等）；获得"
        ],
        "usphone": "ə'ten",
        "ukphone": "ə'teɪn"
    },
    {
        "name": "moral",
        "trans": [
            "道德（上）的；伦理的"
        ],
        "usphone": "'mɔrəl",
        "ukphone": "'mɒr(ə)l"
    },
    {
        "name": "conservative",
        "trans": [
            "保守的；守旧的"
        ],
        "usphone": "kən'sɝvətɪv",
        "ukphone": "kən'sɜːvətɪv"
    },
    {
        "name": "forbid",
        "trans": [
            "禁止；不准"
        ],
        "usphone": "fɚ'bɪd",
        "ukphone": "fə'bɪd"
    },
    {
        "name": "accumulate",
        "trans": [
            "积累；聚积"
        ],
        "usphone": "ə'kjumjəlet",
        "ukphone": "ə'kjuːmjʊleɪt"
    },
    {
        "name": "in favour of",
        "trans": [
            "赞成；支持"
        ],
        "usphone": "",
        "ukphone": ""
    },
    {
        "name": "side road",
        "trans": [
            "旁路；支线；岔道 (<美>sidewalk)"
        ],
        "usphone": "",
        "ukphone": ""
    },
    {
        "name": "constitution",
        "trans": [
            "宪法；章程"
        ],
        "usphone": "'kɑnstə'tʊʃən",
        "ukphone": "kɒnstɪ'tjuːʃ(ə)n"
    },
    {
        "name": "compulsory",
        "trans": [
            "必须做的；义务的；强迫的；强制的"
        ],
        "usphone": "kəmˈpʌlsərɪ",
        "ukphone": "kəmˈpʌlsərɪ"
    },
    {
        "name": "opera",
        "trans": [
            "歌剧"
        ],
        "usphone": "'ɑprə",
        "ukphone": "'ɒp(ə)rə"
    },
    {
        "name": "chorus",
        "trans": [
            "合唱；合唱队"
        ],
        "usphone": "'kɔrəs",
        "ukphone": "'kɔːrəs"
    },
    {
        "name": "loaf",
        "trans": [
            "一条（面包）"
        ],
        "usphone": "lof",
        "ukphone": "ləʊf"
    },
    {
        "name": "flour",
        "trans": [
            "面粉"
        ],
        "usphone": "'flaʊr",
        "ukphone": "'flaʊə"
    },
    {
        "name": "owe",
        "trans": [
            "欠（账、钱、人情等）；归功于……"
        ],
        "usphone": "o",
        "ukphone": "əʊ"
    },
    {
        "name": "shortly",
        "trans": [
            "立刻；不久"
        ],
        "usphone": "'ʃɔrtli",
        "ukphone": "'ʃɔːtlɪ"
    },
    {
        "name": "retire",
        "trans": [
            "退休；离开"
        ],
        "usphone": "rɪ'taɪɚ",
        "ukphone": "rɪ'taɪə"
    },
    {
        "name": "bother",
        "trans": [
            "打扰；操心",
            "烦扰"
        ],
        "usphone": "'bɑðɚ",
        "ukphone": "'bɒðə"
    },
    {
        "name": "(be) bound to (do)",
        "trans": [
            "一定或注定（做）……"
        ],
        "usphone": "",
        "ukphone": ""
    },
    {
        "name": "assumption",
        "trans": [
            "假定；设想"
        ],
        "usphone": "ə'sʌmpʃən",
        "ukphone": "ə'sʌm(p)ʃ(ə)n"
    },
    {
        "name": "regulation",
        "trans": [
            "规则；规章；法规"
        ],
        "usphone": "ˌrɛɡjəˈleʃən",
        "ukphone": "regjʊ'leɪʃ(ə)n"
    },
    {
        "name": "nonsense",
        "trans": [
            "胡说；无稽之谈；废话"
        ],
        "usphone": "'nɑnsɛns",
        "ukphone": "'nɒns(ə)ns"
    },
    {
        "name": "popularity",
        "trans": [
            "受人喜爱；流行"
        ],
        "usphone": ",pɑpju'lærəti",
        "ukphone": "pɒpjʊ'lærətɪ"
    },
    {
        "name": "Jurassic Park",
        "trans": [
            "侏罗纪公园（美国电影名）"
        ],
        "usphone": "",
        "ukphone": ""
    },
    {
        "name": "strike",
        "trans": [
            "打；撞击",
            "罢工"
        ],
        "usphone": "straɪk",
        "ukphone": "straɪk"
    },
    {
        "name": "strike...into one's heart",
        "trans": [
            "使……刻骨铭心"
        ],
        "usphone": "",
        "ukphone": ""
    },
    {
        "name": "bison",
        "trans": [
            "北美或欧洲野牛"
        ],
        "usphone": "'baɪsn",
        "ukphone": "'baɪs(ə)n"
    },
    {
        "name": "calf",
        "trans": [
            "小牛；牛犊"
        ],
        "usphone": "kæf",
        "ukphone": "kɑːf"
    },
    {
        "name": "from time to time",
        "trans": [
            "不时；偶尔"
        ],
        "usphone": "",
        "ukphone": ""
    },
    {
        "name": "bring back to life",
        "trans": [
            "使复生；使复活"
        ],
        "usphone": "",
        "ukphone": ""
    },
    {
        "name": "initial",
        "trans": [
            "最初的；开始的"
        ],
        "usphone": "ɪ'nɪʃəl",
        "ukphone": "ɪ'nɪʃəl"
    },
    {
        "name": "DNA",
        "trans": [
            "脱氧核糖核酸"
        ],
        "usphone": "",
        "ukphone": ""
    },
    {
        "name": "vain",
        "trans": [
            "虚荣的；自负的；徒劳的"
        ],
        "usphone": "ven",
        "ukphone": "veɪn"
    },
    {
        "name": "in vain",
        "trans": [
            "白费力气；枉费心机"
        ],
        "usphone": "",
        "ukphone": ""
    },
    {
        "name": "resist",
        "trans": [
            "对抗；抵抗"
        ],
        "usphone": "rɪ'zɪst",
        "ukphone": "rɪ'zɪst"
    },
    {
        "name": "drawback",
        "trans": [
            "缺点；不利条件"
        ],
        "usphone": "'drɔbæk",
        "ukphone": "'drɔːbæk"
    },
    {
        "name": "merely",
        "trans": [
            "仅；只；不过"
        ],
        "usphone": "'mɪrli",
        "ukphone": "'mɪəlɪ"
    },
    {
        "name": "restore",
        "trans": [
            "恢复；使恢复原状；重建"
        ],
        "usphone": "rɪ'stɔr",
        "ukphone": "rɪ'stɔː"
    },
    {
        "name": "aurochs",
        "trans": [
            "原牛（古代欧洲野牛，已灭绝）"
        ],
        "usphone": "'ɔrɑks",
        "ukphone": "'ɔːrɒks; 'aʊ-"
    },
    {
        "name": "decoration",
        "trans": [
            "装饰"
        ],
        "usphone": ",dɛkə'reʃən",
        "ukphone": "dekə'reɪʃ(ə)n"
    },
    {
        "name": "unable",
        "trans": [
            "不能的；不会的"
        ],
        "usphone": "ʌn'ebl",
        "ukphone": "ʌn'eɪb(ə)l"
    },
    {
        "name": "great auk",
        "trans": [
            "大海雀（已灭绝）"
        ],
        "usphone": "",
        "ukphone": ""
    },
    {
        "name": "feather",
        "trans": [
            "羽毛"
        ],
        "usphone": "'fɛðɚ",
        "ukphone": "'feðə"
    },
    {
        "name": "quagga",
        "trans": [
            "白氏斑马（已灭绝）"
        ],
        "usphone": "'kwæɡə",
        "ukphone": "'kwægə"
    },
    {
        "name": "fairly",
        "trans": [
            "相当地；公平地"
        ],
        "usphone": "'fɛrli",
        "ukphone": "'feəlɪ"
    },
    {
        "name": "in good condition",
        "trans": [
            "状况很好；情况很好"
        ],
        "usphone": "",
        "ukphone": ""
    },
    {
        "name": "in poor condition",
        "trans": [
            "状况很坏；情况很坏"
        ],
        "usphone": "",
        "ukphone": ""
    },
    {
        "name": "turkey",
        "trans": [
            "火鸡"
        ],
        "usphone": "'tɝki",
        "ukphone": "'tɜːkɪ"
    },
    {
        "name": "dye",
        "trans": [
            "给……染色；染",
            "染色剂"
        ],
        "usphone": "daɪ",
        "ukphone": "daɪ"
    },
    {
        "name": "claw",
        "trans": [
            "爪；脚爪"
        ],
        "usphone": "klɔ",
        "ukphone": "klɔː"
    },
    {
        "name": "adore",
        "trans": [
            "崇拜；爱慕；喜爱"
        ],
        "usphone": "ə'dɔr",
        "ukphone": "ə'dɔː"
    },
    {
        "name": "hatch",
        "trans": [
            "孵出；孵卵；孵化"
        ],
        "usphone": "hætʃ",
        "ukphone": "hætʃ"
    },
    {
        "name": "reasonable",
        "trans": [
            "合情理的；讲道理的；公道的"
        ],
        "usphone": "'riznəbl",
        "ukphone": "'riːz(ə)nəb(ə)l"
    },
    {
        "name": "amphibious",
        "trans": [
            "两栖（类）的"
        ],
        "usphone": "æm'fɪbɪəs",
        "ukphone": "æm'fɪbɪəs"
    },
    {
        "name": "George Stephenson",
        "trans": [
            "乔治•斯蒂芬森（英国发明家，蒸汽机的发明人）"
        ],
        "usphone": "",
        "ukphone": ""
    },
    {
        "name": "patent",
        "trans": [
            "专利证书；专利权"
        ],
        "usphone": "'pætnt",
        "ukphone": "'pæt(ə)nt; 'peɪt(ə)nt"
    },
    {
        "name": "call up",
        "trans": [
            "给……打电话"
        ],
        "usphone": "",
        "ukphone": ""
    },
    {
        "name": "courtyard",
        "trans": [
            "院子；庭院；天井"
        ],
        "usphone": "'kɔrtjɑrd",
        "ukphone": "'kɔːtjɑːd"
    },
    {
        "name": "now and then",
        "trans": [
            "偶尔；有时"
        ],
        "usphone": "",
        "ukphone": ""
    },
    {
        "name": "walnut",
        "trans": [
            "胡桃；胡桃木"
        ],
        "usphone": "'wɔlnət",
        "ukphone": "'wɔːlnʌt"
    },
    {
        "name": "distinguish",
        "trans": [
            "辨别；显示……的差别；使……有所不同"
        ],
        "usphone": "dɪ'stɪŋɡwɪʃ",
        "ukphone": "dɪ'stɪŋgwɪʃ"
    },
    {
        "name": "merciful",
        "trans": [
            "宽大的；仁慈的；慈悲的"
        ],
        "usphone": "'mɝsɪfl",
        "ukphone": "'mɜːsɪfʊl; -f(ə)l"
    },
    {
        "name": "product",
        "trans": [
            "产品"
        ],
        "usphone": "'prɑdʌkt",
        "ukphone": "'prɒdʌkt"
    },
    {
        "name": "powder",
        "trans": [
            "粉末"
        ],
        "usphone": "'paʊdɚ",
        "ukphone": "'paʊdə"
    },
    {
        "name": "set about",
        "trans": [
            "开始；着手"
        ],
        "usphone": "",
        "ukphone": ""
    },
    {
        "name": "perfume",
        "trans": [
            "香水；香味"
        ],
        "usphone": "pɚ'fjum",
        "ukphone": "'pɜːfjuːm"
    },
    {
        "name": "stainless",
        "trans": [
            "无锈的；不锈的；没有污点的"
        ],
        "usphone": "ˈsteɪnlɪs",
        "ukphone": "'steɪnlɪs"
    },
    {
        "name": "jelly",
        "trans": [
            "果冻；果冻状物"
        ],
        "usphone": "'dʒɛli",
        "ukphone": "'dʒelɪ"
    },
    {
        "name": "cube",
        "trans": [
            "立方体；立方"
        ],
        "usphone": "kjʊb",
        "ukphone": "kjuːb"
    },
    {
        "name": "cubic",
        "trans": [
            "立方的"
        ],
        "usphone": "'kjubɪk",
        "ukphone": "'kjuːbɪk"
    },
    {
        "name": "abrupt",
        "trans": [
            "突然的；意外的"
        ],
        "usphone": "ə'brʌpt",
        "ukphone": "ə'brʌpt"
    },
    {
        "name": "abruptly",
        "trans": [
            "突然地；唐突地"
        ],
        "usphone": "ə'brʌptli",
        "ukphone": "ə'brʌptli"
    },
    {
        "name": "convenient",
        "trans": [
            "便利的；方便的；就近的"
        ],
        "usphone": "kənˈvinjənt",
        "ukphone": "kən'viːnɪənt"
    },
    {
        "name": "caution",
        "trans": [
            "小心；谨慎"
        ],
        "usphone": "'kɔʃən",
        "ukphone": "'kɔːʃ(ə)n"
    },
    {
        "name": "expectation",
        "trans": [
            "预料；期待；期望"
        ],
        "usphone": ",ɛkspɛk'teʃən",
        "ukphone": "ekspek'teɪʃ(ə)n"
    },
    {
        "name": "passive",
        "trans": [
            "被动的；消极的；被动语态的"
        ],
        "usphone": "'pæsɪv",
        "ukphone": "'pæsɪv"
    },
    {
        "name": "merry",
        "trans": [
            "愉快的；高兴的"
        ],
        "usphone": "'mɛri",
        "ukphone": "'merɪ"
    },
    {
        "name": "merrily",
        "trans": [
            "高兴地；愉快地"
        ],
        "usphone": "'mɛrəli",
        "ukphone": "'merɪlɪ"
    },
    {
        "name": "seize",
        "trans": [
            "抓住；捉住；夺"
        ],
        "usphone": "siz",
        "ukphone": "siːz"
    },
    {
        "name": "recognition",
        "trans": [
            "认可；承认；认出"
        ],
        "usphone": ",rɛkəɡ'nɪʃən",
        "ukphone": "rekəg'nɪʃ(ə)n"
    },
    {
        "name": "criterion",
        "trans": [
            "（评判的）标准；尺度"
        ],
        "usphone": "kraɪˈtɪriən",
        "ukphone": "kraɪ'tɪərɪən"
    },
    {
        "name": "claim",
        "trans": [
            "声称；主张；要求",
            "声称；主张；要求"
        ],
        "usphone": "klem",
        "ukphone": "kleɪm"
    },
    {
        "name": "valid",
        "trans": [
            "有效的；确凿的"
        ],
        "usphone": "'vælɪd",
        "ukphone": "'vælɪd"
    },
    {
        "name": "file",
        "trans": [
            "文件；档案；文件夹",
            "将……归档；提交"
        ],
        "usphone": "faɪl",
        "ukphone": "faɪl"
    },
    {
        "name": "ripe",
        "trans": [
            "熟的；成熟的"
        ],
        "usphone": "raɪp",
        "ukphone": "raɪp"
    },
    {
        "name": "string",
        "trans": [
            "线；绳子；一串"
        ],
        "usphone": "strɪŋ",
        "ukphone": "strɪŋ"
    },
    {
        "name": "glue",
        "trans": [
            "胶；胶水",
            "粘贴；粘合"
        ],
        "usphone": "ɡlu",
        "ukphone": "gluː"
    },
    {
        "name": "rod",
        "trans": [
            "杆；棒"
        ],
        "usphone": "rɑd",
        "ukphone": "rɒd"
    },
    {
        "name": "freezing",
        "trans": [
            "冰冻的；严寒的"
        ],
        "usphone": "'frizɪŋ",
        "ukphone": "'friːzɪŋ"
    },
    {
        "name": "greengrocer",
        "trans": [
            "果蔬商；蔬菜水果店"
        ],
        "usphone": "'ɡrinɡrosɚ",
        "ukphone": "'griːngrəʊsə"
    },
    {
        "name": "identification",
        "trans": [
            "身份证明；鉴定；辨认；确定"
        ],
        "usphone": "aɪˌdentɪfɪ'keʃn",
        "ukphone": "aɪ,dentɪfɪ'keɪʃ(ə)n"
    },
    {
        "name": "directory",
        "trans": [
            "电话簿"
        ],
        "usphone": "dəˈrɛktəri; (also) daɪˈrɛktəri",
        "ukphone": "dɪ'rekt(ə)rɪ; daɪ-"
    },
    {
        "name": "dial",
        "trans": [
            "拨（电话）"
        ],
        "usphone": "'daɪəl",
        "ukphone": "'daɪəl"
    },
    {
        "name": "rainfall",
        "trans": [
            "降雨"
        ],
        "usphone": "'ren'fɔl",
        "ukphone": "'reɪnfɔːl"
    },
    {
        "name": "courtroom",
        "trans": [
            "法庭；审判室"
        ],
        "usphone": "'kɔrt'rʊm; 'kɔrt'rʊm",
        "ukphone": "'kɔːtruːm; -rʊm"
    },
    {
        "name": "innocent",
        "trans": [
            "清白的；无罪的；天真的"
        ],
        "usphone": "'ɪnəsnt",
        "ukphone": "'ɪnəs(ə)nt"
    },
    {
        "name": "lantern",
        "trans": [
            "灯笼；提灯"
        ],
        "usphone": "'læntɚn",
        "ukphone": "'læntən"
    },
    {
        "name": "bear",
        "trans": [
            "忍受；忍耐；负担"
        ],
        "usphone": "bɛr",
        "ukphone": "beə"
    },
    {
        "name": "jam",
        "trans": [
            "果酱；堵塞；阻塞"
        ],
        "usphone": "dʒæm",
        "ukphone": "dʒæm"
    },
    {
        "name": "Alexander Graham",
        "trans": [
            "亚历山大•格雷厄姆•贝尔"
        ],
        "usphone": "",
        "ukphone": ""
    },
    {
        "name": "microphone",
        "trans": [
            "麦克风；话筒"
        ],
        "usphone": "'maɪkrə'fon",
        "ukphone": "'maɪkrəfəʊn"
    },
    {
        "name": "forehead",
        "trans": [
            "额头"
        ],
        "usphone": "'fɔr'hɛd",
        "ukphone": "'fɔːhed; 'fɒrɪd"
    },
    {
        "name": "beaten track",
        "trans": [
            "被踩出来的路；常规；惯例"
        ],
        "usphone": "",
        "ukphone": ""
    },
    {
        "name": "occasionally",
        "trans": [
            "偶然地；不时地"
        ],
        "usphone": "o'keʒənəli",
        "ukphone": "əˈkeɪʒnəli"
    },
    {
        "name": "dive into",
        "trans": [
            "迅速把手伸入；一心投入"
        ],
        "usphone": "",
        "ukphone": ""
    },
    {
        "name": "dynamic",
        "trans": [
            "充满活力的；精力充沛的；动态的；发展变化的"
        ],
        "usphone": "daɪ'næmɪk",
        "ukphone": "daɪ'næmɪk"
    },
    {
        "name": "set out (to do)",
        "trans": [
            "开始（做）"
        ],
        "usphone": "",
        "ukphone": ""
    },
    {
        "name": "multiple",
        "trans": [
            "多种的；多样的；多类型的",
            "倍数"
        ],
        "usphone": "'mʌltəpl",
        "ukphone": "'mʌltɪpl"
    },
    {
        "name": "Morse",
        "trans": [
            "莫尔斯电码"
        ],
        "usphone": "mɔ:s",
        "ukphone": "mɔ:s"
    },
    {
        "name": "dot",
        "trans": [
            "点；小圆点",
            "以小圆点标出；分散"
        ],
        "usphone": "dɑt",
        "ukphone": "dɒt"
    },
    {
        "name": "tap",
        "trans": [
            "轻打；轻拍；轻敲",
            "轻轻地敲击（声）；（水）龙头"
        ],
        "usphone": "tæp",
        "ukphone": "tæp"
    },
    {
        "name": "wire",
        "trans": [
            "金属丝；电线"
        ],
        "usphone": "'waɪɚ",
        "ukphone": "waɪə"
    },
    {
        "name": "straw",
        "trans": [
            "稻草；麦秆；饮料吸管"
        ],
        "usphone": "strɔ",
        "ukphone": "strɔː"
    },
    {
        "name": "reproduce",
        "trans": [
            "复制；再现……的形象或声音"
        ],
        "usphone": ",riprə'dus",
        "ukphone": "riːprə'djuːs"
    },
    {
        "name": "current",
        "trans": [
            "（水或气）流；电流",
            "现在的；当前的"
        ],
        "usphone": "kɝ​ənt",
        "ukphone": "'kʌr(ə)nt"
    },
    {
        "name": "helicopter",
        "trans": [
            "直升飞机"
        ],
        "usphone": "'hɛlɪkɑptɚ",
        "ukphone": "'helɪkɒptə"
    },
    {
        "name": "triangle",
        "trans": [
            "三角形；三角形物体"
        ],
        "usphone": "'traɪæŋɡl",
        "ukphone": "'traɪæŋg(ə)l"
    },
    {
        "name": "tetrahedron",
        "trans": [
            "四面体"
        ],
        "usphone": ",tɛtrə'hidrən",
        "ukphone": ",tetrə'hiːdrən; -'hed-"
    },
    {
        "name": "stable",
        "trans": [
            "稳固的；稳定的；安定的"
        ],
        "usphone": "'stebl",
        "ukphone": "'steɪb(ə)l"
    },
    {
        "name": "invaluable",
        "trans": [
            "无价的；极宝贵的"
        ],
        "usphone": "ɪn'væljʊəbl",
        "ukphone": "ɪn'væljʊ(ə)b(ə)l"
    },
    {
        "name": "associate",
        "trans": [
            "联想；联系",
            "同伴；伙伴"
        ],
        "usphone": "ə'soʃɪet",
        "ukphone": "ə'səʊʃɪeɪt; -sɪeɪt"
    },
    {
        "name": "practical",
        "trans": [
            "实际的；实践的；；实用的"
        ],
        "usphone": "'præktɪkl",
        "ukphone": "'præktɪk(ə)l"
    },
    {
        "name": "James Dyson",
        "trans": [
            "詹姆斯•戴森（英国发明家）"
        ],
        "usphone": "",
        "ukphone": ""
    },
    {
        "name": "refrigerator",
        "trans": [
            "冰箱"
        ],
        "usphone": "rɪ'frɪdʒəretɚ",
        "ukphone": "rɪ'frɪdʒəreɪtə"
    },
    {
        "name": "court",
        "trans": [
            "法庭；法院；朝廷"
        ],
        "usphone": "kɔrt",
        "ukphone": "kɔːt"
    },
    {
        "name": "extension",
        "trans": [
            "电话分机；扩大；延伸"
        ],
        "usphone": "ɪk'stɛnʃən",
        "ukphone": "ɪk'stenʃ(ə)n; ek-"
    },
    {
        "name": "hang on",
        "trans": [
            "顶住；不挂断；稍等"
        ],
        "usphone": "",
        "ukphone": ""
    },
    {
        "name": "out of order",
        "trans": [
            "次序颠倒；发生故障"
        ],
        "usphone": "",
        "ukphone": ""
    },
    {
        "name": "get through",
        "trans": [
            "（设法）做完；通过；设法联系上（尤指打通电话）"
        ],
        "usphone": "",
        "ukphone": ""
    },
    {
        "name": "ring back",
        "trans": [
            "回复电话"
        ],
        "usphone": "",
        "ukphone": ""
    },
    {
        "name": "ring off",
        "trans": [
            "挂断电话"
        ],
        "usphone": "",
        "ukphone": ""
    },
    {
        "name": "version",
        "trans": [
            "版本；译本"
        ],
        "usphone": "'vɝʒn",
        "ukphone": "'vɜːʃ(ə)n"
    },
    {
        "name": "competence",
        "trans": [
            "能力；胜任；本领；技能"
        ],
        "usphone": "'kɑmpɪtəns",
        "ukphone": "'kɒmpɪt(ə)ns"
    },
    {
        "name": "competent",
        "trans": [
            "能胜任的；有能力的；称职的"
        ],
        "usphone": "'kɑmpɪtənt",
        "ukphone": "'kɒmpɪt(ə)nt"
    },
    {
        "name": "jeep",
        "trans": [
            "吉普车"
        ],
        "usphone": "dʒip",
        "ukphone": "dʒiːp"
    },
    {
        "name": "personnel",
        "trans": [
            "人力资源；人事部；全体人员"
        ],
        "usphone": ",pɝsə'nɛl",
        "ukphone": "pɜːsə'nel"
    },
    {
        "name": "Pygmalion",
        "trans": [
            "皮格马利翁（希腊神话）"
        ],
        "usphone": "piɡ'meiljən",
        "ukphone": "piɡ'meiljən"
    },
    {
        "name": "George Bernard Shaw",
        "trans": [
            "乔治•伯纳德•萧 （也译萧伯纳，英国剧作家）"
        ],
        "usphone": "",
        "ukphone": ""
    },
    {
        "name": "adaptation",
        "trans": [
            "改编本；适应（性）"
        ],
        "usphone": ",ædæp'teʃən",
        "ukphone": "ædəp'teɪʃ(ə)n"
    },
    {
        "name": "classic",
        "trans": [
            "经典的；第一流的",
            "经典著作"
        ],
        "usphone": "'klæsɪk",
        "ukphone": "'klæsɪk"
    },
    {
        "name": "caption",
        "trans": [
            "（图片上的）说明文字；（电视、电影）字幕；（杂志等文章的）标题；"
        ],
        "usphone": "'kæpʃən",
        "ukphone": "'kæpʃ(ə)n"
    },
    {
        "name": "plot",
        "trans": [
            "阴谋；情节"
        ],
        "usphone": "plɑt",
        "ukphone": "plɒt"
    },
    {
        "name": "professor",
        "trans": [
            "教授"
        ],
        "usphone": "prə'fɛsɚ",
        "ukphone": "prə'fesə"
    },
    {
        "name": "Higgins",
        "trans": [
            "希金斯 （姓）"
        ],
        "usphone": "",
        "ukphone": ""
    },
    {
        "name": "phonetics",
        "trans": [
            "语音学"
        ],
        "usphone": "fə'nɛtɪks",
        "ukphone": "fə'netɪks"
    },
    {
        "name": "colonel",
        "trans": [
            "（陆军）上校"
        ],
        "usphone": "'kɝnl",
        "ukphone": "'kɜːn(ə)l"
    },
    {
        "name": "Pickering",
        "trans": [
            "皮克林（姓）"
        ],
        "usphone": "'pikəriŋ",
        "ukphone": "'pikəriŋ"
    },
    {
        "name": "fateful",
        "trans": [
            "重要的；决定性的；命中注定的"
        ],
        "usphone": "'fetfl",
        "ukphone": "'feɪtfʊl; -f(ə)l"
    },
    {
        "name": "whistle",
        "trans": [
            "吹口哨；发出汽笛声",
            "口哨声；汽笛声"
        ],
        "usphone": "'wɪsl",
        "ukphone": "'wɪs(ə)l"
    },
    {
        "name": "garment",
        "trans": [
            "（一件）衣服（外套、裙、袍等）；服装"
        ],
        "usphone": "'gɑrmənt",
        "ukphone": "'gɑːm(ə)nt"
    },
    {
        "name": "woollen",
        "trans": [
            "毛纺的；纯毛的（<美>woolen）"
        ],
        "usphone": "'wʊlən",
        "ukphone": "'wʊlən"
    },
    {
        "name": "hesitate",
        "trans": [
            "犹豫；踌躇"
        ],
        "usphone": "ˈhɛzətet",
        "ukphone": "'hezɪteɪt"
    },
    {
        "name": "uncomfortable",
        "trans": [
            "不舒服的；不安的；不自在的"
        ],
        "usphone": "ʌn'kʌmftəbl",
        "ukphone": "ʌn'kʌmf(ə)təb(ə)l"
    },
    {
        "name": "uncomfortably",
        "trans": [
            "不舒服的；不自在地"
        ],
        "usphone": "ʌn'kʌmftəbli",
        "ukphone": ""
    },
    {
        "name": "troublesome",
        "trans": [
            "带来麻烦的；使人心烦的"
        ],
        "usphone": "'trʌblsəm",
        "ukphone": "'trʌb(ə)ls(ə)m"
    },
    {
        "name": "wallet",
        "trans": [
            "皮夹；钱包"
        ],
        "usphone": "'wɑlɪt",
        "ukphone": "'wɒlɪt"
    },
    {
        "name": "outcome",
        "trans": [
            "结果；效果"
        ],
        "usphone": "'aʊt'kʌm",
        "ukphone": "'autkʌm"
    },
    {
        "name": "thief",
        "trans": [
            "小偷；贼"
        ],
        "usphone": "θif",
        "ukphone": "θiːf"
    },
    {
        "name": "handkerchief",
        "trans": [
            "手帕；手绢；纸巾"
        ],
        "usphone": "'hæŋkɚtʃɪf",
        "ukphone": "'hæŋkətʃɪf"
    },
    {
        "name": "disguise",
        "trans": [
            "伪装；假扮；遮掩",
            "伪装"
        ],
        "usphone": "dɪs'ɡaɪz",
        "ukphone": "dɪs'gaɪz"
    },
    {
        "name": "in disguise",
        "trans": [
            "伪装（的）；假扮（的）"
        ],
        "usphone": "",
        "ukphone": ""
    },
    {
        "name": "mistaken",
        "trans": [
            "（见解或判断上）错误的；不正确的"
        ],
        "usphone": "mɪ'stekən",
        "ukphone": "mɪ'steɪk(ə)n"
    },
    {
        "name": "brilliant",
        "trans": [
            "才华横溢的；光辉灿烂的；杰出的"
        ],
        "usphone": "'brɪljənt",
        "ukphone": "ˈbrɪlɪənt"
    },
    {
        "name": "classify",
        "trans": [
            "编排；分类；归类"
        ],
        "usphone": "'klæsɪfaɪ",
        "ukphone": "'klæsɪfaɪ"
    },
    {
        "name": "remark",
        "trans": [
            "谈论；评述；言论",
            "谈论；评论；说起"
        ],
        "usphone": "rɪ'mɑrk",
        "ukphone": "rɪ'mɑːk"
    },
    {
        "name": "betray",
        "trans": [
            "显露出（本来面目）；背叛"
        ],
        "usphone": "bɪ'tre",
        "ukphone": "bɪ'treɪ"
    },
    {
        "name": "upper",
        "trans": [
            "（位置或地位）较高的；级别较高的"
        ],
        "usphone": "'ʌpɚ",
        "ukphone": "'ʌpə"
    },
    {
        "name": "extraordinary",
        "trans": [
            "不同寻常的；非凡的"
        ],
        "usphone": "ɪkˈstrɔrdənerɪ; ɪkˈstrɔrdnˌɛrɪ",
        "ukphone": "ɪkˈstrɔ:dnrɪ"
    },
    {
        "name": "condemn",
        "trans": [
            "谴责；使……注定"
        ],
        "usphone": "kən'dɛm",
        "ukphone": "kən'dem"
    },
    {
        "name": "gutter",
        "trans": [
            "排水沟；阴沟；贫民区"
        ],
        "usphone": "'gʌtɚ",
        "ukphone": "'gʌtə"
    },
    {
        "name": "properly",
        "trans": [
            "适当地；恰当地"
        ],
        "usphone": "'prɑpɚli",
        "ukphone": "'prɒp(ə)lɪ"
    },
    {
        "name": "pass...off as...",
        "trans": [
            "（把某人）改变或冒充成……"
        ],
        "usphone": "",
        "ukphone": ""
    },
    {
        "name": "duchess",
        "trans": [
            "公爵夫人；女公爵"
        ],
        "usphone": "'dʌtʃəs",
        "ukphone": "'dʌtʃɪs; -es"
    },
    {
        "name": "ambassador",
        "trans": [
            "大使；使节"
        ],
        "usphone": "æm'bæsədɚ",
        "ukphone": "æm'bæsədə"
    },
    {
        "name": "acquaintance",
        "trans": [
            "熟人；相识；了解"
        ],
        "usphone": "ə'kwentəns",
        "ukphone": "ə'kweɪnt(ə)ns"
    },
    {
        "name": "make one's acquaintance",
        "trans": [
            "结识；与……相见"
        ],
        "usphone": "",
        "ukphone": ""
    },
    {
        "name": "handful",
        "trans": [
            "一把；几个人"
        ],
        "usphone": "'hænd,fʊl",
        "ukphone": "'hæn(d)fʊl; -f(ə)l"
    },
    {
        "name": "amazement",
        "trans": [
            "惊讶；惊愕"
        ],
        "usphone": "ə'mezmənt",
        "ukphone": "ə'meɪzm(ə)nt"
    },
    {
        "name": "in amazement",
        "trans": [
            "震惊；惊讶"
        ],
        "usphone": "",
        "ukphone": ""
    },
    {
        "name": "fortune",
        "trans": [
            "大笔的钱；机会；运气"
        ],
        "usphone": "'fɔrtʃən",
        "ukphone": "'fɔːtʃuːn; -tʃ(ə)n"
    },
    {
        "name": "authentic",
        "trans": [
            "真实的；真正的；可信的； 可靠的"
        ],
        "usphone": "ɔ'θɛntɪk",
        "ukphone": "ɔː'θentɪk"
    },
    {
        "name": "generally speaking",
        "trans": [
            "一般来说"
        ],
        "usphone": "",
        "ukphone": ""
    },
    {
        "name": "status",
        "trans": [
            "身份；地位；职位"
        ],
        "usphone": "ˈstetəs",
        "ukphone": "'steɪtəs"
    },
    {
        "name": "superior",
        "trans": [
            "更好的；职位[级别]更高的；上级的",
            "上级；长官"
        ],
        "usphone": "sʊˈpɪrɪɚ",
        "ukphone": "suːˈpɪərɪə"
    },
    {
        "name": "in terms of...",
        "trans": [
            "就……来说；从……角度"
        ],
        "usphone": "",
        "ukphone": ""
    },
    {
        "name": "disapprove",
        "trans": [
            "不赞成；反对；认为不好"
        ],
        "usphone": "'dɪsə'prʊv",
        "ukphone": "dɪsə'pruːv"
    },
    {
        "name": "rob",
        "trans": [
            "抢劫；盗窃；剥夺"
        ],
        "usphone": "rɑb",
        "ukphone": "rɒb"
    },
    {
        "name": "antique",
        "trans": [
            "古时的；（因古老、稀少而）珍贵的",
            "文物；古董；古玩"
        ],
        "usphone": "æn'tik",
        "ukphone": "æn'tiːk"
    },
    {
        "name": "musical",
        "trans": [
            "音乐的；喜爱音乐的",
            "音乐喜剧"
        ],
        "usphone": "'mjuzɪkl",
        "ukphone": "'mjuːzɪk(ə)l"
    },
    {
        "name": "stocking",
        "trans": [
            "长袜"
        ],
        "usphone": "'stɑkɪŋ",
        "ukphone": "'stɒkɪŋ"
    },
    {
        "name": "believer",
        "trans": [
            "信徒；教徒"
        ],
        "usphone": "bɪ'livɚ",
        "ukphone": ""
    },
    {
        "name": "Buddhism",
        "trans": [
            "佛教"
        ],
        "usphone": "'bʊdɪzəm",
        "ukphone": "'bʊdɪz(ə)m"
    },
    {
        "name": "Buddhist",
        "trans": [
            "佛教徒",
            "佛教的"
        ],
        "usphone": "'budist",
        "ukphone": ""
    },
    {
        "name": "Buddha",
        "trans": [
            "佛"
        ],
        "usphone": "'budə",
        "ukphone": "'budə"
    },
    {
        "name": "vowel",
        "trans": [
            "元音；元音字母"
        ],
        "usphone": "'vaʊəl",
        "ukphone": "'vaʊəl"
    },
    {
        "name": "Pearce",
        "trans": [
            "皮尔斯（姓）"
        ],
        "usphone": "",
        "ukphone": ""
    },
    {
        "name": "cookie",
        "trans": [
            "饼干"
        ],
        "usphone": "'kʊki",
        "ukphone": "'kʊkɪ"
    },
    {
        "name": "teapot",
        "trans": [
            "茶壶"
        ],
        "usphone": "'ti'pɑt",
        "ukphone": "'tiːpɒt"
    },
    {
        "name": "cream",
        "trans": [
            "奶油；面霜"
        ],
        "usphone": "krim",
        "ukphone": "kriːm"
    },
    {
        "name": "nail",
        "trans": [
            "钉子；指甲"
        ],
        "usphone": "nel",
        "ukphone": "neɪl"
    },
    {
        "name": "show...in",
        "trans": [
            "带或领……进来"
        ],
        "usphone": "",
        "ukphone": ""
    },
    {
        "name": "wax",
        "trans": [
            "蜡；蜜蜡",
            "上蜡"
        ],
        "usphone": "waks",
        "ukphone": "waks"
    },
    {
        "name": "disk",
        "trans": [
            "磁盘"
        ],
        "usphone": "dɪsk",
        "ukphone": "dɪsk"
    },
    {
        "name": "wax disk",
        "trans": [
            "旧式唱片"
        ],
        "usphone": "",
        "ukphone": ""
    },
    {
        "name": "shabby",
        "trans": [
            "破旧的；寒酸的"
        ],
        "usphone": "ˈʃæbi",
        "ukphone": "'ʃæbɪ"
    },
    {
        "name": "curtsy",
        "trans": [
            "行屈膝礼",
            "（女子行的）屈膝礼"
        ],
        "usphone": "'kɝtsi",
        "ukphone": "'kɜːtsɪ"
    },
    {
        "name": "shilling",
        "trans": [
            "先令（1971年以前的英国货币单位，旧币的12便士）"
        ],
        "usphone": "'ʃɪlɪŋ",
        "ukphone": "'ʃɪlɪŋ"
    },
    {
        "name": "referee",
        "trans": [
            "裁判员；仲裁者"
        ],
        "usphone": ",rɛfə'ri",
        "ukphone": "refə'riː"
    },
    {
        "name": "compromise",
        "trans": [
            "妥协；折衷"
        ],
        "usphone": "'kɑmprəmaɪz",
        "ukphone": "'kɒmprəmaɪz"
    },
    {
        "name": "horrible",
        "trans": [
            "可怕的；恐怖的"
        ],
        "usphone": "ˈhɑːrəbl",
        "ukphone": "'hɒrəb(ə)l"
    },
    {
        "name": "laundry",
        "trans": [
            "（待洗的或洗好的）衣服；洗衣店；洗衣房"
        ],
        "usphone": "'lɔndri",
        "ukphone": "'lɔːndrɪ"
    },
    {
        "name": "bathtub",
        "trans": [
            "浴缸；澡盆"
        ],
        "usphone": "bæθtʌb",
        "ukphone": "'bɑːθtʌb"
    },
    {
        "name": "sob",
        "trans": [
            "啜泣；抽噎",
            "啜泣（声）；抽噎（声）"
        ],
        "usphone": "sɑb",
        "ukphone": "sɒb"
    },
    {
        "name": "waist",
        "trans": [
            "腰；腰部；腰围"
        ],
        "usphone": "west",
        "ukphone": "weɪst"
    },
    {
        "name": "vest",
        "trans": [
            "背心；内衣"
        ],
        "usphone": "vest",
        "ukphone": "vest"
    },
    {
        "name": "disgusting",
        "trans": [
            "使人反感的；令人厌恶的"
        ],
        "usphone": "dɪs'ɡʌstɪŋ",
        "ukphone": "dɪs'gʌstɪŋ"
    },
    {
        "name": "once more",
        "trans": [
            "再一次"
        ],
        "usphone": "",
        "ukphone": ""
    },
    {
        "name": "in need of",
        "trans": [
            "需要……"
        ],
        "usphone": "",
        "ukphone": ""
    },
    {
        "name": "heartily",
        "trans": [
            "尽情地；热心地；痛快地"
        ],
        "usphone": "'hɑrtɪli",
        "ukphone": "'hɑːtɪlɪ"
    },
    {
        "name": "overlook",
        "trans": [
            "忽视；不理会；俯视"
        ],
        "usphone": ",ovɚ'lʊk",
        "ukphone": "əʊvə'lʊk"
    },
    {
        "name": "alphabet",
        "trans": [
            "字母表"
        ],
        "usphone": "'ælfə'bɛt",
        "ukphone": "'ælfəbet"
    },
    {
        "name": "effective",
        "trans": [
            "有效的"
        ],
        "usphone": "ɪ'fɛktɪv",
        "ukphone": "ɪ'fektɪv"
    },
    {
        "name": "fade",
        "trans": [
            "逐渐消失；（使）褪色；减弱"
        ],
        "usphone": "fed",
        "ukphone": "feɪd"
    },
    {
        "name": "fade out",
        "trans": [
            "（声音、画面）逐渐模糊；渐淡"
        ],
        "usphone": "",
        "ukphone": ""
    },
    {
        "name": "identify",
        "trans": [
            "识别；鉴别；确认"
        ],
        "usphone": "aɪ'dɛntɪfaɪ",
        "ukphone": "aɪ'dentɪfaɪ"
    },
    {
        "name": "alternative",
        "trans": [
            "可能的选择",
            "供选择的；其他的"
        ],
        "usphone": "ɔl'tɝnətɪv",
        "ukphone": "ɔːl'tɜːnətɪv; ɒl-"
    },
    {
        "name": "archaeology",
        "trans": [
            "考古学(<美>archeology)"
        ],
        "usphone": ",ɑrkɪ'ɑlədʒi",
        "ukphone": ",ɑːkɪ'ɒlədʒɪ"
    },
    {
        "name": "archaeological",
        "trans": [
            "考古学的；与考古学有关的 (<美>archeological)"
        ],
        "usphone": "",
        "ukphone": ""
    },
    {
        "name": "archaeologist",
        "trans": [
            "考古学家(<美>archeologist)"
        ],
        "usphone": ",ɑrkɪ'ɑlədʒɪst",
        "ukphone": ",ɑːkɪ'ɒlədʒɪst"
    },
    {
        "name": "starvation",
        "trans": [
            "挨饿；饿死"
        ],
        "usphone": "stɑr'veʃən",
        "ukphone": "stɑː'veɪʃn"
    },
    {
        "name": "tentative",
        "trans": [
            "试探性的；不确定的"
        ],
        "usphone": "'tɛntətɪv",
        "ukphone": "'tentətɪv"
    },
    {
        "name": "accuracy",
        "trans": [
            "精确；准确"
        ],
        "usphone": "'ækjərəsi",
        "ukphone": "'ækjʊrəsɪ"
    },
    {
        "name": "excavate",
        "trans": [
            "挖掘；发掘"
        ],
        "usphone": "'ɛkskə'vet",
        "ukphone": "'ekskəveɪt"
    },
    {
        "name": "excavation",
        "trans": [
            "挖掘；发掘"
        ],
        "usphone": ",ɛkskə'veʃən",
        "ukphone": "ekskə'veɪʃ(ə)n"
    },
    {
        "name": "interrupt",
        "trans": [
            "打断……讲话；打岔；暂时中断或中止"
        ],
        "usphone": "'ɪntə'rʌpt",
        "ukphone": "ɪntə'rʌpt"
    },
    {
        "name": "acute",
        "trans": [
            "深刻的；敏锐的；强烈的，剧烈的"
        ],
        "usphone": "ə'kjut",
        "ukphone": "ə'kjuːt"
    },
    {
        "name": "assume",
        "trans": [
            "假定；设想"
        ],
        "usphone": "ə'sum",
        "ukphone": "ə'sjuːm"
    },
    {
        "name": "regardless",
        "trans": [
            "不管；不顾"
        ],
        "usphone": "rɪ'ɡɑrdləs",
        "ukphone": "rɪ'gɑːdlɪs"
    },
    {
        "name": "regardless of",
        "trans": [
            "不管；不顾"
        ],
        "usphone": "",
        "ukphone": ""
    },
    {
        "name": "mat",
        "trans": [
            "席子；垫子"
        ],
        "usphone": "mæt",
        "ukphone": "mæt"
    },
    {
        "name": "quilt",
        "trans": [
            "被子；棉被"
        ],
        "usphone": "kwɪlt",
        "ukphone": "kwɪlt"
    },
    {
        "name": "beast",
        "trans": [
            "野兽"
        ],
        "usphone": "bist",
        "ukphone": "biːst"
    },
    {
        "name": "at most",
        "trans": [
            "至多；最多"
        ],
        "usphone": "",
        "ukphone": ""
    },
    {
        "name": "centimetre",
        "trans": [
            "厘米 (<美>centimeter)"
        ],
        "usphone": "'sɛntɪmitɚ",
        "ukphone": "'sentɪmiːtə"
    },
    {
        "name": "sharpen",
        "trans": [
            "（使）锋利；尖锐"
        ],
        "usphone": "'ʃɑrpən",
        "ukphone": "'ʃɑːp(ə)n"
    },
    {
        "name": "sharpener",
        "trans": [
            "磨具；削具"
        ],
        "usphone": "'ʃɑrpənɚ",
        "ukphone": "'ʃɑːpənə"
    },
    {
        "name": "cut up",
        "trans": [
            "切碎"
        ],
        "usphone": "",
        "ukphone": ""
    },
    {
        "name": "scrape",
        "trans": [
            "擦净；削平；磨光"
        ],
        "usphone": "skrep",
        "ukphone": "skreɪp"
    },
    {
        "name": "scraper",
        "trans": [
            "刮刀；刮削器"
        ],
        "usphone": "'skrepɚ",
        "ukphone": "'skreɪpə"
    },
    {
        "name": "ample",
        "trans": [
            "足够的；充足的；富裕的"
        ],
        "usphone": "'æmpl",
        "ukphone": "'æmp(ə)l"
    },
    {
        "name": "messy",
        "trans": [
            "凌乱的；脏的"
        ],
        "usphone": "'mɛsi",
        "ukphone": "'mesɪ"
    },
    {
        "name": "primitive",
        "trans": [
            "原始的；远古的；简陋的"
        ],
        "usphone": "'prɪmətɪv",
        "ukphone": "'prɪmɪtɪv"
    },
    {
        "name": "bead",
        "trans": [
            "小珠子；滴"
        ],
        "usphone": "bid",
        "ukphone": "biːd"
    },
    {
        "name": "botany",
        "trans": [
            "植物学"
        ],
        "usphone": "'bɑtəni",
        "ukphone": "'bɒt(ə)nɪ"
    },
    {
        "name": "botanical",
        "trans": [
            "植物学的；与植物学有关的"
        ],
        "usphone": "bə'tænɪkl",
        "ukphone": "bə'tænɪkl"
    },
    {
        "name": "analysis",
        "trans": [
            "分析"
        ],
        "usphone": "ə'næləsɪs",
        "ukphone": "ə'nælɪsɪs"
    },
    {
        "name": "seashell",
        "trans": [
            "海贝壳"
        ],
        "usphone": "'si'ʃɛl",
        "ukphone": "'siːʃel"
    },
    {
        "name": "ripen",
        "trans": [
            "使……成熟；成熟"
        ],
        "usphone": "'raɪpən",
        "ukphone": "'raɪp(ə)n"
    },
    {
        "name": "category",
        "trans": [
            "种类；类别；范畴"
        ],
        "usphone": "'kætəɡɔri",
        "ukphone": "'kætɪg(ə)rɪ"
    },
    {
        "name": "significance",
        "trans": [
            "意义；意思；重要性；重要意义"
        ],
        "usphone": "sɪɡ'nɪfɪkəns",
        "ukphone": "sɪg'nɪfɪk(ə)ns"
    },
    {
        "name": "somehow",
        "trans": [
            "以……方式；不知怎么地"
        ],
        "usphone": "'sʌmhaʊ",
        "ukphone": "'sʌmhaʊ"
    },
    {
        "name": "systematic",
        "trans": [
            "有系统的；有计划的；有条理的"
        ],
        "usphone": "'sɪstə'mætɪk",
        "ukphone": "sɪstə'mætɪk"
    },
    {
        "name": "spit",
        "trans": [
            "吐出（唾液、食物等）；吐痰"
        ],
        "usphone": "spɪt",
        "ukphone": "spɪt"
    },
    {
        "name": "delete",
        "trans": [
            "删；删除"
        ],
        "usphone": "dɪ'lit",
        "ukphone": "dɪ'liːt"
    },
    {
        "name": "album",
        "trans": [
            "相册；集邮册；唱片"
        ],
        "usphone": "'ælbəm",
        "ukphone": "'ælbəm"
    },
    {
        "name": "scratch",
        "trans": [
            "搔；挠；（刮、抓、划的）痕迹",
            "搔；抓；擦伤；刮坏"
        ],
        "usphone": "skrætʃ",
        "ukphone": "skrætʃ"
    },
    {
        "name": "academy",
        "trans": [
            "学会；学术团体；学院；院校"
        ],
        "usphone": "ə'kædəmi",
        "ukphone": "ə'kædəmɪ"
    },
    {
        "name": "receptionist",
        "trans": [
            "接待员；招待员"
        ],
        "usphone": "rɪ'sɛpʃənɪst",
        "ukphone": "rɪ'sepʃ(ə)nɪst"
    },
    {
        "name": "onion",
        "trans": [
            "洋葱"
        ],
        "usphone": "'ʌnjən",
        "ukphone": "'ʌnjən"
    },
    {
        "name": "kindergarten",
        "trans": [
            "幼儿园"
        ],
        "usphone": "'kɪndɚɡɑrtn",
        "ukphone": "'kɪndə,gɑːt(ə)n"
    },
    {
        "name": "skateboard",
        "trans": [
            "滑板"
        ],
        "usphone": "'sket'bɔrd",
        "ukphone": "'skeɪtbɔːd"
    },
    {
        "name": "fed up with",
        "trans": [
            "受够了；饱受；厌烦"
        ],
        "usphone": "",
        "ukphone": ""
    },
    {
        "name": "yogurt",
        "trans": [
            "酸乳酪；酸奶"
        ],
        "usphone": "'joɡət",
        "ukphone": "'jɒgət; 'jəʊ-"
    },
    {
        "name": "radioactive",
        "trans": [
            "放射性的；有辐射能的"
        ],
        "usphone": "'redɪo'æktɪv",
        "ukphone": ",reɪdɪəʊ'æktɪv"
    },
    {
        "name": "radioactivity",
        "trans": [
            "放射性"
        ],
        "usphone": ",redɪoæk'tɪvəti",
        "ukphone": ",reɪdɪəʊæk'tɪvɪtɪ"
    },
    {
        "name": "division",
        "trans": [
            "分割；划分；分配"
        ],
        "usphone": "də'vɪʒən",
        "ukphone": "dɪ'vɪʒ(ə)n"
    },
    {
        "name": "BC",
        "trans": [
            "公元前"
        ],
        "usphone": "",
        "ukphone": ""
    },
    {
        "name": "melon",
        "trans": [
            "（各种）瓜"
        ],
        "usphone": "'mɛlən",
        "ukphone": "'melən"
    },
    {
        "name": "wrinkle",
        "trans": [
            "皱纹"
        ],
        "usphone": "'rɪŋkl",
        "ukphone": "'rɪŋkl"
    },
    {
        "name": "pulse",
        "trans": [
            "强烈而有规律地跳动；搏动",
            "脉搏；节拍"
        ],
        "usphone": "pʌls",
        "ukphone": "pʌls"
    },
    {
        "name": "vein",
        "trans": [
            "血管；静脉"
        ],
        "usphone": "ven",
        "ukphone": "veɪn"
    },
    {
        "name": "applaud",
        "trans": [
            "鼓掌欢迎；赞许"
        ],
        "usphone": "ə'plɔd",
        "ukphone": "ə'plɔːd"
    },
    {
        "name": "look ahead",
        "trans": [
            "向前看；为将来打算"
        ],
        "usphone": "",
        "ukphone": ""
    },
    {
        "name": "howl",
        "trans": [
            "叫喊；吼叫；嗥叫"
        ],
        "usphone": "haʊl",
        "ukphone": "haʊl"
    },
    {
        "name": "accelerate",
        "trans": [
            "加速；促进"
        ],
        "usphone": "əkˈsɛləˌret",
        "ukphone": "ək'seləreɪt"
    },
    {
        "name": "spear",
        "trans": [
            "矛；标枪"
        ],
        "usphone": "spɪr",
        "ukphone": "spɪə"
    },
    {
        "name": "arrest",
        "trans": [
            "逮捕；吸引",
            "逮捕；拘留"
        ],
        "usphone": "ə'rɛst",
        "ukphone": "ə'rest"
    },
    {
        "name": "dizzy",
        "trans": [
            "晕眩的；昏乱的；使人发晕或困惑的"
        ],
        "usphone": "'dɪzi",
        "ukphone": "'dɪzɪ"
    },
    {
        "name": "eyebrow",
        "trans": [
            "眉毛"
        ],
        "usphone": "'aɪbraʊ",
        "ukphone": "'aɪbraʊ"
    },
    {
        "name": "cheekbone",
        "trans": [
            "颧骨"
        ],
        "usphone": "'tʃikbon",
        "ukphone": "'tʃiːkbəʊn"
    },
    {
        "name": "arrowhead",
        "trans": [
            "箭头"
        ],
        "usphone": "'ærohɛd",
        "ukphone": "'ærəʊhed"
    },
    {
        "name": "axe",
        "trans": [
            "斧；斧子"
        ],
        "usphone": "æks",
        "ukphone": "æks"
    },
    {
        "name": "hammer",
        "trans": [
            "铁锤；锤子"
        ],
        "usphone": "'hæmɚ",
        "ukphone": "'hæmə"
    },
    {
        "name": "gay",
        "trans": [
            "快乐的；欢快的"
        ],
        "usphone": "ɡe",
        "ukphone": "geɪ"
    },
    {
        "name": "gaily",
        "trans": [
            "快乐地；轻松地"
        ],
        "usphone": "'ɡeili",
        "ukphone": "'geɪlɪ"
    },
    {
        "name": "skilful",
        "trans": [
            "有技巧的；熟练的(<美>skillful)"
        ],
        "usphone": "'skilful",
        "ukphone": "'skɪlfʊl; -f(ə)l"
    },
    {
        "name": "date back",
        "trans": [
            "追溯到……"
        ],
        "usphone": "",
        "ukphone": ""
    },
    {
        "name": "punctuation",
        "trans": [
            "标点符号"
        ],
        "usphone": "'pʌŋktʃʊ'eʃən",
        "ukphone": "pʌŋ(k)tʃʊ'eɪʃ(ə)n; -tjʊ-"
    },
    {
        "name": "worship",
        "trans": [
            "敬奉；崇拜",
            "崇拜；敬神"
        ],
        "usphone": "'wɝʃɪp",
        "ukphone": "'wə:ʃip"
    },
    {
        "name": "craftsmanship",
        "trans": [
            "技艺；手艺；精工细作"
        ],
        "usphone": "'kræftsmənʃɪp",
        "ukphone": "'krɑːf(t)smənʃɪp"
    }
]