[
    {
        "name": "take place",
        "trans": [
            "发生"
        ],
        "usphone": "",
        "ukphone": ""
    },
    {
        "name": "beauty",
        "trans": [
            "美；美人"
        ],
        "usphone": "'bjuti",
        "ukphone": "'bjuːtɪ"
    },
    {
        "name": "harvest",
        "trans": [
            "收获；收割",
            "收获；收割"
        ],
        "usphone": "'hɑrvɪst",
        "ukphone": "'hɑːvɪst"
    },
    {
        "name": "celebration",
        "trans": [
            "庆祝；祝贺"
        ],
        "usphone": ",sɛlɪ'breʃən",
        "ukphone": "selɪ'breɪʃ(ə)n"
    },
    {
        "name": "hunter",
        "trans": [
            "狩猎者；猎人"
        ],
        "usphone": "'hʌntɚ",
        "ukphone": "'hʌntə"
    },
    {
        "name": "starve",
        "trans": [
            "(使)饿死；饿得要死"
        ],
        "usphone": "stɑrv",
        "ukphone": "stɑːv"
    },
    {
        "name": "origin",
        "trans": [
            "起源；由来；起因"
        ],
        "usphone": "'ɔrɪdʒɪn",
        "ukphone": "'ɒrɪdʒɪn"
    },
    {
        "name": "religious",
        "trans": [
            "宗教上的；信奉宗教的；虔诚的"
        ],
        "usphone": "rɪ'lɪdʒəs",
        "ukphone": "rɪ'lɪdʒəs"
    },
    {
        "name": "seasonal",
        "trans": [
            "季节的；季节性的"
        ],
        "usphone": "'sizənl",
        "ukphone": "'siːz(ə)n(ə)l"
    },
    {
        "name": "ancestor",
        "trans": [
            "祖先；祖宗"
        ],
        "usphone": "'ænsɛstɚ",
        "ukphone": "'ænsestə"
    },
    {
        "name": "Obon",
        "trans": [
            "（日本）盂兰盆节"
        ],
        "usphone": "",
        "ukphone": ""
    },
    {
        "name": "grave",
        "trans": [
            "坟墓；墓地"
        ],
        "usphone": "ɡrev",
        "ukphone": "greɪv"
    },
    {
        "name": "incense",
        "trans": [
            "熏香；熏香的烟"
        ],
        "usphone": "'ɪnsɛns",
        "ukphone": "'ɪnsens"
    },
    {
        "name": "in memory of",
        "trans": [
            "纪念；追念"
        ],
        "usphone": "",
        "ukphone": ""
    },
    {
        "name": "Mexico",
        "trans": [
            "墨西哥（拉丁美洲国家）"
        ],
        "usphone": "'mɛksɪko",
        "ukphone": "'meksɪkəʊ"
    },
    {
        "name": "feast",
        "trans": [
            "节日；盛宴"
        ],
        "usphone": "fist",
        "ukphone": "fiːst"
    },
    {
        "name": "skull",
        "trans": [
            "头脑；头骨"
        ],
        "usphone": "skʌl",
        "ukphone": "skʌl"
    },
    {
        "name": "bone",
        "trans": [
            "骨；骨头"
        ],
        "usphone": "bon",
        "ukphone": "bəʊn"
    },
    {
        "name": "Halloween",
        "trans": [
            "万圣节前夕；诸圣日前夕"
        ],
        "usphone": "ˌhæloˈin",
        "ukphone": "ˌhæləʊ'iːn"
    },
    {
        "name": "belief",
        "trans": [
            "信心；信任；信仰"
        ],
        "usphone": "bɪ'lif",
        "ukphone": "bɪ'liːf"
    },
    {
        "name": "dress up",
        "trans": [
            "盛装打扮；装饰"
        ],
        "usphone": "drɛs ʌp",
        "ukphone": "dres ʌp"
    },
    {
        "name": "trick",
        "trans": [
            "诡计；恶作剧；窍门",
            "欺骗；诈骗"
        ],
        "usphone": "trɪk",
        "ukphone": "trɪk"
    },
    {
        "name": "play a trick on",
        "trans": [
            "搞恶作剧; 开玩笑；诈骗"
        ],
        "usphone": "",
        "ukphone": ""
    },
    {
        "name": "poet",
        "trans": [
            "诗人"
        ],
        "usphone": "'poət",
        "ukphone": "'pəʊɪt"
    },
    {
        "name": "Columbus Day",
        "trans": [
            "哥伦布日"
        ],
        "usphone": "",
        "ukphone": ""
    },
    {
        "name": "arrival",
        "trans": [
            "到来；到达"
        ],
        "usphone": "ə'raɪvəl",
        "ukphone": "ə'raɪv(ə)l"
    },
    {
        "name": "Christopher Columbus",
        "trans": [
            "克利斯朵夫•哥伦布（意大利航海家）"
        ],
        "usphone": "",
        "ukphone": ""
    },
    {
        "name": "gain",
        "trans": [
            "获得；得到"
        ],
        "usphone": "ɡen",
        "ukphone": "geɪn"
    },
    {
        "name": "independence",
        "trans": [
            "独立；自主"
        ],
        "usphone": ",ɪndɪ'pɛndəns",
        "ukphone": "ɪndɪ'pend(ə)ns"
    },
    {
        "name": "independent",
        "trans": [
            "独立的；自主的"
        ],
        "usphone": "'ɪndɪ'pɛndənt",
        "ukphone": ",ɪndɪ'pendənt"
    },
    {
        "name": "gather",
        "trans": [
            "集合；聚集；搜集"
        ],
        "usphone": "'ɡæðɚ",
        "ukphone": "'gæðə"
    },
    {
        "name": "agriculture",
        "trans": [
            "农业；农艺；农学"
        ],
        "usphone": "'æɡrɪkʌltʃɚ",
        "ukphone": "'ægrɪkʌltʃə"
    },
    {
        "name": "agricultural",
        "trans": [
            "农业的；农艺的"
        ],
        "usphone": ",ægrɪ'kʌltʃərəl",
        "ukphone": "æɡrɪ'kʌltʃərəl"
    },
    {
        "name": "award",
        "trans": [
            "奖；奖品",
            "授予；判定"
        ],
        "usphone": "ə'wɔrd",
        "ukphone": "ə'wɔːd"
    },
    {
        "name": "produce",
        "trans": [
            "产品；（尤指）农产品"
        ],
        "usphone": "prəˈdus;(for n.)ˈprɒdus; prɑdus",
        "ukphone": "prəˈdju:s;(for n.)ˈprɒdju:s"
    },
    {
        "name": "rooster",
        "trans": [
            "雄禽；公鸡"
        ],
        "usphone": "'rustɚ",
        "ukphone": "'ruːstə"
    },
    {
        "name": "admire",
        "trans": [
            "赞美；钦佩；羡慕"
        ],
        "usphone": "ədˈmaɪr",
        "ukphone": "əd'maɪə"
    },
    {
        "name": "energetic",
        "trans": [
            "充满活力的；精力充沛的；积极的"
        ],
        "usphone": ",ɛnɚ'dʒɛtɪk",
        "ukphone": ",enə'dʒetɪk"
    },
    {
        "name": "look forward to",
        "trans": [
            "期望；期待；盼望"
        ],
        "usphone": "",
        "ukphone": ""
    },
    {
        "name": "carnival",
        "trans": [
            "狂欢节；（四旬斋前的）饮宴狂欢；嘉年华（会）"
        ],
        "usphone": "'kɑrnɪvl",
        "ukphone": "'kɑːnɪv(ə)l"
    },
    {
        "name": "lunar",
        "trans": [
            "月的；月亮的；阴历的"
        ],
        "usphone": "'lunɚ",
        "ukphone": "'luːnə"
    },
    {
        "name": "Easter",
        "trans": [
            "(耶稣)复活节"
        ],
        "usphone": "istəʳ",
        "ukphone": "'i:stə"
    },
    {
        "name": "parade",
        "trans": [
            "游行；阅兵；检阅"
        ],
        "usphone": "pə'red",
        "ukphone": "pə'reɪd"
    },
    {
        "name": "day and night",
        "trans": [
            "日夜；昼夜；整天"
        ],
        "usphone": "",
        "ukphone": ""
    },
    {
        "name": "clothing",
        "trans": [
            "衣服"
        ],
        "usphone": "'kloðɪŋ",
        "ukphone": "'kləʊðɪŋ"
    },
    {
        "name": "Christian",
        "trans": [
            "基督徒；信徒",
            "基督教的；信基督教的"
        ],
        "usphone": "'krɪstʃən",
        "ukphone": "ˈkrɪstʃən"
    },
    {
        "name": "Jesus",
        "trans": [
            "耶稣"
        ],
        "usphone": "'dʒizəs",
        "ukphone": "'dʒiːzəs"
    },
    {
        "name": "cherry",
        "trans": [
            "樱桃；樱桃树"
        ],
        "usphone": "'tʃɛri",
        "ukphone": "'tʃerɪ"
    },
    {
        "name": "blossom",
        "trans": [
            "花",
            "开花"
        ],
        "usphone": "'blɑsəm",
        "ukphone": "'blɒs(ə)m"
    },
    {
        "name": "as though",
        "trans": [
            "好像"
        ],
        "usphone": "",
        "ukphone": ""
    },
    {
        "name": "have fun with",
        "trans": [
            "玩得开心"
        ],
        "usphone": "",
        "ukphone": ""
    },
    {
        "name": "custom",
        "trans": [
            "习惯；风俗"
        ],
        "usphone": "'kʌstəm",
        "ukphone": "'kʌstəm"
    },
    {
        "name": "worldwide",
        "trans": [
            "遍及全世界的；世界性的"
        ],
        "usphone": "'wɝldwaɪd",
        "ukphone": "'wɜːl(d)waɪd; wɜːl(d)'waɪd"
    },
    {
        "name": "rosebud",
        "trans": [
            "玫瑰花蕾"
        ],
        "usphone": "'rozbʌd",
        "ukphone": "'rəʊzbʌd"
    },
    {
        "name": "fool",
        "trans": [
            "愚人；白痴；受骗者",
            "干傻事；开玩笑",
            "傻的"
        ],
        "usphone": "ful",
        "ukphone": "fuːl"
    },
    {
        "name": "necessity",
        "trans": [
            "必要性；需要"
        ],
        "usphone": "nə'sɛsəti",
        "ukphone": "nɪ'sesɪtɪ"
    },
    {
        "name": "permission",
        "trans": [
            "许可；允许"
        ],
        "usphone": "pɚ'mɪʃən",
        "ukphone": "pə'mɪʃ(ə)n"
    },
    {
        "name": "prediction",
        "trans": [
            "预言；预报；预告"
        ],
        "usphone": "prɪ'dɪkʃən",
        "ukphone": "prɪ'dɪkʃ(ə)n"
    },
    {
        "name": "fashion",
        "trans": [
            "时尚；样子；方式"
        ],
        "usphone": "'fæʃən",
        "ukphone": "'fæʃ(ə)n"
    },
    {
        "name": "Trinidad",
        "trans": [
            "特立尼达岛"
        ],
        "usphone": "'trinidæd; ,tri:ni'ðɑ:ð",
        "ukphone": "'trɪnɪ,dæd"
    },
    {
        "name": "Carla",
        "trans": [
            "卡拉（女名）"
        ],
        "usphone": "",
        "ukphone": ""
    },
    {
        "name": "Hari",
        "trans": [
            "哈利（男名）"
        ],
        "usphone": "",
        "ukphone": ""
    },
    {
        "name": "parking",
        "trans": [
            "（汽车等）停放"
        ],
        "usphone": "'pɑrkɪŋ",
        "ukphone": "'pɑːkɪŋ"
    },
    {
        "name": "parking lot",
        "trans": [
            "停车场"
        ],
        "usphone": "",
        "ukphone": ""
    },
    {
        "name": "Valentine's Day",
        "trans": [
            "圣瓦伦廷节；情人节"
        ],
        "usphone": "",
        "ukphone": ""
    },
    {
        "name": "turn up",
        "trans": [
            "出现；到场"
        ],
        "usphone": "",
        "ukphone": ""
    },
    {
        "name": "keep one's word",
        "trans": [
            "守信用；履行诺言"
        ],
        "usphone": "",
        "ukphone": ""
    },
    {
        "name": "hold one's breath",
        "trans": [
            "屏息；屏气"
        ],
        "usphone": "",
        "ukphone": ""
    },
    {
        "name": "apologize",
        "trans": [
            "道歉；辩白"
        ],
        "usphone": "ə'pɑlədʒaɪz",
        "ukphone": "ə'pɒlədʒaɪz"
    },
    {
        "name": "drown",
        "trans": [
            "淹没；溺死；淹死"
        ],
        "usphone": "draʊn",
        "ukphone": "draʊn"
    },
    {
        "name": "sadness",
        "trans": [
            "悲哀，悲伤"
        ],
        "usphone": "'sædnəs",
        "ukphone": "'sædnəs"
    },
    {
        "name": "obvious",
        "trans": [
            "明显的；显而易见的"
        ],
        "usphone": "'ɑbvɪəs",
        "ukphone": "'ɒbvɪəs"
    },
    {
        "name": "wipe",
        "trans": [
            "擦；揩；擦去"
        ],
        "usphone": "waɪp",
        "ukphone": "waɪp"
    },
    {
        "name": "weave",
        "trans": [
            "(过去式 wove, 过去分词 woven)（使）迂回"
        ],
        "usphone": "wiv",
        "ukphone": "wiːv"
    },
    {
        "name": "herd",
        "trans": [
            "牧群；兽群"
        ],
        "usphone": "hɝd",
        "ukphone": "hɜːd"
    },
    {
        "name": "the Milky Way",
        "trans": [
            "银河"
        ],
        "usphone": "",
        "ukphone": ""
    },
    {
        "name": "magpie",
        "trans": [
            "喜鹊"
        ],
        "usphone": "'mæɡpai",
        "ukphone": "'mægpaɪ"
    },
    {
        "name": "weep",
        "trans": [
            "(过去式 wept, 过去分词 wept) 哭泣；流泪",
            "哭；哭泣"
        ],
        "usphone": "wip",
        "ukphone": "wiːp"
    },
    {
        "name": "announcer",
        "trans": [
            "广播员；告知者；报幕员"
        ],
        "usphone": "ə'naʊnsɚ",
        "ukphone": "ə'naʊnsə"
    },
    {
        "name": "set off",
        "trans": [
            "出发；动身；使爆炸"
        ],
        "usphone": ",set 'ɔf",
        "ukphone": ",set 'ɔf"
    },
    {
        "name": "remind",
        "trans": [
            "提醒；使想起"
        ],
        "usphone": "rɪ'maɪnd",
        "ukphone": "rɪ'maɪnd"
    },
    {
        "name": "remind...of...",
        "trans": [
            "使……想起……"
        ],
        "usphone": "",
        "ukphone": ""
    },
    {
        "name": "forgive",
        "trans": [
            "(过去式 forgave, 过去分词 forgiven) 原谅；饶恕"
        ],
        "usphone": "fɚ'ɡɪv",
        "ukphone": "fə'gɪv"
    },
    {
        "name": "Diet",
        "trans": [
            "日常饮食",
            "节食"
        ],
        "usphone": "'daɪət",
        "ukphone": "'daɪət"
    },
    {
        "name": "spaghetti",
        "trans": [
            "意大利式细面条"
        ],
        "usphone": "spə'ɡɛti",
        "ukphone": "spə'getɪ"
    },
    {
        "name": "nut",
        "trans": [
            "坚果；果仁"
        ],
        "usphone": "nʌt",
        "ukphone": "nʌt"
    },
    {
        "name": "muscle",
        "trans": [
            "肌肉"
        ],
        "usphone": "'mʌsl",
        "ukphone": "'mʌs(ə)l"
    },
    {
        "name": "protective",
        "trans": [
            "给予保护的；保护的"
        ],
        "usphone": "prə'tɛktɪv",
        "ukphone": "prə'tektɪv"
    },
    {
        "name": "bean",
        "trans": [
            "豆；豆科植物"
        ],
        "usphone": "bin",
        "ukphone": "biːn"
    },
    {
        "name": "pea",
        "trans": [
            "豌豆"
        ],
        "usphone": "pi",
        "ukphone": "piː"
    },
    {
        "name": "cucumber",
        "trans": [
            "黄瓜"
        ],
        "usphone": "'kjʊ,kʌmbɚ",
        "ukphone": "'kjuːkʌmbə"
    },
    {
        "name": "eggplant",
        "trans": [
            "茄子"
        ],
        "usphone": "'ɛɡplænt",
        "ukphone": "'egplɑːnt"
    },
    {
        "name": "pepper",
        "trans": [
            "辣椒；辣椒粉"
        ],
        "usphone": "'pɛpɚ",
        "ukphone": "'pepə"
    },
    {
        "name": "mushroom",
        "trans": [
            "蘑菇"
        ],
        "usphone": "'mʌʃrʊm",
        "ukphone": "'mʌʃruːm; -rʊm"
    },
    {
        "name": "peach",
        "trans": [
            "桃子"
        ],
        "usphone": "pitʃ",
        "ukphone": "piːtʃ"
    },
    {
        "name": "lemon",
        "trans": [
            "柠檬"
        ],
        "usphone": "'lɛmən",
        "ukphone": "'lemən"
    },
    {
        "name": "balance",
        "trans": [
            "平衡；权衡",
            "平衡；天平"
        ],
        "usphone": "'bæləns",
        "ukphone": "'bæl(ə)ns"
    },
    {
        "name": "balanced diet",
        "trans": [
            "平衡膳食"
        ],
        "usphone": "",
        "ukphone": ""
    },
    {
        "name": "barbecue",
        "trans": [
            "烧烤；烤肉",
            "烧烤；烤肉"
        ],
        "usphone": "'bɑrbɪkju",
        "ukphone": "'bɑːbɪkjuː"
    },
    {
        "name": "mutton",
        "trans": [
            "羊肉"
        ],
        "usphone": "'mʌtn",
        "ukphone": "'mʌt(ə)n"
    },
    {
        "name": "kebab",
        "trans": [
            "(印度)烤腌羊肉串；肉串上的肉块"
        ],
        "usphone": "kɪ'bæb",
        "ukphone": "kɪ'bæb; kə'bɑːb"
    },
    {
        "name": "roast",
        "trans": [
            "烤制的",
            "烤；烘；烘烤"
        ],
        "usphone": "rost",
        "ukphone": "rəʊst"
    },
    {
        "name": "stir",
        "trans": [
            "摇动；搅和"
        ],
        "usphone": "stɝ",
        "ukphone": "stɜː"
    },
    {
        "name": "fry",
        "trans": [
            "油煎；油炸"
        ],
        "usphone": "fraɪ",
        "ukphone": "fraɪ"
    },
    {
        "name": "stir-fry",
        "trans": [
            "用旺火炒（或煎、煸）"
        ],
        "usphone": "'stə:frai",
        "ukphone": "'stə:frai"
    },
    {
        "name": "ought",
        "trans": [
            "应当；应该"
        ],
        "usphone": "ɔt",
        "ukphone": "ɔːt"
    },
    {
        "name": "ought to",
        "trans": [
            "应当；应该"
        ],
        "usphone": "",
        "ukphone": ""
    },
    {
        "name": "bacon",
        "trans": [
            "熏咸肉；腊肉"
        ],
        "usphone": "'bekən",
        "ukphone": "'beɪk(ə)n"
    },
    {
        "name": "cola",
        "trans": [
            "可乐饮料"
        ],
        "usphone": "'kolə",
        "ukphone": "'kəʊlə"
    },
    {
        "name": "sugary",
        "trans": [
            "含糖的；甜的"
        ],
        "usphone": "'ʃʊɡəri",
        "ukphone": "'ʃʊg(ə)rɪ"
    },
    {
        "name": "sign",
        "trans": [
            "牌示；标记；符号"
        ],
        "usphone": "saɪn",
        "ukphone": "saɪn"
    },
    {
        "name": "lose weight",
        "trans": [
            "体重减轻；减肥"
        ],
        "usphone": "",
        "ukphone": ""
    },
    {
        "name": "slim",
        "trans": [
            "变细；减肥",
            "苗条的；纤细的"
        ],
        "usphone": "slɪm",
        "ukphone": "slɪm"
    },
    {
        "name": "curiosity",
        "trans": [
            "好奇心"
        ],
        "usphone": ",kjʊrɪ'ɑsəti",
        "ukphone": "kjʊərɪ'ɒsɪtɪ"
    },
    {
        "name": "hostess",
        "trans": [
            "女主人；女主持人"
        ],
        "usphone": "'hostəs",
        "ukphone": "'həʊstɪs; -es; həʊ'stes"
    },
    {
        "name": "raw",
        "trans": [
            "生的；未加工的"
        ],
        "usphone": "rɔ",
        "ukphone": "rɔː"
    },
    {
        "name": "vinegar",
        "trans": [
            "醋"
        ],
        "usphone": "'vɪnɪɡɚ",
        "ukphone": "'vɪnɪgə"
    },
    {
        "name": "get away with",
        "trans": [
            "被放过；（做坏事）不受惩罚"
        ],
        "usphone": "",
        "ukphone": ""
    },
    {
        "name": "lie",
        "trans": [
            "谎话；谎言",
            "说谎"
        ],
        "usphone": "",
        "ukphone": "laɪ"
    },
    {
        "name": "tell a lie",
        "trans": [
            "说谎"
        ],
        "usphone": "",
        "ukphone": ""
    },
    {
        "name": "customer",
        "trans": [
            "顾客；消费者"
        ],
        "usphone": "'kʌstəmɚ",
        "ukphone": "'kʌstəmə"
    },
    {
        "name": "discount",
        "trans": [
            "折扣"
        ],
        "usphone": "dɪs'kaʊnt",
        "ukphone": "'dɪskaʊnt"
    },
    {
        "name": "win...back",
        "trans": [
            "赢回；重新获得"
        ],
        "usphone": "",
        "ukphone": ""
    },
    {
        "name": "weakness",
        "trans": [
            "缺点；弱点；虚弱"
        ],
        "usphone": "'wiknəs",
        "ukphone": "ˈwiːknəs"
    },
    {
        "name": "strength",
        "trans": [
            "力量；强项；长处"
        ],
        "usphone": "strɛŋθ",
        "ukphone": "streŋθ; streŋkθ"
    },
    {
        "name": "consult",
        "trans": [
            "咨询；请教；商量"
        ],
        "usphone": "kən'sʌlt",
        "ukphone": "kən'sʌlt"
    },
    {
        "name": "fibre",
        "trans": [
            "纤维；纤维制品"
        ],
        "usphone": "'faibə",
        "ukphone": "'faɪbə"
    },
    {
        "name": "digest",
        "trans": [
            "消化",
            "摘要；概要"
        ],
        "usphone": "daɪ'dʒɛst",
        "ukphone": "daɪ'dʒest; dɪ-"
    },
    {
        "name": "poisonous",
        "trans": [
            "有毒的"
        ],
        "usphone": "'pɔɪzənəs",
        "ukphone": "'pɒɪzənəs"
    },
    {
        "name": "carrot",
        "trans": [
            "胡萝卜"
        ],
        "usphone": "'kærət",
        "ukphone": "'kærət"
    },
    {
        "name": "scurvy",
        "trans": [
            "坏血病"
        ],
        "usphone": "'skɝvi",
        "ukphone": "'skɜːvɪ"
    },
    {
        "name": "rickets",
        "trans": [
            "佝偻病"
        ],
        "usphone": "'rɪkɪts",
        "ukphone": "'rɪkɪts"
    },
    {
        "name": "obesity",
        "trans": [
            "过度肥胖"
        ],
        "usphone": "o'bisəti",
        "ukphone": "ə(ʊ)'biːsɪtɪ"
    },
    {
        "name": "vitamin",
        "trans": [
            "维生素"
        ],
        "usphone": "'vaɪtəmɪn",
        "ukphone": "'vɪtəmɪn; 'vaɪt-"
    },
    {
        "name": "protein",
        "trans": [
            "蛋白质"
        ],
        "usphone": "'protin",
        "ukphone": "'prəʊtiːn"
    },
    {
        "name": "earn one's living",
        "trans": [
            "谋生"
        ],
        "usphone": "",
        "ukphone": ""
    },
    {
        "name": "debt",
        "trans": [
            "债；债务"
        ],
        "usphone": "dɛt",
        "ukphone": "det"
    },
    {
        "name": "in debt",
        "trans": [
            "欠债"
        ],
        "usphone": "",
        "ukphone": ""
    },
    {
        "name": "glare",
        "trans": [
            "怒目而视；闪耀",
            "怒视；眩目的光"
        ],
        "usphone": "ɡlɛr",
        "ukphone": "gleə"
    },
    {
        "name": "spy",
        "trans": [
            "窥探；秘密监视",
            "间谍；侦探"
        ],
        "usphone": "spaɪ",
        "ukphone": "spaɪ"
    },
    {
        "name": "spy on",
        "trans": [
            "暗中监视；侦查"
        ],
        "usphone": "",
        "ukphone": ""
    },
    {
        "name": "limit",
        "trans": [
            "限制；限定",
            "界限；限度"
        ],
        "usphone": "'lɪmɪt",
        "ukphone": "'lɪmɪt"
    },
    {
        "name": "limited",
        "trans": [
            "有限的"
        ],
        "usphone": "'lɪmɪtɪd",
        "ukphone": "'lɪmɪtɪd"
    },
    {
        "name": "benefit",
        "trans": [
            "利益；好处",
            "有益于；有助于；受益"
        ],
        "usphone": "'bɛnɪfɪt",
        "ukphone": "'benɪfɪt"
    },
    {
        "name": "breast",
        "trans": [
            "胸部；乳房"
        ],
        "usphone": "brɛst",
        "ukphone": "brest"
    },
    {
        "name": "garlic",
        "trans": [
            "大蒜"
        ],
        "usphone": "'ɡɑrlɪk",
        "ukphone": "'gɑːlɪk"
    },
    {
        "name": "sigh",
        "trans": [
            "叹息；叹气",
            "叹息；叹息声"
        ],
        "usphone": "saɪ",
        "ukphone": "saɪ"
    },
    {
        "name": "combine",
        "trans": [
            "（使）联合；（使）结合"
        ],
        "usphone": "kəm'baɪn",
        "ukphone": "kəm'baɪn"
    },
    {
        "name": "cut down",
        "trans": [
            "削减；删节"
        ],
        "usphone": "",
        "ukphone": ""
    },
    {
        "name": "before long",
        "trans": [
            "不久以后"
        ],
        "usphone": "",
        "ukphone": ""
    },
    {
        "name": "put on weight",
        "trans": [
            "增加体重"
        ],
        "usphone": "",
        "ukphone": ""
    },
    {
        "name": "cooperation",
        "trans": [
            "合作；协作"
        ],
        "usphone": "ko,ɑpə'reʃən",
        "ukphone": "kəʊ,ɒpə'reɪʃ(ə)n"
    },
    {
        "name": "ingredient",
        "trans": [
            "（烹调用的）材料；原料；成分"
        ],
        "usphone": "ɪn'ɡridɪənt",
        "ukphone": "ɪn'griːdɪənt"
    },
    {
        "name": "flavour",
        "trans": [
            "（食物的）味道与气味；特性"
        ],
        "usphone": "'fleivə",
        "ukphone": "'fleɪvə"
    },
    {
        "name": "Mark Twain",
        "trans": [
            "马克•吐温(美国作家)"
        ],
        "usphone": "",
        "ukphone": ""
    },
    {
        "name": "birthplace",
        "trans": [
            "出生地；故乡"
        ],
        "usphone": "'bɝθ'ples",
        "ukphone": "'bɜːθpleɪs"
    },
    {
        "name": "Florida",
        "trans": [
            "佛罗里达镇（位于密苏里州）佛罗里达州（美国州名）"
        ],
        "usphone": "'flɔridə",
        "ukphone": "'flɔridə"
    },
    {
        "name": "bring up",
        "trans": [
            "抚养；培养；教育；提出"
        ],
        "usphone": "",
        "ukphone": ""
    },
    {
        "name": "Hannibal",
        "trans": [
            "汉尼拔（美国城市）"
        ],
        "usphone": "'hænibəl",
        "ukphone": "'hænibəl"
    },
    {
        "name": "Missouri",
        "trans": [
            "密苏里州（美国州名）"
        ],
        "usphone": "mɪ'zʊri",
        "ukphone": "mi'zuəri"
    },
    {
        "name": "Mississippi",
        "trans": [
            "密西西比河；密西西比州（美国州名）"
        ],
        "usphone": "ˌmisiˈsipi",
        "ukphone": "ˌmisiˈsipi"
    },
    {
        "name": "novel",
        "trans": [
            "小说；长篇故事",
            "新奇的；异常的"
        ],
        "usphone": "ˈnɑːvl",
        "ukphone": "'nɒv(ə)l"
    },
    {
        "name": "boyhood",
        "trans": [
            "少年时代"
        ],
        "usphone": "'bɔɪhʊd",
        "ukphone": "'bɒɪhʊd"
    },
    {
        "name": "adventure",
        "trans": [
            "奇遇；冒险"
        ],
        "usphone": "əd'vɛntʃɚ",
        "ukphone": "əd'ventʃə"
    },
    {
        "name": "Tom Sawyer",
        "trans": [
            "汤姆•索亚（人名）"
        ],
        "usphone": "",
        "ukphone": ""
    },
    {
        "name": "Huckleberry Finn",
        "trans": [
            "哈克贝利•费恩（人名）"
        ],
        "usphone": "",
        "ukphone": ""
    },
    {
        "name": "phrase",
        "trans": [
            "短语；词组；惯用语"
        ],
        "usphone": "frez",
        "ukphone": "freɪz"
    },
    {
        "name": "fathom",
        "trans": [
            "英寻（长度单位，等于六英尺）"
        ],
        "usphone": "'fæðəm",
        "ukphone": "'fæð(ə)m"
    },
    {
        "name": "author",
        "trans": [
            "著者；作家"
        ],
        "usphone": "'ɔθɚ",
        "ukphone": "'ɔːθə"
    },
    {
        "name": "Samuel Langhorne Clemens",
        "trans": [
            "塞缪尔•兰霍恩•克莱门斯（人名）"
        ],
        "usphone": "",
        "ukphone": ""
    },
    {
        "name": "scene",
        "trans": [
            "（戏剧）一场；场面；现场；景色"
        ],
        "usphone": "sin",
        "ukphone": "siːn"
    },
    {
        "name": "narrator",
        "trans": [
            "讲述者，叙述者"
        ],
        "usphone": "næ'retɚ",
        "ukphone": "nə'reɪtə"
    },
    {
        "name": "Roderick",
        "trans": [
            "罗德里克（男名）"
        ],
        "usphone": "'rɔdərik",
        "ukphone": "'rɔdərik"
    },
    {
        "name": "Oliver",
        "trans": [
            "奥利弗（男名）"
        ],
        "usphone": "'ɑləvɚ",
        "ukphone": "'ɒlɪvə"
    },
    {
        "name": "bet",
        "trans": [
            "赌；打赌",
            "打赌；赌钱"
        ],
        "usphone": "bɛt",
        "ukphone": "bet"
    },
    {
        "name": "make a bet",
        "trans": [
            "打赌"
        ],
        "usphone": "",
        "ukphone": ""
    },
    {
        "name": "penniless",
        "trans": [
            "贫困的；身无分文的"
        ],
        "usphone": "'penilis",
        "ukphone": "'penɪlɪs"
    },
    {
        "name": "wander",
        "trans": [
            "漫游；漫步；漂泊"
        ],
        "usphone": "'wɑndɚ",
        "ukphone": "'wɒndə"
    },
    {
        "name": "pavement",
        "trans": [
            "人行道"
        ],
        "usphone": "'pevmənt",
        "ukphone": "'peɪvm(ə)nt"
    },
    {
        "name": "businessman",
        "trans": [
            "商人"
        ],
        "usphone": "'bɪznəsmæn",
        "ukphone": "'bɪznɪsmən"
    },
    {
        "name": "permit",
        "trans": [
            "许可；允许；准许",
            "通行证；许可证；执照"
        ],
        "usphone": "pɚ'mɪt",
        "ukphone": "pə'mɪt"
    },
    {
        "name": "ahead",
        "trans": [
            "在前；向前；提前"
        ],
        "usphone": "ə'hɛd",
        "ukphone": "ə'hed"
    },
    {
        "name": "go ahead",
        "trans": [
            "前进；（用于祈使句）可以；往下说"
        ],
        "usphone": "",
        "ukphone": ""
    },
    {
        "name": "by accident",
        "trans": [
            "偶然；无意中；不小心"
        ],
        "usphone": "",
        "ukphone": ""
    },
    {
        "name": "bay",
        "trans": [
            "海湾"
        ],
        "usphone": "be",
        "ukphone": "beɪ"
    },
    {
        "name": "stare",
        "trans": [
            "凝视；盯着看"
        ],
        "usphone": "stɛr",
        "ukphone": "steə"
    },
    {
        "name": "stare at",
        "trans": [
            "盯着看；凝视"
        ],
        "usphone": "",
        "ukphone": ""
    },
    {
        "name": "nightfall",
        "trans": [
            "黄昏"
        ],
        "usphone": "'naɪt'fɔl",
        "ukphone": "'naɪtfɔːl"
    },
    {
        "name": "fault",
        "trans": [
            "过错；缺点；故障"
        ],
        "usphone": "fɔlt",
        "ukphone": "fɔːlt; fɒlt"
    },
    {
        "name": "spot",
        "trans": [
            "发现；认出",
            "地点；斑点；污点"
        ],
        "usphone": "spɑt",
        "ukphone": "spɒt"
    },
    {
        "name": "passage",
        "trans": [
            "〔乘船旅行的〕航程；〔书、诗歌、演讲、乐曲等的〕一段；通道"
        ],
        "usphone": "'pæsɪdʒ",
        "ukphone": "'pæsɪdʒ"
    },
    {
        "name": "unpaid",
        "trans": [
            "未付款的；不受报酬的"
        ],
        "usphone": ",ʌn'ped",
        "ukphone": "ʌn'peɪd"
    },
    {
        "name": "account",
        "trans": [
            "认为；说明；总计有",
            "说明；理由；计算，帐目"
        ],
        "usphone": "ə'kaʊnt",
        "ukphone": "ə'kaʊnt"
    },
    {
        "name": "account for",
        "trans": [
            "导致；做出解释"
        ],
        "usphone": "",
        "ukphone": ""
    },
    {
        "name": "embassy",
        "trans": [
            "大使馆；大使及其官员"
        ],
        "usphone": "'ɛmbəsi",
        "ukphone": "'embəsɪ"
    },
    {
        "name": "seek",
        "trans": [
            "寻找；探索；寻求"
        ],
        "usphone": "sik",
        "ukphone": "siːk"
    },
    {
        "name": "patience",
        "trans": [
            "耐性；忍耐"
        ],
        "usphone": "'peʃns",
        "ukphone": "'peɪʃ(ə)ns"
    },
    {
        "name": "contrary",
        "trans": [
            "反面；对立面",
            "相反的；相违的"
        ],
        "usphone": "'kɑntrɛri",
        "ukphone": "'kɒntrərɪ"
    },
    {
        "name": "on the contrary",
        "trans": [
            "与此相反；正相反"
        ],
        "usphone": "",
        "ukphone": ""
    },
    {
        "name": "charity",
        "trans": [
            "慈善（团体）；施舍"
        ],
        "usphone": "'tʃærəti",
        "ukphone": "'tʃærɪtɪ"
    },
    {
        "name": "envelope",
        "trans": [
            "信封"
        ],
        "usphone": "",
        "ukphone": "'envələʊp; 'ɒn-"
    },
    {
        "name": "unbelievable",
        "trans": [
            "难以置信的"
        ],
        "usphone": ",ʌnbɪ'livəbl",
        "ukphone": "ʌnbɪ'liːvəb(ə)l"
    },
    {
        "name": "Horace",
        "trans": [
            "霍勒斯（男名）"
        ],
        "usphone": "'hɔrəs",
        "ukphone": "'hɔrəs"
    },
    {
        "name": "steak",
        "trans": [
            "(供煎、烤的)肉块；鱼排；牛排"
        ],
        "usphone": "stek",
        "ukphone": "steɪk"
    },
    {
        "name": "pineapple",
        "trans": [
            "菠萝"
        ],
        "usphone": "'paɪn'æpl",
        "ukphone": "'paɪnæp(ə)l"
    },
    {
        "name": "dessert",
        "trans": [
            "餐后甜点"
        ],
        "usphone": "dɪ'zɝt",
        "ukphone": "dɪ'zɜːt"
    },
    {
        "name": "amount",
        "trans": [
            "数量"
        ],
        "usphone": "ə'maʊnt",
        "ukphone": "ə'maʊnt"
    },
    {
        "name": "take a chance",
        "trans": [
            "冒险"
        ],
        "usphone": "",
        "ukphone": ""
    },
    {
        "name": "rude",
        "trans": [
            "粗鲁的；无礼的"
        ],
        "usphone": "rud",
        "ukphone": "ruːd"
    },
    {
        "name": "manner",
        "trans": [
            "方式；举止；礼貌"
        ],
        "usphone": "'mænɚ",
        "ukphone": "'mænə"
    },
    {
        "name": "scream",
        "trans": [
            "尖声叫",
            "尖叫声；喊叫声"
        ],
        "usphone": "skrim",
        "ukphone": "skriːm"
    },
    {
        "name": "genuine",
        "trans": [
            "真的；真诚的"
        ],
        "usphone": "'dʒɛnjʊɪn",
        "ukphone": "'dʒenjʊɪn"
    },
    {
        "name": "issue",
        "trans": [
            "发布（命令）；发行（钞票等）",
            "〔杂志或报纸的〕期，号"
        ],
        "usphone": "'ɪʃu",
        "ukphone": "'ɪʃuː; 'ɪsjuː"
    },
    {
        "name": "fake",
        "trans": [
            "假货；欺骗",
            "假的"
        ],
        "usphone": "feɪk",
        "ukphone": "feɪk"
    },
    {
        "name": "rag",
        "trans": [
            "破布；碎布"
        ],
        "usphone": "ræɡ",
        "ukphone": "ræg"
    },
    {
        "name": "in rags",
        "trans": [
            "衣衫褴褛"
        ],
        "usphone": "",
        "ukphone": ""
    },
    {
        "name": "indeed",
        "trans": [
            "真正地；确实；实在"
        ],
        "usphone": "ɪn'did",
        "ukphone": "ɪn'diːd"
    },
    {
        "name": "as for",
        "trans": [
            "关于；至于"
        ],
        "usphone": "",
        "ukphone": ""
    },
    {
        "name": "bow",
        "trans": [
            "鞠躬；弯腰",
            "鞠躬；弯腰"
        ],
        "usphone": "baʊ",
        "ukphone": "baʊ"
    },
    {
        "name": "barber",
        "trans": [
            "理发师"
        ],
        "usphone": "'bɑrbɚ",
        "ukphone": "'bɑːbə"
    },
    {
        "name": "astronomy",
        "trans": [
            "天文学"
        ],
        "usphone": "ə'strɑnəmi",
        "ukphone": "ə'strɒnəmɪ"
    },
    {
        "name": "astronomer",
        "trans": [
            "天文学家"
        ],
        "usphone": "ə'strɑnəmɚ",
        "ukphone": "ə'strɒnəmə"
    },
    {
        "name": "solar",
        "trans": [
            "太阳的；日光的"
        ],
        "usphone": "'solɚ",
        "ukphone": "'səʊlə"
    },
    {
        "name": "system",
        "trans": [
            "系统；体系；制度"
        ],
        "usphone": "'sɪstəm",
        "ukphone": "'sɪstəm"
    },
    {
        "name": "solar system",
        "trans": [
            "太阳系"
        ],
        "usphone": "",
        "ukphone": ""
    },
    {
        "name": "religion",
        "trans": [
            "宗教信仰；宗教"
        ],
        "usphone": "rɪ'lɪdʒən",
        "ukphone": "rɪ'lɪdʒ(ə)n"
    },
    {
        "name": "theory",
        "trans": [
            "学说；理论"
        ],
        "usphone": "'θiəri",
        "ukphone": "'θɪərɪ"
    },
    {
        "name": "Big Bang",
        "trans": [
            "宇宙大爆炸；创世大爆炸"
        ],
        "usphone": "",
        "ukphone": ""
    },
    {
        "name": "atom",
        "trans": [
            "原子"
        ],
        "usphone": "'ætəm",
        "ukphone": "'ætəm"
    },
    {
        "name": "billion",
        "trans": [
            "亿万",
            "十亿"
        ],
        "usphone": "'bɪljən",
        "ukphone": "'bɪljən"
    },
    {
        "name": "globe",
        "trans": [
            "地球仪；球体；地球"
        ],
        "usphone": "ɡlob",
        "ukphone": "gləʊb"
    },
    {
        "name": "global",
        "trans": [
            "全球性的；全世界的"
        ],
        "usphone": "'ɡlobl",
        "ukphone": "'gləʊb(ə)l"
    },
    {
        "name": "violent",
        "trans": [
            "强暴的；猛烈的；激烈的"
        ],
        "usphone": "'vaɪələnt",
        "ukphone": "'vaɪəl(ə)nt"
    },
    {
        "name": "in time",
        "trans": [
            "及时；终于"
        ],
        "usphone": "",
        "ukphone": ""
    },
    {
        "name": "carbon",
        "trans": [
            "碳"
        ],
        "usphone": "'kɑrbən",
        "ukphone": "'kɑːb(ə)n"
    },
    {
        "name": "nitrogen",
        "trans": [
            "氮"
        ],
        "usphone": "'naɪtrədʒən",
        "ukphone": "'naɪtrədʒ(ə)n"
    },
    {
        "name": "vapour",
        "trans": [
            "蒸气；水蒸气"
        ],
        "usphone": "'vepɚ",
        "ukphone": "'veɪpə"
    },
    {
        "name": "atmosphere",
        "trans": [
            "气氛；大气；空气"
        ],
        "usphone": "'ætməsfɪr",
        "ukphone": "'ætməsfɪə"
    },
    {
        "name": "unlike",
        "trans": [
            "不同；不像"
        ],
        "usphone": "'ʌn'laɪk",
        "ukphone": "ʌn'laɪk"
    },
    {
        "name": "fundamental",
        "trans": [
            "基本的；基础的"
        ],
        "usphone": ",fʌndə'mɛntl",
        "ukphone": "fʌndə'ment(ə)l"
    },
    {
        "name": "presence",
        "trans": [
            "出席；到场；存在"
        ],
        "usphone": "'prɛzns",
        "ukphone": "'prez(ə)ns"
    },
    {
        "name": "dissolve",
        "trans": [
            "溶解；解散"
        ],
        "usphone": "dɪ'zɑlv",
        "ukphone": "dɪ'zɒlv"
    },
    {
        "name": "harmful",
        "trans": [
            "有害的"
        ],
        "usphone": "'hɑrmfəl",
        "ukphone": "'hɑːmfʊl; -f(ə)l"
    },
    {
        "name": "acid",
        "trans": [
            "酸"
        ],
        "usphone": "'æsɪd",
        "ukphone": "'æsɪd"
    },
    {
        "name": "chain",
        "trans": [
            "链子；连锁；锁链"
        ],
        "usphone": "tʃen",
        "ukphone": "tʃeɪn"
    },
    {
        "name": "reaction",
        "trans": [
            "反应；回应"
        ],
        "usphone": "rɪ'ækʃən",
        "ukphone": "rɪ'ækʃ(ə)n"
    },
    {
        "name": "multiply",
        "trans": [
            "乘；增加"
        ],
        "usphone": "'mʌltɪplaɪ",
        "ukphone": "'mʌltɪplaɪ"
    },
    {
        "name": "oxygen",
        "trans": [
            "氧"
        ],
        "usphone": "'ɑksɪdʒən",
        "ukphone": "'ɒksɪdʒ(ə)n"
    },
    {
        "name": "shellfish",
        "trans": [
            "水生有壳动物"
        ],
        "usphone": "'ʃɛl'fɪʃ",
        "ukphone": "'ʃelfɪʃ"
    },
    {
        "name": "amphibian",
        "trans": [
            "两栖动物"
        ],
        "usphone": "æm'fɪbɪən",
        "ukphone": "æm'fɪbɪən"
    },
    {
        "name": "reptile",
        "trans": [
            "爬行动物；爬虫"
        ],
        "usphone": "'rɛptaɪl",
        "ukphone": "'reptaɪl"
    },
    {
        "name": "lay eggs",
        "trans": [
            "下蛋"
        ],
        "usphone": "",
        "ukphone": ""
    },
    {
        "name": "dinosaur",
        "trans": [
            "恐龙"
        ],
        "usphone": "ˈdaɪnəˌsɔr",
        "ukphone": "'daɪnəsɔː"
    },
    {
        "name": "exist",
        "trans": [
            "存在；生存"
        ],
        "usphone": "ɪɡ'zɪst",
        "ukphone": "ɪg'zɪst; eg-"
    },
    {
        "name": "mammal",
        "trans": [
            "哺乳动物"
        ],
        "usphone": "'mæml",
        "ukphone": "'mæm(ə)l"
    },
    {
        "name": "give birth to",
        "trans": [
            "产生；分娩"
        ],
        "usphone": "",
        "ukphone": ""
    },
    {
        "name": "thus",
        "trans": [
            "因此；于是"
        ],
        "usphone": "ðʌs",
        "ukphone": "ðʌs"
    },
    {
        "name": "in one's turn",
        "trans": [
            "轮到某人；接着"
        ],
        "usphone": "",
        "ukphone": ""
    },
    {
        "name": "dioxide",
        "trans": [
            "二氧化物"
        ],
        "usphone": "daɪ'ɑksaɪd",
        "ukphone": "daɪ'ɒksaɪd"
    },
    {
        "name": "carbon dioxide",
        "trans": [
            "二氧化碳"
        ],
        "usphone": "",
        "ukphone": ""
    },
    {
        "name": "prevent...from",
        "trans": [
            "阻止；制止"
        ],
        "usphone": "",
        "ukphone": ""
    },
    {
        "name": "puzzle",
        "trans": [
            "谜；难题",
            "（使）迷惑；（使）为难"
        ],
        "usphone": "'pʌzl",
        "ukphone": "'pʌz(ə)l"
    },
    {
        "name": "biology",
        "trans": [
            "生物学"
        ],
        "usphone": "baɪ'ɑlədʒi",
        "ukphone": "baɪ'ɒlədʒɪ"
    },
    {
        "name": "biologist",
        "trans": [
            "生物学家"
        ],
        "usphone": "baɪ'ɑlədʒɪst",
        "ukphone": "baɪ'ɒlədʒɪst"
    },
    {
        "name": "gravity",
        "trans": [
            "万有引力；重力"
        ],
        "usphone": "ˈɡrævətɪ",
        "ukphone": "ˈgrævətɪ"
    },
    {
        "name": "satellite",
        "trans": [
            "人造卫星；卫星"
        ],
        "usphone": "'sætəlaɪt",
        "ukphone": "'sætəlaɪt"
    },
    {
        "name": "gentle",
        "trans": [
            "温和的；文雅的"
        ],
        "usphone": "'dʒɛntl",
        "ukphone": "'dʒent(ə)l"
    },
    {
        "name": "geologist",
        "trans": [
            "地质学家"
        ],
        "usphone": "dʒɪ'ɑlədʒɪst",
        "ukphone": "dʒɪ'ɒlədʒɪst"
    },
    {
        "name": "physicist",
        "trans": [
            "物理学家"
        ],
        "usphone": "'fɪzɪsɪst",
        "ukphone": "'fɪzɪsɪst"
    },
    {
        "name": "block out",
        "trans": [
            "挡住（光线）"
        ],
        "usphone": "",
        "ukphone": ""
    },
    {
        "name": "extinct",
        "trans": [
            "灭绝的；绝种的"
        ],
        "usphone": "ɪk'stɪŋkt",
        "ukphone": "ɪk'stɪŋkt; ek-"
    },
    {
        "name": "climate",
        "trans": [
            "气候"
        ],
        "usphone": "ˈklaɪmɪt",
        "ukphone": "ˈklaɪmɪt"
    },
    {
        "name": "comet",
        "trans": [
            "慧星"
        ],
        "usphone": "'kɑmət",
        "ukphone": "'kɒmɪt"
    },
    {
        "name": "crash",
        "trans": [
            "碰撞；坠落"
        ],
        "usphone": "kræʃ",
        "ukphone": "kræʃ"
    },
    {
        "name": "Isaac Newton",
        "trans": [
            "艾萨克•牛顿（英国科学家）"
        ],
        "usphone": "",
        "ukphone": ""
    },
    {
        "name": "Albert Einstein",
        "trans": [
            "阿尔伯特•爱因斯坦（德裔美国科学家）"
        ],
        "usphone": "",
        "ukphone": ""
    },
    {
        "name": "Stephen Hawking",
        "trans": [
            "斯蒂芬•霍金（英国科学家）"
        ],
        "usphone": "",
        "ukphone": ""
    },
    {
        "name": "spaceship",
        "trans": [
            "宇宙飞船"
        ],
        "usphone": "'spesʃɪp",
        "ukphone": "'speɪsʃɪp"
    },
    {
        "name": "pull",
        "trans": [
            "拉（力）；拖；牵引",
            "拉（力）；拖；牵引力"
        ],
        "usphone": "pʊl",
        "ukphone": "pʊl"
    },
    {
        "name": "lessen",
        "trans": [
            "减少；减轻"
        ],
        "usphone": "'lɛsn",
        "ukphone": "'les(ə)n"
    },
    {
        "name": "cheer up",
        "trans": [
            "感到高兴；感到振奋"
        ],
        "usphone": "",
        "ukphone": ""
    },
    {
        "name": "float",
        "trans": [
            "（使）浮动；（使）漂浮",
            "漂浮物"
        ],
        "usphone": "flot",
        "ukphone": "fləʊt"
    },
    {
        "name": "weightlessly",
        "trans": [
            "失重地"
        ],
        "usphone": "",
        "ukphone": ""
    },
    {
        "name": "cabin",
        "trans": [
            "小屋；船舱"
        ],
        "usphone": "'kæbɪn",
        "ukphone": "'kæbɪn"
    },
    {
        "name": "mass",
        "trans": [
            "<复>群众；大量；团；块；质量"
        ],
        "usphone": "mæs",
        "ukphone": "mæs"
    },
    {
        "name": "now that",
        "trans": [
            "既然"
        ],
        "usphone": "",
        "ukphone": ""
    },
    {
        "name": "get the hang of",
        "trans": [
            "熟悉；掌握；理解"
        ],
        "usphone": "",
        "ukphone": ""
    },
    {
        "name": "break out",
        "trans": [
            "突发；爆发"
        ],
        "usphone": "",
        "ukphone": ""
    },
    {
        "name": "exhaust",
        "trans": [
            "使精疲力尽；用尽；耗尽"
        ],
        "usphone": "ɪɡ'zɔst",
        "ukphone": "ɪg'zɔːst; eg-"
    },
    {
        "name": "watch out",
        "trans": [
            "密切注视；当心；提防"
        ],
        "usphone": "",
        "ukphone": ""
    },
    {
        "name": "multicultural",
        "trans": [
            "多种文化的"
        ],
        "usphone": "'mʌltɪ'kʌltʃərəl",
        "ukphone": "mʌltɪ'kʌltʃ(ə)r(ə)l"
    },
    {
        "name": "quiz",
        "trans": [
            "问答比赛；测验"
        ],
        "usphone": "kwɪz",
        "ukphone": "kwɪz"
    },
    {
        "name": "Canadian",
        "trans": [
            "加拿大人",
            "加拿大的；加拿大人的"
        ],
        "usphone": "kə'nedɪən",
        "ukphone": "kə'neɪdɪən"
    },
    {
        "name": "Vancouver",
        "trans": [
            "温哥华（加拿大城市）"
        ],
        "usphone": "væn'ku:və",
        "ukphone": "væn'ku:və"
    },
    {
        "name": "Toronto",
        "trans": [
            "多伦多（加拿大城市）"
        ],
        "usphone": "tə'rɑnto",
        "ukphone": "təˈrɒntəʊ"
    },
    {
        "name": "Calgary",
        "trans": [
            "卡尔加里（加拿大城市）"
        ],
        "usphone": "'kælɡəri",
        "ukphone": "'kælɡəri"
    },
    {
        "name": "Ottawa",
        "trans": [
            "渥太华（加拿大首都）"
        ],
        "usphone": "'ɑtəwə",
        "ukphone": "'ɒtəwə"
    },
    {
        "name": "beaver",
        "trans": [
            "海狸"
        ],
        "usphone": "'bivɚ",
        "ukphone": "'biːvə"
    },
    {
        "name": "grizzly",
        "trans": [
            "（北美洲）灰熊",
            "灰色的；有灰斑的"
        ],
        "usphone": "'grɪzli",
        "ukphone": "'grɪzlɪ"
    },
    {
        "name": "polar",
        "trans": [
            "极地的；近极地的"
        ],
        "usphone": "'polɚ",
        "ukphone": "'pəʊlə"
    },
    {
        "name": "penguin",
        "trans": [
            "企鹅"
        ],
        "usphone": "'pɛŋɡwɪn",
        "ukphone": "'peŋgwɪn"
    },
    {
        "name": "prime",
        "trans": [
            "首要的；主要的；基本的"
        ],
        "usphone": "praɪm",
        "ukphone": "praɪm"
    },
    {
        "name": "minister",
        "trans": [
            "大臣；部长"
        ],
        "usphone": "'mɪnɪstɚ",
        "ukphone": "'mɪnɪstə"
    },
    {
        "name": "prime minister",
        "trans": [
            "首相；丞相"
        ],
        "usphone": "",
        "ukphone": ""
    },
    {
        "name": "governor",
        "trans": [
            "州长；总督"
        ],
        "usphone": "'ɡʌvɚnɚ",
        "ukphone": "'gʌv(ə)nə"
    },
    {
        "name": "rather than",
        "trans": [
            "与其；不愿"
        ],
        "usphone": "",
        "ukphone": ""
    },
    {
        "name": "continent",
        "trans": [
            "洲；大陆"
        ],
        "usphone": "'kɑntɪnənt",
        "ukphone": "'kɒntɪnənt"
    },
    {
        "name": "baggage",
        "trans": [
            "行李"
        ],
        "usphone": "'bæɡɪdʒ",
        "ukphone": "'bægɪdʒ"
    },
    {
        "name": "chat",
        "trans": [
            "聊天；闲聊",
            "聊天；闲聊"
        ],
        "usphone": "tʃæt",
        "ukphone": "tʃæt"
    },
    {
        "name": "scenery",
        "trans": [
            "景色；风景"
        ],
        "usphone": "'sinəri",
        "ukphone": "'siːn(ə)rɪ"
    },
    {
        "name": "eastward",
        "trans": [
            "向东",
            "向东的；朝东的"
        ],
        "usphone": "'istwɚdz",
        "ukphone": "'iːstwəd"
    },
    {
        "name": "westward",
        "trans": [
            "向西",
            "向西的；朝西上的"
        ],
        "usphone": "'wɛstwɚdz",
        "ukphone": "'westwəd"
    },
    {
        "name": "upward",
        "trans": [
            "向上地；上升的",
            "上升的；向上的"
        ],
        "usphone": "'ʌpwɚd",
        "ukphone": "'ʌpwəd"
    },
    {
        "name": "surround",
        "trans": [
            "围绕；包围"
        ],
        "usphone": "sə'raʊnd",
        "ukphone": "sə'raʊnd"
    },
    {
        "name": "the Rocky Mountains",
        "trans": [
            "落基山脉"
        ],
        "usphone": "",
        "ukphone": ""
    },
    {
        "name": "Harbour",
        "trans": [
            "(harbor)海港"
        ],
        "usphone": "hɑrbɚ",
        "ukphone": "ˈhɑ:bə(r)"
    },
    {
        "name": "measure",
        "trans": [
            "测量；衡量；判定",
            "措施；计量制；计量单位"
        ],
        "usphone": "'mɛʒɚ",
        "ukphone": "'meʒə"
    },
    {
        "name": "aboard",
        "trans": [
            "在船、飞机、火车或公共汽车上"
        ],
        "usphone": "ə'bɔrd",
        "ukphone": "ə'bɔːd"
    },
    {
        "name": "settle down",
        "trans": [
            "定居；平静下来；专心于"
        ],
        "usphone": "'sɛtl daʊn",
        "ukphone": "'setl daʊn"
    },
    {
        "name": "manage to do",
        "trans": [
            "设法做"
        ],
        "usphone": "",
        "ukphone": ""
    },
    {
        "name": "catch sight of",
        "trans": [
            "看见；瞥见"
        ],
        "usphone": "",
        "ukphone": ""
    },
    {
        "name": "eagle",
        "trans": [
            "鹰"
        ],
        "usphone": "'igl",
        "ukphone": "'iːg(ə)l"
    },
    {
        "name": "stampede",
        "trans": [
            "（美国西部或加拿大）大西部赛马会；(人群或兽群的) 狂奔"
        ],
        "usphone": "stæm'pid",
        "ukphone": "stæm'piːd"
    },
    {
        "name": "cowboy",
        "trans": [
            "牛仔；牧童"
        ],
        "usphone": "'kaʊbɔɪ",
        "ukphone": "'kaʊbɒɪ"
    },
    {
        "name": "have a gift for",
        "trans": [
            "对……有天赋"
        ],
        "usphone": "",
        "ukphone": ""
    },
    {
        "name": "within",
        "trans": [
            "在……之内"
        ],
        "usphone": "wɪ'ðɪn",
        "ukphone": "wɪð'ɪn"
    },
    {
        "name": "border",
        "trans": [
            "边界；国界；边沿",
            "与……接壤；接近"
        ],
        "usphone": "'bɔrdɚ",
        "ukphone": "'bɔːdə"
    },
    {
        "name": "slight",
        "trans": [
            "轻微的；微小的"
        ],
        "usphone": "slaɪt",
        "ukphone": "slaɪt"
    },
    {
        "name": "slightly",
        "trans": [
            "稍稍；轻微地"
        ],
        "usphone": "'slaɪtli",
        "ukphone": "'slaɪtlɪ"
    },
    {
        "name": "acre",
        "trans": [
            "英亩"
        ],
        "usphone": "'ekɚ",
        "ukphone": "'eɪkə"
    },
    {
        "name": "urban",
        "trans": [
            "城市的；市镇的"
        ],
        "usphone": "'ɝbən",
        "ukphone": "'ɜːb(ə)n"
    },
    {
        "name": "Thunder Bay",
        "trans": [
            "桑德湾"
        ],
        "usphone": "",
        "ukphone": ""
    },
    {
        "name": "Lake Superior",
        "trans": [
            "苏必利尔湖"
        ],
        "usphone": "",
        "ukphone": ""
    },
    {
        "name": "location",
        "trans": [
            "位置；地方"
        ],
        "usphone": "lo'keʃən",
        "ukphone": "lə(ʊ)'keɪʃ(ə)n"
    },
    {
        "name": "the Vatican City State",
        "trans": [
            "梵蒂冈城国"
        ],
        "usphone": "",
        "ukphone": ""
    },
    {
        "name": "topic",
        "trans": [
            "话题"
        ],
        "usphone": "'tɑpɪk",
        "ukphone": "'tɒpɪk"
    },
    {
        "name": "mix",
        "trans": [
            "混合；调配"
        ],
        "usphone": "mɪks",
        "ukphone": "mɪks"
    },
    {
        "name": "mixture",
        "trans": [
            "混合（物）；混合状态"
        ],
        "usphone": "'mɪkstʃɚ",
        "ukphone": "'mɪkstʃə"
    },
    {
        "name": "bush",
        "trans": [
            "灌木（丛）；矮树（丛）"
        ],
        "usphone": "",
        "ukphone": "bʊʃ"
    },
    {
        "name": "maple",
        "trans": [
            "枫；枫树"
        ],
        "usphone": "'mepl",
        "ukphone": "'meɪp(ə)l"
    },
    {
        "name": "frost",
        "trans": [
            "霜冻；霜"
        ],
        "usphone": "frɔst",
        "ukphone": "frɒst"
    },
    {
        "name": "confirm",
        "trans": [
            "证实；证明"
        ],
        "usphone": "kən'fɝm",
        "ukphone": "kən'fɜːm"
    },
    {
        "name": "wealthy",
        "trans": [
            "富有的"
        ],
        "usphone": "'wɛlθi",
        "ukphone": "'welθɪ"
    },
    {
        "name": "distance",
        "trans": [
            "距离；远方"
        ],
        "usphone": "'dɪstəns",
        "ukphone": "ˈdɪstəns"
    },
    {
        "name": "in the distance",
        "trans": [
            "在远处"
        ],
        "usphone": "",
        "ukphone": ""
    },
    {
        "name": "mist",
        "trans": [
            "薄雾"
        ],
        "usphone": "mɪst",
        "ukphone": "mɪst"
    },
    {
        "name": "misty",
        "trans": [
            "有薄雾的；模糊的"
        ],
        "usphone": "'mɪsti",
        "ukphone": "'mɪstɪ"
    },
    {
        "name": "Niagara",
        "trans": [
            "尼亚加拉（河；瀑布）"
        ],
        "usphone": "naɪ'æɡrə",
        "ukphone": "naɪ'æɡrə"
    },
    {
        "name": "schoolmate",
        "trans": [
            "同学；校友"
        ],
        "usphone": "'skʊl'met",
        "ukphone": "'skuːlmeɪt"
    },
    {
        "name": "booth",
        "trans": [
            "公用电话间；货摊；售货亭"
        ],
        "usphone": "bʊθ",
        "ukphone": "buːð; buːθ"
    },
    {
        "name": "downtown",
        "trans": [
            "市区的",
            "在市区；往市区"
        ],
        "usphone": "'daʊn'taʊn",
        "ukphone": "'daʊntaʊn"
    },
    {
        "name": "pearl",
        "trans": [
            "珍珠"
        ],
        "usphone": "pɝl",
        "ukphone": "pɜːl"
    },
    {
        "name": "Cantonese",
        "trans": [
            "广东人（的）；广州人（的）; 广东话（的）"
        ],
        "usphone": ",kæntə'ni:z",
        "ukphone": ",kæntə'ni:z"
    },
    {
        "name": "approximately",
        "trans": [
            "接近；大约"
        ],
        "usphone": "ə'prɑksɪmətli",
        "ukphone": "ə'prɒksɪmətlɪ"
    },
    {
        "name": "dawn",
        "trans": [
            "黎明；拂晓；破晓"
        ],
        "usphone": "dɔn",
        "ukphone": "dɔːn"
    },
    {
        "name": "workplace",
        "trans": [
            "工作场所；工作地点"
        ],
        "usphone": "'wɝkples",
        "ukphone": "'wɜːkpleɪs"
    },
    {
        "name": "buffet",
        "trans": [
            "自助餐；饮食柜台"
        ],
        "usphone": "bəˈfe; bʌfɪt",
        "ukphone": "ˈbʊfeɪ;ˈbʌfɪt"
    },
    {
        "name": "broad",
        "trans": [
            "宽阔的；广泛的"
        ],
        "usphone": "brɔd",
        "ukphone": "brɔːd"
    },
    {
        "name": "St Lawrence River",
        "trans": [
            "圣劳伦斯河"
        ],
        "usphone": "",
        "ukphone": ""
    },
    {
        "name": "nearby",
        "trans": [
            "在附近",
            "附近的；邻近的"
        ],
        "usphone": ",nɪr'baɪ",
        "ukphone": "'nɪəbaɪ"
    },
    {
        "name": "tradition",
        "trans": [
            "传统；风俗"
        ],
        "usphone": "trə'dɪʃən",
        "ukphone": "trə'dɪʃ(ə)n"
    },
    {
        "name": "terrify",
        "trans": [
            "使恐怖；恐吓"
        ],
        "usphone": "ˈtɛrəˌfaɪ",
        "ukphone": "'terɪfaɪ"
    },
    {
        "name": "terrified",
        "trans": [
            "恐惧的；受惊吓的"
        ],
        "usphone": "'tɛrɪfaɪd",
        "ukphone": "'terɪfaɪd"
    },
    {
        "name": "pleased",
        "trans": [
            "欣喜的；高兴的；愉快的"
        ],
        "usphone": "plizd",
        "ukphone": "pliːzd"
    },
    {
        "name": "impress",
        "trans": [
            "使印象深刻；使铭记"
        ],
        "usphone": "ɪm'prɛs",
        "ukphone": "ɪm'pres"
    },
    {
        "name": "impressive",
        "trans": [
            "给人深刻印象的；感人的"
        ],
        "usphone": "ɪm'prɛsɪv",
        "ukphone": "ɪm'presɪv"
    }
]