[
    {
        "name": "realistic",
        "trans": [
            "现实主义的；现实的；逼真的"
        ],
        "usphone": ",riə'lɪstɪk",
        "ukphone": "rɪə'lɪstɪk"
    },
    {
        "name": "abstract",
        "trans": [
            "抽象的；深奥的",
            "摘要"
        ],
        "usphone": "'æbstrækt",
        "ukphone": "'æbstrækt"
    },
    {
        "name": "sculpture",
        "trans": [
            "雕塑"
        ],
        "usphone": "'skʌlptʃɚ",
        "ukphone": "'skʌlptʃə"
    },
    {
        "name": "sculptor",
        "trans": [
            "雕刻家；雕塑家"
        ],
        "usphone": "'skʌlptɚ",
        "ukphone": "'skʌlptə"
    },
    {
        "name": "gallery",
        "trans": [
            "美术陈列室；画廊"
        ],
        "usphone": "'gæləri",
        "ukphone": "'gæl(ə)rɪ"
    },
    {
        "name": "faith",
        "trans": [
            "信任；信心；信念"
        ],
        "usphone": "feθ",
        "ukphone": "feɪθ"
    },
    {
        "name": "faithfully",
        "trans": [
            "忠实地"
        ],
        "usphone": "'feθfəli",
        "ukphone": "'feɪθfʊlɪ; -f(ə)lɪ"
    },
    {
        "name": "consequently",
        "trans": [
            "所以；因而"
        ],
        "usphone": "'kɑnsəkwɛntli",
        "ukphone": "'kɒnsɪkw(ə)ntlɪ"
    },
    {
        "name": "aim",
        "trans": [
            "目标；目的",
            "瞄准；（向某方向）努力"
        ],
        "usphone": "em",
        "ukphone": "eɪm"
    },
    {
        "name": "conventional",
        "trans": [
            "常规的；传统的；因循守旧的"
        ],
        "usphone": "kən'vɛnʃənl",
        "ukphone": "kən'venʃ(ə)n(ə)l"
    },
    {
        "name": "typical",
        "trans": [
            "典型的；有代表性的"
        ],
        "usphone": "'tɪpɪkl",
        "ukphone": "'tɪpɪk(ə)l"
    },
    {
        "name": "evident",
        "trans": [
            "明显的；明白的"
        ],
        "usphone": "'ɛvɪdənt",
        "ukphone": "'evɪd(ə)nt"
    },
    {
        "name": "Giotto di Bondone",
        "trans": [
            "乔托（意大利画家、雕刻家、建筑师）"
        ],
        "usphone": "",
        "ukphone": ""
    },
    {
        "name": "renaissance",
        "trans": [
            "新生；复兴；复活"
        ],
        "usphone": "ˈrenəsɑ:ns; ˌrɛnəˈsɑns",
        "ukphone": "rɪˈneɪsns"
    },
    {
        "name": "the Renaissance",
        "trans": [
            "文艺复兴（时期）"
        ],
        "usphone": "",
        "ukphone": ""
    },
    {
        "name": "adopt",
        "trans": [
            "收养；采用；采纳"
        ],
        "usphone": "ə'dɑpt",
        "ukphone": "ə'dɒpt"
    },
    {
        "name": "humanistic",
        "trans": [
            "人道主义的"
        ],
        "usphone": ",hjʊmən'ɪstɪk",
        "ukphone": ",hjuːmə'nɪstɪk"
    },
    {
        "name": "possess",
        "trans": [
            "拥有；具有；支配"
        ],
        "usphone": "pə'zɛs",
        "ukphone": "pə'zes"
    },
    {
        "name": "possession",
        "trans": [
            "（尤作复数）所有；财产"
        ],
        "usphone": "pə'zɛʃən",
        "ukphone": "pə'zeʃ(ə)n"
    },
    {
        "name": "superb",
        "trans": [
            "卓越的；杰出的；极好的"
        ],
        "usphone": "suːˈpɜːrb",
        "ukphone": "suː'pɜːb; sjuː-"
    },
    {
        "name": "perspective",
        "trans": [
            "观点；透视画法；透视图"
        ],
        "usphone": "pɚ'spɛktɪv",
        "ukphone": "pə'spektɪv"
    },
    {
        "name": "technique",
        "trans": [
            "技术；方法；技能"
        ],
        "usphone": "tɛk'nik",
        "ukphone": "tek'niːk"
    },
    {
        "name": "Masaccio",
        "trans": [
            "马萨乔（意大利画家）"
        ],
        "usphone": "mɑ:'sɑ:ttʃɔ:",
        "ukphone": "mɑ:'sɑ:ttʃɔ:"
    },
    {
        "name": "coincidence",
        "trans": [
            "巧合（的事）"
        ],
        "usphone": "ko'ɪnsɪdəns",
        "ukphone": "kəʊ'ɪnsɪd(ə)ns"
    },
    {
        "name": "by coincidence",
        "trans": [
            "巧合地"
        ],
        "usphone": "",
        "ukphone": ""
    },
    {
        "name": "masterpiece",
        "trans": [
            "杰作；名著"
        ],
        "usphone": "'mæstəpis",
        "ukphone": "'mɑːstəpiːs"
    },
    {
        "name": "impressionism",
        "trans": [
            "印象主义；印象派"
        ],
        "usphone": "ɪm'prɛʃən,ɪzəm",
        "ukphone": "ɪm'preʃənɪzəm"
    },
    {
        "name": "impressionist",
        "trans": [
            "印象派的",
            "印象派艺术家"
        ],
        "usphone": "ɪm'prɛʃənɪst",
        "ukphone": "ɪm'preʃənɪst"
    },
    {
        "name": "post-impressionist",
        "trans": [
            "后印象派的",
            "后印象派艺术家"
        ],
        "usphone": "",
        "ukphone": ""
    },
    {
        "name": "a great deal",
        "trans": [
            "大量"
        ],
        "usphone": "",
        "ukphone": ""
    },
    {
        "name": "shadow",
        "trans": [
            "影子；阴影"
        ],
        "usphone": "'ʃædo",
        "ukphone": "'ʃædəʊ"
    },
    {
        "name": "ridiculous",
        "trans": [
            "荒谬的；可笑的"
        ],
        "usphone": "rɪ'dɪkjələs",
        "ukphone": "rɪ'dɪkjʊləs"
    },
    {
        "name": "controversial",
        "trans": [
            "争论的；争议的"
        ],
        "usphone": ",kɑntrə'vɝʃl",
        "ukphone": "kɒntrə'vɜːʃ(ə)l"
    },
    {
        "name": "attempt",
        "trans": [
            "尝试，试图",
            "尝试，试图"
        ],
        "usphone": "ə'tɛmpt",
        "ukphone": "ə'tem(p)t"
    },
    {
        "name": "on the other hand",
        "trans": [
            "(可是)另一方面"
        ],
        "usphone": "",
        "ukphone": ""
    },
    {
        "name": "predict",
        "trans": [
            "预言；预告；预测"
        ],
        "usphone": "prɪ'dɪkt",
        "ukphone": "prɪ'dɪkt"
    },
    {
        "name": "landscape",
        "trans": [
            "风景；景色"
        ],
        "usphone": "ˈlændskep",
        "ukphone": "ˈlændskeɪp"
    },
    {
        "name": "specific",
        "trans": [
            "特定的；确切的"
        ],
        "usphone": "spɪ'sɪfɪk",
        "ukphone": "spə'sɪfɪk"
    },
    {
        "name": "figure",
        "trans": [
            "数字；画像；身材"
        ],
        "usphone": "'fɪɡjɚ",
        "ukphone": "'fɪgə"
    },
    {
        "name": "clay",
        "trans": [
            "黏土"
        ],
        "usphone": "kle",
        "ukphone": "kleɪ"
    },
    {
        "name": "critic",
        "trans": [
            "评论家；批评者"
        ],
        "usphone": "'krɪtɪk",
        "ukphone": "'krɪtɪk"
    },
    {
        "name": "bronze",
        "trans": [
            "青铜"
        ],
        "usphone": "brɑnz",
        "ukphone": "brɒnz"
    },
    {
        "name": "marble",
        "trans": [
            "大理石"
        ],
        "usphone": "'mɑrbl",
        "ukphone": "'mɑːb(ə)l"
    },
    {
        "name": "Mona Lisa",
        "trans": [
            "蒙娜•丽莎（达•芬奇所作的一幅著名肖像画）"
        ],
        "usphone": "",
        "ukphone": ""
    },
    {
        "name": "Leonardo da Vinci",
        "trans": [
            "列奥纳多•达•芬奇（意大利著名画家）"
        ],
        "usphone": "",
        "ukphone": ""
    },
    {
        "name": "carve",
        "trans": [
            "雕刻；刻记"
        ],
        "usphone": "kɑrv",
        "ukphone": "kɑːv"
    },
    {
        "name": "delicate",
        "trans": [
            "脆弱的；容易生病的；精致的"
        ],
        "usphone": "ˈdɛlɪkɪt",
        "ukphone": "'delɪkət"
    },
    {
        "name": "Michelangelo",
        "trans": [
            "米开朗基罗（意大利文艺复兴雕刻家、画家、建筑师和诗人）"
        ],
        "usphone": "ˌmaɪkəlˈændʒəˌlo",
        "ukphone": "ˌmaɪkəlˈændʒɪˌləʊ"
    },
    {
        "name": "canvas",
        "trans": [
            "帆布；画布"
        ],
        "usphone": "'kænvəs",
        "ukphone": "'kænvəs"
    },
    {
        "name": "Picasso",
        "trans": [
            "毕加索（西班牙画家）"
        ],
        "usphone": "pi'kæsəu",
        "ukphone": "pi'kæsəu"
    },
    {
        "name": "cafe",
        "trans": [
            "咖啡馆；小餐馆"
        ],
        "usphone": "kə'fɛi",
        "ukphone": "'kæfeɪ"
    },
    {
        "name": "allergic",
        "trans": [
            "过敏性的；对……过敏的"
        ],
        "usphone": "ə'lɝdʒɪk",
        "ukphone": "ə'lɜːdʒɪk"
    },
    {
        "name": "effectively",
        "trans": [
            "有效地"
        ],
        "usphone": "ɪ'fɛktɪvli",
        "ukphone": "ɪ'fektɪvlɪ"
    },
    {
        "name": "exhibition",
        "trans": [
            "展览；陈列；展览会"
        ],
        "usphone": "ˌɛksəˈbɪʃən",
        "ukphone": "ˌeksɪˈbɪʃn"
    },
    {
        "name": "aggressive",
        "trans": [
            "敢作敢为的；侵略的；好斗的"
        ],
        "usphone": "ə'ɡrɛsɪv",
        "ukphone": "ə'gresɪv"
    },
    {
        "name": "scholar",
        "trans": [
            "学者"
        ],
        "usphone": "'skɑlɚ",
        "ukphone": "'skɒlə"
    },
    {
        "name": "flesh",
        "trans": [
            "肉"
        ],
        "usphone": "flɛʃ",
        "ukphone": "fleʃ"
    },
    {
        "name": "in the flesh",
        "trans": [
            "本人"
        ],
        "usphone": "",
        "ukphone": ""
    },
    {
        "name": "Matisse",
        "trans": [
            "马蒂斯（法国画家）"
        ],
        "usphone": "",
        "ukphone": ""
    },
    {
        "name": "geometry",
        "trans": [
            "几何学"
        ],
        "usphone": "dʒɪ'ɑmətri",
        "ukphone": "dʒɪ'ɒmɪtrɪ"
    },
    {
        "name": "bunch",
        "trans": [
            "束；串"
        ],
        "usphone": "bʌntʃ",
        "ukphone": "bʌn(t)ʃ"
    },
    {
        "name": "Manhattan",
        "trans": [
            "曼哈顿岛；曼哈顿区（纽约市中心）"
        ],
        "usphone": "mæn'hæt(ə)n",
        "ukphone": "mæn'hæt(ə)n"
    },
    {
        "name": "avenue",
        "trans": [
            "道路；大街；林荫道"
        ],
        "usphone": "'ævənu",
        "ukphone": "'æv(ə)njuː"
    },
    {
        "name": "preference",
        "trans": [
            "喜爱；偏爱"
        ],
        "usphone": "'prɛfrəns",
        "ukphone": "'pref(ə)r(ə)ns"
    },
    {
        "name": "Guggenheim  Museum",
        "trans": [
            "古根海姆博物馆"
        ],
        "usphone": "",
        "ukphone": ""
    },
    {
        "name": "display",
        "trans": [
            "展示；陈列"
        ],
        "usphone": "dɪ'sple",
        "ukphone": "dɪ'spleɪ"
    },
    {
        "name": "appeal",
        "trans": [
            "呼吁",
            "吸引；呼吁；恳请，恳求"
        ],
        "usphone": "ə'pil",
        "ukphone": "ə'piːl"
    },
    {
        "name": "appeal to",
        "trans": [
            "（对某人）有吸引力；（使某人）感兴趣"
        ],
        "usphone": "",
        "ukphone": ""
    },
    {
        "name": "fragile",
        "trans": [
            "精细的；易碎的；脆弱的"
        ],
        "usphone": "'frædʒəl",
        "ukphone": "'frædʒaɪl"
    },
    {
        "name": "circular",
        "trans": [
            "圆(形)的,环形的；循环的；环行的"
        ],
        "usphone": "'sɝkjəlɚ",
        "ukphone": "'sɜːkjʊlə"
    },
    {
        "name": "metropolitan",
        "trans": [
            "主要都市的；大城市的"
        ],
        "usphone": ",mɛtrə'pɑlɪtən",
        "ukphone": "metrə'pɒlɪt(ə)n"
    },
    {
        "name": "reputation",
        "trans": [
            "名声；名誉"
        ],
        "usphone": ",rɛpju'teʃən",
        "ukphone": "repjʊ'teɪʃ(ə)n"
    },
    {
        "name": "civilization",
        "trans": [
            "文明；文化；文明社会"
        ],
        "usphone": ",sɪvələ'zeʃən",
        "ukphone": "ˌsɪvɪlaɪˈzeɪʃən"
    },
    {
        "name": "Egypt",
        "trans": [
            "埃及（东北非国家）"
        ],
        "usphone": "'idʒɪpt",
        "ukphone": "ˈiːdʒɪpt"
    },
    {
        "name": "Egyptian",
        "trans": [
            "埃及的；埃及人的"
        ],
        "usphone": "",
        "ukphone": "ɪ'dʒɪpʃ(ə)n"
    },
    {
        "name": "visual",
        "trans": [
            "视觉的；看得见的"
        ],
        "usphone": "'vɪʒʊəl",
        "ukphone": "'vɪʒjʊəl; -zj-"
    },
    {
        "name": "fragrant",
        "trans": [
            "香的"
        ],
        "usphone": "'fregrənt",
        "ukphone": "'freɪgr(ə)nt"
    },
    {
        "name": "Monet",
        "trans": [
            "莫奈（法国画家）"
        ],
        "usphone": "",
        "ukphone": ""
    },
    {
        "name": "Whitney",
        "trans": [
            "惠特尼"
        ],
        "usphone": "'hwɪtni",
        "ukphone": "'wɪtnɪ"
    },
    {
        "name": "Madison",
        "trans": [
            "麦迪逊"
        ],
        "usphone": "'mædisən",
        "ukphone": "'mædɪs(ə)n"
    },
    {
        "name": "contemporary",
        "trans": [
            "当代的；同时代的"
        ],
        "usphone": "kən'tɛmpərɛri",
        "ukphone": "kən'temp(ə)r(ər)ɪ"
    },
    {
        "name": "permanent",
        "trans": [
            "永久的；持久的"
        ],
        "usphone": "'pɝmənənt",
        "ukphone": "'pɜːm(ə)nənt"
    },
    {
        "name": "district",
        "trans": [
            "区；区域；行政区"
        ],
        "usphone": "'dɪstrɪkt",
        "ukphone": "'dɪstrɪkt"
    },
    {
        "name": "committee",
        "trans": [
            "委员会"
        ],
        "usphone": "kə'mɪti",
        "ukphone": "kə'mɪtɪ"
    },
    {
        "name": "signature",
        "trans": [
            "署名；签字"
        ],
        "usphone": "'sɪgnətʃɚ",
        "ukphone": "'sɪgnətʃə"
    },
    {
        "name": "poetry",
        "trans": [
            "诗（总称）；诗意"
        ],
        "usphone": "'poətri",
        "ukphone": "'pəʊɪtrɪ"
    },
    {
        "name": "tick",
        "trans": [
            "给……标记号"
        ],
        "usphone": "tɪk",
        "ukphone": "tɪk"
    },
    {
        "name": "rhyme",
        "trans": [
            "押韵短诗；〔押韵的〕儿歌，童谣",
            "(使)押韵"
        ],
        "usphone": "raɪm",
        "ukphone": "raɪm"
    },
    {
        "name": "convey",
        "trans": [
            "传达，传递"
        ],
        "usphone": "kən've",
        "ukphone": "kən'veɪ"
    },
    {
        "name": "emotion",
        "trans": [
            "情感；情结；感情"
        ],
        "usphone": "ɪ'moʃən",
        "ukphone": "ɪ'məʊʃ(ə)n"
    },
    {
        "name": "nursery",
        "trans": [
            "托儿所"
        ],
        "usphone": "'nɝsəri",
        "ukphone": "'nɜːs(ə)rɪ"
    },
    {
        "name": "nursery rhyme",
        "trans": [
            "童谣"
        ],
        "usphone": "",
        "ukphone": ""
    },
    {
        "name": "concrete",
        "trans": [
            "具体的"
        ],
        "usphone": "'kɑŋkrit",
        "ukphone": "'kɒŋkriːt"
    },
    {
        "name": "repetition",
        "trans": [
            "重复；反复"
        ],
        "usphone": "'rɛpə'tɪʃən",
        "ukphone": "repɪ'tɪʃ(ə)n"
    },
    {
        "name": "contradictory",
        "trans": [
            "引起矛盾的"
        ],
        "usphone": ",kɑntrə'dɪktəri",
        "ukphone": "kɒntrə'dɪkt(ə)rɪ"
    },
    {
        "name": "hush",
        "trans": [
            "（使某人）安静下来"
        ],
        "usphone": "hʌʃ",
        "ukphone": "hʌʃ"
    },
    {
        "name": "mockingbird",
        "trans": [
            "嘲鸫（一种鸟，能模仿其他鸟的叫声）"
        ],
        "usphone": "'mɑkɪŋbɝd",
        "ukphone": "'mɒkɪŋbɜːd"
    },
    {
        "name": "diamond",
        "trans": [
            "钻石；菱形"
        ],
        "usphone": "'daɪəmənd",
        "ukphone": "'daɪəmənd"
    },
    {
        "name": "brass",
        "trans": [
            "黄铜；黄铜器"
        ],
        "usphone": "bræs",
        "ukphone": "brɑːs"
    },
    {
        "name": "billy-goat",
        "trans": [
            "公山羊"
        ],
        "usphone": "",
        "ukphone": ""
    },
    {
        "name": "flexible",
        "trans": [
            "灵活的；可弯曲的"
        ],
        "usphone": "'flɛksəbl",
        "ukphone": "'fleksɪb(ə)l"
    },
    {
        "name": "pattern",
        "trans": [
            "模式；式样；图案"
        ],
        "usphone": "'pætɚn",
        "ukphone": "'pæt(ə)n"
    },
    {
        "name": "squire",
        "trans": [
            "乡绅"
        ],
        "usphone": "'skwaɪr",
        "ukphone": "skwaɪə"
    },
    {
        "name": "cottage",
        "trans": [
            "村舍；小屋"
        ],
        "usphone": "'kɑtɪdʒ",
        "ukphone": "'kɒtɪdʒ"
    },
    {
        "name": "coffin",
        "trans": [
            "棺材"
        ],
        "usphone": "'kɔfɪn",
        "ukphone": "'kɒfɪn"
    },
    {
        "name": "sparrow",
        "trans": [
            "麻雀"
        ],
        "usphone": "'spæro",
        "ukphone": "'spærəʊ"
    },
    {
        "name": "kitten",
        "trans": [
            "小猫"
        ],
        "usphone": "'kɪtn",
        "ukphone": "'kɪt(ə)n"
    },
    {
        "name": "take it easy",
        "trans": [
            "轻松；不紧张；从容"
        ],
        "usphone": "",
        "ukphone": ""
    },
    {
        "name": "run out of",
        "trans": [
            "用完"
        ],
        "usphone": "",
        "ukphone": ""
    },
    {
        "name": "cinquain",
        "trans": [
            "五行诗"
        ],
        "usphone": "sɪŋ'ken",
        "ukphone": "sɪŋ'keɪn"
    },
    {
        "name": "be made up of",
        "trans": [
            "由……构成"
        ],
        "usphone": "",
        "ukphone": ""
    },
    {
        "name": "tease",
        "trans": [
            "取笑；招惹；戏弄"
        ],
        "usphone": "tiz",
        "ukphone": "tiːz"
    },
    {
        "name": "salty",
        "trans": [
            "含盐的；咸的"
        ],
        "usphone": "'sɔlti",
        "ukphone": "'sɔːltɪ; 'sɒ-"
    },
    {
        "name": "droop",
        "trans": [
            "低垂；凋萎；萎靡"
        ],
        "usphone": "drup",
        "ukphone": "druːp"
    },
    {
        "name": "dread",
        "trans": [
            "害怕；畏惧"
        ],
        "usphone": "drɛd",
        "ukphone": "dred"
    },
    {
        "name": "endless",
        "trans": [
            "无穷的；无止境的"
        ],
        "usphone": "ˈɛndlɪs",
        "ukphone": "'endlɪs"
    },
    {
        "name": "haiku",
        "trans": [
            "俳句"
        ],
        "usphone": "",
        "ukphone": ""
    },
    {
        "name": "syllable",
        "trans": [
            "音节"
        ],
        "usphone": "'sɪləbl",
        "ukphone": "'sɪləb(ə)l"
    },
    {
        "name": "minimum",
        "trans": [
            "最低限度；最少量;最小数"
        ],
        "usphone": "'mɪnɪməm",
        "ukphone": "'mɪnɪməm"
    },
    {
        "name": "translation",
        "trans": [
            "翻译；译文"
        ],
        "usphone": "træns'leʃən",
        "ukphone": "træns'leɪʃ(ə)n; trɑːns-; -nz-"
    },
    {
        "name": "branch",
        "trans": [
            "枝条；分支;分部;支流；部门"
        ],
        "usphone": "bræntʃ",
        "ukphone": "brɑːn(t)ʃ"
    },
    {
        "name": "melt",
        "trans": [
            "（使）融化；（使）熔化"
        ],
        "usphone": "mɛlt",
        "ukphone": "melt"
    },
    {
        "name": "brimful",
        "trans": [
            "盈满的；满到边际的"
        ],
        "usphone": "'brim'ful",
        "ukphone": "'brɪmfʊl"
    },
    {
        "name": "in particular",
        "trans": [
            "尤其；特别"
        ],
        "usphone": "",
        "ukphone": ""
    },
    {
        "name": "eventually",
        "trans": [
            "最后；终于"
        ],
        "usphone": "ɪ'vɛntʃuəli",
        "ukphone": "ɪ'ventʃʊəlɪ"
    },
    {
        "name": "await",
        "trans": [
            "等候；期待"
        ],
        "usphone": "ə'wet",
        "ukphone": "ə'weɪt"
    },
    {
        "name": "transform",
        "trans": [
            "改变,改造"
        ],
        "usphone": "træns'fɔrm",
        "ukphone": "træns'fɔːm; trɑːns-; -nz-"
    },
    {
        "name": "revolve",
        "trans": [
            "（使）旋转"
        ],
        "usphone": "rɪ'vɔlv",
        "ukphone": "rɪ'vɒlv"
    },
    {
        "name": "utter",
        "trans": [
            "说；讲；发出（声音）"
        ],
        "usphone": "'ʌtɚ",
        "ukphone": "'ʌtə"
    },
    {
        "name": "sorrow",
        "trans": [
            "悲伤；悲痛；懊悔"
        ],
        "usphone": "sɑro",
        "ukphone": "'sɒrəʊ"
    },
    {
        "name": "bare",
        "trans": [
            "赤裸的；空的",
            "露出,暴露"
        ],
        "usphone": "bɛr",
        "ukphone": "beə"
    },
    {
        "name": "librarian",
        "trans": [
            "图书馆馆长；图书馆管理员"
        ],
        "usphone": "laɪ'brɛrɪən",
        "ukphone": "laɪ'breərɪən"
    },
    {
        "name": "forever",
        "trans": [
            "永远"
        ],
        "usphone": "fɚ'ɛvɚ",
        "ukphone": "fə'revə"
    },
    {
        "name": "stem",
        "trans": [
            "茎；干"
        ],
        "usphone": "stɛm",
        "ukphone": "stem"
    },
    {
        "name": "cement",
        "trans": [
            "水泥"
        ],
        "usphone": "sə'mɛnt",
        "ukphone": "sɪ'ment"
    },
    {
        "name": "section",
        "trans": [
            "部分"
        ],
        "usphone": "'sɛkʃən",
        "ukphone": "'sekʃ(ə)n"
    },
    {
        "name": "appropriate",
        "trans": [
            "适当的；正当的"
        ],
        "usphone": "əˈproprɪət;(for v.) əˈproprɪet",
        "ukphone": "əˈprəʊprɪət;(for v.)əˈprəʊprɪeɪt"
    },
    {
        "name": "exchange",
        "trans": [
            "交换，交流",
            "交换，交流"
        ],
        "usphone": "ɪks'tʃendʒ",
        "ukphone": "ɪks'tʃeɪndʒ; eks-"
    },
    {
        "name": "diploma",
        "trans": [
            "毕业文凭；学位证书"
        ],
        "usphone": "dɪ'plomə",
        "ukphone": "dɪ'pləʊmə"
    },
    {
        "name": "sponsor",
        "trans": [
            "赞助人；主办者；倡议者",
            "赞助，资助"
        ],
        "usphone": "'spɑnsɚ",
        "ukphone": "'spɒnsə"
    },
    {
        "name": "blank",
        "trans": [
            "空白",
            "空白的"
        ],
        "usphone": "blæŋk",
        "ukphone": "blæŋk"
    },
    {
        "name": "compass",
        "trans": [
            "指南针；罗盘"
        ],
        "usphone": "'kʌmpəs",
        "ukphone": "'kʌmpəs"
    },
    {
        "name": "bride",
        "trans": [
            "新娘"
        ],
        "usphone": "braɪd",
        "ukphone": "braɪd"
    },
    {
        "name": "bridegroom",
        "trans": [
            "新郎"
        ],
        "usphone": "'braɪdɡrum",
        "ukphone": "'braɪdgruːm"
    },
    {
        "name": "championship",
        "trans": [
            "锦标赛，冠军赛"
        ],
        "usphone": "'tʃæmpɪənʃɪp",
        "ukphone": "'tʃæmpɪənʃɪp"
    },
    {
        "name": "rhythmic",
        "trans": [
            "有节奏的；有规律的"
        ],
        "usphone": "",
        "ukphone": ""
    },
    {
        "name": "darkness",
        "trans": [
            "黑暗；漆黑"
        ],
        "usphone": "'dɑrknəs",
        "ukphone": ""
    },
    {
        "name": "warmth",
        "trans": [
            "暖和；温暖"
        ],
        "usphone": "wɔrmθ",
        "ukphone": "wɔːmθ"
    },
    {
        "name": "try out",
        "trans": [
            "测试；试验"
        ],
        "usphone": "",
        "ukphone": ""
    },
    {
        "name": "scholarship",
        "trans": [
            "奖学金"
        ],
        "usphone": "'skɑlɚʃɪp",
        "ukphone": "'skɒləʃɪp"
    },
    {
        "name": "pianist",
        "trans": [
            "钢琴家；钢琴演奏者"
        ],
        "usphone": "'pɪənɪst",
        "ukphone": "'pɪənɪst"
    },
    {
        "name": "violinist",
        "trans": [
            "小提琴演奏者"
        ],
        "usphone": ",vaɪə'lɪnɪst",
        "ukphone": ",vaɪə'lɪnɪst"
    },
    {
        "name": "let out",
        "trans": [
            "发出"
        ],
        "usphone": "",
        "ukphone": ""
    },
    {
        "name": "load",
        "trans": [
            "负担；负荷物（尤指沉重的）"
        ],
        "usphone": "lod",
        "ukphone": "ləʊd"
    },
    {
        "name": "cigarette",
        "trans": [
            "香烟；纸烟"
        ],
        "usphone": "ˌsɪɡəˈrɛt, ˈsɪɡəˌrɛt",
        "ukphone": "sɪgə'ret"
    },
    {
        "name": "alcohol",
        "trans": [
            "酒；酒精"
        ],
        "usphone": "'ælkəhɔl",
        "ukphone": "'ælkəhɒl"
    },
    {
        "name": "alcoholic",
        "trans": [
            "酒精的"
        ],
        "usphone": ",ælkə'hɔlɪk",
        "ukphone": "ælkə'hɒlɪk"
    },
    {
        "name": "abuse",
        "trans": [
            "虐待；滥用",
            "虐待；滥用"
        ],
        "usphone": "ə'bjus",
        "ukphone": "ə'bjuːz"
    },
    {
        "name": "fitness",
        "trans": [
            "健康"
        ],
        "usphone": "ˈfɪtnɪs",
        "ukphone": "'fɪtnəs"
    },
    {
        "name": "sexual",
        "trans": [
            "性的；性别的"
        ],
        "usphone": "sɛkʃʊəl",
        "ukphone": "'sekʃʊəl; -sjʊəl"
    },
    {
        "name": "stress",
        "trans": [
            "压力；重音"
        ],
        "usphone": "strɛs",
        "ukphone": "stres"
    },
    {
        "name": "stressful",
        "trans": [
            "产生压力的；紧张的"
        ],
        "usphone": "'strɛsfl",
        "ukphone": "'stresfʊl; -f(ə)l"
    },
    {
        "name": "obesity",
        "trans": [
            "（过度）肥胖；肥胖症"
        ],
        "usphone": "o'bisəti",
        "ukphone": "ə(ʊ)'biːsɪtɪ"
    },
    {
        "name": "adolescent",
        "trans": [
            "青少年",
            "青春期的"
        ],
        "usphone": ",ædə'lɛsnt",
        "ukphone": "ædə'les(ə)nt"
    },
    {
        "name": "adolescence",
        "trans": [
            "青春期"
        ],
        "usphone": ",ædə'lɛsns",
        "ukphone": "ædə'les(ə)ns"
    },
    {
        "name": "ban",
        "trans": [
            "取缔,查禁,禁止",
            "禁止,禁令"
        ],
        "usphone": "bæn",
        "ukphone": "bæn"
    },
    {
        "name": "due",
        "trans": [
            "预定的；欠款的"
        ],
        "usphone": "du",
        "ukphone": "djuː"
    },
    {
        "name": "due to",
        "trans": [
            "由于……"
        ],
        "usphone": "",
        "ukphone": ""
    },
    {
        "name": "tough",
        "trans": [
            "困难的"
        ],
        "usphone": "tʌf",
        "ukphone": "tʌf"
    },
    {
        "name": "addicted",
        "trans": [
            "入了迷的；上了瘾的"
        ],
        "usphone": "ə'dɪktɪd",
        "ukphone": "ə'dɪktɪd"
    },
    {
        "name": "addicted to",
        "trans": [
            "对……有瘾"
        ],
        "usphone": "",
        "ukphone": ""
    },
    {
        "name": "nicotine",
        "trans": [
            "尼古丁"
        ],
        "usphone": "'nɪkətɪn",
        "ukphone": "'nɪkətiːn"
    },
    {
        "name": "accustom",
        "trans": [
            "使习惯于"
        ],
        "usphone": "ə'kʌstəm",
        "ukphone": "ə'kʌstəm"
    },
    {
        "name": "accustomed",
        "trans": [
            "惯常的；习惯了的"
        ],
        "usphone": "ə'kʌstəmd",
        "ukphone": "ə'kʌstəmd"
    },
    {
        "name": "accustomed to",
        "trans": [
            "习惯于……"
        ],
        "usphone": "",
        "ukphone": ""
    },
    {
        "name": "withdrawal",
        "trans": [
            "撤退；收回；戒毒（或脱瘾）过程"
        ],
        "usphone": "wɪð'drɔəl",
        "ukphone": "wɪð'drɔː(ə)l"
    },
    {
        "name": "bad-tempered",
        "trans": [
            "脾气暴躁的；易怒的"
        ],
        "usphone": "'bæd,tempəd",
        "ukphone": "'bæd,tempəd"
    },
    {
        "name": "automatic",
        "trans": [
            "自动的"
        ],
        "usphone": "'ɔtə'mætɪk",
        "ukphone": "ɔːtə'mætɪk"
    },
    {
        "name": "automatically",
        "trans": [
            "自动地；无意识地"
        ],
        "usphone": ",ɔ:tə'mætikəli",
        "ukphone": "ɔːtə'mætɪklɪ"
    },
    {
        "name": "mental",
        "trans": [
            "精神的"
        ],
        "usphone": "'mɛntl",
        "ukphone": "'ment(ə)l"
    },
    {
        "name": "mentally",
        "trans": [
            "精神上；智力上"
        ],
        "usphone": "'mɛntli",
        "ukphone": "'ment(ə)lɪ"
    },
    {
        "name": "quit",
        "trans": [
            "离开；停止（做某事）"
        ],
        "usphone": "kwɪt",
        "ukphone": "kwɪt"
    },
    {
        "name": "effect",
        "trans": [
            "影响；结果"
        ],
        "usphone": "ɪ'fɛkt",
        "ukphone": "ɪ'fekt"
    },
    {
        "name": "lung",
        "trans": [
            "肺"
        ],
        "usphone": "lʌŋ",
        "ukphone": "lʌŋ"
    },
    {
        "name": "pregnant",
        "trans": [
            "怀孕的"
        ],
        "usphone": "'prɛɡnənt",
        "ukphone": "'pregnənt"
    },
    {
        "name": "abnormal",
        "trans": [
            "异常的"
        ],
        "usphone": "æbˈnɔːrml",
        "ukphone": "æb'nɔːml"
    },
    {
        "name": "breathless",
        "trans": [
            "气喘吁吁的"
        ],
        "usphone": "'brɛθləs",
        "ukphone": "'breθlɪs"
    },
    {
        "name": "unfit",
        "trans": [
            "不健康的；不合适的；不合格的"
        ],
        "usphone": "",
        "ukphone": "ʌn'fɪt"
    },
    {
        "name": "strengthen",
        "trans": [
            "加强；巩固；使坚强"
        ],
        "usphone": "'strɛŋθn",
        "ukphone": "'streŋθ(ə)n; -ŋkθ(ə)n"
    },
    {
        "name": "resolve",
        "trans": [
            "决心"
        ],
        "usphone": "rɪ'zɑlv",
        "ukphone": "rɪ'zɒlv"
    },
    {
        "name": "decide on",
        "trans": [
            "对……作出决定"
        ],
        "usphone": "",
        "ukphone": ""
    },
    {
        "name": "packet",
        "trans": [
            "小包；小盒"
        ],
        "usphone": "'pækɪt",
        "ukphone": "'pækɪt"
    },
    {
        "name": "feel like",
        "trans": [
            "想要（做）……"
        ],
        "usphone": "",
        "ukphone": ""
    },
    {
        "name": "feel like doing",
        "trans": [
            "想要（做）……"
        ],
        "usphone": "",
        "ukphone": ""
    },
    {
        "name": "relaxation",
        "trans": [
            "放松，松弛"
        ],
        "usphone": "'rilæk'seʃən",
        "ukphone": "riːlæk'seɪʃ(ə)n"
    },
    {
        "name": "desperate",
        "trans": [
            "绝望的，拼命的"
        ],
        "usphone": "'dɛspərət",
        "ukphone": "'desp(ə)rət"
    },
    {
        "name": "chemist",
        "trans": [
            "化学家；药剂师"
        ],
        "usphone": "'kɛmɪst",
        "ukphone": "'kemɪst"
    },
    {
        "name": "gum",
        "trans": [
            "树胶"
        ],
        "usphone": "ɡʌm",
        "ukphone": "gʌm"
    },
    {
        "name": "chewing gum",
        "trans": [
            "口香糖"
        ],
        "usphone": "",
        "ukphone": ""
    },
    {
        "name": "disappointed",
        "trans": [
            "失望的；沮丧的"
        ],
        "usphone": "'dɪsə'pɔɪntɪd",
        "ukphone": "dɪsə'pɒɪntɪd"
    },
    {
        "name": "weaken",
        "trans": [
            "(使)变弱；削弱；减弱"
        ],
        "usphone": "'wikən",
        "ukphone": "'wiːk(ə)n"
    },
    {
        "name": "ashamed",
        "trans": [
            "感到惭愧或羞耻的"
        ],
        "usphone": "ə'ʃemd",
        "ukphone": "ə'ʃeɪmd"
    },
    {
        "name": "comprehension",
        "trans": [
            "理解（力）"
        ],
        "usphone": ",kɑmprɪ'hɛnʃən",
        "ukphone": "kɒmprɪ'henʃ(ə)n"
    },
    {
        "name": "in spite of",
        "trans": [
            "不顾；不管"
        ],
        "usphone": "",
        "ukphone": ""
    },
    {
        "name": "take risks",
        "trans": [
            "冒险"
        ],
        "usphone": "",
        "ukphone": ""
    },
    {
        "name": "take a risk",
        "trans": [
            "冒险"
        ],
        "usphone": "",
        "ukphone": ""
    },
    {
        "name": "get into",
        "trans": [
            "陷入；染上（坏习惯）"
        ],
        "usphone": "",
        "ukphone": ""
    },
    {
        "name": "etc",
        "trans": [
            "诸如此类的事物；等等；et cetera的缩写"
        ],
        "usphone": "ɪt'sɛtərə, ɛt-",
        "ukphone": "ɪt'setərə, et-"
    },
    {
        "name": "appendix",
        "trans": [
            "附录；附件"
        ],
        "usphone": "ə'pɛndɪks",
        "ukphone": "ə'pendɪks"
    },
    {
        "name": "illegal",
        "trans": [
            "不合法的；违法的"
        ],
        "usphone": "ɪ'ligl",
        "ukphone": "ɪ'liːg(ə)l"
    },
    {
        "name": "pill",
        "trans": [
            "药丸；药片"
        ],
        "usphone": "pɪl",
        "ukphone": "pɪl"
    },
    {
        "name": "robbery",
        "trans": [
            "抢劫；盗窃"
        ],
        "usphone": "'rɑbəri",
        "ukphone": "'rɒb(ə)rɪ"
    },
    {
        "name": "slippery",
        "trans": [
            "滑的"
        ],
        "usphone": "'slɪpəri",
        "ukphone": "'slɪp(ə)rɪ"
    },
    {
        "name": "HIV",
        "trans": [
            "人体免疫缺损病毒（艾滋病病毒）；（Human Immunodeficiency Virus）的缩写"
        ],
        "usphone": "",
        "ukphone": ""
    },
    {
        "name": "AIDS",
        "trans": [
            "艾滋病（后天免疫缺损综合症）；（Acquired Immune Deficiency Syndrome）的缩写"
        ],
        "usphone": "edz",
        "ukphone": ""
    },
    {
        "name": "at risk",
        "trans": [
            "处境危险；遭受危险"
        ],
        "usphone": "",
        "ukphone": ""
    },
    {
        "name": "SARS",
        "trans": [
            "非典型性肺炎；（Severe Acute Respiratory Syndromes）的缩写"
        ],
        "usphone": "",
        "ukphone": ""
    },
    {
        "name": "immune",
        "trans": [
            "有免疫力的"
        ],
        "usphone": "ɪ'mjʊn",
        "ukphone": "ɪ'mjuːn"
    },
    {
        "name": "survival",
        "trans": [
            "幸存"
        ],
        "usphone": "sɚ'vaɪvl",
        "ukphone": "sə'vaɪv(ə)l"
    },
    {
        "name": "sex",
        "trans": [
            "性别"
        ],
        "usphone": "sɛks",
        "ukphone": "seks"
    },
    {
        "name": "fluid",
        "trans": [
            "液体；流体"
        ],
        "usphone": "'fluɪd",
        "ukphone": "'fluːɪd"
    },
    {
        "name": "inject",
        "trans": [
            "注射"
        ],
        "usphone": "ɪn'dʒɛkt",
        "ukphone": "ɪn'dʒekt"
    },
    {
        "name": "injection",
        "trans": [
            "注射"
        ],
        "usphone": "ɪn'dʒɛkʃən",
        "ukphone": "ɪn'dʒekʃ(ə)n"
    },
    {
        "name": "needle",
        "trans": [
            "针；（注射器的）针头"
        ],
        "usphone": "'nidl",
        "ukphone": "'niːd(ə)l"
    },
    {
        "name": "spill",
        "trans": [
            "使溢出；使洒落"
        ],
        "usphone": "spɪl",
        "ukphone": "spɪl"
    },
    {
        "name": "male",
        "trans": [
            "男性的；雄性的",
            "雄性"
        ],
        "usphone": "mel",
        "ukphone": "meɪl"
    },
    {
        "name": "female",
        "trans": [
            "女性的；雌性的",
            "雌性"
        ],
        "usphone": "'fimel",
        "ukphone": "'fiːmeɪl"
    },
    {
        "name": "condom",
        "trans": [
            "避孕套"
        ],
        "usphone": "'kɑndəm",
        "ukphone": "'kɒndəm"
    },
    {
        "name": "homosexual",
        "trans": [
            "同性恋",
            "同性恋的"
        ],
        "usphone": ",homə'sɛkʃuəl",
        "ukphone": ",hɒmə(ʊ)'sekʃʊəl; ,həʊm-; -sjʊəl"
    },
    {
        "name": "prejudice",
        "trans": [
            "偏见；成见"
        ],
        "usphone": "'prɛdʒədɪs",
        "ukphone": "'predʒʊdɪs"
    },
    {
        "name": "judgement",
        "trans": [
            "判断，决定"
        ],
        "usphone": "'dʒʌdʒmənt",
        "ukphone": "'dʒʌdʒm(ə)nt"
    },
    {
        "name": "disco",
        "trans": [
            "迪斯科舞会；迪斯科舞厅"
        ],
        "usphone": "'dɪsko",
        "ukphone": "'dɪskəʊ"
    },
    {
        "name": "abortion",
        "trans": [
            "流产"
        ],
        "usphone": "ə'bɔrʃən",
        "ukphone": "ə'bɔːʃ(ə)n"
    },
    {
        "name": "cigar",
        "trans": [
            "雪茄烟"
        ],
        "usphone": "sɪ'ɡɑr",
        "ukphone": "sɪ'gɑː"
    },
    {
        "name": "embarrassed",
        "trans": [
            "难堪的，尴尬的"
        ],
        "usphone": "ɪm'bærəst",
        "ukphone": "ɪm'bærəst"
    },
    {
        "name": "awkward",
        "trans": [
            "令人尴尬的，使人难堪的"
        ],
        "usphone": "'ɔkwɚd",
        "ukphone": "'ɔːkwəd"
    },
    {
        "name": "consume",
        "trans": [
            "消耗；消费；吃；喝"
        ],
        "usphone": "kənˈsum",
        "ukphone": "kən'sjuːm"
    },
    {
        "name": "renewable",
        "trans": [
            "能再生的；可更新的"
        ],
        "usphone": "rɪ'nuəbl",
        "ukphone": "rɪ'njuːəbəl"
    },
    {
        "name": "greenhouse",
        "trans": [
            "温室；花房"
        ],
        "usphone": "'ɡrinhaʊs",
        "ukphone": "'griːnhaʊs"
    },
    {
        "name": "Fahrenheit",
        "trans": [
            "华氏的",
            "华氏温度"
        ],
        "usphone": "'færən'haɪt",
        "ukphone": "'fær(ə)nhaɪt; 'fɑː-"
    },
    {
        "name": "come about",
        "trans": [
            "发生；造成"
        ],
        "usphone": "",
        "ukphone": ""
    },
    {
        "name": "Sophie",
        "trans": [
            "索菲（女名）"
        ],
        "usphone": "",
        "ukphone": ""
    },
    {
        "name": "Armstrong",
        "trans": [
            "阿姆斯特朗（姓）"
        ],
        "usphone": "'ɑ:mstrɔŋ",
        "ukphone": "'ɑːmstrɒŋ"
    },
    {
        "name": "graph",
        "trans": [
            "图表；坐标图；曲线图"
        ],
        "usphone": "ɡræf",
        "ukphone": "grɑːf; græf"
    },
    {
        "name": "random",
        "trans": [
            "随意的，任意的，随机的"
        ],
        "usphone": "'rændəm",
        "ukphone": "'rændəm"
    },
    {
        "name": "phenomenon",
        "trans": [
            "现象"
        ],
        "usphone": "fə'nɑmɪnən",
        "ukphone": "fɪ'nɒmɪnən"
    },
    {
        "name": "subscribe",
        "trans": [
            "(to)订阅，订购"
        ],
        "usphone": "səb'skraɪb",
        "ukphone": "səb'skraɪb"
    },
    {
        "name": "subscribe to",
        "trans": [
            "同意；赞成；订购"
        ],
        "usphone": "",
        "ukphone": ""
    },
    {
        "name": "fossil",
        "trans": [
            "化石"
        ],
        "usphone": "'fɑsl",
        "ukphone": "'fɒs(ə)l; -sɪl"
    },
    {
        "name": "fuel",
        "trans": [
            "燃料"
        ],
        "usphone": "'fjuəl",
        "ukphone": "fjʊəl"
    },
    {
        "name": "byproduct",
        "trans": [
            "副产品"
        ],
        "usphone": "'baɪ,prɑdəkt",
        "ukphone": "'baɪ,prɒdʌkt"
    },
    {
        "name": "Janice",
        "trans": [
            "贾尼丝（女名）"
        ],
        "usphone": "'dʒænis",
        "ukphone": "'dʒænis"
    },
    {
        "name": "Foster",
        "trans": [
            "福斯特（姓或男名）"
        ],
        "usphone": "'fɔstɚ",
        "ukphone": "'fɒstə"
    },
    {
        "name": "methane",
        "trans": [
            "甲烷；沼气"
        ],
        "usphone": "'mɛθen",
        "ukphone": "'miːθeɪn; 'meθeɪn"
    },
    {
        "name": "Celsius",
        "trans": [
            "(温度)摄氏的"
        ],
        "usphone": "'sɛlsɪəs",
        "ukphone": "'selsɪəs"
    },
    {
        "name": "quantity",
        "trans": [
            "量；数量"
        ],
        "usphone": "'kwɑntəti",
        "ukphone": "'kwɒntɪtɪ"
    },
    {
        "name": "quantities of",
        "trans": [
            "大量的"
        ],
        "usphone": "",
        "ukphone": ""
    },
    {
        "name": "tend",
        "trans": [
            "趋向；易于；照顾；护理"
        ],
        "usphone": "tɛnd",
        "ukphone": "tend"
    },
    {
        "name": "go up",
        "trans": [
            "上升；增长；升起"
        ],
        "usphone": "",
        "ukphone": ""
    },
    {
        "name": "Charles Keeling",
        "trans": [
            "查尔斯•基林"
        ],
        "usphone": "",
        "ukphone": ""
    },
    {
        "name": "measurement",
        "trans": [
            "尺寸；衡量；测量"
        ],
        "usphone": "'mɛʒɚmənt",
        "ukphone": "'meʒəm(ə)nt"
    },
    {
        "name": "per",
        "trans": [
            "每；每一"
        ],
        "usphone": "pɚ",
        "ukphone": "pɜː"
    },
    {
        "name": "data",
        "trans": [
            "资料；数据"
        ],
        "usphone": "'detə",
        "ukphone": "'deɪtə"
    },
    {
        "name": "result in",
        "trans": [
            "导致"
        ],
        "usphone": "",
        "ukphone": ""
    },
    {
        "name": "trend",
        "trans": [
            "趋势；倾向；走向"
        ],
        "usphone": "trɛnd",
        "ukphone": "trend"
    },
    {
        "name": "catastrophe",
        "trans": [
            "大灾难；浩劫"
        ],
        "usphone": "kə'tæstrəfi",
        "ukphone": "kə'tæstrəfɪ"
    },
    {
        "name": "flood",
        "trans": [
            "洪水；水灾"
        ],
        "usphone": "flʌd",
        "ukphone": "flʌd"
    },
    {
        "name": "drought",
        "trans": [
            "旱灾；干旱"
        ],
        "usphone": "draʊt",
        "ukphone": "draʊt"
    },
    {
        "name": "famine",
        "trans": [
            "饥荒"
        ],
        "usphone": "'fæmɪn",
        "ukphone": "'fæmɪn"
    },
    {
        "name": "George Hambley",
        "trans": [
            "乔治•汗布利"
        ],
        "usphone": "",
        "ukphone": ""
    },
    {
        "name": "oppose",
        "trans": [
            "反对；阻碍"
        ],
        "usphone": "ə'poz",
        "ukphone": "ə'pəʊz"
    },
    {
        "name": "opposed",
        "trans": [
            "反对的；对立的"
        ],
        "usphone": "ə'pozd",
        "ukphone": "ə'pəʊzd"
    },
    {
        "name": "be opposed to",
        "trans": [
            "反对……"
        ],
        "usphone": "",
        "ukphone": ""
    },
    {
        "name": "mild",
        "trans": [
            "轻微的；暖和的；温柔的"
        ],
        "usphone": "maɪld",
        "ukphone": "maɪld"
    },
    {
        "name": "environmental",
        "trans": [
            "环境的"
        ],
        "usphone": "ɪn,vaɪrən'mɛntl",
        "ukphone": "ɪnvaɪrən'ment(ə)l; en-"
    },
    {
        "name": "environmentalist",
        "trans": [
            "环境保护论者"
        ],
        "usphone": "ɪn,vaɪrən'mɛntəlɪst",
        "ukphone": "ɪn,vaɪrən'ment(ə)lɪst; en-"
    },
    {
        "name": "consequence",
        "trans": [
            "结果；后果；影响"
        ],
        "usphone": "'kɑnsəkwɛns",
        "ukphone": "'kɒnsɪkw(ə)ns"
    },
    {
        "name": "state",
        "trans": [
            "陈述；说明"
        ],
        "usphone": "stet",
        "ukphone": "steɪt"
    },
    {
        "name": "range",
        "trans": [
            "范围"
        ],
        "usphone": "rendʒ",
        "ukphone": "reɪn(d)ʒ"
    },
    {
        "name": "even if",
        "trans": [
            "即使"
        ],
        "usphone": "",
        "ukphone": ""
    },
    {
        "name": "keep on",
        "trans": [
            "继续"
        ],
        "usphone": "kip ɑn",
        "ukphone": ""
    },
    {
        "name": "glance",
        "trans": [
            "看一下；扫视",
            "一瞥"
        ],
        "usphone": "ɡlæns",
        "ukphone": "glɑːns"
    },
    {
        "name": "steady",
        "trans": [
            "持续的；稳固的"
        ],
        "usphone": "'stɛdi",
        "ukphone": "'stedɪ"
    },
    {
        "name": "steadily",
        "trans": [
            "平稳地；持续地"
        ],
        "usphone": "'stɛdəli",
        "ukphone": "'stedɪlɪ"
    },
    {
        "name": "tendency",
        "trans": [
            "倾向；趋势"
        ],
        "usphone": "'tɛndənsi",
        "ukphone": "'tend(ə)nsɪ"
    },
    {
        "name": "widespread",
        "trans": [
            "分布广的；普遍的"
        ],
        "usphone": "ˈwʌɪdsprɛd",
        "ukphone": "ˈwʌɪdsprɛd"
    },
    {
        "name": "on the whole",
        "trans": [
            "大体上；基本上"
        ],
        "usphone": "",
        "ukphone": ""
    },
    {
        "name": "economical",
        "trans": [
            "节约的；经济的"
        ],
        "usphone": ",ɛkə'nɑmɪkl",
        "ukphone": "iːkə'nɒmɪk(ə)l; ek-"
    },
    {
        "name": "hectare",
        "trans": [
            "公顷"
        ],
        "usphone": "'hɛktɛr",
        "ukphone": "'hekteə; -ɑː"
    },
    {
        "name": "average",
        "trans": [
            "平均的"
        ],
        "usphone": "'ævərɪdʒ",
        "ukphone": "'æv(ə)rɪdʒ"
    },
    {
        "name": "existence",
        "trans": [
            "生存；存在"
        ],
        "usphone": "ɪɡ'zɪstəns",
        "ukphone": "ɪg'zɪst(ə)ns; eg-"
    },
    {
        "name": "outer",
        "trans": [
            "外部的；外面的"
        ],
        "usphone": "'aʊtɚ",
        "ukphone": "'aʊtə"
    },
    {
        "name": "on behalf of",
        "trans": [
            "代表……一方；作为……的代言人"
        ],
        "usphone": "",
        "ukphone": ""
    },
    {
        "name": "individual",
        "trans": [
            "单独的，个别的",
            "个人,个体"
        ],
        "usphone": "ˌɪndəˈvɪdʒʊəl",
        "ukphone": "ˌɪndɪˈvɪdʒʊəl"
    },
    {
        "name": "advocate",
        "trans": [
            "拥护；提倡；主张"
        ],
        "usphone": "ˈædvəkeɪt；-et",
        "ukphone": "'ædvəkeɪt；-ət"
    },
    {
        "name": "commitment",
        "trans": [
            "承诺"
        ],
        "usphone": "kə'mɪtmənt",
        "ukphone": "kə'mɪtm(ə)nt"
    },
    {
        "name": "put up with",
        "trans": [
            "忍受；容忍"
        ],
        "usphone": "",
        "ukphone": ""
    },
    {
        "name": "pollution",
        "trans": [
            "污染；弄脏"
        ],
        "usphone": "pə'luʃən",
        "ukphone": "pə'luːʃ(ə)n"
    },
    {
        "name": "growth",
        "trans": [
            "增长；生长"
        ],
        "usphone": "ɡroθ",
        "ukphone": "grəʊθ"
    },
    {
        "name": "electrical",
        "trans": [
            "电的；与电有关的"
        ],
        "usphone": "ɪ'lɛktrɪkl",
        "ukphone": "ɪ'lektrɪk(ə)l"
    },
    {
        "name": "appliance",
        "trans": [
            "用具；工具；器具"
        ],
        "usphone": "ə'plaɪəns",
        "ukphone": "ə'plaɪəns"
    },
    {
        "name": "so long as",
        "trans": [
            "只要"
        ],
        "usphone": "",
        "ukphone": ""
    },
    {
        "name": "casual",
        "trans": [
            "随便的；漫不经心的"
        ],
        "usphone": "'kæʒʊəl",
        "ukphone": "'kæʒjʊəl; -zj-"
    },
    {
        "name": "and so on",
        "trans": [
            "等等"
        ],
        "usphone": "",
        "ukphone": ""
    },
    {
        "name": "motor",
        "trans": [
            "发动机"
        ],
        "usphone": "'motɚ",
        "ukphone": "'məʊtə"
    },
    {
        "name": "can",
        "trans": [
            "金属罐"
        ],
        "usphone": "kæn",
        "ukphone": "kæn"
    },
    {
        "name": "circumstance",
        "trans": [
            "环境；情况"
        ],
        "usphone": "ˈsɝ​kəmˌstəns",
        "ukphone": "ˈsɜ:kəmstəns"
    },
    {
        "name": "microwave",
        "trans": [
            "微波炉；微波"
        ],
        "usphone": "'maɪkrə'wev",
        "ukphone": "'maɪkrə(ʊ)weɪv"
    },
    {
        "name": "refresh",
        "trans": [
            "使恢复精力，使提神"
        ],
        "usphone": "ri'frɛʃ",
        "ukphone": "rɪ'freʃ"
    },
    {
        "name": "educator",
        "trans": [
            "教育工作者；教育家"
        ],
        "usphone": "'ɛdʒə'ketɚ",
        "ukphone": "'edʒʊkeɪtə"
    },
    {
        "name": "contribution",
        "trans": [
            "贡献"
        ],
        "usphone": ",kɑntrɪ'bjuʃən",
        "ukphone": "kɒntrɪ'bjuːʃ(ə)n"
    },
    {
        "name": "imperative",
        "trans": [
            "祈使语气；命令"
        ],
        "usphone": "ɪm'pɛrətɪv",
        "ukphone": "ɪm'perətɪv"
    },
    {
        "name": "heading",
        "trans": [
            "标题"
        ],
        "usphone": "'hɛdɪŋ",
        "ukphone": "'hedɪŋ"
    },
    {
        "name": "slogan",
        "trans": [
            "标语；口号"
        ],
        "usphone": "'slogən",
        "ukphone": "'sləʊg(ə)n"
    },
    {
        "name": "presentation",
        "trans": [
            "报告；陈述，说明"
        ],
        "usphone": ",prizɛn'teʃən",
        "ukphone": "prez(ə)n'teɪʃ(ə)n"
    },
    {
        "name": "nuclear",
        "trans": [
            "核的；核能的；原子核的"
        ],
        "usphone": "'nuklɪɚ",
        "ukphone": "'njuːklɪə"
    },
    {
        "name": "disagreement",
        "trans": [
            "分歧；不一致"
        ],
        "usphone": ",dɪsə'ɡrimənt",
        "ukphone": "dɪsə'ɡriːmənt"
    },
    {
        "name": "diagram",
        "trans": [
            "图解；图表；示意图"
        ],
        "usphone": "'daɪəɡræm",
        "ukphone": "'daɪəgræm"
    },
    {
        "name": "volcano",
        "trans": [
            "火山"
        ],
        "usphone": "vɑl'keno",
        "ukphone": "vɒl'keɪnəʊ"
    },
    {
        "name": "volcanic",
        "trans": [
            "火山的"
        ],
        "usphone": "vɑl'kænɪk",
        "ukphone": "vɒl'kænɪk"
    },
    {
        "name": "volcanology",
        "trans": [
            "火山学"
        ],
        "usphone": ",vɑlkə'nɑlədʒi",
        "ukphone": ",vɒlkə'nɒlədʒɪ"
    },
    {
        "name": "volcanologist",
        "trans": [
            "火山学家"
        ],
        "usphone": ",vɔlkən'ɔlədʒɪst",
        "ukphone": ",vɔlkən'ɔlədʒist"
    },
    {
        "name": "erupt",
        "trans": [
            "突然发生；（指火山）爆发"
        ],
        "usphone": "ɪ'rʌpt",
        "ukphone": "ɪ'rʌpt"
    },
    {
        "name": "eruption",
        "trans": [
            "火山爆发；（战争等）爆发"
        ],
        "usphone": "ɪ'rʌpʃən",
        "ukphone": "ɪ'rʌpʃ(ə)n"
    },
    {
        "name": "ash",
        "trans": [
            "灰；灰末"
        ],
        "usphone": "æʃ",
        "ukphone": "æʃ"
    },
    {
        "name": "crater",
        "trans": [
            "坑；火山口"
        ],
        "usphone": "'kretɚ",
        "ukphone": "'kreɪtə"
    },
    {
        "name": "lava",
        "trans": [
            "(火山喷出的)熔岩；火山岩"
        ],
        "usphone": "'lɑvə",
        "ukphone": "'lɑːvə"
    },
    {
        "name": "hurricane",
        "trans": [
            "飓风；风暴"
        ],
        "usphone": "ˈhʌrɪken",
        "ukphone": "ˈhʌrɪkən"
    },
    {
        "name": "questionnaire",
        "trans": [
            "问卷；调查表"
        ],
        "usphone": "ˌkwɛstʃənˈɛr",
        "ukphone": "ˌkwestʃəˈneə(r)"
    },
    {
        "name": "alongside",
        "trans": [
            "在旁边；沿着边",
            "在……旁边；沿着……的边"
        ],
        "usphone": "ə'lɔŋ'saɪd",
        "ukphone": "əlɒŋ'saɪd"
    },
    {
        "name": "equipment",
        "trans": [
            "设备；装备"
        ],
        "usphone": "ɪ'kwɪpmənt",
        "ukphone": "ɪ'kwɪpm(ə)nt"
    },
    {
        "name": "appoint",
        "trans": [
            "任命；委派"
        ],
        "usphone": "ə'pɔɪnt",
        "ukphone": "ə'pɒɪnt"
    },
    {
        "name": "observatory",
        "trans": [
            "观象台；天文台；气象台"
        ],
        "usphone": "əb'zɝvətɔri",
        "ukphone": "əb'zɜːvət(ə)rɪ"
    },
    {
        "name": "database",
        "trans": [
            "数据库；资料库"
        ],
        "usphone": "'detəbes",
        "ukphone": "'deɪtəbeɪs"
    },
    {
        "name": "Mount  Kilauea",
        "trans": [
            "基拉韦厄火山"
        ],
        "usphone": "",
        "ukphone": ""
    },
    {
        "name": "evaluate",
        "trans": [
            "评估；评价；估计"
        ],
        "usphone": "ɪ'væljʊ'et",
        "ukphone": "ɪ'væljʊeɪt"
    },
    {
        "name": "burn to the ground",
        "trans": [
            "全部焚毁"
        ],
        "usphone": "",
        "ukphone": ""
    },
    {
        "name": "wave",
        "trans": [
            "波浪；波涛",
            "挥手"
        ],
        "usphone": "wev",
        "ukphone": "weɪv"
    },
    {
        "name": "molten",
        "trans": [
            "熔化的；熔融的"
        ],
        "usphone": "'moltən",
        "ukphone": "'məʊlt(ə)n"
    },
    {
        "name": "fountain",
        "trans": [
            "泉水般地喷出或涌出",
            "喷泉；源泉"
        ],
        "usphone": "'faʊntn",
        "ukphone": "ˈfaʊntən"
    },
    {
        "name": "absolute",
        "trans": [
            "绝对的；完全的"
        ],
        "usphone": "'æbsəlut",
        "ukphone": "'æbsəluːt"
    },
    {
        "name": "absolutely",
        "trans": [
            "绝对地；完全地"
        ],
        "usphone": "'æbsəlutli",
        "ukphone": "'æbsəluːtlɪ"
    },
    {
        "name": "spaceman",
        "trans": [
            "宇航员；航天专家"
        ],
        "usphone": "'spesmæn",
        "ukphone": "'speɪsmæn"
    },
    {
        "name": "suit",
        "trans": [
            "一套衣服；套装",
            "适合；使适宜"
        ],
        "usphone": "sut",
        "ukphone": "sju:t; su:t"
    },
    {
        "name": "helmet",
        "trans": [
            "头盔"
        ],
        "usphone": "'hɛlmɪt",
        "ukphone": "'helmɪt"
    },
    {
        "name": "boot",
        "trans": [
            "靴子"
        ],
        "usphone": "but",
        "ukphone": "buːt"
    },
    {
        "name": "make one's way",
        "trans": [
            "前往;行进"
        ],
        "usphone": "",
        "ukphone": ""
    },
    {
        "name": "potential",
        "trans": [
            "潜在性；可能性；潜能",
            "可能的；潜在的"
        ],
        "usphone": "pə'tɛnʃl",
        "ukphone": "pəˈtenʃl"
    },
    {
        "name": "actual",
        "trans": [
            "实际的，真实的"
        ],
        "usphone": "'æktʃuəl",
        "ukphone": "'æktʃʊəl; -tjʊəl"
    },
    {
        "name": "geology",
        "trans": [
            "地质学"
        ],
        "usphone": "dʒɪ'ɑlədʒi",
        "ukphone": "dʒɪ'ɒlədʒɪ"
    },
    {
        "name": "Mount Etna",
        "trans": [
            "埃特纳火山（意大利西西里岛东北部）"
        ],
        "usphone": "",
        "ukphone": ""
    },
    {
        "name": "Sicily",
        "trans": [
            "西西里岛（意大利南部）"
        ],
        "usphone": "'sisili",
        "ukphone": "'sisili"
    },
    {
        "name": "sample",
        "trans": [
            "样品；样本"
        ],
        "usphone": "'sæmpl",
        "ukphone": "'sɑːmp(ə)l"
    },
    {
        "name": "candidate",
        "trans": [
            "候选人；候补者"
        ],
        "usphone": "ˈkændɪˌdet, -dɪt",
        "ukphone": "'kændɪdeɪt; -dət"
    },
    {
        "name": "Mount Vesuvius",
        "trans": [
            "维苏威火山"
        ],
        "usphone": "",
        "ukphone": ""
    },
    {
        "name": "threat",
        "trans": [
            "恐吓；威胁"
        ],
        "usphone": "θrɛt",
        "ukphone": "θret"
    },
    {
        "name": "bungalow",
        "trans": [
            "平房；小屋"
        ],
        "usphone": "ˈbʌŋɡəˌlo",
        "ukphone": "'bʌŋgələʊ"
    },
    {
        "name": "Pompeii",
        "trans": [
            "庞培（意大利古都）"
        ],
        "usphone": "pɔm'peii:; -'pei",
        "ukphone": "pɔm'peii:; -'pei"
    },
    {
        "name": "tornado",
        "trans": [
            "龙卷风；旋风"
        ],
        "usphone": "tɔr'nedo",
        "ukphone": "tɔː'neɪdəʊ"
    },
    {
        "name": "typhoon",
        "trans": [
            "台风"
        ],
        "usphone": "taɪ'fʊn",
        "ukphone": "taɪ'fuːn"
    },
    {
        "name": "thunderstorm",
        "trans": [
            "雷暴"
        ],
        "usphone": "'θʌndɚstɔrm",
        "ukphone": "'θʌndəstɔːm"
    },
    {
        "name": "precious",
        "trans": [
            "珍贵的；贵重的"
        ],
        "usphone": "'prɛʃəs",
        "ukphone": "'preʃəs"
    },
    {
        "name": "novelist",
        "trans": [
            "小说家"
        ],
        "usphone": "'nɑvlɪst",
        "ukphone": "'nɒv(ə)lɪst"
    },
    {
        "name": "fog",
        "trans": [
            "雾"
        ],
        "usphone": "fɔɡ",
        "ukphone": "fɒg"
    },
    {
        "name": "document",
        "trans": [
            "文件；证件"
        ],
        "usphone": "dɑkjəmənt",
        "ukphone": "'dɒkjʊm(ə)nt"
    },
    {
        "name": "rainbow",
        "trans": [
            "彩虹"
        ],
        "usphone": "'renbo",
        "ukphone": "'reɪnbəʊ"
    },
    {
        "name": "uncomfortable",
        "trans": [
            "不舒服的；不舒适的"
        ],
        "usphone": "ʌn'kʌmftəbl",
        "ukphone": "ʌn'kʌmf(ə)təb(ə)l"
    },
    {
        "name": "balcony",
        "trans": [
            "阳台"
        ],
        "usphone": "'bælkənɪ",
        "ukphone": "'bælkənɪ"
    },
    {
        "name": "unconscious",
        "trans": [
            "失去知觉的；未察觉的"
        ],
        "usphone": "ʌn'kɑnʃəs",
        "ukphone": "ʌn'kɒnʃəs"
    },
    {
        "name": "shoot",
        "trans": [
            "射中；射伤"
        ],
        "usphone": "ʃut",
        "ukphone": "ʃuːt"
    },
    {
        "name": "shot",
        "trans": [
            "开枪"
        ],
        "usphone": "ʃɑt",
        "ukphone": "ʃɒt"
    },
    {
        "name": "tremble",
        "trans": [
            "摇晃；摇动；颤抖"
        ],
        "usphone": "'trɛmbl",
        "ukphone": "'tremb(ə)l"
    },
    {
        "name": "sweat",
        "trans": [
            "汗",
            "出汗"
        ],
        "usphone": "swɛt",
        "ukphone": "swet"
    },
    {
        "name": "anxious",
        "trans": [
            "忧虑的；不安的"
        ],
        "usphone": "'æŋkʃəs",
        "ukphone": "'æŋ(k)ʃəs"
    },
    {
        "name": "anxiety",
        "trans": [
            "担心；焦虑"
        ],
        "usphone": "æŋ'zaɪəti",
        "ukphone": "æŋ'zaɪətɪ"
    },
    {
        "name": "panic",
        "trans": [
            "惊慌",
            "惊慌；恐慌"
        ],
        "usphone": "'pænɪk",
        "ukphone": "'pænɪk"
    },
    {
        "name": "tsunami",
        "trans": [
            "海啸；地震海啸"
        ],
        "usphone": "tsʊ'nɑmi",
        "ukphone": "tsuː'nɑːmɪ"
    },
    {
        "name": "glance through",
        "trans": [
            "匆匆看一遍"
        ],
        "usphone": "",
        "ukphone": ""
    },
    {
        "name": "Manchu",
        "trans": [
            "满族的",
            "满人;满语"
        ],
        "usphone": "",
        "ukphone": ""
    },
    {
        "name": "vary from...to...",
        "trans": [
            "由……到……不等"
        ],
        "usphone": "",
        "ukphone": ""
    },
    {
        "name": "diverse",
        "trans": [
            "多种多样的；不同的"
        ],
        "usphone": "daɪ'vɝs",
        "ukphone": "daɪ'vɜːs; 'daɪvɜːs"
    },
    {
        "name": "diversity",
        "trans": [
            "多种多样；多样性"
        ],
        "usphone": "dɪˈvəsɪti",
        "ukphone": "daɪ'vɜːsɪtɪ; dɪ-"
    },
    {
        "name": "crane",
        "trans": [
            "鹤；吊车；起重机"
        ],
        "usphone": "kren",
        "ukphone": "kreɪn"
    },
    {
        "name": "leopard",
        "trans": [
            "豹"
        ],
        "usphone": "'lɛpɚd",
        "ukphone": "'lepəd"
    },
    {
        "name": "spectacular",
        "trans": [
            "引人入胜的；壮观的"
        ],
        "usphone": "spɛk'tækjəlɚ",
        "ukphone": "spek'tækjʊlə"
    },
    {
        "name": "bathe",
        "trans": [
            "洗澡；游泳"
        ],
        "usphone": "beð",
        "ukphone": "beɪð"
    },
    {
        "name": "arouse",
        "trans": [
            "激发;引起"
        ],
        "usphone": "ə'raʊz",
        "ukphone": "ə'raʊz"
    },
    {
        "name": "appreciation",
        "trans": [
            "感激；感谢"
        ],
        "usphone": "ə,priʃɪ'eʃən",
        "ukphone": "əpriːʃɪ'eɪʃ(ə)n; -sɪ-"
    },
    {
        "name": "peak",
        "trans": [
            "高峰，顶点；山顶；顶峰"
        ],
        "usphone": "pik",
        "ukphone": "piːk"
    },
    {
        "name": "persuasion",
        "trans": [
            "信服；说服"
        ],
        "usphone": "pɚ'sweʒn",
        "ukphone": "pə'sweɪʒ(ə)n"
    },
    {
        "name": "guarantee",
        "trans": [
            "担保；保证"
        ],
        "usphone": ",ɡærən'ti",
        "ukphone": "gær(ə)n'tiː"
    }
]