[
    {
        "name": "characteristic",
        "trans": [
            "特征；特性"
        ],
        "usphone": ",kærəktə'rɪstɪk",
        "ukphone": "kærəktə'rɪstɪk"
    },
    {
        "name": "radium",
        "trans": [
            "镭"
        ],
        "usphone": "'redɪəm",
        "ukphone": "'reɪdɪəm"
    },
    {
        "name": "painter",
        "trans": [
            "画家；油漆匠"
        ],
        "usphone": "'pentɚ",
        "ukphone": "'peɪntə"
    },
    {
        "name": "put forward",
        "trans": [
            "提出"
        ],
        "usphone": "",
        "ukphone": ""
    },
    {
        "name": "scientific",
        "trans": [
            "科学的"
        ],
        "usphone": ",saɪən'tɪfɪk",
        "ukphone": "saɪən'tɪfɪk"
    },
    {
        "name": "conclude",
        "trans": [
            "推断出；结束"
        ],
        "usphone": "kən'klud",
        "ukphone": "kən'kluːd"
    },
    {
        "name": "conclusion",
        "trans": [
            "结论；结束"
        ],
        "usphone": "kən'kluʒn",
        "ukphone": "kən'kluːʒ(ə)n"
    },
    {
        "name": "draw a conclusion",
        "trans": [
            "提出结论"
        ],
        "usphone": "",
        "ukphone": ""
    },
    {
        "name": "analyse",
        "trans": [
            "分析"
        ],
        "usphone": "'æn(ə)laɪz",
        "ukphone": "'æn(ə)laɪz"
    },
    {
        "name": "infect",
        "trans": [
            "传染；感染"
        ],
        "usphone": "ɪn'fɛkt",
        "ukphone": "ɪn'fekt"
    },
    {
        "name": "infectious",
        "trans": [
            "传染的"
        ],
        "usphone": "ɪn'fɛkʃəs",
        "ukphone": "ɪn'fekʃəs"
    },
    {
        "name": "cholera",
        "trans": [
            "霍乱"
        ],
        "usphone": "'kɑlərə",
        "ukphone": "'kɒlərə"
    },
    {
        "name": "defeat",
        "trans": [
            "打败；战胜；使受挫",
            "失败"
        ],
        "usphone": "dɪ'fit",
        "ukphone": "dɪ'fiːt"
    },
    {
        "name": "expert",
        "trans": [
            "内行的",
            "专家；行家"
        ],
        "usphone": "'ɛkspɝt; (for adj., also) ɛksˈpɝt ; ɪkˈspɝt",
        "ukphone": "'ekspɜːt"
    },
    {
        "name": "attend",
        "trans": [
            "参加; 出席；照顾；护理"
        ],
        "usphone": "ə'tɛnd",
        "ukphone": "ə'tend"
    },
    {
        "name": "physician",
        "trans": [
            "医生；内科医师"
        ],
        "usphone": "fɪ'zɪʃən",
        "ukphone": "fɪ'zɪʃ(ə)n"
    },
    {
        "name": "expose",
        "trans": [
            "暴露；揭露；使曝光"
        ],
        "usphone": "ɪk'spoz；ek-",
        "ukphone": "ɪk'spəʊz; ek-"
    },
    {
        "name": "expose...to",
        "trans": [
            "使显露；暴露"
        ],
        "usphone": "",
        "ukphone": ""
    },
    {
        "name": "deadly",
        "trans": [
            "致命的"
        ],
        "usphone": "'dɛdli",
        "ukphone": "'dedlɪ"
    },
    {
        "name": "cure",
        "trans": [
            "治愈；痊愈",
            "治愈；治疗"
        ],
        "usphone": "kjʊr",
        "ukphone": "kjʊə; kjɔː"
    },
    {
        "name": "outbreak",
        "trans": [
            "爆发；发作（尤指疾病或战争）"
        ],
        "usphone": "'aʊtbrek",
        "ukphone": "'aʊtbreɪk"
    },
    {
        "name": "challenge",
        "trans": [
            "挑战",
            "向……挑战"
        ],
        "usphone": "'tʃælɪndʒ",
        "ukphone": "'tʃælɪn(d)ʒ"
    },
    {
        "name": "victim",
        "trans": [
            "受害者"
        ],
        "usphone": "'vɪktɪm",
        "ukphone": "'vɪktɪm"
    },
    {
        "name": "absorb",
        "trans": [
            "吸收；吸引；使专心"
        ],
        "usphone": "æbˈsɔrb; æbˈzɔrb; əbˈsɔrb",
        "ukphone": "əb'zɔːb; -'sɔːb"
    },
    {
        "name": "suspect",
        "trans": [
            "怀疑",
            "被怀疑者；嫌疑犯"
        ],
        "usphone": "sʌspɛkt; (for v.) səˈspɛkt",
        "ukphone": "ˈsʌspekt; (for v.) səˈspekt"
    },
    {
        "name": "enquiry",
        "trans": [
            "询问"
        ],
        "usphone": "ɛnˈkwaɪri, ˈɛnkwəri",
        "ukphone": "ɪn'kwaɪrɪ"
    },
    {
        "name": "neighbourhood",
        "trans": [
            "附近(的居民)；邻近(的居民)"
        ],
        "usphone": "nebɚˌhʊd",
        "ukphone": "ˈneɪbəhʊd"
    },
    {
        "name": "severe",
        "trans": [
            "严重的；严厉的"
        ],
        "usphone": "səˈvɪr",
        "ukphone": "sɪ'vɪə"
    },
    {
        "name": "clue",
        "trans": [
            "线索；提示"
        ],
        "usphone": "klʊ",
        "ukphone": "kluː"
    },
    {
        "name": "pump",
        "trans": [
            "泵；抽水机",
            "（用泵）抽（水）"
        ],
        "usphone": "pʌmp",
        "ukphone": "pʌmp"
    },
    {
        "name": "Cambridge",
        "trans": [
            "剑桥大学"
        ],
        "usphone": "ˈkembrɪdʒ",
        "ukphone": "ˈkeɪmbrɪdʒ"
    },
    {
        "name": "foresee",
        "trans": [
            "预见；预知"
        ],
        "usphone": "fɔr'si",
        "ukphone": "fɔː'siː"
    },
    {
        "name": "investigate",
        "trans": [
            "调查"
        ],
        "usphone": "ɪn'vɛstɪɡet",
        "ukphone": "ɪn'vestɪgeɪt"
    },
    {
        "name": "investigation",
        "trans": [
            "调查"
        ],
        "usphone": "ɪn,vɛstɪ'ɡeʃən",
        "ukphone": "ɪn,vestɪ'geɪʃ(ə)n"
    },
    {
        "name": "blame",
        "trans": [
            "责备；谴责",
            "过失；责备"
        ],
        "usphone": "blem",
        "ukphone": "bleɪm"
    },
    {
        "name": "pollute",
        "trans": [
            "污染；弄脏"
        ],
        "usphone": "pə'lut",
        "ukphone": "pə'luːt"
    },
    {
        "name": "handle",
        "trans": [
            "柄；把手",
            "处理；操纵"
        ],
        "usphone": "'hændl",
        "ukphone": "'hænd(ə)l"
    },
    {
        "name": "germ",
        "trans": [
            "微生物；细菌"
        ],
        "usphone": "dʒɝm",
        "ukphone": "dʒɜːm"
    },
    {
        "name": "link",
        "trans": [
            "连接；联系",
            "连接；联系"
        ],
        "usphone": "lɪŋk",
        "ukphone": "lɪŋk"
    },
    {
        "name": "link...to...",
        "trans": [
            "将……和……联系或连接起来"
        ],
        "usphone": "",
        "ukphone": ""
    },
    {
        "name": "announce",
        "trans": [
            "宣布；通知"
        ],
        "usphone": "ə'naʊns",
        "ukphone": "ə'naʊns"
    },
    {
        "name": "certainty",
        "trans": [
            "确实"
        ],
        "usphone": "'sɝtnti",
        "ukphone": "'sɜːt(ə)ntɪ; -tɪn-"
    },
    {
        "name": "instruct",
        "trans": [
            "命令；指示；教导"
        ],
        "usphone": "ɪn'strʌkt",
        "ukphone": "ɪn'strʌkt"
    },
    {
        "name": "responsible",
        "trans": [
            "有责任的；负责的"
        ],
        "usphone": "rɪ'spɑnsəbl",
        "ukphone": "rɪ'spɒnsɪb(ə)l"
    },
    {
        "name": "construct",
        "trans": [
            "建设；修建"
        ],
        "usphone": "kən'strʌkt",
        "ukphone": "kən'strʌkt"
    },
    {
        "name": "construction",
        "trans": [
            "建造，建筑"
        ],
        "usphone": "kən'strʌkʃən",
        "ukphone": "kən'strʌkʃ(ə)n"
    },
    {
        "name": "contribute",
        "trans": [
            "捐献；贡献；捐助"
        ],
        "usphone": "kən'trɪbjut",
        "ukphone": "kən'trɪbjuːt; 'kɒntrɪbjuːt"
    },
    {
        "name": "apart from",
        "trans": [
            "除……之外；此外"
        ],
        "usphone": "",
        "ukphone": ""
    },
    {
        "name": "firework",
        "trans": [
            "烟火"
        ],
        "usphone": "'faɪɚwɝk",
        "ukphone": "'faɪəwɜːk"
    },
    {
        "name": "chart",
        "trans": [
            "图表"
        ],
        "usphone": "tʃɑrt",
        "ukphone": "tʃɑːt"
    },
    {
        "name": "creative",
        "trans": [
            "创造性的；有创造力的"
        ],
        "usphone": "krɪ'etɪv",
        "ukphone": "kriː'eɪtɪv"
    },
    {
        "name": "co-operative",
        "trans": [
            "合作的"
        ],
        "usphone": "kəu'ɔpərətiv",
        "ukphone": ""
    },
    {
        "name": "positive",
        "trans": [
            "积极的；肯定的"
        ],
        "usphone": "'pɑzətɪv",
        "ukphone": "ˈpɒzətɪv"
    },
    {
        "name": "(be)strict with...",
        "trans": [
            "对……严格的"
        ],
        "usphone": "",
        "ukphone": ""
    },
    {
        "name": "Nicolaus Copernicus",
        "trans": [
            "尼古拉•哥白尼（波兰天文学家）"
        ],
        "usphone": "",
        "ukphone": ""
    },
    {
        "name": "revolutionary",
        "trans": [
            "革命的；重大变革的"
        ],
        "usphone": "'rɛvə'lʊʃə'nɛri",
        "ukphone": "revə'luːʃ(ə)n(ə)rɪ"
    },
    {
        "name": "movement",
        "trans": [
            "移动；运动；动作"
        ],
        "usphone": "'muvmənt",
        "ukphone": "'muːvm(ə)nt"
    },
    {
        "name": "make sense",
        "trans": [
            "讲得通；有意义"
        ],
        "usphone": "",
        "ukphone": ""
    },
    {
        "name": "backward",
        "trans": [
            "向后的；相反的；退步的",
            "向后地；相反地；退步地"
        ],
        "usphone": "'bækwɚd",
        "ukphone": "'bækwəd"
    },
    {
        "name": "loop",
        "trans": [
            "圈；环"
        ],
        "usphone": "lup",
        "ukphone": "luːp"
    },
    {
        "name": "privately",
        "trans": [
            "私下地"
        ],
        "usphone": "'praɪvɪtli",
        "ukphone": "'praɪvɪtli"
    },
    {
        "name": "spin",
        "trans": [
            "(使)旋转；纺（线或纱）"
        ],
        "usphone": "spɪn",
        "ukphone": "spɪn"
    },
    {
        "name": "brightness",
        "trans": [
            "明亮；亮度；聪颖"
        ],
        "usphone": "'braɪtnɪs",
        "ukphone": "'braɪtnɪs"
    },
    {
        "name": "enthusiastic",
        "trans": [
            "热情的；热心的"
        ],
        "usphone": "ɪn,θuzɪ'æstɪk",
        "ukphone": "ɪn,θjuːzɪ'æstɪk; en-"
    },
    {
        "name": "cautious",
        "trans": [
            "小心的；谨慎的"
        ],
        "usphone": "'kɔʃəs",
        "ukphone": "'kɔːʃəs"
    },
    {
        "name": "reject",
        "trans": [
            "拒绝；不接受"
        ],
        "usphone": "rɪ'dʒɛkt",
        "ukphone": "rɪ'dʒekt"
    },
    {
        "name": "universe",
        "trans": [
            "宇宙；世界"
        ],
        "usphone": "'junɪvɝs",
        "ukphone": "'juːnɪvɜːs"
    },
    {
        "name": "unite",
        "trans": [
            "联合；团结"
        ],
        "usphone": "ju'naɪt",
        "ukphone": "juː'naɪt"
    },
    {
        "name": "kingdom",
        "trans": [
            "王国"
        ],
        "usphone": "'kɪŋdəm",
        "ukphone": "'kɪŋdəm"
    },
    {
        "name": "consist",
        "trans": [
            "组成；在于"
        ],
        "usphone": "kən'sɪst",
        "ukphone": "kən'sɪst"
    },
    {
        "name": "consist of",
        "trans": [
            "由……组成"
        ],
        "usphone": "",
        "ukphone": ""
    },
    {
        "name": "London Heathrow Airport",
        "trans": [
            "伦敦希思罗机场"
        ],
        "usphone": "",
        "ukphone": ""
    },
    {
        "name": "province",
        "trans": [
            "省；行政区"
        ],
        "usphone": "'prɑvɪns",
        "ukphone": "'prɒvɪns"
    },
    {
        "name": "River Avon",
        "trans": [
            "埃文河"
        ],
        "usphone": "",
        "ukphone": ""
    },
    {
        "name": "River Thames",
        "trans": [
            "泰晤士河"
        ],
        "usphone": "",
        "ukphone": ""
    },
    {
        "name": "River Severn",
        "trans": [
            "塞文河"
        ],
        "usphone": "",
        "ukphone": ""
    },
    {
        "name": "divide...into",
        "trans": [
            "把……分成"
        ],
        "usphone": "",
        "ukphone": ""
    },
    {
        "name": "Wales",
        "trans": [
            "威尔士（英）"
        ],
        "usphone": "weilz",
        "ukphone": "weilz"
    },
    {
        "name": "Scotland",
        "trans": [
            "苏格兰（英）"
        ],
        "usphone": "'skɔtlənd",
        "ukphone": "'skɔtlənd"
    },
    {
        "name": "Northern Ireland",
        "trans": [
            "北爱尔兰（英）"
        ],
        "usphone": "",
        "ukphone": ""
    },
    {
        "name": "clarify",
        "trans": [
            "澄清；阐明"
        ],
        "usphone": "'klærəfaɪ",
        "ukphone": "'klærɪfaɪ"
    },
    {
        "name": "accomplish",
        "trans": [
            "完成；达到；实现"
        ],
        "usphone": "ə'kɑmplɪʃ",
        "ukphone": "ə'kʌmplɪʃ; ə'kɒm-"
    },
    {
        "name": "conflict",
        "trans": [
            "矛盾；冲突"
        ],
        "usphone": "'kɑnflɪkt",
        "ukphone": "'kɒnflɪkt"
    },
    {
        "name": "unwilling",
        "trans": [
            "不愿意（的）；不乐意（的）"
        ],
        "usphone": "ʌn'wɪlɪŋ",
        "ukphone": "ʌn'wɪlɪŋ"
    },
    {
        "name": "break away",
        "trans": [
            "挣脱（束缚）；脱离"
        ],
        "usphone": "",
        "ukphone": ""
    },
    {
        "name": "break away from",
        "trans": [
            "挣脱（束缚）；脱离"
        ],
        "usphone": "",
        "ukphone": ""
    },
    {
        "name": "union",
        "trans": [
            "工会；；联盟；协会；联合"
        ],
        "usphone": "'junɪən",
        "ukphone": "'juːnjən; -ɪən"
    },
    {
        "name": "the Union Jack",
        "trans": [
            "英国国旗"
        ],
        "usphone": "",
        "ukphone": ""
    },
    {
        "name": "credit",
        "trans": [
            "赊购；信贷；赞扬；信任；学分"
        ],
        "usphone": "'krɛdɪt",
        "ukphone": "'kredɪt"
    },
    {
        "name": "to one's credit",
        "trans": [
            "为……带来荣誉；值得赞扬；在……名下"
        ],
        "usphone": "",
        "ukphone": ""
    },
    {
        "name": "currency",
        "trans": [
            "货币；通货"
        ],
        "usphone": "ˈkɜrənsi",
        "ukphone": "'kʌr(ə)nsɪ"
    },
    {
        "name": "institution",
        "trans": [
            "社会公共机构；制度；设立，制定"
        ],
        "usphone": ",ɪnstɪ'tuʃən",
        "ukphone": "ɪnstɪ'tjuːʃ(ə)n"
    },
    {
        "name": "educational",
        "trans": [
            "教育的"
        ],
        "usphone": ",ɛdʒu'keʃənl",
        "ukphone": "edʒʊ'keɪʃən(ə)l"
    },
    {
        "name": "convenience",
        "trans": [
            "便利；方便"
        ],
        "usphone": "kən'vinɪəns",
        "ukphone": "kən'viːnɪəns"
    },
    {
        "name": "rough",
        "trans": [
            "粗糙的"
        ],
        "usphone": "rʌf",
        "ukphone": "rʌf"
    },
    {
        "name": "roughly",
        "trans": [
            "粗略地"
        ],
        "usphone": "'rʌfli",
        "ukphone": "'rʌflɪ"
    },
    {
        "name": "Midlands",
        "trans": [
            "英格兰中部地区（英）"
        ],
        "usphone": "",
        "ukphone": ""
    },
    {
        "name": "nationwide",
        "trans": [
            "全国性的；全国范围的"
        ],
        "usphone": ",neʃn'waɪd",
        "ukphone": "'neɪʃ(ə)nwaɪd; -'waɪd"
    },
    {
        "name": "attract",
        "trans": [
            "吸引；引起注意"
        ],
        "usphone": "ə'trækt",
        "ukphone": "ə'trækt"
    },
    {
        "name": "historical",
        "trans": [
            "有关历史的；历史（上）的"
        ],
        "usphone": "hɪ'stɔrɪkl",
        "ukphone": "hɪ'stɒrɪk(ə)l"
    },
    {
        "name": "architecture",
        "trans": [
            "建筑学；建筑艺术"
        ],
        "usphone": "'ɑrkə'tɛktʃɚ",
        "ukphone": "'ɑːkɪtektʃə"
    },
    {
        "name": "Roman",
        "trans": [
            "(古)罗马人",
            "（古）罗马的"
        ],
        "usphone": "'romən",
        "ukphone": "'rəʊmən"
    },
    {
        "name": "collection",
        "trans": [
            "收藏品"
        ],
        "usphone": "kə'lɛkʃən",
        "ukphone": "kə'lekʃ(ə)n"
    },
    {
        "name": "administration",
        "trans": [
            "管理；行政部门"
        ],
        "usphone": "əd,mɪnɪ'streʃən",
        "ukphone": "ədmɪnɪ'streɪʃ(ə)n"
    },
    {
        "name": "port",
        "trans": [
            "港口（城市）"
        ],
        "usphone": "pɔrt",
        "ukphone": "pɔːt"
    },
    {
        "name": "Anglo-Saxon",
        "trans": [
            "盎格鲁-撒克逊人",
            "盎格鲁撒克逊时期的"
        ],
        "usphone": ",æŋɡləu'sæksən",
        "ukphone": ",æŋɡləu'sæksən"
    },
    {
        "name": "Norman",
        "trans": [
            "诺曼人",
            "诺曼的"
        ],
        "usphone": "'nɔrmən",
        "ukphone": "'nɔ:mən"
    },
    {
        "name": "Viking",
        "trans": [
            "北欧海盗；维京人"
        ],
        "usphone": "",
        "ukphone": ""
    },
    {
        "name": "countryside",
        "trans": [
            "乡下；农村"
        ],
        "usphone": "'kʌntrɪsaɪd",
        "ukphone": "'kʌntrɪsaɪd"
    },
    {
        "name": "enjoyable",
        "trans": [
            "令人愉快的；使人高兴的"
        ],
        "usphone": "ɪn'dʒɔɪəbl",
        "ukphone": "ɪn'dʒɒɪəb(ə)l; en-"
    },
    {
        "name": "leave out",
        "trans": [
            "省去；遗漏；不考虑"
        ],
        "usphone": "",
        "ukphone": ""
    },
    {
        "name": "opportunity",
        "trans": [
            "机会；时机"
        ],
        "usphone": "ˌɑpɚˈtunətɪ",
        "ukphone": "ˌɒpəˈtju:nətɪ"
    },
    {
        "name": "description",
        "trans": [
            "描写；描述"
        ],
        "usphone": "dɪ'skrɪpʃən",
        "ukphone": "dɪ'skrɪpʃ(ə)n"
    },
    {
        "name": "fax",
        "trans": [
            "传真（机）",
            "用传真传输（文件）"
        ],
        "usphone": "fæks",
        "ukphone": "fæks"
    },
    {
        "name": "possibility",
        "trans": [
            "可能（性）"
        ],
        "usphone": ",pɑsə'bɪləti",
        "ukphone": ",pɒsɪ'bɪlɪtɪ"
    },
    {
        "name": "plus",
        "trans": [
            "加上；和",
            "加的；正的；零上的"
        ],
        "usphone": "plʌs",
        "ukphone": "plʌs"
    },
    {
        "name": "quarrel",
        "trans": [
            "争吵；争论；吵架",
            "争吵；吵架"
        ],
        "usphone": "'kwɔrəl",
        "ukphone": "'kwɒr(ə)l"
    },
    {
        "name": "alike",
        "trans": [
            "相同的；类似的"
        ],
        "usphone": "ə'laɪk",
        "ukphone": "ə'laɪk"
    },
    {
        "name": "take the place of",
        "trans": [
            "代替"
        ],
        "usphone": "",
        "ukphone": ""
    },
    {
        "name": "break down",
        "trans": [
            "(机器)损坏；破坏"
        ],
        "usphone": "",
        "ukphone": ""
    },
    {
        "name": "arrange",
        "trans": [
            "筹备；安排；整理"
        ],
        "usphone": "ə'rendʒ",
        "ukphone": "ə'reɪn(d)ʒ"
    },
    {
        "name": "wedding",
        "trans": [
            "婚礼"
        ],
        "usphone": "'wɛdɪŋ",
        "ukphone": "'wedɪŋ"
    },
    {
        "name": "fold",
        "trans": [
            "折叠；对折"
        ],
        "usphone": "fold",
        "ukphone": "fəʊld"
    },
    {
        "name": "sightseeing",
        "trans": [
            "观光；游览"
        ],
        "usphone": "'saɪtsiɪŋ",
        "ukphone": "'saɪtsiːɪŋ"
    },
    {
        "name": "delight",
        "trans": [
            "快乐；高兴；喜悦",
            "使高兴；使欣喜"
        ],
        "usphone": "dɪ'laɪt",
        "ukphone": "dɪ'laɪt"
    },
    {
        "name": "royal",
        "trans": [
            "王室的；皇家的；高贵的"
        ],
        "usphone": "'rɔɪəl",
        "ukphone": "'rɒɪəl"
    },
    {
        "name": "uniform",
        "trans": [
            "制服"
        ],
        "usphone": "junəˌfɔrm",
        "ukphone": "'juːnɪfɔːm"
    },
    {
        "name": "St Paul's Cathedral",
        "trans": [
            "圣保罗大教堂"
        ],
        "usphone": "",
        "ukphone": ""
    },
    {
        "name": "splendid",
        "trans": [
            "极好的；壮丽的；辉煌的"
        ],
        "usphone": "'splɛndɪd",
        "ukphone": "'splendɪd"
    },
    {
        "name": "Westminster Abbey",
        "trans": [
            "威斯敏斯特教堂（英国名人墓地）"
        ],
        "usphone": "",
        "ukphone": ""
    },
    {
        "name": "statue",
        "trans": [
            "塑像；雕像"
        ],
        "usphone": "'stætʃu",
        "ukphone": "ˈstætʃu:"
    },
    {
        "name": "Buckingham  Palace",
        "trans": [
            "白金汉宫"
        ],
        "usphone": "",
        "ukphone": ""
    },
    {
        "name": "Greenwich",
        "trans": [
            "格林尼治（英城市）"
        ],
        "usphone": "",
        "ukphone": ""
    },
    {
        "name": "longitude",
        "trans": [
            "经线；经度"
        ],
        "usphone": "'lɑndʒətud",
        "ukphone": "'lɒn(d)ʒɪtjuːd; 'lɒŋgɪ-"
    },
    {
        "name": "imaginary",
        "trans": [
            "想象中的；假想的；虚构的"
        ],
        "usphone": "ɪ'mædʒɪnɛri",
        "ukphone": "ɪ'mædʒɪn(ə)rɪ"
    },
    {
        "name": "navigation",
        "trans": [
            "导航；航行"
        ],
        "usphone": "'nævə'geʃən",
        "ukphone": "nævɪ'geɪʃ(ə)n"
    },
    {
        "name": "Highgate Cemetery",
        "trans": [
            "海格特墓地（英伦敦北郊，内有马克思及其家人的坟墓）"
        ],
        "usphone": "",
        "ukphone": ""
    },
    {
        "name": "communism",
        "trans": [
            "共产主义"
        ],
        "usphone": "'kɑmjʊ'nɪzəm",
        "ukphone": "'kɒmjʊnɪz(ə)m"
    },
    {
        "name": "original",
        "trans": [
            "最初的；原始的；独创的；新颖的；原作的"
        ],
        "usphone": "ə'rɪdʒənl",
        "ukphone": "ə'rɪdʒɪn(ə)l; ɒ-"
    },
    {
        "name": "thrill",
        "trans": [
            "使激动"
        ],
        "usphone": "θrɪl",
        "ukphone": "θrɪl"
    },
    {
        "name": "pot",
        "trans": [
            "罐；壶"
        ],
        "usphone": "pɑt",
        "ukphone": "pɒt"
    },
    {
        "name": "error",
        "trans": [
            "错误；过失；谬误"
        ],
        "usphone": "'ɛrɚ",
        "ukphone": "'erə"
    },
    {
        "name": "tense",
        "trans": [
            "时态"
        ],
        "usphone": "tɛns",
        "ukphone": "tens"
    },
    {
        "name": "consistent",
        "trans": [
            "一致的"
        ],
        "usphone": "kən'sɪstənt",
        "ukphone": "kən'sɪst(ə)nt"
    },
    {
        "name": "aspect",
        "trans": [
            "方面；层面"
        ],
        "usphone": "'æspɛkt",
        "ukphone": "'æspekt"
    },
    {
        "name": "impression",
        "trans": [
            "印象；感想"
        ],
        "usphone": "ɪm'prɛʃən",
        "ukphone": "ɪm'preʃ(ə)n"
    },
    {
        "name": "take up",
        "trans": [
            "开始；继续；拿起；接受；占用"
        ],
        "usphone": "",
        "ukphone": ""
    },
    {
        "name": "constant",
        "trans": [
            "时常发生的；连续不断的"
        ],
        "usphone": "'kɑnstənt",
        "ukphone": "'kɒnst(ə)nt"
    },
    {
        "name": "constantly",
        "trans": [
            "不断地"
        ],
        "usphone": "'kɑnstəntli",
        "ukphone": "'kɒnst(ə)ntlɪ"
    },
    {
        "name": "jet",
        "trans": [
            "喷气式飞机"
        ],
        "usphone": "dʒɛt",
        "ukphone": "dʒet"
    },
    {
        "name": "jet lag",
        "trans": [
            "飞行时差反应"
        ],
        "usphone": "",
        "ukphone": ""
    },
    {
        "name": "flashback",
        "trans": [
            "闪回；倒叙"
        ],
        "usphone": "'flæʃbæk",
        "ukphone": "'flæʃbæk"
    },
    {
        "name": "previous",
        "trans": [
            "在前的；早先的"
        ],
        "usphone": "'privɪəs",
        "ukphone": "'priːvɪəs"
    },
    {
        "name": "uncertain",
        "trans": [
            "不确切的；无把握的"
        ],
        "usphone": "ʌn'sɝtn",
        "ukphone": "ʌn'sɜːt(ə)n; -tɪn"
    },
    {
        "name": "guide",
        "trans": [
            "指导；向导；导游",
            "指引；指导"
        ],
        "usphone": "ɡaɪd",
        "ukphone": "gaɪd"
    },
    {
        "name": "tablet",
        "trans": [
            "药片"
        ],
        "usphone": "ˈtæblɪt",
        "ukphone": "'tæblɪt"
    },
    {
        "name": "expertise",
        "trans": [
            "专业技能; 专业知识（技能等）"
        ],
        "usphone": "'ɛkspɝ'tiz",
        "ukphone": ",ekspɜː'tiːz"
    },
    {
        "name": "capsule",
        "trans": [
            "胶囊；太空舱"
        ],
        "usphone": "ˈkæpsl;",
        "ukphone": "ˈkæpsju:l"
    },
    {
        "name": "steward",
        "trans": [
            "乘务员；服务员"
        ],
        "usphone": "'stuɚd",
        "ukphone": "'stjuːəd"
    },
    {
        "name": "stewardess",
        "trans": [
            "女乘务员"
        ],
        "usphone": "ˈstuərdəs",
        "ukphone": "'stjuːədɪs; ,stjuːə'des"
    },
    {
        "name": "opening",
        "trans": [
            "（出入的）通路；开口；开端"
        ],
        "usphone": "'opənɪŋ",
        "ukphone": "'əʊp(ə)nɪŋ"
    },
    {
        "name": "sideways",
        "trans": [
            "往（向、从）一侧；侧着；侧面朝前"
        ],
        "usphone": "'saɪdwez",
        "ukphone": "'saɪdweɪz"
    },
    {
        "name": "surrounding",
        "trans": [
            "周围的事物；环境",
            "周围的"
        ],
        "usphone": "sə'raʊndɪŋ",
        "ukphone": "sə'raʊndɪŋ"
    },
    {
        "name": "tolerate",
        "trans": [
            "容忍；忍受"
        ],
        "usphone": "'tɑləret",
        "ukphone": "'tɒləreɪt"
    },
    {
        "name": "combination",
        "trans": [
            "结合；组合"
        ],
        "usphone": ",kɑmbɪ'neʃən",
        "ukphone": "kɒmbɪ'neɪʃ(ə)n"
    },
    {
        "name": "lack",
        "trans": [
            "缺乏；没有",
            "缺乏；短缺的东西"
        ],
        "usphone": "læk",
        "ukphone": "læk"
    },
    {
        "name": "adjustment",
        "trans": [
            "调整；调节"
        ],
        "usphone": "ə'dʒʌstmənt",
        "ukphone": "ə'dʒʌs(t)m(ə)nt"
    },
    {
        "name": "mask",
        "trans": [
            "面具；面罩；伪装"
        ],
        "usphone": "mæsk",
        "ukphone": "mɑːsk"
    },
    {
        "name": "be back on one's feet",
        "trans": [
            "(困境后)恢复；完全复原"
        ],
        "usphone": "",
        "ukphone": ""
    },
    {
        "name": "hover",
        "trans": [
            "盘旋"
        ],
        "usphone": "'hʌvɚ",
        "ukphone": "'hɒvə"
    },
    {
        "name": "carriage",
        "trans": [
            "运输工具；四轮马车；客车"
        ],
        "usphone": "'kærɪdʒ",
        "ukphone": "'kærɪdʒ"
    },
    {
        "name": "press",
        "trans": [
            "按；压",
            "按；压；印刷；新闻；新闻界"
        ],
        "usphone": "prɛs",
        "ukphone": "pres"
    },
    {
        "name": "fasten",
        "trans": [
            "系牢；扎牢"
        ],
        "usphone": "'fæsən",
        "ukphone": "'fɑːs(ə)n"
    },
    {
        "name": "belt",
        "trans": [
            "腰带；皮带"
        ],
        "usphone": "bɛlt",
        "ukphone": "belt"
    },
    {
        "name": "safety belt",
        "trans": [
            "安全带"
        ],
        "usphone": "",
        "ukphone": ""
    },
    {
        "name": "lose sight of...",
        "trans": [
            "看不见……"
        ],
        "usphone": "",
        "ukphone": ""
    },
    {
        "name": "sweep up",
        "trans": [
            "打扫；横扫"
        ],
        "usphone": "",
        "ukphone": ""
    },
    {
        "name": "flash",
        "trans": [
            "（使）闪光；（使）闪现"
        ],
        "usphone": "flæʃ",
        "ukphone": "flæʃ"
    },
    {
        "name": "switch",
        "trans": [
            "开关；转换",
            "转换"
        ],
        "usphone": "swɪtʃ",
        "ukphone": "swɪtʃ"
    },
    {
        "name": "timetable",
        "trans": [
            "时间表；时刻表"
        ],
        "usphone": "'taɪm'tebl",
        "ukphone": "'taɪmteɪb(ə)l"
    },
    {
        "name": "exhausted",
        "trans": [
            "筋疲力尽的；疲惫不堪的"
        ],
        "usphone": "ɪɡ'zɔstɪd",
        "ukphone": "ɪɡ'zɔːstɪd"
    },
    {
        "name": "slide into",
        "trans": [
            "（快捷而悄声地）移动；溜进……"
        ],
        "usphone": "",
        "ukphone": ""
    },
    {
        "name": "optimistic",
        "trans": [
            "乐观（主义）的"
        ],
        "usphone": ",ɑptɪ'mɪstɪk",
        "ukphone": "ɒptɪ'mɪstɪk"
    },
    {
        "name": "pessimistic",
        "trans": [
            "悲观（主义）的"
        ],
        "usphone": ",pɛsɪ'mɪstɪk",
        "ukphone": ",pesɪ'mɪstɪk"
    },
    {
        "name": "speed up",
        "trans": [
            "加速"
        ],
        "usphone": "",
        "ukphone": ""
    },
    {
        "name": "pedal",
        "trans": [
            "踏板；脚蹬"
        ],
        "usphone": "'pɛdl",
        "ukphone": "'ped(ə)l"
    },
    {
        "name": "alien",
        "trans": [
            "外星人；外国人",
            "陌生的；外国的；外星球的"
        ],
        "usphone": "ˈeliən,ˈeljən",
        "ukphone": "'eɪlɪən"
    },
    {
        "name": "mud",
        "trans": [
            "泥（浆）"
        ],
        "usphone": "mʌd",
        "ukphone": "mʌd"
    },
    {
        "name": "desert",
        "trans": [
            "沙漠；荒原"
        ],
        "usphone": "(for v.) dɪˈzɝ​t; (for n.) 'dɛzɚt",
        "ukphone": "(for v.) dɪ'zɜːt; (for n.) 'dezət"
    },
    {
        "name": "enormous",
        "trans": [
            "巨大的；庞大的"
        ],
        "usphone": "ɪ'nɔrməs",
        "ukphone": "ɪ'nɔːməs"
    },
    {
        "name": "imitate",
        "trans": [
            "模仿"
        ],
        "usphone": "'ɪmɪtet",
        "ukphone": "'ɪmɪteɪt"
    },
    {
        "name": "moveable",
        "trans": [
            "可移动的；活动的"
        ],
        "usphone": "",
        "ukphone": ""
    },
    {
        "name": "citizen",
        "trans": [
            "市民，城镇居民；公民"
        ],
        "usphone": "'sɪtɪzn",
        "ukphone": "'sɪtɪz(ə)n"
    },
    {
        "name": "typist",
        "trans": [
            "打字员"
        ],
        "usphone": "'taɪpɪst",
        "ukphone": "'taɪpɪst"
    },
    {
        "name": "typewriter",
        "trans": [
            "打字机"
        ],
        "usphone": "'taɪpraɪtɚ",
        "ukphone": "'taɪpraɪtə"
    },
    {
        "name": "postage",
        "trans": [
            "邮资"
        ],
        "usphone": "'postɪdʒ",
        "ukphone": "'pəʊstɪdʒ"
    },
    {
        "name": "postcode",
        "trans": [
            "邮政编码"
        ],
        "usphone": "'post'kod",
        "ukphone": "'pəʊs(t)kəʊd"
    },
    {
        "name": "button",
        "trans": [
            "按钮"
        ],
        "usphone": "'bʌtn",
        "ukphone": "ˈbʌtn"
    },
    {
        "name": "instant",
        "trans": [
            "瞬间；片刻",
            "立即的；立刻的"
        ],
        "usphone": "'ɪnstənt",
        "ukphone": "'ɪnst(ə)nt"
    },
    {
        "name": "receiver",
        "trans": [
            "电话听筒；接收器；〔破产企业或公司的〕管理人，接管人"
        ],
        "usphone": "rɪ'sivɚ",
        "ukphone": "rɪ'siːvə"
    },
    {
        "name": "efficiency",
        "trans": [
            "效率；功效"
        ],
        "usphone": "ɪˈfɪʃənsɪ",
        "ukphone": "ɪ'fɪʃ(ə)nsɪ"
    },
    {
        "name": "efficient",
        "trans": [
            "效率高的；有能力的"
        ],
        "usphone": "ɪ'fɪʃnt",
        "ukphone": "ɪ'fɪʃ(ə)nt"
    },
    {
        "name": "ribbon",
        "trans": [
            "丝带；带状物"
        ],
        "usphone": "'rɪbən",
        "ukphone": "'rɪbən"
    },
    {
        "name": "dustbin",
        "trans": [
            "垃圾箱"
        ],
        "usphone": "'dʌstbɪn",
        "ukphone": "'dʌs(t)bɪn"
    },
    {
        "name": "dispose",
        "trans": [
            "布置；安排"
        ],
        "usphone": "dɪ'spoz",
        "ukphone": "dɪ'spəʊz"
    },
    {
        "name": "disposal",
        "trans": [
            "清除；处理"
        ],
        "usphone": "dɪ'spozl",
        "ukphone": "dɪ'spəʊz(ə)l"
    },
    {
        "name": "ecology",
        "trans": [
            "生态；生态学"
        ],
        "usphone": "ɪ'kɑlədʒi",
        "ukphone": "ɪ'kɒlədʒɪ; e-"
    },
    {
        "name": "greedy",
        "trans": [
            "贪吃的；贪婪的；贪心的"
        ],
        "usphone": "'gridi",
        "ukphone": "'griːdɪ"
    },
    {
        "name": "swallow",
        "trans": [
            "吞下；咽下"
        ],
        "usphone": "'swɑlo",
        "ukphone": "'swɒləʊ"
    },
    {
        "name": "material",
        "trans": [
            "原料；材料"
        ],
        "usphone": "mə'tɪrɪəl",
        "ukphone": "mə'tɪərɪəl"
    },
    {
        "name": "recycle",
        "trans": [
            "回收利用；再利用"
        ],
        "usphone": ",ri'saɪkl",
        "ukphone": "riː'saɪk(ə)l"
    },
    {
        "name": "manufacture",
        "trans": [
            "(用机器)大量生产；成批制造"
        ],
        "usphone": "'mænjə'fæktʃɚ",
        "ukphone": "mænjʊ'fæktʃə"
    },
    {
        "name": "goods",
        "trans": [
            "货物"
        ],
        "usphone": "ɡʊdz",
        "ukphone": "ɡʊdz"
    },
    {
        "name": "etc",
        "trans": [
            "诸如此类；等等"
        ],
        "usphone": "ɪt'sɛtərə, ɛt-",
        "ukphone": "ɪt'setərə, et-"
    },
    {
        "name": "representative",
        "trans": [
            "代表；典型人物",
            "典型的；有代表性的"
        ],
        "usphone": "'rɛprɪ'zɛntətɪv",
        "ukphone": "reprɪ'zentətɪv"
    },
    {
        "name": "settlement",
        "trans": [
            "协议，和解"
        ],
        "usphone": "'sɛtlmənt",
        "ukphone": "'set(ə)lm(ə)nt"
    },
    {
        "name": "motivation",
        "trans": [
            "动机"
        ],
        "usphone": ",motə'veʃən",
        "ukphone": "məʊtɪ'veɪʃ(ə)n"
    },
    {
        "name": "journalist",
        "trans": [
            "记者；新闻工作者"
        ],
        "usphone": "ˈdʒɝ​nlɪst",
        "ukphone": "ˈdʒɜ:nəlɪst"
    },
    {
        "name": "involve",
        "trans": [
            "牵涉；涉及；影响；包括；使参与（卷入）……"
        ],
        "usphone": "ɪn'vɑlv",
        "ukphone": "ɪn'vɒlv"
    },
    {
        "name": "editor",
        "trans": [
            "编辑"
        ],
        "usphone": "'ɛdɪtɚ",
        "ukphone": "'edɪtə"
    },
    {
        "name": "photograph",
        "trans": [
            "照片",
            "给……照相"
        ],
        "usphone": "'fotəɡræf",
        "ukphone": "'fəʊtəgrɑːf"
    },
    {
        "name": "photographer",
        "trans": [
            "摄影师"
        ],
        "usphone": "fə'tɑgrəfɚ",
        "ukphone": "fə'tɒgrəfə"
    },
    {
        "name": "photography",
        "trans": [
            "摄影"
        ],
        "usphone": "fə'tɑɡrəfi",
        "ukphone": "fə'tɒgrəfɪ"
    },
    {
        "name": "unforgettable",
        "trans": [
            "难忘的；永远记得的"
        ],
        "usphone": ",ʌnfɚ'ɡɛtəbl",
        "ukphone": "ʌnfə'getəb(ə)l"
    },
    {
        "name": "assignment",
        "trans": [
            "任务; 作业"
        ],
        "usphone": "ə'saɪnmənt",
        "ukphone": "ə'saɪnm(ə)nt"
    },
    {
        "name": "delighted",
        "trans": [
            "快乐的；欣喜的"
        ],
        "usphone": "dɪ'laɪtɪd",
        "ukphone": "dɪ'laɪtɪd"
    },
    {
        "name": "admirable",
        "trans": [
            "值得赞扬的；令人钦佩的"
        ],
        "usphone": "'ædmərəbl",
        "ukphone": "'ædm(ə)rəb(ə)l"
    },
    {
        "name": "unusual",
        "trans": [
            "不同寻常的；独特的"
        ],
        "usphone": "ʌnˈjuʒəl",
        "ukphone": "ʌnˈju:ʒl"
    },
    {
        "name": "assist",
        "trans": [
            "帮助；协助；援助"
        ],
        "usphone": "ə'sɪst",
        "ukphone": "ə'sɪst"
    },
    {
        "name": "assistant",
        "trans": [
            "助手；助理"
        ],
        "usphone": "ə'sɪstənt",
        "ukphone": "ə'sɪst(ə)nt"
    },
    {
        "name": "submit",
        "trans": [
            "递交；呈递（文件等）"
        ],
        "usphone": "səb'mɪt",
        "ukphone": "səb'mɪt"
    },
    {
        "name": "profession",
        "trans": [
            "职业；专业"
        ],
        "usphone": "prə'fɛʃən",
        "ukphone": "prə'feʃ(ə)n"
    },
    {
        "name": "professional",
        "trans": [
            "专业的；职业的",
            "专业人员"
        ],
        "usphone": "prə'fɛʃənl",
        "ukphone": "prə'feʃ(ə)n(ə)l"
    },
    {
        "name": "colleague",
        "trans": [
            "同事"
        ],
        "usphone": "'kɑliɡ",
        "ukphone": "'kɒliːg"
    },
    {
        "name": "eager",
        "trans": [
            "渴望的；热切的"
        ],
        "usphone": "'igɚ",
        "ukphone": "'iːgə"
    },
    {
        "name": "concentrate",
        "trans": [
            "集中；聚集"
        ],
        "usphone": "'kɑnsn'tret",
        "ukphone": "'kɒns(ə)ntreɪt"
    },
    {
        "name": "concentrate on",
        "trans": [
            "集中；全神贯注于"
        ],
        "usphone": "",
        "ukphone": ""
    },
    {
        "name": "amateur",
        "trans": [
            "业余爱好者"
        ],
        "usphone": "ˈæmətər",
        "ukphone": "ˈæmətə(r)"
    },
    {
        "name": "update",
        "trans": [
            "更新；使现代化"
        ],
        "usphone": ",ʌp'det",
        "ukphone": "ʌp'deɪt"
    },
    {
        "name": "acquire",
        "trans": [
            "获得；取得"
        ],
        "usphone": "ə'kwaɪr",
        "ukphone": "ə'kwaɪə"
    },
    {
        "name": "assess",
        "trans": [
            "评估；评定"
        ],
        "usphone": "ə'sɛs",
        "ukphone": "ə'ses"
    },
    {
        "name": "inform",
        "trans": [
            "告知；通知"
        ],
        "usphone": "ɪn'fɔrm",
        "ukphone": "ɪn'fɔːm"
    },
    {
        "name": "deadline",
        "trans": [
            "最后期限"
        ],
        "usphone": "ˈdedlaɪn",
        "ukphone": "'dedlaɪn"
    },
    {
        "name": "interviewee",
        "trans": [
            "参加面试者；接受采访者"
        ],
        "usphone": ",ɪntɚvju'i",
        "ukphone": ",ɪntəvjuː'iː"
    },
    {
        "name": "meanwhile",
        "trans": [
            "其间；同时"
        ],
        "usphone": "'minwaɪl",
        "ukphone": "'miːnwaɪl"
    },
    {
        "name": "depend on",
        "trans": [
            "依靠；依赖"
        ],
        "usphone": "",
        "ukphone": ""
    },
    {
        "name": "case",
        "trans": [
            "情况；病例；案例"
        ],
        "usphone": "kes",
        "ukphone": "keɪs"
    },
    {
        "name": "accuse",
        "trans": [
            "指责；谴责；控告"
        ],
        "usphone": "ə'kjuz",
        "ukphone": "ə'kjuːz"
    },
    {
        "name": "accuse...of",
        "trans": [
            "因……指责或控告……"
        ],
        "usphone": "",
        "ukphone": ""
    },
    {
        "name": "accusation",
        "trans": [
            "指责；谴责；控告"
        ],
        "usphone": ",ækju'zeʃən",
        "ukphone": "ækjʊ'zeɪʃ(ə)n"
    },
    {
        "name": "deliberately",
        "trans": [
            "故意地"
        ],
        "usphone": "dɪ'lɪbərətli",
        "ukphone": ""
    },
    {
        "name": "so as to (do sth)",
        "trans": [
            "为了（做）……"
        ],
        "usphone": "",
        "ukphone": ""
    },
    {
        "name": "deny",
        "trans": [
            "否认；拒绝"
        ],
        "usphone": "dɪ'nai",
        "ukphone": "dɪ'naɪ"
    },
    {
        "name": "sceptical",
        "trans": [
            "怀疑的（<美>skeptical）"
        ],
        "usphone": "'skeptikəl",
        "ukphone": "'skeptɪk(ə)l"
    },
    {
        "name": "guilty",
        "trans": [
            "犯罪的；有罪的；有过错的，有过失的；内疚的"
        ],
        "usphone": "'ɡɪlti",
        "ukphone": "'gɪltɪ"
    },
    {
        "name": "dilemma",
        "trans": [
            "（进退两难的）困境；窘境"
        ],
        "usphone": "dəˈlɛmə, daɪ-",
        "ukphone": "dɪ'lemə; daɪ-"
    },
    {
        "name": "demand",
        "trans": [
            "需求；要求",
            "强烈要求"
        ],
        "usphone": "dɪ'mænd",
        "ukphone": "dɪ'mɑːnd"
    },
    {
        "name": "demanding",
        "trans": [
            "要求很高的；费力的"
        ],
        "usphone": "dɪ'mændɪŋ",
        "ukphone": "dɪ'mɑːndɪŋ"
    },
    {
        "name": "publish",
        "trans": [
            "出版；发行；发表；公布"
        ],
        "usphone": "'pʌblɪʃ",
        "ukphone": "'pʌblɪʃ"
    },
    {
        "name": "scoop",
        "trans": [
            "抢先获得的新闻、利润等；勺子"
        ],
        "usphone": "skup",
        "ukphone": "skuːp"
    },
    {
        "name": "section",
        "trans": [
            "部分；节"
        ],
        "usphone": "'sɛkʃən",
        "ukphone": "'sekʃ(ə)n"
    },
    {
        "name": "concise",
        "trans": [
            "简明的；简练的"
        ],
        "usphone": "kən'saɪs",
        "ukphone": "kən'saɪs"
    },
    {
        "name": "imaginative",
        "trans": [
            "富于想象力的"
        ],
        "usphone": "ɪ'mædʒɪnətɪv",
        "ukphone": "ɪ'mædʒɪnətɪv"
    },
    {
        "name": "technical",
        "trans": [
            "技术（上）的；技巧方面的"
        ],
        "usphone": "'tɛknɪkl",
        "ukphone": "'teknɪk(ə)l"
    },
    {
        "name": "technically",
        "trans": [
            "技术上；工艺上"
        ],
        "usphone": "'tɛknɪkli",
        "ukphone": "'teknɪklɪ"
    },
    {
        "name": "thorough",
        "trans": [
            "彻底的；详尽的"
        ],
        "usphone": "ˈθʌrəʊ; θʌro",
        "ukphone": "'θʌrə"
    },
    {
        "name": "gifted",
        "trans": [
            "有天赋的"
        ],
        "usphone": "'ɡɪftɪd",
        "ukphone": "'gɪftɪd"
    },
    {
        "name": "idiomatic",
        "trans": [
            "合乎语言习惯的"
        ],
        "usphone": ",ɪdɪə'mætɪk",
        "ukphone": ",ɪdɪə'mætɪk"
    },
    {
        "name": "housewife",
        "trans": [
            "家庭主妇"
        ],
        "usphone": "'haʊs'waɪf",
        "ukphone": "'haʊswaɪf"
    },
    {
        "name": "crime",
        "trans": [
            "罪行；犯罪"
        ],
        "usphone": "kraɪm",
        "ukphone": "kraɪm"
    },
    {
        "name": "edition",
        "trans": [
            "版（本）；版次"
        ],
        "usphone": "ɪ'dɪʃən",
        "ukphone": "ɪ'dɪʃ(ə)n"
    },
    {
        "name": "ahead of",
        "trans": [
            "在……前面"
        ],
        "usphone": "",
        "ukphone": ""
    },
    {
        "name": "department",
        "trans": [
            "部门；部；处；系"
        ],
        "usphone": "dɪ'pɑrtmənt",
        "ukphone": "dɪ'pɑːtm(ə)nt"
    },
    {
        "name": "accurate",
        "trans": [
            "正确的；精确的"
        ],
        "usphone": "'ækjərət",
        "ukphone": "ˈækjərət"
    },
    {
        "name": "senior",
        "trans": [
            "高级的"
        ],
        "usphone": "'sinɪɚ",
        "ukphone": "'siːnɪə; 'siːnjə"
    },
    {
        "name": "polish",
        "trans": [
            "擦亮；磨光；润色"
        ],
        "usphone": "'pɑlɪʃ",
        "ukphone": "'pɒlɪʃ"
    },
    {
        "name": "chief",
        "trans": [
            "首领；长官",
            "首席的；主要的"
        ],
        "usphone": "tʃif",
        "ukphone": "tʃiːf"
    },
    {
        "name": "approve",
        "trans": [
            "批准；赞成，同意"
        ],
        "usphone": "ə'prʊv",
        "ukphone": "ə'pruːv"
    },
    {
        "name": "process",
        "trans": [
            "过程，进程；；工序；工艺流程",
            "处理"
        ],
        "usphone": "proˈsɛs;(for n.)prɑsɛs",
        "ukphone": "prəˈses;(for n.)ˈprəʊses"
    },
    {
        "name": "negative",
        "trans": [
            "底片",
            "消积的；否定的"
        ],
        "usphone": "'nɛɡətɪv",
        "ukphone": "'negətɪv"
    },
    {
        "name": "appointment",
        "trans": [
            "约会；任命"
        ],
        "usphone": "ə'pɔɪntmənt",
        "ukphone": "əˈpɔɪntmənt"
    },
    {
        "name": "aid",
        "trans": [
            "帮助；援助；资助",
            "帮助；援助；资助"
        ],
        "usphone": "ed",
        "ukphone": "eɪd"
    },
    {
        "name": "first aid",
        "trans": [
            "（对伤患者的）急救"
        ],
        "usphone": "",
        "ukphone": ""
    },
    {
        "name": "temporary",
        "trans": [
            "暂时的；临时的"
        ],
        "usphone": "ˈtempəreri",
        "ukphone": "'temp(ə)rərɪ"
    },
    {
        "name": "fall ill",
        "trans": [
            "生病"
        ],
        "usphone": "",
        "ukphone": ""
    },
    {
        "name": "injury",
        "trans": [
            "损伤；伤害"
        ],
        "usphone": "'ɪndʒəri",
        "ukphone": "'ɪn(d)ʒ(ə)rɪ"
    },
    {
        "name": "bleed",
        "trans": [
            "(bled,bled)流血"
        ],
        "usphone": "blid",
        "ukphone": "bliːd"
    },
    {
        "name": "nosebleed",
        "trans": [
            "鼻出血；流鼻血"
        ],
        "usphone": "'nozblid",
        "ukphone": "'nəʊzbliːd"
    },
    {
        "name": "sprain",
        "trans": [
            "扭伤"
        ],
        "usphone": "spren",
        "ukphone": "spreɪn"
    },
    {
        "name": "sprained",
        "trans": [
            "扭伤的"
        ],
        "usphone": "",
        "ukphone": ""
    },
    {
        "name": "ankle",
        "trans": [
            "踝（关节）"
        ],
        "usphone": "'æŋkl",
        "ukphone": "'æŋk(ə)l"
    },
    {
        "name": "choke",
        "trans": [
            "（使）噎住；（使）窒息"
        ],
        "usphone": "tʃok",
        "ukphone": "tʃəʊk"
    },
    {
        "name": "cupboard",
        "trans": [
            "橱柜；衣柜"
        ],
        "usphone": "'kʌbɚd",
        "ukphone": "'kʌbəd"
    },
    {
        "name": "skin",
        "trans": [
            "皮；皮肤"
        ],
        "usphone": "skɪn",
        "ukphone": "skɪn"
    },
    {
        "name": "essential",
        "trans": [
            "最重要的；不可缺少的；本质的"
        ],
        "usphone": "ɪ'sɛnʃl",
        "ukphone": "ɪ'senʃ(ə)l"
    },
    {
        "name": "organ",
        "trans": [
            "器官"
        ],
        "usphone": "'ɔrɡən",
        "ukphone": "'ɔːg(ə)n"
    },
    {
        "name": "layer",
        "trans": [
            "层；层次"
        ],
        "usphone": "'leɪr",
        "ukphone": "'leɪə"
    },
    {
        "name": "barrier",
        "trans": [
            "屏障；障碍（物）"
        ],
        "usphone": "'bærɪɚ",
        "ukphone": "'bærɪə"
    },
    {
        "name": "poison",
        "trans": [
            "毒药；毒害",
            "毒害；使中毒"
        ],
        "usphone": "'pɔɪzn",
        "ukphone": "'pɒɪz(ə)n"
    },
    {
        "name": "ray",
        "trans": [
            "光线；射线"
        ],
        "usphone": "re",
        "ukphone": "reɪ"
    },
    {
        "name": "complex",
        "trans": [
            "复杂的"
        ],
        "usphone": "ˈkɑmplɛks;kəmˈplɛks",
        "ukphone": "'kɒmpleks"
    },
    {
        "name": "variety",
        "trans": [
            "变化；多样（化）；多变（性）"
        ],
        "usphone": "və'raɪəti",
        "ukphone": "və'raɪətɪ"
    },
    {
        "name": "liquid",
        "trans": [
            "液体"
        ],
        "usphone": "'lɪkwɪd",
        "ukphone": "'lɪkwɪd"
    },
    {
        "name": "radiation",
        "trans": [
            "辐射"
        ],
        "usphone": ",redɪ'eʃən",
        "ukphone": "reɪdɪ'eɪʃ(ə)n"
    },
    {
        "name": "mild",
        "trans": [
            "轻微的；暖和的；温柔的"
        ],
        "usphone": "maɪld",
        "ukphone": "maɪld"
    },
    {
        "name": "mildly",
        "trans": [
            "轻微地；温和地"
        ],
        "usphone": "'maɪldli",
        "ukphone": "'maɪldlɪ"
    },
    {
        "name": "pan",
        "trans": [
            "平底锅"
        ],
        "usphone": "pæn",
        "ukphone": "pæn"
    },
    {
        "name": "stove",
        "trans": [
            "炉子；火炉"
        ],
        "usphone": "stov",
        "ukphone": "stəʊv"
    },
    {
        "name": "heal",
        "trans": [
            "（使）康复；痊愈"
        ],
        "usphone": "hil",
        "ukphone": "hiːl"
    },
    {
        "name": "tissue",
        "trans": [
            "手巾纸；（生物）组织"
        ],
        "usphone": "'tɪʃu",
        "ukphone": "'tɪʃuː; 'tɪsjuː"
    },
    {
        "name": "electric shock",
        "trans": [
            "触电；电休克"
        ],
        "usphone": "",
        "ukphone": ""
    },
    {
        "name": "swell",
        "trans": [
            "（使）膨胀；隆起"
        ],
        "usphone": "swɛl",
        "ukphone": "swel"
    },
    {
        "name": "swollen",
        "trans": [
            "肿胀的"
        ],
        "usphone": "'swolən",
        "ukphone": "'swəʊlən"
    },
    {
        "name": "blister",
        "trans": [
            "水泡",
            "（使）起泡"
        ],
        "usphone": "'blɪstɚ",
        "ukphone": "'blɪstə"
    },
    {
        "name": "watery",
        "trans": [
            "（似）水的"
        ],
        "usphone": "'wɑtəri",
        "ukphone": "'wɔːt(ə)rɪ"
    },
    {
        "name": "char",
        "trans": [
            "烧焦"
        ],
        "usphone": "tʃɑr",
        "ukphone": "tʃɑː"
    },
    {
        "name": "nerve",
        "trans": [
            "神经"
        ],
        "usphone": "nɝv",
        "ukphone": "nɜːv"
    },
    {
        "name": "scissors",
        "trans": [
            "剪刀"
        ],
        "usphone": "'sɪzɚz",
        "ukphone": "'sɪzəz"
    },
    {
        "name": "unbearable",
        "trans": [
            "难以忍受的；不能容忍的"
        ],
        "usphone": "ʌn'bɛrəbl",
        "ukphone": "ʌn'beərəb(ə)l"
    },
    {
        "name": "basin",
        "trans": [
            "盆；盆地"
        ],
        "usphone": "'besn",
        "ukphone": "'beɪs(ə)n"
    },
    {
        "name": "squeeze",
        "trans": [
            "榨；挤；压"
        ],
        "usphone": "skwiz",
        "ukphone": "skwiːz"
    },
    {
        "name": "squeeze out",
        "trans": [
            "榨出；挤出"
        ],
        "usphone": "",
        "ukphone": ""
    },
    {
        "name": "over and over again",
        "trans": [
            "反复；多次"
        ],
        "usphone": "",
        "ukphone": ""
    },
    {
        "name": "bandage",
        "trans": [
            "绷"
        ],
        "usphone": "'bændɪdʒ",
        "ukphone": "'bændɪdʒ"
    },
    {
        "name": "in place",
        "trans": [
            "在适当的位置；适当"
        ],
        "usphone": "",
        "ukphone": ""
    },
    {
        "name": "ointment",
        "trans": [
            "药膏；油膏"
        ],
        "usphone": "'ɔɪntmənt",
        "ukphone": "'ɒɪntm(ə)nt"
    },
    {
        "name": "infection",
        "trans": [
            "传染病；感染；传染"
        ],
        "usphone": "ɪn'fɛkʃən",
        "ukphone": "ɪn'fekʃ(ə)n"
    },
    {
        "name": "vital",
        "trans": [
            "至关重要的；生死攸关的"
        ],
        "usphone": "'vaɪtl",
        "ukphone": "'vaɪt(ə)l"
    },
    {
        "name": "symptom",
        "trans": [
            "症状；征兆"
        ],
        "usphone": "'sɪmptəm",
        "ukphone": "'sɪm(p)təm"
    },
    {
        "name": "label",
        "trans": [
            "加标签或标记",
            "标签；标记"
        ],
        "usphone": "ˈlebəl",
        "ukphone": "'leɪb(ə)l"
    },
    {
        "name": "kettle",
        "trans": [
            "(水)壶；罐"
        ],
        "usphone": "'kɛtl",
        "ukphone": "'ket(ə)l"
    },
    {
        "name": "pour",
        "trans": [
            "倒；灌；注；涌"
        ],
        "usphone": "pɔr",
        "ukphone": "pɔː"
    },
    {
        "name": "wrist",
        "trans": [
            "手腕"
        ],
        "usphone": "rɪst",
        "ukphone": "rɪst"
    },
    {
        "name": "damp",
        "trans": [
            "潮湿的"
        ],
        "usphone": "dæmp",
        "ukphone": "dæmp"
    },
    {
        "name": "Casey",
        "trans": [
            "凯西（姓）"
        ],
        "usphone": "",
        "ukphone": ""
    },
    {
        "name": "sleeve",
        "trans": [
            "袖子"
        ],
        "usphone": "sliv",
        "ukphone": "sliːv"
    },
    {
        "name": "blouse",
        "trans": [
            "女衬衫"
        ],
        "usphone": "blaʊs",
        "ukphone": "'blaʊz"
    },
    {
        "name": "tight",
        "trans": [
            "紧的；紧密的"
        ],
        "usphone": "taɪt",
        "ukphone": "taɪt"
    },
    {
        "name": "tightly",
        "trans": [
            "紧地；牢牢地"
        ],
        "usphone": "'taɪtli",
        "ukphone": "'taɪtlɪ"
    },
    {
        "name": "firm",
        "trans": [
            "结实的，坚实的；坚定的"
        ],
        "usphone": "fɝm",
        "ukphone": "fɜːm"
    },
    {
        "name": "firmly",
        "trans": [
            "坚固地；稳定地"
        ],
        "usphone": "'fɝmli",
        "ukphone": "fɜːmli"
    },
    {
        "name": "throat",
        "trans": [
            "咽喉；喉咙"
        ],
        "usphone": "θrot",
        "ukphone": "θrəʊt"
    },
    {
        "name": "Janson",
        "trans": [
            "詹森（姓）"
        ],
        "usphone": "",
        "ukphone": ""
    },
    {
        "name": "ceremony",
        "trans": [
            "典礼；仪式；礼节"
        ],
        "usphone": "ˈsɛrəˌmoʊni",
        "ukphone": "'serɪmənɪ"
    },
    {
        "name": "bravery",
        "trans": [
            "勇敢；勇气"
        ],
        "usphone": "'brevəri",
        "ukphone": "'breɪv(ə)rɪ"
    },
    {
        "name": "Slade",
        "trans": [
            "斯莱德（姓）"
        ],
        "usphone": "",
        "ukphone": ""
    },
    {
        "name": "stab",
        "trans": [
            "刺；戳；刺伤"
        ],
        "usphone": "stæb",
        "ukphone": "stæb"
    },
    {
        "name": "a number of",
        "trans": [
            "若干；许多"
        ],
        "usphone": "",
        "ukphone": ""
    },
    {
        "name": "put one's hands on",
        "trans": [
            "找到"
        ],
        "usphone": "",
        "ukphone": ""
    },
    {
        "name": "treat",
        "trans": [
            "对待；款待；治疗",
            "款待；招待"
        ],
        "usphone": "trit",
        "ukphone": "triːt"
    },
    {
        "name": "apply",
        "trans": [
            "申请；应用；涂，敷"
        ],
        "usphone": "ə'plaɪ",
        "ukphone": "ə'plaɪ"
    },
    {
        "name": "pressure",
        "trans": [
            "压力；挤压；压迫（感）"
        ],
        "usphone": "'prɛʃɚ",
        "ukphone": "'preʃə"
    },
    {
        "name": "ambulance",
        "trans": [
            "救护车"
        ],
        "usphone": "'æmbjələns",
        "ukphone": "'æmbjʊl(ə)ns"
    },
    {
        "name": "scheme",
        "trans": [
            "方案；计划"
        ],
        "usphone": "skim",
        "ukphone": "skiːm"
    },
    {
        "name": "Southerton",
        "trans": [
            "萨瑟顿（姓）"
        ],
        "usphone": "",
        "ukphone": ""
    },
    {
        "name": "make a difference",
        "trans": [
            "区别对待；有影响；起（重要）作用"
        ],
        "usphone": "",
        "ukphone": ""
    },
    {
        "name": "bruise",
        "trans": [
            "瘀伤；擦伤",
            "瘀伤；擦伤"
        ],
        "usphone": "bruz",
        "ukphone": "bruːz"
    }
]