[
    {
        "name": "disability",
        "trans": [
            "伤残；无力；无能"
        ],
        "usphone": ",dɪsə'bɪləti",
        "ukphone": "dɪsə'bɪlɪtɪ"
    },
    {
        "name": "disabled",
        "trans": [
            "伤残的"
        ],
        "usphone": "dɪs'ebld",
        "ukphone": "dɪs'eɪbld"
    },
    {
        "name": "hearing",
        "trans": [
            "听力；听觉"
        ],
        "usphone": "'hɪrɪŋ",
        "ukphone": "'hɪərɪŋ"
    },
    {
        "name": "eyesight",
        "trans": [
            "视力"
        ],
        "usphone": "'aɪsaɪt",
        "ukphone": "'aɪsaɪt"
    },
    {
        "name": "syndrome",
        "trans": [
            "综合病征；综合症状"
        ],
        "usphone": "'sɪndrəm",
        "ukphone": "'sɪndrəʊm"
    },
    {
        "name": "infantile paralysis",
        "trans": [
            "小儿麻痹"
        ],
        "usphone": "",
        "ukphone": ""
    },
    {
        "name": "Rosalyn",
        "trans": [
            "罗莎琳（女名）"
        ],
        "usphone": "",
        "ukphone": ""
    },
    {
        "name": "lap",
        "trans": [
            "（人坐着时）大腿的上方；跑道的一圈"
        ],
        "usphone": "læp",
        "ukphone": "læp"
    },
    {
        "name": "ambition",
        "trans": [
            "雄心；野心"
        ],
        "usphone": "æm'bɪʃən",
        "ukphone": "æm'bɪʃ(ə)n"
    },
    {
        "name": "ambitious",
        "trans": [
            "有雄心的；有野心的"
        ],
        "usphone": "æm'bɪʃəs",
        "ukphone": "æm'bɪʃəs"
    },
    {
        "name": "dictation",
        "trans": [
            "口授；听写（的文字）"
        ],
        "usphone": "dɪk'teʃən",
        "ukphone": "dɪk'teɪʃ(ə)n"
    },
    {
        "name": "Sally",
        "trans": [
            "萨利（女名）"
        ],
        "usphone": "'sæli",
        "ukphone": "'sælɪ"
    },
    {
        "name": "noisy",
        "trans": [
            "吵闹的；嘈杂的"
        ],
        "usphone": "ˈnɔɪzɪ",
        "ukphone": "ˈnɔɪzɪ"
    },
    {
        "name": "suitable",
        "trans": [
            "适合的；适宜的"
        ],
        "usphone": "'sutəbl",
        "ukphone": "'suːtəb(ə)l"
    },
    {
        "name": "entry",
        "trans": [
            "进入；〔词典等的〕条目；入口"
        ],
        "usphone": "'ɛntri",
        "ukphone": "ˈentrɪ"
    },
    {
        "name": "beneficial",
        "trans": [
            "有益的；受益的"
        ],
        "usphone": ",bɛnɪ'fɪʃl",
        "ukphone": "benɪ'fɪʃ(ə)l"
    },
    {
        "name": "Marty",
        "trans": [
            "马蒂•菲尔丁"
        ],
        "usphone": "",
        "ukphone": ""
    },
    {
        "name": "in other words",
        "trans": [
            "换句话说"
        ],
        "usphone": "",
        "ukphone": ""
    },
    {
        "name": "clumsy",
        "trans": [
            "笨拙的"
        ],
        "usphone": "'klʌmzi",
        "ukphone": "'klʌmzɪ"
    },
    {
        "name": "bump",
        "trans": [
            "碰撞；撞击"
        ],
        "usphone": "bʌmp",
        "ukphone": "bʌmp"
    },
    {
        "name": "outgoing",
        "trans": [
            "外向的；友好的；外出的；离开的"
        ],
        "usphone": "'aʊt'goɪŋ",
        "ukphone": "'aʊtgəʊɪŋ"
    },
    {
        "name": "adapt",
        "trans": [
            "使适应；改编"
        ],
        "usphone": "ə'dæpt",
        "ukphone": "ə'dæpt"
    },
    {
        "name": "adapt to",
        "trans": [
            "使适合"
        ],
        "usphone": "",
        "ukphone": ""
    },
    {
        "name": "bench",
        "trans": [
            "长凳"
        ],
        "usphone": "bɛntʃ",
        "ukphone": "bentʃ"
    },
    {
        "name": "cut out",
        "trans": [
            "切去；省略；停止（做某事）"
        ],
        "usphone": "",
        "ukphone": ""
    },
    {
        "name": "microscope",
        "trans": [
            "显微镜"
        ],
        "usphone": "'maɪkrəskop",
        "ukphone": "'maɪkrəskəʊp"
    },
    {
        "name": "out of breath",
        "trans": [
            "上气不接下气"
        ],
        "usphone": "",
        "ukphone": ""
    },
    {
        "name": "absence",
        "trans": [
            "缺席；不在某处"
        ],
        "usphone": "'æbsns",
        "ukphone": "'æbs(ə)ns"
    },
    {
        "name": "fellow",
        "trans": [
            "同伴的；同类的",
            "同伴；同志；伙伴"
        ],
        "usphone": "'fɛlo",
        "ukphone": "'feləʊ"
    },
    {
        "name": "annoy",
        "trans": [
            "使……不悦；惹恼"
        ],
        "usphone": "ə'nɔɪ",
        "ukphone": "ə'nɒɪ"
    },
    {
        "name": "annoyed",
        "trans": [
            "颇为生气的"
        ],
        "usphone": "ə'nɔɪd",
        "ukphone": "ə'nɒɪd"
    },
    {
        "name": "annoyance",
        "trans": [
            "烦恼"
        ],
        "usphone": "ə'nɔɪəns",
        "ukphone": "ə'nɒɪəns"
    },
    {
        "name": "all in all",
        "trans": [
            "总而言之"
        ],
        "usphone": "",
        "ukphone": ""
    },
    {
        "name": "firm",
        "trans": [
            "公司",
            "结实的；坚固的；坚定的"
        ],
        "usphone": "fɝm",
        "ukphone": "fɜːm"
    },
    {
        "name": "software",
        "trans": [
            "软件"
        ],
        "usphone": "'sɔftwɛr",
        "ukphone": "'sɒf(t)weə"
    },
    {
        "name": "sit around",
        "trans": [
            "闲坐着"
        ],
        "usphone": "",
        "ukphone": ""
    },
    {
        "name": "as well as",
        "trans": [
            "和；也"
        ],
        "usphone": "",
        "ukphone": ""
    },
    {
        "name": "parrot",
        "trans": [
            "鹦鹉"
        ],
        "usphone": "'pærət",
        "ukphone": "'pærət"
    },
    {
        "name": "tank",
        "trans": [
            "（盛液体、气体的）大容器；缸；大桶"
        ],
        "usphone": "tæŋk",
        "ukphone": "tæŋk"
    },
    {
        "name": "tortoise",
        "trans": [
            "陆龟；龟"
        ],
        "usphone": "ˈtɔrtəs",
        "ukphone": "ˈtɔ:təs"
    },
    {
        "name": "in many ways",
        "trans": [
            "在很多方面"
        ],
        "usphone": "",
        "ukphone": ""
    },
    {
        "name": "psychology",
        "trans": [
            "心理（学）"
        ],
        "usphone": "saɪ'kɑlədʒi",
        "ukphone": "saɪ'kɒlədʒɪ"
    },
    {
        "name": "psychologically",
        "trans": [
            "心理（学）地；精神上地"
        ],
        "usphone": "saɪkə'lɑdʒɪkli",
        "ukphone": "saɪ'kɒlədʒɪklɪ"
    },
    {
        "name": "make fun of",
        "trans": [
            "取笑"
        ],
        "usphone": "",
        "ukphone": ""
    },
    {
        "name": "encouragement",
        "trans": [
            "鼓励；奖励"
        ],
        "usphone": "ɪn'kɝɪdʒmənt",
        "ukphone": "ɪn'kʌrɪdʒm(ə)nt"
    },
    {
        "name": "conduct",
        "trans": [
            "行为；品行",
            "指挥；管理；主持"
        ],
        "usphone": "kən'dʌkt",
        "ukphone": "'kɒndʌkt"
    },
    {
        "name": "mainstream",
        "trans": [
            "主流；主要倾向"
        ],
        "usphone": "'menstrim",
        "ukphone": "'meɪnstriːm"
    },
    {
        "name": "fulfilling",
        "trans": [
            "令人满意的；令人愉快的"
        ],
        "usphone": "fʊl'fɪlɪŋ",
        "ukphone": "fʊl'fɪlɪŋ"
    },
    {
        "name": "never mind",
        "trans": [
            "不必担心"
        ],
        "usphone": "",
        "ukphone": ""
    },
    {
        "name": "politics",
        "trans": [
            "政治"
        ],
        "usphone": "'pɑlətɪks",
        "ukphone": "ˈpɒlətɪks"
    },
    {
        "name": "abolish",
        "trans": [
            "废除；废止"
        ],
        "usphone": "ə'bɑlɪʃ",
        "ukphone": "ə'bɒlɪʃ"
    },
    {
        "name": "abolition",
        "trans": [
            "废除；废止"
        ],
        "usphone": ",æbə'lɪʃən",
        "ukphone": "æbə'lɪʃ(ə)n"
    },
    {
        "name": "resign",
        "trans": [
            "辞职；辞去（工作、职位等）"
        ],
        "usphone": "rɪ'zaɪn",
        "ukphone": "rɪ'zaɪn"
    },
    {
        "name": "slavery",
        "trans": [
            "奴隶制"
        ],
        "usphone": "'slevəri",
        "ukphone": "'sleɪv(ə)rɪ"
    },
    {
        "name": "literature",
        "trans": [
            "文学（作品）；著作；文献"
        ],
        "usphone": "lɪtərəˌtʃʊr",
        "ukphone": "'lɪt(ə)rətʃə"
    },
    {
        "name": "Barry Minto",
        "trans": [
            "巴里•明托"
        ],
        "usphone": "",
        "ukphone": ""
    },
    {
        "name": "Mount Kilimanjaro",
        "trans": [
            "乞力马扎罗山（位于坦桑尼亚；非洲最高山）"
        ],
        "usphone": "",
        "ukphone": ""
    },
    {
        "name": "companion",
        "trans": [
            "同伴；伙伴"
        ],
        "usphone": "kəm'pænɪən",
        "ukphone": "kəm'pænjən"
    },
    {
        "name": "assistance",
        "trans": [
            "协助；援助"
        ],
        "usphone": "ə'sɪstəns",
        "ukphone": "ə'sɪst(ə)ns"
    },
    {
        "name": "congratulate",
        "trans": [
            "祝贺；庆贺"
        ],
        "usphone": "kən'ɡrætʃulet",
        "ukphone": "kən'grætjʊleɪt"
    },
    {
        "name": "congratulation",
        "trans": [
            "祝贺；贺词"
        ],
        "usphone": "kən,ɡrætʃu'leʃən",
        "ukphone": "kəngrætjʊ'leɪʃ(ə)n"
    },
    {
        "name": "bowling",
        "trans": [
            "保龄球"
        ],
        "usphone": "'bolɪŋ",
        "ukphone": "'bəʊlɪŋ"
    },
    {
        "name": "graduation",
        "trans": [
            "毕业；毕业典礼"
        ],
        "usphone": ",ɡrædʒu'eʃən",
        "ukphone": "grædʒʊ'eɪʃ(ə)n; -djʊ-"
    },
    {
        "name": "certificate",
        "trans": [
            "证书"
        ],
        "usphone": "sɚˈtɪfɪkɪt; (for v.,) sɚˈtɪfɪˌket",
        "ukphone": "səˈtɪfɪkɪt; (for v.,) səˈtɪfɪˌkeɪt"
    },
    {
        "name": "all the best",
        "trans": [
            "（口语）（祝你）一切顺利"
        ],
        "usphone": "",
        "ukphone": ""
    },
    {
        "name": "architect",
        "trans": [
            "建筑师"
        ],
        "usphone": "'ɑrkɪtɛkt",
        "ukphone": "'ɑːkɪtekt"
    },
    {
        "name": "Sanders",
        "trans": [
            "桑德斯（姓）"
        ],
        "usphone": "",
        "ukphone": ""
    },
    {
        "name": "adequate",
        "trans": [
            "足够的；充分的"
        ],
        "usphone": "ˈædɪkwət",
        "ukphone": "'ædɪkwət"
    },
    {
        "name": "access",
        "trans": [
            "通路；进入；到达；面见〔的难易度〕；进入权"
        ],
        "usphone": "'æksɛs",
        "ukphone": "'ækses"
    },
    {
        "name": "accessible",
        "trans": [
            "可接近的；可进入的；可使用的"
        ],
        "usphone": "ək'sɛsəbl",
        "ukphone": "ək'sesɪb(ə)l"
    },
    {
        "name": "wheelchair",
        "trans": [
            "轮椅"
        ],
        "usphone": "'wiltʃɛr",
        "ukphone": "'wiːltʃeə"
    },
    {
        "name": "handy",
        "trans": [
            "方便的；有用的"
        ],
        "usphone": "'hændi",
        "ukphone": "'hændɪ"
    },
    {
        "name": "earphone",
        "trans": [
            "耳机"
        ],
        "usphone": "'ɪr,fon",
        "ukphone": "'ɪəfəʊn"
    },
    {
        "name": "impair",
        "trans": [
            "削弱；损伤"
        ],
        "usphone": "ɪm'pɛr",
        "ukphone": "ɪm'peə"
    },
    {
        "name": "row",
        "trans": [
            "一行；一排",
            "划（船）"
        ],
        "usphone": "ro",
        "ukphone": "rəʊ"
    },
    {
        "name": "basement",
        "trans": [
            "地下室"
        ],
        "usphone": "'besmənt",
        "ukphone": "'beɪsm(ə)nt"
    },
    {
        "name": "outwards",
        "trans": [
            "向外"
        ],
        "usphone": "'aʊtwɚdz",
        "ukphone": "'aʊtwədz"
    },
    {
        "name": "exit",
        "trans": [
            "出口；离开；退场"
        ],
        "usphone": "'ɛɡzɪt",
        "ukphone": "'eksɪt; 'egzɪt"
    },
    {
        "name": "meet with",
        "trans": [
            "遇到；经历；会晤"
        ],
        "usphone": "",
        "ukphone": ""
    },
    {
        "name": "approval",
        "trans": [
            "认可；赞成"
        ],
        "usphone": "əˈpruvl",
        "ukphone": "ə'pruːv(ə)l"
    },
    {
        "name": "dignity",
        "trans": [
            "尊严；高贵的品质"
        ],
        "usphone": "'dɪɡnəti",
        "ukphone": "'dɪgnɪtɪ"
    },
    {
        "name": "profit",
        "trans": [
            "收益；利润；盈利"
        ],
        "usphone": "'prɑfɪt",
        "ukphone": "'prɒfɪt"
    },
    {
        "name": "italics",
        "trans": [
            "斜体（字）"
        ],
        "usphone": "ɪ'tælɪks",
        "ukphone": "i'tæliks"
    },
    {
        "name": "community",
        "trans": [
            "社区；团体；社会"
        ],
        "usphone": "kəˈmjunətɪ",
        "ukphone": "kəˈmju:nətɪ"
    },
    {
        "name": "household",
        "trans": [
            "家庭的；家用的",
            "一家人；家庭"
        ],
        "usphone": "'haʊshold",
        "ukphone": "'haʊshəʊld"
    },
    {
        "name": "fiction",
        "trans": [
            "小说；虚构或想象出来的事"
        ],
        "usphone": "'fɪkʃən",
        "ukphone": "'fɪkʃ(ə)n"
    },
    {
        "name": "desire",
        "trans": [
            "渴望；欲望；渴求",
            "希望得到；想要"
        ],
        "usphone": "dɪ'zaɪɚ",
        "ukphone": "dɪ'zaɪə"
    },
    {
        "name": "Isaac Asimov",
        "trans": [
            "艾萨克•阿西莫夫"
        ],
        "usphone": "",
        "ukphone": ""
    },
    {
        "name": "satisfaction",
        "trans": [
            "满意；满足"
        ],
        "usphone": ",sætɪs'fækʃən",
        "ukphone": "sætɪs'fækʃ(ə)n"
    },
    {
        "name": "Larry Belmont",
        "trans": [
            "拉里•贝尔蒙特"
        ],
        "usphone": "",
        "ukphone": ""
    },
    {
        "name": "test out",
        "trans": [
            "试验；考验"
        ],
        "usphone": "",
        "ukphone": ""
    },
    {
        "name": "Claire",
        "trans": [
            "克莱尔（女名）"
        ],
        "usphone": "",
        "ukphone": ""
    },
    {
        "name": "bonus",
        "trans": [
            "额外津贴；奖金；红利"
        ],
        "usphone": "'bonəs",
        "ukphone": "'bəʊnəs"
    },
    {
        "name": "alarm",
        "trans": [
            "使警觉；使惊恐；惊动",
            "警报器；惊恐"
        ],
        "usphone": "ə'lɑrm",
        "ukphone": "ə'lɑːm"
    },
    {
        "name": "alarmed",
        "trans": [
            "担心的；害怕的"
        ],
        "usphone": "ə'lɑrmd",
        "ukphone": ""
    },
    {
        "name": "apron",
        "trans": [
            "围裙"
        ],
        "usphone": "'eprən",
        "ukphone": "'eɪpr(ə)n"
    },
    {
        "name": "sympathy",
        "trans": [
            "同情（心）"
        ],
        "usphone": "'sɪmpəθi",
        "ukphone": "'sɪmpəθɪ"
    },
    {
        "name": "overweight",
        "trans": [
            "超重的；体重超常的"
        ],
        "usphone": "'ovə'wet",
        "ukphone": "əʊvə'weɪt"
    },
    {
        "name": "elegant",
        "trans": [
            "优雅的；高雅的；讲究的"
        ],
        "usphone": "'ɛləgənt",
        "ukphone": "'elɪg(ə)nt"
    },
    {
        "name": "Gladys Claffern",
        "trans": [
            "格拉迪斯•克拉芬"
        ],
        "usphone": "",
        "ukphone": ""
    },
    {
        "name": "favour",
        "trans": [
            "恩惠；喜爱",
            "偏袒；喜爱"
        ],
        "usphone": "ˈfevɚ",
        "ukphone": "'feɪvə"
    },
    {
        "name": "pile",
        "trans": [
            "堆；摞；叠",
            "堆起；堆积；把……堆起；积聚"
        ],
        "usphone": "paɪl",
        "ukphone": "paɪl"
    },
    {
        "name": "scan",
        "trans": [
            "细看；仔细检查；粗略地看；浏览；扫描"
        ],
        "usphone": "skæn",
        "ukphone": "skæn"
    },
    {
        "name": "fingernail",
        "trans": [
            "手指甲"
        ],
        "usphone": "'fɪŋɡɚnel",
        "ukphone": "'fɪŋgəneɪl"
    },
    {
        "name": "absurd",
        "trans": [
            "荒谬的；可笑的"
        ],
        "usphone": "əbˈsɝ​d",
        "ukphone": "əb'sɜːd"
    },
    {
        "name": "haircut",
        "trans": [
            "理发；发型"
        ],
        "usphone": "'hɛrkʌt",
        "ukphone": "'heəkʌt"
    },
    {
        "name": "makeup",
        "trans": [
            "化妆品"
        ],
        "usphone": "'mek,ʌp",
        "ukphone": "meɪkʌp"
    },
    {
        "name": "accompany",
        "trans": [
            "陪伴；伴奏"
        ],
        "usphone": "ə'kʌmpəni",
        "ukphone": "ə'kʌmpənɪ"
    },
    {
        "name": "cushion",
        "trans": [
            "（坐、跪时用的）软垫；靠垫；垫子"
        ],
        "usphone": "'kʊʃən",
        "ukphone": "'kʊʃ(ə)n"
    },
    {
        "name": "bedding",
        "trans": [
            "寝具；铺盖"
        ],
        "usphone": "'bɛdɪŋ",
        "ukphone": "'bedɪŋ"
    },
    {
        "name": "necklace",
        "trans": [
            "项链"
        ],
        "usphone": "'nɛkləs",
        "ukphone": "'neklɪs"
    },
    {
        "name": "clerk",
        "trans": [
            "售货员；职员；旅馆接待员"
        ],
        "usphone": "klɝk",
        "ukphone": "klɑːk"
    },
    {
        "name": "counter",
        "trans": [
            "柜台；计数器"
        ],
        "usphone": "'kaʊntɚ",
        "ukphone": "'kaʊntə"
    },
    {
        "name": "ring up",
        "trans": [
            "给……打电话"
        ],
        "usphone": "",
        "ukphone": ""
    },
    {
        "name": "turn around",
        "trans": [
            "转向；回转"
        ],
        "usphone": "",
        "ukphone": ""
    },
    {
        "name": "awful",
        "trans": [
            "极坏的；极讨厌的；可怕的；（口语）糟透的"
        ],
        "usphone": "'ɔfl",
        "ukphone": "'ɔːfʊl"
    },
    {
        "name": "affair",
        "trans": [
            "事务；事情；暖昧关系"
        ],
        "usphone": "ə'fɛr",
        "ukphone": "ə'feə"
    },
    {
        "name": "armchair",
        "trans": [
            "扶手椅；单座沙发"
        ],
        "usphone": "'ɑrmtʃɛr",
        "ukphone": "ɑːm'tʃeə; 'ɑːm-"
    },
    {
        "name": "declare",
        "trans": [
            "宣布；声明；表明；宣称"
        ],
        "usphone": "dɪ'klɛr",
        "ukphone": "dɪ'kleə"
    },
    {
        "name": "cuisine",
        "trans": [
            "烹饪（风味）；菜肴"
        ],
        "usphone": "kwɪ'zin",
        "ukphone": "kwɪ'ziːn"
    },
    {
        "name": "envy",
        "trans": [
            "忌妒；羡慕"
        ],
        "usphone": "'ɛnvi",
        "ukphone": "'envɪ"
    },
    {
        "name": "leave...alone",
        "trans": [
            "不管；别惹；让……一个人待着；和……单独在一起"
        ],
        "usphone": "",
        "ukphone": ""
    },
    {
        "name": "digital",
        "trans": [
            "数字的；数码的；手指的；脚趾的"
        ],
        "usphone": "'dɪdʒɪtl",
        "ukphone": "'dɪdʒɪt(ə)l"
    },
    {
        "name": "mailbox",
        "trans": [
            "（美）邮筒；信箱"
        ],
        "usphone": "'mel'bɑks",
        "ukphone": "'meɪlbɒks"
    },
    {
        "name": "state",
        "trans": [
            "陈述；宣布"
        ],
        "usphone": "stet",
        "ukphone": "steɪt"
    },
    {
        "name": "aside",
        "trans": [
            "在一边；向一边"
        ],
        "usphone": "ə'saɪd",
        "ukphone": "ə'saɪd"
    },
    {
        "name": "set aside",
        "trans": [
            "将……放在一边；为……节省或保留（钱或时间）"
        ],
        "usphone": "",
        "ukphone": ""
    },
    {
        "name": "grand",
        "trans": [
            "雄伟的；豪华的；大的"
        ],
        "usphone": "ɡrænd",
        "ukphone": "grænd"
    },
    {
        "name": "Marion",
        "trans": [
            "玛丽安（女名）"
        ],
        "usphone": "'mɛəriən",
        "ukphone": "'mɛəriən"
    },
    {
        "name": "alphabetical",
        "trans": [
            "字母（表）的；按字母顺序的"
        ],
        "usphone": ",ælfə'bɛtɪkl",
        "ukphone": "ælfə'betɪk(ə)l"
    },
    {
        "name": "receiver",
        "trans": [
            "电话听筒；〔破产企业或公司的〕管理人，接管人；接收机"
        ],
        "usphone": "rɪ'sivɚ",
        "ukphone": "rɪ'siːvə"
    },
    {
        "name": "in all",
        "trans": [
            "一共；总计"
        ],
        "usphone": "",
        "ukphone": ""
    },
    {
        "name": "affection",
        "trans": [
            "喜爱；爱；感情"
        ],
        "usphone": "ə'fɛkʃən",
        "ukphone": "ə'fekʃ(ə)n"
    },
    {
        "name": "bound",
        "trans": [
            "一定的；密切相关的"
        ],
        "usphone": "baʊnd",
        "ukphone": "baʊnd"
    },
    {
        "name": "be bound to",
        "trans": [
            "一定做……"
        ],
        "usphone": "",
        "ukphone": ""
    },
    {
        "name": "biography",
        "trans": [
            "（由他人撰写的）传记；传记文学"
        ],
        "usphone": "baɪ'ɑɡrəfi",
        "ukphone": "baɪ'ɒgrəfɪ"
    },
    {
        "name": "holy",
        "trans": [
            "神的；上帝的；圣洁的"
        ],
        "usphone": "'holi",
        "ukphone": "'həʊlɪ"
    },
    {
        "name": "imagination",
        "trans": [
            "想象（力）；创造力；幻想物"
        ],
        "usphone": "ɪ,mædʒɪ'neʃən",
        "ukphone": "ɪ,mædʒɪ'neɪʃ(ə)n"
    },
    {
        "name": "transfusion",
        "trans": [
            "输血"
        ],
        "usphone": "trænz'fjʊʒən",
        "ukphone": "træns'fjuːʒ(ə)n; trɑːns-; -nz-"
    },
    {
        "name": "part-time",
        "trans": [
            "兼职的"
        ],
        "usphone": ",pɑrt'taɪm",
        "ukphone": ",pɑ:t'taɪm"
    },
    {
        "name": "master's degree",
        "trans": [
            "硕士学位"
        ],
        "usphone": "",
        "ukphone": ""
    },
    {
        "name": "staff",
        "trans": [
            "全体员工；手杖"
        ],
        "usphone": "stæf",
        "ukphone": "stɑːf"
    },
    {
        "name": "Philadelphia",
        "trans": [
            "费城（美国宾西法尼亚州重要港口）"
        ],
        "usphone": ",filə'delfjə; -fiə",
        "ukphone": ",filə'delfjə; -fiə"
    },
    {
        "name": "navy",
        "trans": [
            "海军；海军部队"
        ],
        "usphone": "'nevi",
        "ukphone": "'neɪvɪ"
    },
    {
        "name": "junior",
        "trans": [
            "较年幼的；资历较浅的；地位较低的",
            "年少者；晚辈；等级较低者"
        ],
        "usphone": "'dʒunɪɚ",
        "ukphone": "'dʒuːnɪə"
    },
    {
        "name": "PhD=Doctor of Philosophy",
        "trans": [
            "哲学博士学位；博士学位"
        ],
        "usphone": "",
        "ukphone": ""
    },
    {
        "name": "biochemistry",
        "trans": [
            "生物化学"
        ],
        "usphone": "'baɪo'kɛmɪstri",
        "ukphone": "baɪə(ʊ)'kemɪstrɪ"
    },
    {
        "name": "Boston",
        "trans": [
            "波士顿（美国东北部城市）"
        ],
        "usphone": "'bɔstən",
        "ukphone": "'bɔstən"
    },
    {
        "name": "talent",
        "trans": [
            "特殊能力；才干；天才"
        ],
        "usphone": "'tælənt",
        "ukphone": "'tælənt"
    },
    {
        "name": "chapter",
        "trans": [
            "（书中的）章；篇；回"
        ],
        "usphone": "'tʃæptɚ",
        "ukphone": "'tʃæptə"
    },
    {
        "name": "the Foundation",
        "trans": [
            "《基地》三部曲"
        ],
        "usphone": "",
        "ukphone": ""
    },
    {
        "name": "empire",
        "trans": [
            "帝国"
        ],
        "usphone": "'ɛmpaɪr",
        "ukphone": "'empaɪə"
    },
    {
        "name": "theoretical",
        "trans": [
            "理论（上）的；假设的"
        ],
        "usphone": ",θiə'rɛtɪkəl",
        "ukphone": "θɪə'retɪk(ə)l"
    },
    {
        "name": "framework",
        "trans": [
            "框架；结构"
        ],
        "usphone": "'fremwɝk",
        "ukphone": "'freɪmwɜːk"
    },
    {
        "name": "thinking",
        "trans": [
            "思想；思考"
        ],
        "usphone": "'θɪŋkɪŋ",
        "ukphone": "θɪŋkɪŋ"
    },
    {
        "name": "divorce",
        "trans": [
            "离婚；断绝关系",
            "与……离婚；与……脱离"
        ],
        "usphone": "dɪ'vɔrs",
        "ukphone": "dɪ'vɔːs"
    },
    {
        "name": "obey",
        "trans": [
            "服从；顺从"
        ],
        "usphone": "ə'be",
        "ukphone": "ə(ʊ)'beɪ"
    },
    {
        "name": "disobey",
        "trans": [
            "不服从；违抗"
        ],
        "usphone": "'dɪsə'be",
        "ukphone": "dɪsə'beɪ"
    },
    {
        "name": "assessment",
        "trans": [
            "评价；评定"
        ],
        "usphone": "ə'sɛsmənt",
        "ukphone": "ə'sesmənt"
    },
    {
        "name": "snorkel",
        "trans": [
            "戴潜水通气管潜泳",
            "（潜水艇或潜水者的）通气管"
        ],
        "usphone": "'snɔrkl",
        "ukphone": "'snɔːk(ə)l"
    },
    {
        "name": "aquarium",
        "trans": [
            "水族箱；养鱼缸；水族馆"
        ],
        "usphone": "ə'kwɛrɪəm",
        "ukphone": "ə'kweərɪəm"
    },
    {
        "name": "anecdote",
        "trans": [
            "轶事；奇闻"
        ],
        "usphone": "'ænɪkdot",
        "ukphone": "'ænɪkdəʊt"
    },
    {
        "name": "Clancy",
        "trans": [
            "克兰西（男名）"
        ],
        "usphone": "",
        "ukphone": ""
    },
    {
        "name": "baleen",
        "trans": [
            "鲸须"
        ],
        "usphone": "bə'li:n",
        "ukphone": "bə'liːn"
    },
    {
        "name": "baleen whale",
        "trans": [
            "须鲸"
        ],
        "usphone": "",
        "ukphone": ""
    },
    {
        "name": "annual",
        "trans": [
            "每年的；按年度计算的",
            "年刊；年鉴"
        ],
        "usphone": "'ænjuəl",
        "ukphone": "'ænjʊəl"
    },
    {
        "name": "migration",
        "trans": [
            "迁居；移居；迁徙"
        ],
        "usphone": "maɪ'ɡreʃən",
        "ukphone": "maɪ'greɪʃ(ə)n"
    },
    {
        "name": "witness",
        "trans": [
            "当场见到；目击",
            "目击者；证人"
        ],
        "usphone": "ˈwɪtnɪs",
        "ukphone": "ˈwɪtnɪs"
    },
    {
        "name": "accommodation",
        "trans": [
            "住所；住宿"
        ],
        "usphone": "ə,kɑmə'deʃən",
        "ukphone": "əkɒmə'deɪʃ(ə)n"
    },
    {
        "name": "shore",
        "trans": [
            "岸；海滨"
        ],
        "usphone": "ʃɔr",
        "ukphone": "ʃɔː"
    },
    {
        "name": "offshore",
        "trans": [
            "近海（的）；离岸（的）；离岸（的）"
        ],
        "usphone": ",ɔf'ʃɔr",
        "ukphone": "'ɒfʃɔː; ɒf'ʃɔː"
    },
    {
        "name": "opposite",
        "trans": [
            "在……对面",
            "相对的；相反的"
        ],
        "usphone": "ˈɑpəzɪt; ˈɑpəsɪt",
        "ukphone": "'ɒpəzɪt; -sɪt"
    },
    {
        "name": "yell",
        "trans": [
            "大叫；呼喊",
            "叫声；喊声"
        ],
        "usphone": "jɛl",
        "ukphone": "jel"
    },
    {
        "name": "pause",
        "trans": [
            "暂停；中止",
            "暂停；中止"
        ],
        "usphone": "pɔz",
        "ukphone": "pɔːz"
    },
    {
        "name": "oar",
        "trans": [
            "桨；橹"
        ],
        "usphone": "ɔr",
        "ukphone": "ɔː"
    },
    {
        "name": "telescope",
        "trans": [
            "望远镜"
        ],
        "usphone": "'tɛləˌskop",
        "ukphone": "'telɪskəʊp"
    },
    {
        "name": "teamwork",
        "trans": [
            "协作；配合"
        ],
        "usphone": "'timwɝk",
        "ukphone": "'tiːmwɜːk"
    },
    {
        "name": "blow-hole",
        "trans": [
            "（隧道的）通风口；（鲸鱼的）鼻孔"
        ],
        "usphone": "",
        "ukphone": ""
    },
    {
        "name": "dive",
        "trans": [
            "跳水；潜水；俯冲",
            "跳水（的动作）；潜水（的动作）；俯冲"
        ],
        "usphone": "daɪv",
        "ukphone": "daɪv"
    },
    {
        "name": "flee",
        "trans": [
            "逃避；逃跑；逃离"
        ],
        "usphone": "fli",
        "ukphone": "fliː"
    },
    {
        "name": "harpoon",
        "trans": [
            "（捕鲸用的）鱼叉"
        ],
        "usphone": "hɑr'pun",
        "ukphone": "hɑː'puːn"
    },
    {
        "name": "drag",
        "trans": [
            "拖；拉；扯"
        ],
        "usphone": "dræg",
        "ukphone": "dræg"
    },
    {
        "name": "depth",
        "trans": [
            "深（度）；深处"
        ],
        "usphone": "dɛpθ",
        "ukphone": "depθ"
    },
    {
        "name": "meantime",
        "trans": [
            "其间；同时"
        ],
        "usphone": "'min'taɪm",
        "ukphone": "'miːntaɪm"
    },
    {
        "name": "in the meantime",
        "trans": [
            "在此期间；与此同时"
        ],
        "usphone": "",
        "ukphone": ""
    },
    {
        "name": "lip",
        "trans": [
            "一片嘴唇；（容器或洞的）边，口"
        ],
        "usphone": "lɪp",
        "ukphone": "lɪp"
    },
    {
        "name": "overboard",
        "trans": [
            "越过船舷进入水中"
        ],
        "usphone": "'ovɚbɔrd",
        "ukphone": "'əʊvəbɔːd"
    },
    {
        "name": "urge",
        "trans": [
            "催促；极力主张；驱策"
        ],
        "usphone": "ɝdʒ",
        "ukphone": "'ɜːdʒ"
    },
    {
        "name": "abandon",
        "trans": [
            "遗弃；抛弃；放弃"
        ],
        "usphone": "ə'bændən",
        "ukphone": "ə'bænd(ə)n"
    },
    {
        "name": "shark",
        "trans": [
            "鲨鱼"
        ],
        "usphone": "ʃɑrk",
        "ukphone": "ʃɑːk"
    },
    {
        "name": "Help (...) out",
        "trans": [
            "帮助（某人）摆脱困境或危难"
        ],
        "usphone": "",
        "ukphone": ""
    },
    {
        "name": "relationship",
        "trans": [
            "关系；交往；血缘关系"
        ],
        "usphone": "rɪ'leʃən'ʃɪp",
        "ukphone": "rɪ'leɪʃ(ə)nʃɪp"
    },
    {
        "name": "conservation",
        "trans": [
            "保护；保存"
        ],
        "usphone": ",kɑnsɚ'veʃən",
        "ukphone": "kɒnsə'veɪʃ(ə)n"
    },
    {
        "name": "iceberg",
        "trans": [
            "冰山"
        ],
        "usphone": "'aɪs'bɝg",
        "ukphone": "'aɪsbɜːg"
    },
    {
        "name": "jog",
        "trans": [
            "慢跑；轻推；轻撞"
        ],
        "usphone": "dʒɑɡ",
        "ukphone": "dʒɒg"
    },
    {
        "name": "seaside",
        "trans": [
            "海边；海滨",
            "海边（的）；海滨（的）"
        ],
        "usphone": "'sisaɪd",
        "ukphone": "'siːsaɪd"
    },
    {
        "name": "net",
        "trans": [
            "网络；网；网状物"
        ],
        "usphone": "nɛt",
        "ukphone": "net"
    },
    {
        "name": "target",
        "trans": [
            "目标；靶；受批评的对象"
        ],
        "usphone": "'tɑrɡɪt",
        "ukphone": "'tɑːgɪt"
    },
    {
        "name": "tide",
        "trans": [
            "潮（汐）；潮水；潮流"
        ],
        "usphone": "taɪd",
        "ukphone": "taɪd"
    },
    {
        "name": "driftnet",
        "trans": [
            "流网"
        ],
        "usphone": "",
        "ukphone": ""
    },
    {
        "name": "dimension",
        "trans": [
            "方面；侧面；维（数）"
        ],
        "usphone": "dəˈmɛnʃən, daɪ-",
        "ukphone": "dɪ'menʃ(ə)n; daɪ-"
    },
    {
        "name": "reflect",
        "trans": [
            "思考；映射；反射"
        ],
        "usphone": "rɪ'flɛkt",
        "ukphone": "rɪ'flekt"
    },
    {
        "name": "pure",
        "trans": [
            "纯的；纯粹的；纯洁的"
        ],
        "usphone": "pjʊr",
        "ukphone": "pjʊə"
    },
    {
        "name": "cell",
        "trans": [
            "细胞；（蜂房的）巢室"
        ],
        "usphone": "sɛl",
        "ukphone": "sel"
    },
    {
        "name": "aware",
        "trans": [
            "意识到的；知道的"
        ],
        "usphone": "ə'wɛr",
        "ukphone": "ə'weə"
    },
    {
        "name": "become aware of",
        "trans": [
            "对……知道、明白；意识到……"
        ],
        "usphone": "",
        "ukphone": ""
    },
    {
        "name": "be aware of",
        "trans": [
            "对……知道、明白；意识到……"
        ],
        "usphone": "",
        "ukphone": ""
    },
    {
        "name": "vivid",
        "trans": [
            "生动的；鲜明的；鲜艳的"
        ],
        "usphone": "'vɪvɪd",
        "ukphone": "'vɪvɪd"
    },
    {
        "name": "neat",
        "trans": [
            "（口）好的；整齐的；匀称的"
        ],
        "usphone": "nit",
        "ukphone": "niːt"
    },
    {
        "name": "seaweed",
        "trans": [
            "海草；海藻"
        ],
        "usphone": "'si'wid",
        "ukphone": "'siːwiːd"
    },
    {
        "name": "narrow",
        "trans": [
            "狭窄的；有限的；狭隘的"
        ],
        "usphone": "'næro",
        "ukphone": "'nærəʊ"
    },
    {
        "name": "flashlight",
        "trans": [
            "闪光信号灯；手电筒；闪光灯"
        ],
        "usphone": "'flæʃlaɪt",
        "ukphone": "'flæʃlaɪt"
    },
    {
        "name": "upside down",
        "trans": [
            "上下翻转"
        ],
        "usphone": "",
        "ukphone": ""
    },
    {
        "name": "suck",
        "trans": [
            "吮吸"
        ],
        "usphone": "sʌk",
        "ukphone": "sʌk"
    },
    {
        "name": "sea-slug",
        "trans": [
            "海蛞蝓"
        ],
        "usphone": "",
        "ukphone": ""
    },
    {
        "name": "turtle",
        "trans": [
            "海龟；龟；甲鱼"
        ],
        "usphone": "'tɝtl",
        "ukphone": "'tɜːt(ə)l"
    },
    {
        "name": "eel",
        "trans": [
            "鳗；鳝"
        ],
        "usphone": "il",
        "ukphone": "iːl"
    },
    {
        "name": "sharp",
        "trans": [
            "锐利的；锋利的；敏捷的"
        ],
        "usphone": "ʃɑrp",
        "ukphone": "ʃɑːp"
    },
    {
        "name": "tasty",
        "trans": [
            "好吃的；可口的"
        ],
        "usphone": "'testi",
        "ukphone": "'teɪstɪ"
    },
    {
        "name": "giant",
        "trans": [
            "巨人的；巨大的",
            "巨人；伟人"
        ],
        "usphone": "'dʒaɪənt",
        "ukphone": "'dʒaɪənt"
    },
    {
        "name": "clam",
        "trans": [
            "蛤"
        ],
        "usphone": "klæm",
        "ukphone": "klæm"
    },
    {
        "name": "grey",
        "trans": [
            "灰色（的）",
            "灰色"
        ],
        "usphone": "ɡre",
        "ukphone": "greɪ"
    },
    {
        "name": "scare",
        "trans": [
            "恐吓；受惊吓"
        ],
        "usphone": "skɛr",
        "ukphone": "skeə"
    },
    {
        "name": "(be) scared to death",
        "trans": [
            "吓死了"
        ],
        "usphone": "",
        "ukphone": ""
    },
    {
        "name": "shallow",
        "trans": [
            "浅的；肤浅的；浅显的"
        ],
        "usphone": "'ʃælo",
        "ukphone": "'ʃæləʊ"
    },
    {
        "name": "steep",
        "trans": [
            "陡峭的"
        ],
        "usphone": "stip",
        "ukphone": "stiːp"
    },
    {
        "name": "boundary",
        "trans": [
            "分界线；界限"
        ],
        "usphone": "'baʊndri",
        "ukphone": "'baʊnd(ə)rɪ"
    },
    {
        "name": "Antarctic",
        "trans": [
            "南极的"
        ],
        "usphone": "æntˈɑrktɪk",
        "ukphone": ""
    },
    {
        "name": "the Antarctic",
        "trans": [
            "南极洲"
        ],
        "usphone": "",
        "ukphone": ""
    },
    {
        "name": "awesome",
        "trans": [
            "使人敬畏的；令人畏惧的"
        ],
        "usphone": "'ɔsəm",
        "ukphone": "'ɔːs(ə)m"
    },
    {
        "name": "leap",
        "trans": [
            "跳；跳跃",
            "跳过（障碍）"
        ],
        "usphone": "lip",
        "ukphone": "liːp"
    },
    {
        "name": "seal",
        "trans": [
            "海豹；封条；印章"
        ],
        "usphone": "sil",
        "ukphone": "sil"
    },
    {
        "name": "refund",
        "trans": [
            "退还；偿还",
            "退款"
        ],
        "usphone": "ˈrifʌnd",
        "ukphone": "ˈriːfʌnd"
    },
    {
        "name": "pension",
        "trans": [
            "养老金；退休金"
        ],
        "usphone": "'pɛnʃən",
        "ukphone": "'penʃ(ə)n"
    },
    {
        "name": "pensioner",
        "trans": [
            "领取养老金者"
        ],
        "usphone": "'pɛnʃənɚ",
        "ukphone": "'penʃ(ə)nə"
    },
    {
        "name": "airmail",
        "trans": [
            "航空邮件"
        ],
        "usphone": "'ɛrmel",
        "ukphone": "'eəmeɪl"
    },
    {
        "name": "Papua",
        "trans": [
            "巴布亚新几内亚"
        ],
        "usphone": "'pæpjuə",
        "ukphone": "'pæpjuə"
    },
    {
        "name": "fortnight",
        "trans": [
            "两星期"
        ],
        "usphone": "'fɔrtnaɪt",
        "ukphone": "'fɔːtnaɪt"
    },
    {
        "name": "hear from",
        "trans": [
            "接到……的信"
        ],
        "usphone": "",
        "ukphone": ""
    },
    {
        "name": "(be) dying to",
        "trans": [
            "极想；渴望"
        ],
        "usphone": "",
        "ukphone": ""
    },
    {
        "name": "roof",
        "trans": [
            "屋顶；车顶"
        ],
        "usphone": "ruf",
        "ukphone": "ruːf"
    },
    {
        "name": "muddy",
        "trans": [
            "泥泞的；泥土般的"
        ],
        "usphone": "'mʌdi",
        "ukphone": "'mʌdɪ"
    },
    {
        "name": "textbook",
        "trans": [
            "教科书；课本"
        ],
        "usphone": "'tɛkstbʊk",
        "ukphone": "'teks(t)bʊk"
    },
    {
        "name": "concept",
        "trans": [
            "观念；概念"
        ],
        "usphone": "'kɑnsɛpt",
        "ukphone": "'kɒnsept"
    },
    {
        "name": "bucket",
        "trans": [
            "水桶；吊桶；提桶"
        ],
        "usphone": "'bʌkɪt",
        "ukphone": "'bʌkɪt"
    },
    {
        "name": "the other day",
        "trans": [
            "不久前的一天"
        ],
        "usphone": "",
        "ukphone": ""
    },
    {
        "name": "weekly",
        "trans": [
            "每周（的）",
            "每周（的）"
        ],
        "usphone": "'wikli",
        "ukphone": "'wiːklɪ"
    },
    {
        "name": "bubble",
        "trans": [
            "起泡；沸腾；汩汩地流动"
        ],
        "usphone": "'bʌbl",
        "ukphone": "'bʌb(ə)l"
    },
    {
        "name": "relevant",
        "trans": [
            "有关的；切题的"
        ],
        "usphone": "'rɛləvənt",
        "ukphone": "ˈreləvənt"
    },
    {
        "name": "remote",
        "trans": [
            "遥远的；偏僻的"
        ],
        "usphone": "rɪ'mot",
        "ukphone": "rɪ'məʊt"
    },
    {
        "name": "ridge",
        "trans": [
            "山脊；屋脊"
        ],
        "usphone": "rɪdʒ",
        "ukphone": "rɪdʒ"
    },
    {
        "name": "weed",
        "trans": [
            "杂草；野草",
            "除杂草"
        ],
        "usphone": "wid",
        "ukphone": "wiːd"
    },
    {
        "name": "hut",
        "trans": [
            "棚屋；小屋"
        ],
        "usphone": "hʌt",
        "ukphone": "hʌt"
    },
    {
        "name": "rectangle",
        "trans": [
            "矩形；长方形"
        ],
        "usphone": "'rɛktæŋɡl",
        "ukphone": "'rektæŋg(ə)l"
    },
    {
        "name": "rectangular",
        "trans": [
            "长方形的；矩形的"
        ],
        "usphone": "rɛk'tæŋgjəlɚ",
        "ukphone": "rek'tæŋgjʊlə"
    },
    {
        "name": "adjust",
        "trans": [
            "调整；（使）适合"
        ],
        "usphone": "ə'dʒʌst",
        "ukphone": "ə'dʒʌst"
    },
    {
        "name": "platform",
        "trans": [
            "（火车站的）月台；讲台；台；平台"
        ],
        "usphone": "'plæt'fɔrm",
        "ukphone": "'plætfɔːm"
    },
    {
        "name": "broom",
        "trans": [
            "扫帚"
        ],
        "usphone": "brum",
        "ukphone": "bruːm"
    },
    {
        "name": "tin",
        "trans": [
            "锡"
        ],
        "usphone": "tɪn",
        "ukphone": "tɪn"
    },
    {
        "name": "jar",
        "trans": [
            "罐；广口瓶"
        ],
        "usphone": "dʒɑr",
        "ukphone": "dʒɑː"
    },
    {
        "name": "sniff",
        "trans": [
            "用鼻子吸；嗅；闻"
        ],
        "usphone": "snɪf",
        "ukphone": "snɪf"
    },
    {
        "name": "participate",
        "trans": [
            "参与；参加"
        ],
        "usphone": "pɑr'tɪsə'pet",
        "ukphone": "pɑː'tɪsɪpeɪt"
    },
    {
        "name": "interpreter",
        "trans": [
            "作口译的人"
        ],
        "usphone": "ɪn'tɝprɪtɚ",
        "ukphone": "ɪn'tɜːprɪtə"
    },
    {
        "name": "grill",
        "trans": [
            "烤架；大平底锅",
            "烧烤；炙烤"
        ],
        "usphone": "ɡrɪl",
        "ukphone": "grɪl"
    },
    {
        "name": "dry out",
        "trans": [
            "（使浸水等之物）完全变干；干透"
        ],
        "usphone": "",
        "ukphone": ""
    },
    {
        "name": "leftover",
        "trans": [
            "剩饭；剩余物；残留物",
            "剩余的"
        ],
        "usphone": "'lɛftovɚ",
        "ukphone": "'leftəʊvə"
    },
    {
        "name": "evil",
        "trans": [
            "邪恶的",
            "邪恶；罪恶"
        ],
        "usphone": "'ivl",
        "ukphone": "'iːv(ə)l; -vɪl"
    },
    {
        "name": "dry up",
        "trans": [
            "（指河流、井等）干涸"
        ],
        "usphone": "",
        "ukphone": ""
    },
    {
        "name": "otherwise",
        "trans": [
            "否则；不然",
            "用别的方法；其他方面"
        ],
        "usphone": "'ʌðɚwaɪz",
        "ukphone": "'ʌðəwaɪz"
    },
    {
        "name": "privilege",
        "trans": [
            "特权；特别优待"
        ],
        "usphone": "ˈprɪvəlɪdʒ",
        "ukphone": "ˈprɪvəlɪdʒ"
    },
    {
        "name": "paperwork",
        "trans": [
            "文书工作"
        ],
        "usphone": "'pepɚ'wɝk",
        "ukphone": "'peɪpəwɜːk"
    },
    {
        "name": "arrangement",
        "trans": [
            "安排；排列"
        ],
        "usphone": "ə'rendʒmənt",
        "ukphone": "ə'reɪn(d)ʒm(ə)nt"
    },
    {
        "name": "toast",
        "trans": [
            "敬酒；烤（面包等）",
            "烤面包（片）；吐司面包；干杯"
        ],
        "usphone": "tost",
        "ukphone": "təʊst"
    },
    {
        "name": "comb",
        "trans": [
            "梳子",
            "梳（发）"
        ],
        "usphone": "kom",
        "ukphone": "kəʊm"
    },
    {
        "name": "astronaut",
        "trans": [
            "宇航员；太空人"
        ],
        "usphone": "'æstrəˌnɔt",
        "ukphone": "'æstrənɔːt"
    },
    {
        "name": "angle",
        "trans": [
            "角；角度"
        ],
        "usphone": "'æŋɡl",
        "ukphone": "'æŋg(ə)l"
    },
    {
        "name": "catalogue",
        "trans": [
            "目录"
        ],
        "usphone": "'kætəlɔɡ",
        "ukphone": "'kæt(ə)lɒg"
    },
    {
        "name": "donate",
        "trans": [
            "捐赠"
        ],
        "usphone": "'donet",
        "ukphone": "də(ʊ)'neɪt"
    },
    {
        "name": "voluntary",
        "trans": [
            "自愿的；志愿的；无偿的"
        ],
        "usphone": "'vɑləntɛri",
        "ukphone": "'vɒlənt(ə)rɪ"
    },
    {
        "name": "in need",
        "trans": [
            "在困难中；在危急中"
        ],
        "usphone": "",
        "ukphone": ""
    },
    {
        "name": "purchase",
        "trans": [
            "买",
            "购买"
        ],
        "usphone": "'pɝtʃəs",
        "ukphone": "'pɜ:tʃəs"
    },
    {
        "name": "anniversary",
        "trans": [
            "周年纪念（日）"
        ],
        "usphone": ",ænɪ'vɝsəri",
        "ukphone": "ænɪ'vɜːs(ə)rɪ"
    },
    {
        "name": "seed",
        "trans": [
            "种子；萌芽"
        ],
        "usphone": "sid",
        "ukphone": "siːd"
    },
    {
        "name": "seedling",
        "trans": [
            "秧苗；树苗"
        ],
        "usphone": "'sidlɪŋ",
        "ukphone": "'siːdlɪŋ"
    },
    {
        "name": "vaccination",
        "trans": [
            "接种疫苗"
        ],
        "usphone": ",væksn'eʃən",
        "ukphone": ",væksɪ'neɪʃən"
    },
    {
        "name": "loan",
        "trans": [
            "贷款"
        ],
        "usphone": "lon",
        "ukphone": "ləʊn"
    },
    {
        "name": "sew",
        "trans": [
            "（用针线）缝；缝制；缝合"
        ],
        "usphone": "so",
        "ukphone": "səʊ"
    },
    {
        "name": "sewing machine",
        "trans": [
            "缝纫机"
        ],
        "usphone": "",
        "ukphone": ""
    },
    {
        "name": "supplement",
        "trans": [
            "增补的事物；补充；附录；增刊"
        ],
        "usphone": "'sʌplɪmənt",
        "ukphone": "'sʌplɪm(ə)nt"
    },
    {
        "name": "ox",
        "trans": [
            "公牛"
        ],
        "usphone": "ɑks",
        "ukphone": "ɒks"
    },
    {
        "name": "plough",
        "trans": [
            "（犁）地；（耕）地"
        ],
        "usphone": "plaʊ",
        "ukphone": "plaʊ"
    },
    {
        "name": "trunk",
        "trans": [
            "树干；躯干；大衣箱"
        ],
        "usphone": "trʌŋk",
        "ukphone": "trʌŋk"
    },
    {
        "name": "trunk library",
        "trans": [
            "箱式（柜式）图书馆"
        ],
        "usphone": "",
        "ukphone": ""
    },
    {
        "name": "tractor",
        "trans": [
            "拖拉机；牵引机"
        ],
        "usphone": "'træktɚ",
        "ukphone": "'træktə"
    },
    {
        "name": "Kenya",
        "trans": [
            "肯尼亚（非洲国家）"
        ],
        "usphone": "ˈkiːnjə",
        "ukphone": "ˈkɛnjə"
    },
    {
        "name": "Bangladesh",
        "trans": [
            "孟加拉国（亚洲国家）"
        ],
        "usphone": ",ba:ŋglə'deʃ",
        "ukphone": ",ba:ŋglə'deʃ"
    },
    {
        "name": "click",
        "trans": [
            "（使）发出咔嗒声",
            "咔嗒声"
        ],
        "usphone": "klɪk",
        "ukphone": "klɪk"
    },
    {
        "name": "tailor",
        "trans": [
            "裁缝",
            "定做"
        ],
        "usphone": "'telɚ",
        "ukphone": "'teɪlə"
    },
    {
        "name": "Tanzania",
        "trans": [
            "坦桑尼亚（东非国家）"
        ],
        "usphone": "ˌtænzəˈniə",
        "ukphone": "ˌtænzəˈni:ə"
    },
    {
        "name": "economic",
        "trans": [
            "经济的；经济学的"
        ],
        "usphone": "ˌikəˈnɑmɪk, ˌɛkəˈ-nɑmɪk",
        "ukphone": ",iːkə'nɒmɪk; ek-"
    },
    {
        "name": "political",
        "trans": [
            "政治的；政党的"
        ],
        "usphone": "pə'lɪtɪkl",
        "ukphone": "pə'lɪtɪk(ə)l"
    },
    {
        "name": "Nepal",
        "trans": [
            "尼泊尔（亚洲国家）"
        ],
        "usphone": "nɪˈpɔːl",
        "ukphone": "nɪˈpɔːl"
    },
    {
        "name": "Uganda",
        "trans": [
            "乌干达（东非国家）"
        ],
        "usphone": "ju:'ɡændə",
        "ukphone": "ju:'ɡændə"
    },
    {
        "name": "distribute",
        "trans": [
            "分配；分发"
        ],
        "usphone": "dɪ'strɪbjut",
        "ukphone": "dɪ'strɪbjuːt; 'dɪstrɪbjuːt"
    },
    {
        "name": "distribution",
        "trans": [
            "分配；分发；分布状态"
        ],
        "usphone": "'dɪstrə'bjʊʃən",
        "ukphone": "dɪstrɪ'bjuːʃ(ə)n"
    },
    {
        "name": "financial",
        "trans": [
            "财务的；金融的；财政的"
        ],
        "usphone": "faɪˈnænʃəl;fəˈnæ-",
        "ukphone": "faɪ'nænʃ(ə)l; fɪ-"
    },
    {
        "name": "security",
        "trans": [
            "安全；保护；保障"
        ],
        "usphone": "sə'kjʊrəti",
        "ukphone": "sɪ'kjʊərətɪ"
    },
    {
        "name": "operate",
        "trans": [
            "工作；运转；操作"
        ],
        "usphone": "'ɑpə'ret",
        "ukphone": "'ɒpəreɪt"
    },
    {
        "name": "Sudan",
        "trans": [
            "苏丹（非洲国家）"
        ],
        "usphone": "sʊ'dæn",
        "ukphone": "su:'dæn"
    },
    {
        "name": "clinic",
        "trans": [
            "门诊部；小诊所"
        ],
        "usphone": "'klɪnɪk",
        "ukphone": "'klɪnɪk"
    },
    {
        "name": "Malawi",
        "trans": [
            "马拉维（非洲国家）"
        ],
        "usphone": "mɑ:'lɑ:wi",
        "ukphone": "mɑ:'lɑ:wi"
    },
    {
        "name": "adjust to",
        "trans": [
            "适应；调节"
        ],
        "usphone": "",
        "ukphone": ""
    },
    {
        "name": "keep it up",
        "trans": [
            "保持优秀成绩；继续干下去"
        ],
        "usphone": "",
        "ukphone": ""
    },
    {
        "name": "fit in",
        "trans": [
            "相适应；相融合"
        ],
        "usphone": "",
        "ukphone": ""
    },
    {
        "name": "motherland",
        "trans": [
            "祖国"
        ],
        "usphone": "'mʌðɚlænd",
        "ukphone": "'mʌðəlænd"
    },
    {
        "name": "visa",
        "trans": [
            "签证"
        ],
        "usphone": "'vizə",
        "ukphone": "'viːzə"
    },
    {
        "name": "queue",
        "trans": [
            "队列；行列",
            "排队"
        ],
        "usphone": "kju",
        "ukphone": "kjuː"
    },
    {
        "name": "cafeteria",
        "trans": [
            "自助食堂；自助餐厅"
        ],
        "usphone": ",kæfə'tɪrɪə",
        "ukphone": "kæfɪ'tɪərɪə"
    },
    {
        "name": "lecture",
        "trans": [
            "演讲；讲课",
            "演讲；讲课"
        ],
        "usphone": "'lɛktʃɚ",
        "ukphone": "'lektʃə"
    },
    {
        "name": "qualification",
        "trans": [
            "资格；资历"
        ],
        "usphone": ",kwɑlɪfɪ'keʃən",
        "ukphone": ",kwɒlɪfɪ'keɪʃ(ə)n"
    },
    {
        "name": "preparation",
        "trans": [
            "准备；预备"
        ],
        "usphone": ",prɛpə'reʃən",
        "ukphone": ",prepə'reɪʃ(ə)n"
    },
    {
        "name": "recommend",
        "trans": [
            "建议；推荐"
        ],
        "usphone": "'rɛkə'mɛnd",
        "ukphone": "rekə'mend"
    },
    {
        "name": "shopkeeper",
        "trans": [
            "店主"
        ],
        "usphone": "'ʃɑp'kipɚ",
        "ukphone": "'ʃɒpkiːpə"
    },
    {
        "name": "idiom",
        "trans": [
            "习语；成语"
        ],
        "usphone": "'ɪdɪəm",
        "ukphone": "'ɪdɪəm"
    },
    {
        "name": "comfort",
        "trans": [
            "舒适；安慰",
            "安慰"
        ],
        "usphone": "'kʌmfɚt",
        "ukphone": "'kʌmfət"
    },
    {
        "name": "substitute",
        "trans": [
            "代替者；代用品",
            "用……代替……"
        ],
        "usphone": "'sʌbstɪtut",
        "ukphone": "'sʌbstɪtjuːt"
    },
    {
        "name": "academic",
        "trans": [
            "学校的；学术的"
        ],
        "usphone": ",ækə'dɛmɪk",
        "ukphone": "ækə'demɪk"
    },
    {
        "name": "requirement",
        "trans": [
            "需要；要求"
        ],
        "usphone": "rɪ'kwaɪɚmənt",
        "ukphone": "rɪ'kwaɪəm(ə)nt"
    },
    {
        "name": "essay",
        "trans": [
            "文章；散文"
        ],
        "usphone": "'ɛse",
        "ukphone": "'eseɪ"
    },
    {
        "name": "tutor",
        "trans": [
            "家庭教师；导师；助教"
        ],
        "usphone": "'tʊtɚ",
        "ukphone": "'tjuːtə"
    },
    {
        "name": "revise",
        "trans": [
            "复查；修正；复习"
        ],
        "usphone": "rɪ'vaɪz",
        "ukphone": "rɪ'vaɪz"
    },
    {
        "name": "revision",
        "trans": [
            "复查；修正；复习"
        ],
        "usphone": "rɪ'vɪʒən",
        "ukphone": "rɪ'vɪʒ(ə)n"
    },
    {
        "name": "draft",
        "trans": [
            "草稿；草案",
            "草拟；起草"
        ],
        "usphone": "dræft",
        "ukphone": "drɑːft"
    },
    {
        "name": "numb",
        "trans": [
            "麻木的；失去知觉的"
        ],
        "usphone": "nʌm",
        "ukphone": "nʌm"
    },
    {
        "name": "acknowledge",
        "trans": [
            "承认；确认；答谢"
        ],
        "usphone": "ək'nɑlɪdʒ",
        "ukphone": "ək'nɒlɪdʒ"
    },
    {
        "name": "as far as one is concerned",
        "trans": [
            "就……而言"
        ],
        "usphone": "",
        "ukphone": ""
    },
    {
        "name": "contradict",
        "trans": [
            "反驳；反斥"
        ],
        "usphone": "'kɑntrə'dɪkt",
        "ukphone": "kɒntrə'dɪkt"
    },
    {
        "name": "autonomous",
        "trans": [
            "自治的；自主的；独立的"
        ],
        "usphone": "ɔ'tɑnəməs",
        "ukphone": "ɔː'tɒnəməs"
    },
    {
        "name": "occupy",
        "trans": [
            "占据；占用；占领"
        ],
        "usphone": "'ɑkjupaɪ",
        "ukphone": "'ɒkjʊpaɪ"
    },
    {
        "name": "be occupied with",
        "trans": [
            "忙着做……；忙于某事物"
        ],
        "usphone": "",
        "ukphone": ""
    },
    {
        "name": "enterprise",
        "trans": [
            "事业；事业心"
        ],
        "usphone": "'ɛntɚ'praɪz",
        "ukphone": "'entəpraɪz"
    },
    {
        "name": "apology",
        "trans": [
            "道谦；谢罪"
        ],
        "usphone": "ə'pɑlədʒi",
        "ukphone": "ə'pɒlədʒɪ"
    },
    {
        "name": "seminar",
        "trans": [
            "（专题）研讨会"
        ],
        "usphone": "'sɛmɪnɑr",
        "ukphone": "'semɪnɑː"
    },
    {
        "name": "videophone",
        "trans": [
            "可视电话"
        ],
        "usphone": "'vɪdɪofon",
        "ukphone": "'vɪdɪə(ʊ)fəʊn"
    },
    {
        "name": "Rugby",
        "trans": [
            "（英式）橄榄球"
        ],
        "usphone": "'rʌɡbi",
        "ukphone": "'rʌgbɪ"
    },
    {
        "name": "bachelor",
        "trans": [
            "未婚男子；获学士学位的人"
        ],
        "usphone": "'bætʃəlɚ",
        "ukphone": "'bætʃələ"
    },
    {
        "name": "bachelor's degree",
        "trans": [
            "学士学位"
        ],
        "usphone": "",
        "ukphone": ""
    },
    {
        "name": "routine",
        "trans": [
            "常规；日常事务",
            "通常的；例行的"
        ],
        "usphone": "rʊ'tin",
        "ukphone": "ruː'tiːn"
    },
    {
        "name": "minibus",
        "trans": [
            "小型公共汽车"
        ],
        "usphone": "'mɪnɪbʌs",
        "ukphone": "'mɪnɪbʌs"
    },
    {
        "name": "optional",
        "trans": [
            "可选择的；随意的"
        ],
        "usphone": "'ɑpʃənl",
        "ukphone": "'ɒpʃ(ə)n(ə)l"
    },
    {
        "name": "day in and day out",
        "trans": [
            "日复一日"
        ],
        "usphone": "",
        "ukphone": ""
    },
    {
        "name": "cage",
        "trans": [
            "鸟笼；兽槛"
        ],
        "usphone": "kedʒ",
        "ukphone": "keɪdʒ"
    },
    {
        "name": "bark",
        "trans": [
            "（指狗等）吠叫；咆哮",
            "犬吠声；树皮"
        ],
        "usphone": "bɑrk",
        "ukphone": "bɑːk"
    },
    {
        "name": "battery",
        "trans": [
            "电池（组）；炮台"
        ],
        "usphone": "'bæt(ə)rɪ",
        "ukphone": "'bætri"
    },
    {
        "name": "site",
        "trans": [
            "地方；地点；现场"
        ],
        "usphone": "saɪt",
        "ukphone": "saɪt"
    },
    {
        "name": "Julie",
        "trans": [
            "朱莉（女名）"
        ],
        "usphone": "",
        "ukphone": ""
    },
    {
        "name": "Abigail",
        "trans": [
            "阿比盖尔（女名）"
        ],
        "usphone": "'æbɪ,gel",
        "ukphone": "'æbɪgeɪl"
    },
    {
        "name": "drill",
        "trans": [
            "钻（孔）",
            "钻；钻机"
        ],
        "usphone": "drɪl",
        "ukphone": "drɪl"
    },
    {
        "name": "oilfield",
        "trans": [
            "油田"
        ],
        "usphone": "'ɔɪlfild",
        "ukphone": ""
    },
    {
        "name": "Jamie",
        "trans": [
            "杰米（男名）"
        ],
        "usphone": "",
        "ukphone": ""
    },
    {
        "name": "Sam",
        "trans": [
            "萨姆（男名）"
        ],
        "usphone": "sæm",
        "ukphone": "sæm"
    },
    {
        "name": "Lima",
        "trans": [
            "利马（秘鲁首都）"
        ],
        "usphone": "'limə",
        "ukphone": "'li:mə"
    },
    {
        "name": "Cuzco",
        "trans": [
            "库斯科（秘鲁南部城市）"
        ],
        "usphone": "'ku:skəu",
        "ukphone": "'ku:skəu"
    },
    {
        "name": "the Andes",
        "trans": [
            "安第斯山脉"
        ],
        "usphone": "",
        "ukphone": ""
    },
    {
        "name": "Peru",
        "trans": [
            "秘鲁（南美国家）"
        ],
        "usphone": "pə'rʊ",
        "ukphone": "pəˈruː"
    },
    {
        "name": "Lia",
        "trans": [
            "莉亚（女名）"
        ],
        "usphone": "",
        "ukphone": ""
    },
    {
        "name": "agent",
        "trans": [
            "代理人；经纪人"
        ],
        "usphone": "'edʒənt",
        "ukphone": "'eɪdʒ(ə)nt"
    },
    {
        "name": "travel agent",
        "trans": [
            "旅行代办人；旅行代理人"
        ],
        "usphone": "",
        "ukphone": ""
    },
    {
        "name": "geographical",
        "trans": [
            "地理（学）的"
        ],
        "usphone": "dʒɪə'græfɪkl",
        "ukphone": "dʒɪə'græfɪk(ə)l"
    },
    {
        "name": "parallel",
        "trans": [
            "平行的；相同的；类似的"
        ],
        "usphone": "'pærəlɛl",
        "ukphone": "'pærəlel"
    },
    {
        "name": "Lake Titicaca",
        "trans": [
            "的的喀喀湖"
        ],
        "usphone": "",
        "ukphone": ""
    },
    {
        "name": "abundant",
        "trans": [
            "丰富的；充裕的"
        ],
        "usphone": "ə'bʌndənt",
        "ukphone": "əˈbʌndənt"
    },
    {
        "name": "Inca",
        "trans": [
            "印加帝国"
        ],
        "usphone": "'iŋkə",
        "ukphone": "'ɪŋkə"
    },
    {
        "name": "govern",
        "trans": [
            "统治；支配；管理"
        ],
        "usphone": "'ɡʌvɚn",
        "ukphone": "'gʌv(ə)n"
    },
    {
        "name": "onwards",
        "trans": [
            "向前地；前进地"
        ],
        "usphone": "'ɑnwɚdz",
        "ukphone": "'ɒnwədz"
    },
    {
        "name": "destination",
        "trans": [
            "目的地"
        ],
        "usphone": ",dɛstɪ'neʃən",
        "ukphone": ",destɪ'neɪʃ(ə)n"
    },
    {
        "name": "Machu Picchu",
        "trans": [
            "马丘比丘（秘鲁）"
        ],
        "usphone": "",
        "ukphone": ""
    },
    {
        "name": "inn",
        "trans": [
            "客栈"
        ],
        "usphone": "ɪn",
        "ukphone": "ɪn"
    },
    {
        "name": "out of the question",
        "trans": [
            "不可能的；不值得讨论的"
        ],
        "usphone": "",
        "ukphone": ""
    },
    {
        "name": "hike",
        "trans": [
            "远足；徒步旅行",
            "远足；徒步旅行"
        ],
        "usphone": "haɪk",
        "ukphone": "haɪk"
    },
    {
        "name": "Puno",
        "trans": [
            "普诺（秘鲁）"
        ],
        "usphone": "",
        "ukphone": ""
    },
    {
        "name": "tomb",
        "trans": [
            "坟墓"
        ],
        "usphone": "tum",
        "ukphone": "tuːm"
    },
    {
        "name": "the Amazon",
        "trans": [
            "亚马孙河热带丛林"
        ],
        "usphone": "",
        "ukphone": ""
    },
    {
        "name": "settle in",
        "trans": [
            "（迁入新居、更换工作后）安顿下来"
        ],
        "usphone": "",
        "ukphone": ""
    }
]