[
    {
        "name": "hurdling",
        "trans": [
            "跨栏运动"
        ],
        "usphone": "",
        "ukphone": ""
    },
    {
        "name": "boxing",
        "trans": [
            "拳击"
        ],
        "usphone": "'bɑksɪŋ",
        "ukphone": "'bɒksɪŋ"
    },
    {
        "name": "hula hooping",
        "trans": [
            "玩呼啦圈"
        ],
        "usphone": "",
        "ukphone": ""
    },
    {
        "name": "pogo stick jumping",
        "trans": [
            "弹簧单高跷游戏"
        ],
        "usphone": "",
        "ukphone": ""
    },
    {
        "name": "jumping jack",
        "trans": [
            "跳爆竹"
        ],
        "usphone": "",
        "ukphone": ""
    },
    {
        "name": "somersaulting",
        "trans": [
            "翻筋斗"
        ],
        "usphone": "'sʌmɚsɔlt",
        "ukphone": "'sʌməsɒlt; -sɔːlt"
    },
    {
        "name": "lunge",
        "trans": [
            "刺",
            "越近，前冲"
        ],
        "usphone": "lʌndʒ",
        "ukphone": "lʌn(d)ʒ"
    },
    {
        "name": "Ashrita Furman",
        "trans": [
            "阿什里塔.弗曼"
        ],
        "usphone": "",
        "ukphone": ""
    },
    {
        "name": "Guinness",
        "trans": [
            "吉尼斯"
        ],
        "usphone": "'ɡinis",
        "ukphone": ""
    },
    {
        "name": "Guiness Book of World Records",
        "trans": [
            "《吉尼斯世界纪录大全》"
        ],
        "usphone": "",
        "ukphone": ""
    },
    {
        "name": "approximate",
        "trans": [
            "近似的，大概的"
        ],
        "usphone": "ə'prɑksɪmət",
        "ukphone": "ə'prɒksɪmət"
    },
    {
        "name": "approximately",
        "trans": [
            "近似地，大约地"
        ],
        "usphone": "ə'prɑksɪmətli",
        "ukphone": "ə'prɒksɪmətlɪ"
    },
    {
        "name": "conventional",
        "trans": [
            "传统的；习俗的"
        ],
        "usphone": "kən'vɛnʃənl",
        "ukphone": "kən'venʃ(ə)n(ə)l"
    },
    {
        "name": "laughter",
        "trans": [
            "笑，笑声"
        ],
        "usphone": "'læftɚ",
        "ukphone": "'lɑːftə"
    },
    {
        "name": "reality",
        "trans": [
            "真实，事实"
        ],
        "usphone": "rɪ'æləti",
        "ukphone": "rɪ'ælɪtɪ"
    },
    {
        "name": "in reality",
        "trans": [
            "实际上，现实"
        ],
        "usphone": "",
        "ukphone": ""
    },
    {
        "name": "ajustment",
        "trans": [
            "调节，调整"
        ],
        "usphone": "",
        "ukphone": ""
    },
    {
        "name": "tough",
        "trans": [
            "困难的；强硬的",
            "顽强地"
        ],
        "usphone": "tʌf",
        "ukphone": "tʌf"
    },
    {
        "name": "extreme",
        "trans": [
            "极端的，偏激的"
        ],
        "usphone": "ɪk'strim",
        "ukphone": "ɪk'striːm"
    },
    {
        "name": "vomit",
        "trans": [
            "呕吐物"
        ],
        "usphone": "'vɑmɪt",
        "ukphone": "'vɒmɪt"
    },
    {
        "name": "gymnastics",
        "trans": [
            "体操，体能训练"
        ],
        "usphone": "",
        "ukphone": ""
    },
    {
        "name": "gymnastically",
        "trans": [
            "体能训练方面"
        ],
        "usphone": "",
        "ukphone": ""
    },
    {
        "name": "unfit",
        "trans": [
            "不太健康的；不适宜的"
        ],
        "usphone": "",
        "ukphone": "ʌn'fɪt"
    },
    {
        "name": "fascinate",
        "trans": [
            "使着迷，入迷"
        ],
        "usphone": "'fæsə'net",
        "ukphone": "'fæsɪneɪt"
    },
    {
        "name": "meditation",
        "trans": [
            "沉思，冥想"
        ],
        "usphone": ",mɛdɪ'teʃən",
        "ukphone": "medɪ'teɪʃ(ə)n"
    },
    {
        "name": "Sri chinmoy",
        "trans": [
            "斯里琴摩"
        ],
        "usphone": "",
        "ukphone": ""
    },
    {
        "name": "spiritual",
        "trans": [
            "精神上的"
        ],
        "usphone": "'spɪrɪtʃʊəl",
        "ukphone": "'spɪrɪtʃʊəl; -tjʊəl"
    },
    {
        "name": "marathon",
        "trans": [
            "马拉松赛跑"
        ],
        "usphone": "'mærə,θɑn",
        "ukphone": "'mærəθ(ə)n"
    },
    {
        "name": "urge",
        "trans": [
            "催促，力劝"
        ],
        "usphone": "ɝdʒ",
        "ukphone": "'ɜːdʒ"
    },
    {
        "name": "accomplish",
        "trans": [
            "完成，实现"
        ],
        "usphone": "ə'kɑmplɪʃ",
        "ukphone": "ə'kʌmplɪʃ; ə'kɒm-"
    },
    {
        "name": "motivation",
        "trans": [
            "动机"
        ],
        "usphone": ",motə'veʃən",
        "ukphone": "məʊtɪ'veɪʃ(ə)n"
    },
    {
        "name": "devotion",
        "trans": [
            "热爱，投入"
        ],
        "usphone": "dɪ'voʃən",
        "ukphone": "dɪ'vəʊʃ(ə)n"
    },
    {
        "name": "soul",
        "trans": [
            "灵魂，心灵，精神"
        ],
        "usphone": "sol",
        "ukphone": "səʊl"
    },
    {
        "name": "sacred",
        "trans": [
            "宗教的，庄严的"
        ],
        "usphone": "'sekrɪd",
        "ukphone": "'seɪkrɪd"
    },
    {
        "name": "deed",
        "trans": [
            "行为，行动"
        ],
        "usphone": "did",
        "ukphone": "diːd"
    },
    {
        "name": "conception",
        "trans": [
            "主意；计划"
        ],
        "usphone": "kən'sɛpʃən",
        "ukphone": "kən'sepʃ(ə)n"
    },
    {
        "name": "tact",
        "trans": [
            "机敏，乖巧，老练，技巧"
        ],
        "usphone": "tækt",
        "ukphone": "tækt"
    },
    {
        "name": "regret",
        "trans": [
            "后悔；感到抱歉"
        ],
        "usphone": "rɪ'ɡrɛt",
        "ukphone": "rɪ'gret"
    },
    {
        "name": "repentance",
        "trans": [
            "后悔"
        ],
        "usphone": "rɪ'pɛntəns",
        "ukphone": "rɪ'pent(ə)ns"
    },
    {
        "name": "wisdom",
        "trans": [
            "智慧"
        ],
        "usphone": "'wɪzdəm",
        "ukphone": "'wɪzdəm"
    },
    {
        "name": "virtue",
        "trans": [
            "美德"
        ],
        "usphone": "'vɝtʃʊ",
        "ukphone": "'vɜːtjuː; -tʃuː"
    },
    {
        "name": "noble",
        "trans": [
            "高尚的；贵族的"
        ],
        "usphone": "'nobl",
        "ukphone": "'nəʊb(ə)l"
    },
    {
        "name": "doom",
        "trans": [
            "注定"
        ],
        "usphone": "dʊm",
        "ukphone": "duːm"
    },
    {
        "name": "bid",
        "trans": [
            "出价；投标"
        ],
        "usphone": "bɪd",
        "ukphone": "bɪd"
    },
    {
        "name": "juggle",
        "trans": [
            "耍把戏，玩杂耍"
        ],
        "usphone": "'dʒʌɡl",
        "ukphone": "'dʒʌg(ə)l"
    },
    {
        "name": "triathlon",
        "trans": [
            "三项全能运动"
        ],
        "usphone": "traɪ'æθlən",
        "ukphone": "traɪ'æθlɒn; -lən"
    },
    {
        "name": "triathlete",
        "trans": [
            "三项全能运动员"
        ],
        "usphone": "",
        "ukphone": ""
    },
    {
        "name": "amateur",
        "trans": [
            "业余爱好者"
        ],
        "usphone": "ˈæmətər",
        "ukphone": "ˈæmətə(r)"
    },
    {
        "name": "champion",
        "trans": [
            "冠军，优胜者"
        ],
        "usphone": "'tʃæmpɪən",
        "ukphone": "'tʃæmpɪən"
    },
    {
        "name": "therefore",
        "trans": [
            "因此，所以"
        ],
        "usphone": "'ðɛrfɔr",
        "ukphone": "'ðeəfɔː"
    },
    {
        "name": "Barcelona",
        "trans": [
            "巴塞罗那（西班牙东北部港口城市）"
        ],
        "usphone": ",ba:si'ləunə",
        "ukphone": ",ba:si'ləunə"
    },
    {
        "name": "springboard",
        "trans": [
            "跳板；(游泳或体操运动中的) 跳板"
        ],
        "usphone": "'sprɪŋbɔrd",
        "ukphone": "'sprɪŋbɔːd"
    },
    {
        "name": "economics",
        "trans": [
            "经济学"
        ],
        "usphone": "'ikə'nɑmɪks; 'ɛkə'nɑmɪks",
        "ukphone": "iːkə'nɒmɪks; ek-"
    },
    {
        "name": "Slovenia",
        "trans": [
            "斯洛文尼亚（国名）"
        ],
        "usphone": "sləu'vi:niə",
        "ukphone": "sləu'vi:niə"
    },
    {
        "name": "entire",
        "trans": [
            "全部的，完整的"
        ],
        "usphone": "ɪn'taɪɚ",
        "ukphone": "ɪn'taɪə; en-"
    },
    {
        "name": "the Danube River",
        "trans": [
            "多瑙河（位于欧洲）"
        ],
        "usphone": "",
        "ukphone": ""
    },
    {
        "name": "attain",
        "trans": [
            "获得；达到"
        ],
        "usphone": "ə'ten",
        "ukphone": "ə'teɪn"
    },
    {
        "name": "the Parana River",
        "trans": [
            "巴拉那河(位于南美洲中南部，该州第二大河)"
        ],
        "usphone": "",
        "ukphone": ""
    },
    {
        "name": "profile",
        "trans": [
            "（人物或事物之）简介；侧面，轮廓"
        ],
        "usphone": "'profaɪl",
        "ukphone": "'prəʊfaɪl"
    },
    {
        "name": "courageous",
        "trans": [
            "勇敢的，有胆量的"
        ],
        "usphone": "kə'redʒəs",
        "ukphone": "kə'reɪdʒəs"
    },
    {
        "name": "appreciate",
        "trans": [
            "鉴赏，感激"
        ],
        "usphone": "ə'priʃɪet",
        "ukphone": "ə'priːʃɪeɪt; -sɪ-"
    },
    {
        "name": "appreciation",
        "trans": [
            "感谢，感激；欣赏"
        ],
        "usphone": "ə,priʃɪ'eʃən",
        "ukphone": "əpriːʃɪ'eɪʃ(ə)n; -sɪ-"
    },
    {
        "name": "accountant",
        "trans": [
            "会计"
        ],
        "usphone": "ə'kaʊntənt",
        "ukphone": "ə'kaʊnt(ə)nt"
    },
    {
        "name": "receptionist",
        "trans": [
            "招待员"
        ],
        "usphone": "rɪ'sɛpʃənɪst",
        "ukphone": "rɪ'sepʃ(ə)nɪst"
    },
    {
        "name": "lawyer",
        "trans": [
            "律师"
        ],
        "usphone": "'lɔjɚ",
        "ukphone": "'lɔːjə; 'lɒɪə"
    },
    {
        "name": "politician",
        "trans": [
            "政客，政治家"
        ],
        "usphone": ",pɑlə'tɪʃən",
        "ukphone": "pɒlɪ'tɪʃ(ə)n"
    },
    {
        "name": "scarf",
        "trans": [
            "围巾，头巾，领巾"
        ],
        "usphone": "skɑrf",
        "ukphone": "skɑːf"
    },
    {
        "name": "zip",
        "trans": [
            "拉链"
        ],
        "usphone": "zɪp",
        "ukphone": "zɪp"
    },
    {
        "name": "underwear",
        "trans": [
            "内衣裤"
        ],
        "usphone": "'ʌndɚwɛr",
        "ukphone": "'ʌndəweə"
    },
    {
        "name": "overcoat",
        "trans": [
            "外套大衣，长大衣"
        ],
        "usphone": "'ovɚkot",
        "ukphone": "'əʊvəkəʊt"
    },
    {
        "name": "salary",
        "trans": [
            "薪水"
        ],
        "usphone": "'sæləri",
        "ukphone": "'sælərɪ"
    },
    {
        "name": "wage",
        "trans": [
            "工资"
        ],
        "usphone": "wedʒ",
        "ukphone": "weɪdʒ"
    },
    {
        "name": "Marco Polo",
        "trans": [
            "马可.波罗"
        ],
        "usphone": "",
        "ukphone": ""
    },
    {
        "name": "latitude",
        "trans": [
            "纬度"
        ],
        "usphone": "'lætɪtud",
        "ukphone": "'lætɪtjuːd"
    },
    {
        "name": "voyage",
        "trans": [
            "航海，航行"
        ],
        "usphone": "'vɔɪɪdʒ",
        "ukphone": "'vɒɪɪdʒ"
    },
    {
        "name": "mercy",
        "trans": [
            "仁慈，宽恕，怜悯"
        ],
        "usphone": "'mɝsi",
        "ukphone": "'mɜːsɪ"
    },
    {
        "name": "at the mercy of",
        "trans": [
            "受……支配"
        ],
        "usphone": "",
        "ukphone": ""
    },
    {
        "name": "encyclopedia",
        "trans": [
            "百科全书"
        ],
        "usphone": "ɪnˌsaɪkləˈpidiɚ",
        "ukphone": "ɪnˌsaɪkləˈpiːdiə"
    },
    {
        "name": "alongside",
        "trans": [
            "靠着，沿着；",
            "在旁边，沿着边"
        ],
        "usphone": "ə'lɔŋ'saɪd",
        "ukphone": "əlɒŋ'saɪd"
    },
    {
        "name": "exploration",
        "trans": [
            "探险，探测"
        ],
        "usphone": ",ɛksplə'reʃən",
        "ukphone": "eksplə'reɪʃ(ə)n"
    },
    {
        "name": "minimum",
        "trans": [
            "最小的，最低的"
        ],
        "usphone": "'mɪnɪməm",
        "ukphone": "'mɪnɪməm"
    },
    {
        "name": "celestial",
        "trans": [
            "天上的"
        ],
        "usphone": "sə'lɛstʃəl",
        "ukphone": "sɪ'lestɪəl"
    },
    {
        "name": "pole",
        "trans": [
            "极地，柱，杆"
        ],
        "usphone": "pol",
        "ukphone": "pəʊl"
    },
    {
        "name": "equator",
        "trans": [
            "赤道"
        ],
        "usphone": "ɪ'kwetɚ",
        "ukphone": "ɪ'kweɪtə"
    },
    {
        "name": "horizon",
        "trans": [
            "地平线；视野"
        ],
        "usphone": "hə'raɪzn",
        "ukphone": "hə'raɪz(ə)n"
    },
    {
        "name": "overhead",
        "trans": [
            "在头上的"
        ],
        "usphone": ",ovɚ'hɛd",
        "ukphone": "əʊvə'hed"
    },
    {
        "name": "seaweed",
        "trans": [
            "海草，海藻"
        ],
        "usphone": "'si'wid",
        "ukphone": "'siːwiːd"
    },
    {
        "name": "nowhere",
        "trans": [
            "无处"
        ],
        "usphone": "'no'wɛr",
        "ukphone": "'nəʊhweə"
    },
    {
        "name": "offshore",
        "trans": [
            "离岸的，海面上的"
        ],
        "usphone": ",ɔf'ʃɔr",
        "ukphone": "'ɒfʃɔː; ɒf'ʃɔː"
    },
    {
        "name": "outward",
        "trans": [
            "外面的；向外的"
        ],
        "usphone": "'aʊtwɚd",
        "ukphone": "'aʊtwəd"
    },
    {
        "name": "tide",
        "trans": [
            "潮，潮汐；潮流，趋势"
        ],
        "usphone": "taɪd",
        "ukphone": "taɪd"
    },
    {
        "name": "secure",
        "trans": [
            "安全的，可靠的"
        ],
        "usphone": "sə'kjʊr",
        "ukphone": "sɪ'kjʊə; sɪ'kjɔː"
    },
    {
        "name": "knot",
        "trans": [
            "节",
            "打结"
        ],
        "usphone": "nɑt",
        "ukphone": "nɒt"
    },
    {
        "name": "log",
        "trans": [
            "原木，木材"
        ],
        "usphone": "lɔɡ",
        "ukphone": "lɒg"
    },
    {
        "name": "nautical",
        "trans": [
            "海上的，航海的"
        ],
        "usphone": "'nɔtɪkl",
        "ukphone": "'nɔːtɪk(ə)l"
    },
    {
        "name": "nautical mile",
        "trans": [
            "海里"
        ],
        "usphone": "",
        "ukphone": ""
    },
    {
        "name": "magnetic",
        "trans": [
            "磁的，有磁性的"
        ],
        "usphone": "mæg'nɛtɪk",
        "ukphone": "mæg'netɪk"
    },
    {
        "name": "bearing",
        "trans": [
            "方位"
        ],
        "usphone": "'bɛrɪŋ",
        "ukphone": "'beərɪŋ"
    },
    {
        "name": "random",
        "trans": [
            "任意的，随便的"
        ],
        "usphone": "'rændəm",
        "ukphone": "'rændəm"
    },
    {
        "name": "astrolabe",
        "trans": [
            "古代的天体观测仪，星盘"
        ],
        "usphone": "",
        "ukphone": ""
    },
    {
        "name": "awkward",
        "trans": [
            "难使用的；笨拙的"
        ],
        "usphone": "'ɔkwɚd",
        "ukphone": "'ɔːkwəd"
    },
    {
        "name": "reference",
        "trans": [
            "参考"
        ],
        "usphone": "'rɛfrəns",
        "ukphone": "'ref(ə)r(ə)ns"
    },
    {
        "name": "quadrant",
        "trans": [
            "象限，四分仪"
        ],
        "usphone": "'kwɑdrənt",
        "ukphone": "'kwɒdr(ə)nt"
    },
    {
        "name": "precise",
        "trans": [
            "精确的，准确的"
        ],
        "usphone": "prɪ'saɪs",
        "ukphone": "prɪ'saɪs"
    },
    {
        "name": "simplify",
        "trans": [
            "单一化，简单化"
        ],
        "usphone": "'sɪmplɪfaɪ",
        "ukphone": "'sɪmplɪfaɪ"
    },
    {
        "name": "portable",
        "trans": [
            "轻便的，手提的，便携的"
        ],
        "usphone": "'pɔrtəbl",
        "ukphone": "'pɔːtəb(ə)l"
    },
    {
        "name": "shortcoming",
        "trans": [
            "缺点,短处"
        ],
        "usphone": "'ʃɔrtkʌmɪŋ",
        "ukphone": "'ʃɔːtkʌmɪŋ"
    },
    {
        "name": "sextant",
        "trans": [
            "六分仪"
        ],
        "usphone": "'sɛkstənt",
        "ukphone": "'sekst(ə)nt"
    },
    {
        "name": "update",
        "trans": [
            "更新"
        ],
        "usphone": ",ʌp'det",
        "ukphone": "ʌp'deɪt"
    },
    {
        "name": "tendency",
        "trans": [
            "趋向，倾向"
        ],
        "usphone": "'tɛndənsi",
        "ukphone": "'tend(ə)nsɪ"
    },
    {
        "name": "reliable",
        "trans": [
            "可靠地，可信赖的"
        ],
        "usphone": "rɪ'laɪəbl",
        "ukphone": "rɪ'laɪəb(ə)l"
    },
    {
        "name": "Samuel",
        "trans": [
            "塞缪尔"
        ],
        "usphone": "ˈsæmjuəl",
        "ukphone": "ˈsæmjuəl"
    },
    {
        "name": "swoop",
        "trans": [
            "突降，猛扑"
        ],
        "usphone": "swup",
        "ukphone": "swuːp"
    },
    {
        "name": "parcel",
        "trans": [
            "包裹；邮包"
        ],
        "usphone": "'pɑrsl",
        "ukphone": "'pɑːs(ə)l"
    },
    {
        "name": "peck",
        "trans": [
            "啄食"
        ],
        "usphone": "pɛk",
        "ukphone": "pek"
    },
    {
        "name": "cliff",
        "trans": [
            "悬崖，峭壁"
        ],
        "usphone": "klɪf",
        "ukphone": "klɪf"
    },
    {
        "name": "expedition",
        "trans": [
            "远征"
        ],
        "usphone": ",ɛkspə'dɪʃən",
        "ukphone": "ekspɪ'dɪʃ(ə)n"
    },
    {
        "name": "compulsory",
        "trans": [
            "必须做的，必修的"
        ],
        "usphone": "kəmˈpʌlsərɪ",
        "ukphone": "kəmˈpʌlsərɪ"
    },
    {
        "name": "reform",
        "trans": [
            "改革，革新"
        ],
        "usphone": "rɪ'fɔrm",
        "ukphone": "rɪ'fɔːm"
    },
    {
        "name": "survival",
        "trans": [
            "生存，幸存"
        ],
        "usphone": "sɚ'vaɪvl",
        "ukphone": "sə'vaɪv(ə)l"
    },
    {
        "name": "Captain Bligh",
        "trans": [
            "布莱船长"
        ],
        "usphone": "",
        "ukphone": ""
    },
    {
        "name": "Tahiti",
        "trans": [
            "塔西提岛（位于太平洋）"
        ],
        "usphone": "tɑ:'hi:ti; tə-",
        "ukphone": "tɑ:'hi:ti; tə-"
    },
    {
        "name": "incident",
        "trans": [
            "事件，事变"
        ],
        "usphone": "'ɪnsɪdənt",
        "ukphone": "'ɪnsɪd(ə)nt"
    },
    {
        "name": "departure",
        "trans": [
            "出发，离开"
        ],
        "usphone": "dɪ'pɑrtʃɚ",
        "ukphone": "dɪ'pɑːtʃə"
    },
    {
        "name": "crew",
        "trans": [
            "（轮船、飞机等上的）工作人员，（工作）队"
        ],
        "usphone": "krʊ",
        "ukphone": "kruː"
    },
    {
        "name": "deposit",
        "trans": [
            "放；（把钱）存入银行"
        ],
        "usphone": "dɪ'pɑzɪt",
        "ukphone": "dɪ'pɒzɪt"
    },
    {
        "name": "dilemma",
        "trans": [
            "进退两难的局面"
        ],
        "usphone": "dəˈlɛmə, daɪ-",
        "ukphone": "dɪ'lemə; daɪ-"
    },
    {
        "name": "drawback",
        "trans": [
            "缺点，障碍"
        ],
        "usphone": "'drɔbæk",
        "ukphone": "'drɔːbæk"
    },
    {
        "name": "dusk",
        "trans": [
            "薄暮，黄昏"
        ],
        "usphone": "dʌsk",
        "ukphone": "dʌsk"
    },
    {
        "name": "routine",
        "trans": [
            "常规，日常事务"
        ],
        "usphone": "rʊ'tin",
        "ukphone": "ruː'tiːn"
    },
    {
        "name": "reckon",
        "trans": [
            "估算，估计"
        ],
        "usphone": "'rɛkən",
        "ukphone": "'rek(ə)n"
    },
    {
        "name": "reckoning",
        "trans": [
            "估算，估计"
        ],
        "usphone": "'rɛkənɪŋ",
        "ukphone": "'rek(ə)nɪŋ"
    },
    {
        "name": "starvation",
        "trans": [
            "挨饿，饿死"
        ],
        "usphone": "stɑr'veʃən",
        "ukphone": "stɑː'veɪʃn"
    },
    {
        "name": "psychology",
        "trans": [
            "心理学"
        ],
        "usphone": "saɪ'kɑlədʒi",
        "ukphone": "saɪ'kɒlədʒɪ"
    },
    {
        "name": "tension",
        "trans": [
            "紧张，不安；张力"
        ],
        "usphone": "'tɛnʃən",
        "ukphone": "'tenʃn"
    },
    {
        "name": "gradual",
        "trans": [
            "逐渐的，逐步的"
        ],
        "usphone": "'ɡrædʒuəl",
        "ukphone": "'grædʒʊəl"
    },
    {
        "name": "foresee",
        "trans": [
            "预知，预见"
        ],
        "usphone": "fɔr'si",
        "ukphone": "fɔː'siː"
    },
    {
        "name": "thirst",
        "trans": [
            "渴，口渴"
        ],
        "usphone": "θɝst",
        "ukphone": "θɜːst"
    },
    {
        "name": "Timor",
        "trans": [
            "帝汶岛（位于东南亚）"
        ],
        "usphone": "'ti:mɔ:; 'tai-; ti'mɔ:",
        "ukphone": "'ti:mɔ:; 'tai-; ti'mɔ:"
    },
    {
        "name": "set loose",
        "trans": [
            "出发，开始"
        ],
        "usphone": "",
        "ukphone": ""
    },
    {
        "name": "tear",
        "trans": [
            "扯破，撕破"
        ],
        "usphone": "(for v.) ˈter; (for n.) ˈtir",
        "ukphone": "(for v.) ˈtɛː; (for n.) ˈtɪə"
    },
    {
        "name": "hardship",
        "trans": [
            "困苦，艰难"
        ],
        "usphone": "'hɑrdʃɪp",
        "ukphone": "'hɑːdʃɪp"
    },
    {
        "name": "jaw",
        "trans": [
            "颚，颌；下巴"
        ],
        "usphone": "dʒɔ",
        "ukphone": "dʒɔː"
    },
    {
        "name": "jaws of death",
        "trans": [
            "鬼门关，死神"
        ],
        "usphone": "",
        "ukphone": ""
    },
    {
        "name": "Greenland",
        "trans": [
            "格林兰（位于北美洲东北部，世界第一大岛）"
        ],
        "usphone": "'grinlənd",
        "ukphone": "'ɡri:nlənd"
    },
    {
        "name": "Shetland Islands",
        "trans": [
            "设得兰群岛（位于英国苏格兰北部）"
        ],
        "usphone": "",
        "ukphone": ""
    },
    {
        "name": "the Faroe Islands",
        "trans": [
            "法罗群岛（位于丹麦北大西洋）"
        ],
        "usphone": "",
        "ukphone": ""
    },
    {
        "name": "roar",
        "trans": [
            "咆哮；〔车辆〕轰鸣着疾驶"
        ],
        "usphone": "rɔr",
        "ukphone": "rɔː"
    },
    {
        "name": "background",
        "trans": [
            "背景；后台"
        ],
        "usphone": "'bækɡraʊnd",
        "ukphone": "'bækgraʊnd"
    },
    {
        "name": "associate",
        "trans": [
            "使发生关系，使联合；结交"
        ],
        "usphone": "ə'soʃɪet",
        "ukphone": "ə'səʊʃɪeɪt; -sɪeɪt"
    },
    {
        "name": "associate with",
        "trans": [
            "与……联系"
        ],
        "usphone": "",
        "ukphone": ""
    },
    {
        "name": "Perth",
        "trans": [
            "珀思（澳大利亚西南部港口城市）"
        ],
        "usphone": "pɜrθ",
        "ukphone": "pə:θ"
    },
    {
        "name": "Kakadu",
        "trans": [
            "卡卡杜湾"
        ],
        "usphone": "",
        "ukphone": ""
    },
    {
        "name": "Canberra",
        "trans": [
            "堪培拉（澳大利亚首都）"
        ],
        "usphone": "'kænbərə",
        "ukphone": "'kænbərə"
    },
    {
        "name": "Uluru",
        "trans": [
            "乌卢鲁，埃尔斯岩（Ayres Rock）的土著名"
        ],
        "usphone": "'u:ləru:",
        "ukphone": ""
    },
    {
        "name": "barrier",
        "trans": [
            "障碍物，栅栏；屏障"
        ],
        "usphone": "'bærɪɚ",
        "ukphone": "'bærɪə"
    },
    {
        "name": "Great Barrier Reef",
        "trans": [
            "大堡礁"
        ],
        "usphone": "",
        "ukphone": ""
    },
    {
        "name": "brochure",
        "trans": [
            "（介绍或宣传用的）小册子"
        ],
        "usphone": "bro'ʃʊr",
        "ukphone": "'brəʊʃə; brɒ'ʃʊə"
    },
    {
        "name": "Commonwealth",
        "trans": [
            "联邦"
        ],
        "usphone": "'kɑmən'wɛlθ",
        "ukphone": "'kɒmənwelθ"
    },
    {
        "name": "Kosciuszko",
        "trans": [
            "科西阿斯科山（位于澳大利亚东南部）"
        ],
        "usphone": "",
        "ukphone": ""
    },
    {
        "name": "Oceania",
        "trans": [
            "大洋洲"
        ],
        "usphone": ",oʃɪ'ænɪə",
        "ukphone": ",əʊsɪ'ɑːnɪə; -ʃɪ-"
    },
    {
        "name": "adequate",
        "trans": [
            "适当的，足够的"
        ],
        "usphone": "ˈædɪkwət",
        "ukphone": "'ædɪkwət"
    },
    {
        "name": "Melbourne",
        "trans": [
            "墨尔本（澳大利亚东南部港市，维多利亚州首府）"
        ],
        "usphone": "'mɛlbən",
        "ukphone": "'melbən"
    },
    {
        "name": "ecology",
        "trans": [
            "生态学"
        ],
        "usphone": "ɪ'kɑlədʒi",
        "ukphone": "ɪ'kɒlədʒɪ; e-"
    },
    {
        "name": "autonomous",
        "trans": [
            "自治的"
        ],
        "usphone": "ɔ'tɑnəməs",
        "ukphone": "ɔː'tɒnəməs"
    },
    {
        "name": "federal",
        "trans": [
            "联邦的，联合的，联邦制的"
        ],
        "usphone": "'fɛdərəl",
        "ukphone": "'fed(ə)r(ə)l"
    },
    {
        "name": "defence",
        "trans": [
            "防卫；辩护"
        ],
        "usphone": "di'fens",
        "ukphone": "dɪ'fens"
    },
    {
        "name": "policy",
        "trans": [
            "政策，方针"
        ],
        "usphone": "'pɑləsi",
        "ukphone": "'pɒləsɪ"
    },
    {
        "name": "tax",
        "trans": [
            "税，税款"
        ],
        "usphone": "tæks",
        "ukphone": "tæks"
    },
    {
        "name": "taxation",
        "trans": [
            "征税；税款"
        ],
        "usphone": "tæk'seʃən",
        "ukphone": "tæk'seɪʃ(ə)n"
    },
    {
        "name": "nation",
        "trans": [
            "国家；民族"
        ],
        "usphone": "'neʃən",
        "ukphone": "'neɪʃ(ə)n"
    },
    {
        "name": "citizen",
        "trans": [
            "公民，市民"
        ],
        "usphone": "'sɪtɪzn",
        "ukphone": "'sɪtɪz(ə)n"
    },
    {
        "name": "citizenship",
        "trans": [
            "公民身份，公民的职责和权力"
        ],
        "usphone": "'sɪtɪzənʃɪp",
        "ukphone": "'sɪtɪzən,ʃɪp"
    },
    {
        "name": "celebration",
        "trans": [
            "庆典"
        ],
        "usphone": ",sɛlɪ'breʃən",
        "ukphone": "selɪ'breɪʃ(ə)n"
    },
    {
        "name": "birthplace",
        "trans": [
            "诞生地"
        ],
        "usphone": "'bɝθ'ples",
        "ukphone": "'bɜːθpleɪs"
    },
    {
        "name": "tolerate",
        "trans": [
            "忍受，容忍"
        ],
        "usphone": "'tɑləret",
        "ukphone": "'tɒləreɪt"
    },
    {
        "name": "tolerance",
        "trans": [
            "宽容，忍受"
        ],
        "usphone": "'tɑlərəns",
        "ukphone": "'tɒl(ə)r(ə)ns"
    },
    {
        "name": "migrant",
        "trans": [
            "移居者，移民；候鸟"
        ],
        "usphone": "'maɪɡrənt",
        "ukphone": "'maɪgr(ə)nt"
    },
    {
        "name": "homeland",
        "trans": [
            "祖国，本国"
        ],
        "usphone": "'homlænd",
        "ukphone": "'həʊmlænd"
    },
    {
        "name": "via",
        "trans": [
            "经由，经；通过"
        ],
        "usphone": "ˈvaɪə, ˈviə",
        "ukphone": "ˈvaɪə，ˈviːə"
    },
    {
        "name": "Adelaide",
        "trans": [
            "阿德莱德（澳大利亚东南部港市，南澳大利亚前首府）"
        ],
        "usphone": "'ædəleid",
        "ukphone": "'ædəleid"
    },
    {
        "name": "superb",
        "trans": [
            "卓越的，杰出的，极好的"
        ],
        "usphone": "suːˈpɜːrb",
        "ukphone": "suː'pɜːb; sjuː-"
    },
    {
        "name": "Nullarbor",
        "trans": [
            "纳拉伯平原（位于澳大利亚西南部，火箭制造基地和试验场）"
        ],
        "usphone": "",
        "ukphone": ""
    },
    {
        "name": "rust",
        "trans": [
            "铁锈"
        ],
        "usphone": "rʌst",
        "ukphone": "rʌst"
    },
    {
        "name": "rusty",
        "trans": [
            "生锈的"
        ],
        "usphone": "'rʌsti",
        "ukphone": "'rʌstɪ"
    },
    {
        "name": "tropical",
        "trans": [
            "热带的"
        ],
        "usphone": "'trɑpɪkl",
        "ukphone": "'trɒpɪk(ə)l"
    },
    {
        "name": "splendour",
        "trans": [
            "壮观，杰出，壮丽"
        ],
        "usphone": "ˈsplɛndɚ",
        "ukphone": "'splendə"
    },
    {
        "name": "timetable",
        "trans": [
            "时间表，时刻表"
        ],
        "usphone": "'taɪm'tebl",
        "ukphone": "'taɪmteɪb(ə)l"
    },
    {
        "name": "heritage",
        "trans": [
            "遗产，继承物"
        ],
        "usphone": "'hɛrɪtɪdʒ",
        "ukphone": "'herɪtɪdʒ"
    },
    {
        "name": "aboriginal",
        "trans": [
            "土著的，土生的",
            "澳大利亚的土著居民"
        ],
        "usphone": ",æbə'rɪdʒənl",
        "ukphone": "æbə'rɪdʒɪn(ə)l"
    },
    {
        "name": "out of respect",
        "trans": [
            "出于尊敬"
        ],
        "usphone": "",
        "ukphone": ""
    },
    {
        "name": "fortnight",
        "trans": [
            "两个星期"
        ],
        "usphone": "'fɔrtnaɪt",
        "ukphone": "'fɔːtnaɪt"
    },
    {
        "name": "reservation",
        "trans": [
            "保留，预定"
        ],
        "usphone": ",rɛzɚ'veʃən",
        "ukphone": "rezə'veɪʃ(ə)n"
    },
    {
        "name": "Hobart",
        "trans": [
            "奥巴特（澳大利亚塔斯马尼亚岛东南岸港市）"
        ],
        "usphone": "'həuba:t",
        "ukphone": "'həuba:t"
    },
    {
        "name": "highway",
        "trans": [
            "公路，大路，（美）高速公路"
        ],
        "usphone": "'haɪwe",
        "ukphone": "'haɪweɪ"
    },
    {
        "name": "cradle",
        "trans": [
            "摇篮；发源地"
        ],
        "usphone": "'kredl",
        "ukphone": "'kreɪd(ə)l"
    },
    {
        "name": "rainfall",
        "trans": [
            "降雨，降雨量"
        ],
        "usphone": "'ren'fɔl",
        "ukphone": "'reɪnfɔːl"
    },
    {
        "name": "agriculture",
        "trans": [
            "农业，农学"
        ],
        "usphone": "'æɡrɪkʌltʃɚ",
        "ukphone": "'ægrɪkʌltʃə"
    },
    {
        "name": "sow",
        "trans": [
            "播种；传播"
        ],
        "usphone": "so",
        "ukphone": "səʊ"
    },
    {
        "name": "bachelor",
        "trans": [
            "单身汉；（文理）学士"
        ],
        "usphone": "'bætʃəlɚ",
        "ukphone": "'bætʃələ"
    },
    {
        "name": "correspond",
        "trans": [
            "符合；通信"
        ],
        "usphone": ",kɔrə'spɑnd",
        "ukphone": "kɒrɪ'spɒnd"
    },
    {
        "name": "correspond with",
        "trans": [
            "与……通信"
        ],
        "usphone": "",
        "ukphone": ""
    },
    {
        "name": "owe",
        "trans": [
            "欠（债等）；感激"
        ],
        "usphone": "o",
        "ukphone": "əʊ"
    },
    {
        "name": "owe to",
        "trans": [
            "把……归功于"
        ],
        "usphone": "",
        "ukphone": ""
    },
    {
        "name": "enclosure",
        "trans": [
            "围地,（用于特定目的的）围场"
        ],
        "usphone": "ɪn'kloʒɚ",
        "ukphone": "ɪn'kləʊʒə; en-"
    },
    {
        "name": "authority",
        "trans": [
            "权力，权威；当局"
        ],
        "usphone": "ə'θɔrəti",
        "ukphone": "ɔː'θɒrɪtɪ"
    },
    {
        "name": "desperate",
        "trans": [
            "不顾一切的，绝望的"
        ],
        "usphone": "'dɛspərət",
        "ukphone": "'desp(ə)rət"
    },
    {
        "name": "shrink",
        "trans": [
            "收缩，（使）皱缩，缩短"
        ],
        "usphone": "ʃrɪŋk",
        "ukphone": "ʃrɪŋk"
    },
    {
        "name": "barbecue",
        "trans": [
            "烧烤野餐；金属烤架"
        ],
        "usphone": "'bɑrbɪkju",
        "ukphone": "'bɑːbɪkjuː"
    },
    {
        "name": "talk... into...",
        "trans": [
            "说服某人做某事"
        ],
        "usphone": "",
        "ukphone": ""
    },
    {
        "name": "wind",
        "trans": [
            "绕，缠"
        ],
        "usphone": "wɪnd; (for v.) waɪnd",
        "ukphone": "wɪnd; (for v.) waɪnd"
    },
    {
        "name": "limb",
        "trans": [
            "肢，翼；（树的）大枝，主枝"
        ],
        "usphone": "lɪm",
        "ukphone": "lɪm"
    },
    {
        "name": "venom",
        "trans": [
            "恶意，怨恨；毒液"
        ],
        "usphone": "'vɛnəm",
        "ukphone": "'venəm"
    },
    {
        "name": "venomous",
        "trans": [
            "有毒的，分泌毒液的"
        ],
        "usphone": "'vɛnəməs",
        "ukphone": "'venəməs"
    },
    {
        "name": "anti-venom",
        "trans": [
            "抗毒"
        ],
        "usphone": "",
        "ukphone": ""
    },
    {
        "name": "paralyze",
        "trans": [
            "使瘫痪，使麻痹"
        ],
        "usphone": "'pærə,laɪz",
        "ukphone": "'pærəlaiz"
    },
    {
        "name": "sickness",
        "trans": [
            "疾病；恶心"
        ],
        "usphone": "'sɪknəs",
        "ukphone": "'sɪknɪs"
    },
    {
        "name": "recover",
        "trans": [
            "痊愈；复原"
        ],
        "usphone": "rɪ'kʌvɚ",
        "ukphone": "rɪ'kʌvə"
    },
    {
        "name": "funnel",
        "trans": [
            "漏斗"
        ],
        "usphone": "'fʌnl",
        "ukphone": "'fʌn(ə)l"
    },
    {
        "name": "funnelweb spider",
        "trans": [
            "漏斗网蜘蛛"
        ],
        "usphone": "",
        "ukphone": ""
    },
    {
        "name": "snatch",
        "trans": [
            "抢走"
        ],
        "usphone": "",
        "ukphone": ""
    },
    {
        "name": "amongst",
        "trans": [
            "在……中间，在……之中"
        ],
        "usphone": "ə'mʌŋst",
        "ukphone": "ə'mʌŋst"
    },
    {
        "name": "vinegar",
        "trans": [
            "醋"
        ],
        "usphone": "'vɪnɪɡɚ",
        "ukphone": "'vɪnɪgə"
    },
    {
        "name": "unconscious",
        "trans": [
            "不省人事的，未发觉的；无意识的"
        ],
        "usphone": "ʌn'kɑnʃəs",
        "ukphone": "ʌn'kɒnʃəs"
    },
    {
        "name": "pollinate",
        "trans": [
            "对……授粉"
        ],
        "usphone": "'pɑlənet",
        "ukphone": "'pɒlɪneɪt"
    },
    {
        "name": "pollinator",
        "trans": [
            "虫媒"
        ],
        "usphone": "'pɑlɪnetɚ",
        "ukphone": ""
    },
    {
        "name": "courtyard",
        "trans": [
            "庭院，院子，天井"
        ],
        "usphone": "'kɔrtjɑrd",
        "ukphone": "'kɔːtjɑːd"
    },
    {
        "name": "balcony",
        "trans": [
            "阳台，包厢"
        ],
        "usphone": "'bælkənɪ",
        "ukphone": "'bælkənɪ"
    },
    {
        "name": "exotic",
        "trans": [
            "异国情调的，外来的，奇异的"
        ],
        "usphone": "ɪɡ'zɑtɪk",
        "ukphone": "ɪg'zɒtɪk; eg-"
    },
    {
        "name": "date back to",
        "trans": [
            "追述到，远在……年代"
        ],
        "usphone": "",
        "ukphone": ""
    },
    {
        "name": "distant",
        "trans": [
            "远的，远处的"
        ],
        "usphone": "'dɪstənt",
        "ukphone": "'dɪst(ə)nt"
    },
    {
        "name": "Egypt",
        "trans": [
            "埃及"
        ],
        "usphone": "'idʒɪpt",
        "ukphone": "ˈiːdʒɪpt"
    },
    {
        "name": "goods",
        "trans": [
            "货物"
        ],
        "usphone": "ɡʊdz",
        "ukphone": "ɡʊdz"
    },
    {
        "name": "scale",
        "trans": [
            "磅秤，天平盘"
        ],
        "usphone": "skel",
        "ukphone": "skeɪl"
    },
    {
        "name": "conflict",
        "trans": [
            "冲突；斗争"
        ],
        "usphone": "'kɑnflɪkt",
        "ukphone": "'kɒnflɪkt"
    },
    {
        "name": "missionary",
        "trans": [
            "传教士",
            "教会的，传教的"
        ],
        "usphone": "'mɪʃənɛri",
        "ukphone": "'mɪʃ(ə)n(ə)rɪ"
    },
    {
        "name": "d'Incaville",
        "trans": [
            "汤执中（法）"
        ],
        "usphone": "",
        "ukphone": ""
    },
    {
        "name": "Joseph",
        "trans": [
            "约瑟夫"
        ],
        "usphone": "ˈdʒozəf, -səf",
        "ukphone": "ˈdʒəuzif"
    },
    {
        "name": "endeavour",
        "trans": [
            "尽力，竭力"
        ],
        "usphone": "",
        "ukphone": ""
    },
    {
        "name": "anchor",
        "trans": [
            "锚",
            "抛锚，锚定"
        ],
        "usphone": "'æŋkɚ",
        "ukphone": "'æŋkə"
    },
    {
        "name": "Nathaniel Ward",
        "trans": [
            "纳撒尼尔.沃德"
        ],
        "usphone": "",
        "ukphone": ""
    },
    {
        "name": "tight",
        "trans": [
            "紧的；紧密的"
        ],
        "usphone": "taɪt",
        "ukphone": "taɪt"
    },
    {
        "name": "seal",
        "trans": [
            "封闭，密封"
        ],
        "usphone": "sil",
        "ukphone": "sil"
    },
    {
        "name": "container",
        "trans": [
            "容器"
        ],
        "usphone": "kən'tenɚ",
        "ukphone": "kən'teɪnə"
    },
    {
        "name": "Wardian case",
        "trans": [
            "沃德箱（培育蕨类植物等的玻璃容器）"
        ],
        "usphone": "",
        "ukphone": ""
    },
    {
        "name": "restriction",
        "trans": [
            "限制，约束"
        ],
        "usphone": "rɪ'strɪkʃən",
        "ukphone": "rɪ'strɪkʃ(ə)n"
    },
    {
        "name": "fluency",
        "trans": [
            "流利，流畅"
        ],
        "usphone": "'fluənsi",
        "ukphone": "'fluːənsɪ"
    },
    {
        "name": "shave",
        "trans": [
            "剃，刮"
        ],
        "usphone": "ʃev",
        "ukphone": "ʃeɪv"
    },
    {
        "name": "thunderstorm",
        "trans": [
            "雷雨，暴雷"
        ],
        "usphone": "'θʌndɚstɔrm",
        "ukphone": "'θʌndəstɔːm"
    },
    {
        "name": "pirate",
        "trans": [
            "海盗"
        ],
        "usphone": "'paɪrət",
        "ukphone": "ˈpaɪərət"
    },
    {
        "name": "Father Farges",
        "trans": [
            "法尔热神父（法）"
        ],
        "usphone": "",
        "ukphone": ""
    },
    {
        "name": "appeal",
        "trans": [
            "吸引力；呼吁"
        ],
        "usphone": "ə'pil",
        "ukphone": "ə'piːl"
    },
    {
        "name": "appeal to",
        "trans": [
            "（对某人）有吸引力"
        ],
        "usphone": "",
        "ukphone": ""
    },
    {
        "name": "dove",
        "trans": [
            "鸽子"
        ],
        "usphone": "dʌv; dov",
        "ukphone": "dʌv"
    },
    {
        "name": "botanist",
        "trans": [
            "植物学家"
        ],
        "usphone": "'bɑtənɪst",
        "ukphone": "'bɒtənɪst"
    },
    {
        "name": "chrysanthemum",
        "trans": [
            "菊花"
        ],
        "usphone": "krɪ'sænθəməm",
        "ukphone": "krɪ'sænθɪməm; -z-"
    },
    {
        "name": "red date",
        "trans": [
            "红枣"
        ],
        "usphone": "",
        "ukphone": ""
    },
    {
        "name": "lower",
        "trans": [
            "降低，跌落，减弱"
        ],
        "usphone": "'loɚ",
        "ukphone": "'ləʊə"
    },
    {
        "name": "beard",
        "trans": [
            "胡须"
        ],
        "usphone": "bɪrd",
        "ukphone": "bɪəd"
    },
    {
        "name": "ripe",
        "trans": [
            "熟的，成熟的"
        ],
        "usphone": "raɪp",
        "ukphone": "raɪp"
    },
    {
        "name": "irrigation",
        "trans": [
            "灌溉"
        ],
        "usphone": "ˌɪrɪˈɡeʃn",
        "ukphone": ""
    },
    {
        "name": "weed",
        "trans": [
            "野草，杂草"
        ],
        "usphone": "wid",
        "ukphone": "wiːd"
    },
    {
        "name": "spear",
        "trans": [
            "矛，标枪"
        ],
        "usphone": "spɪr",
        "ukphone": "spɪə"
    },
    {
        "name": "string",
        "trans": [
            "线，细绳；一串"
        ],
        "usphone": "strɪŋ",
        "ukphone": "strɪŋ"
    },
    {
        "name": "spade",
        "trans": [
            "铲，铁锹"
        ],
        "usphone": "sped",
        "ukphone": "speɪd"
    },
    {
        "name": "postpone",
        "trans": [
            "延迟，推迟"
        ],
        "usphone": "po'spon",
        "ukphone": "pəʊs(t)'pəʊn; pə'spəʊn"
    },
    {
        "name": "pyramid",
        "trans": [
            "金字塔"
        ],
        "usphone": "'pɪrəmɪd",
        "ukphone": "'pɪrəmɪd"
    },
    {
        "name": "monument",
        "trans": [
            "纪念碑"
        ],
        "usphone": "'mɑnjumənt",
        "ukphone": "'mɒnjʊm(ə)nt"
    },
    {
        "name": "pitcher plant",
        "trans": [
            "猪笼草"
        ],
        "usphone": "",
        "ukphone": ""
    },
    {
        "name": "Raffesia arnoldii",
        "trans": [
            "大王花"
        ],
        "usphone": "",
        "ukphone": ""
    },
    {
        "name": "rot",
        "trans": [
            "腐烂，腐败"
        ],
        "usphone": "rɑt",
        "ukphone": "rɒt"
    },
    {
        "name": "evolve",
        "trans": [
            "进化，发展，进展"
        ],
        "usphone": "ɪ'vɑlv",
        "ukphone": "ɪ'vɒlv"
    },
    {
        "name": "evolution",
        "trans": [
            "进化；演变"
        ],
        "usphone": "ˌɛvəˈluʃən; (occas.) ˌ ivəˈluʃən",
        "ukphone": ",iːvə'luːʃ(ə)n; 'ev-"
    },
    {
        "name": "nectar",
        "trans": [
            "花蜜"
        ],
        "usphone": "'nɛktɚ",
        "ukphone": "'nektə"
    },
    {
        "name": "attach",
        "trans": [
            "缚上，系上，附加"
        ],
        "usphone": "ə'tætʃ",
        "ukphone": "ə'tætʃ"
    },
    {
        "name": "wasp",
        "trans": [
            "黄蜂"
        ],
        "usphone": "wɑsp",
        "ukphone": "wɒsp"
    },
    {
        "name": "beetle",
        "trans": [
            "甲虫"
        ],
        "usphone": "'bi:tl",
        "ukphone": "'biːt(ə)l"
    },
    {
        "name": "bat",
        "trans": [
            "蝙蝠"
        ],
        "usphone": "bæt",
        "ukphone": "bæt"
    },
    {
        "name": "moth",
        "trans": [
            "蛾"
        ],
        "usphone": "mɔθ",
        "ukphone": "mɒθ"
    },
    {
        "name": "humming-bird",
        "trans": [
            "蜂鸟"
        ],
        "usphone": "",
        "ukphone": ""
    },
    {
        "name": "typical",
        "trans": [
            "典型的，有代表性的"
        ],
        "usphone": "'tɪpɪkl",
        "ukphone": "'tɪpɪk(ə)l"
    },
    {
        "name": "petal",
        "trans": [
            "花瓣"
        ],
        "usphone": "'pɛtl",
        "ukphone": "'pet(ə)l"
    },
    {
        "name": "tube",
        "trans": [
            "管，管子"
        ],
        "usphone": "tub",
        "ukphone": "tjuːb"
    },
    {
        "name": "delicate",
        "trans": [
            "微妙的；精巧的；脆弱的"
        ],
        "usphone": "ˈdɛlɪkɪt",
        "ukphone": "'delɪkət"
    },
    {
        "name": "fragrant",
        "trans": [
            "芬芳的，香的"
        ],
        "usphone": "'fregrənt",
        "ukphone": "'freɪgr(ə)nt"
    },
    {
        "name": "daisy",
        "trans": [
            "雏菊"
        ],
        "usphone": "'dezi",
        "ukphone": "'deɪzɪ"
    },
    {
        "name": "odour",
        "trans": [
            "气味，臭味"
        ],
        "usphone": "'əudə",
        "ukphone": "'əʊdə"
    },
    {
        "name": "odourless",
        "trans": [
            "没有气味的，无嗅的"
        ],
        "usphone": "ˈodɚlɪs",
        "ukphone": ""
    },
    {
        "name": "give out",
        "trans": [
            "发出（气味，热等）；分发"
        ],
        "usphone": "",
        "ukphone": ""
    },
    {
        "name": "dull",
        "trans": [
            "不鲜明的，阴暗的"
        ],
        "usphone": "dʌl",
        "ukphone": "dʌl"
    },
    {
        "name": "musty",
        "trans": [
            "发霉的，有霉味的"
        ],
        "usphone": "'mʌsti",
        "ukphone": "'mʌstɪ"
    },
    {
        "name": "fruity",
        "trans": [
            "果味的，（酒）有葡萄味的"
        ],
        "usphone": "'fruti",
        "ukphone": "'fruːtɪ"
    },
    {
        "name": "billboard",
        "trans": [
            "（US）（户外）布告板，广告牌"
        ],
        "usphone": "'bɪlbɔrd",
        "ukphone": "'bɪlbɔːd"
    },
    {
        "name": "casual",
        "trans": [
            "偶然的；随意的；临时的"
        ],
        "usphone": "'kæʒʊəl",
        "ukphone": "'kæʒjʊəl; -zj-"
    },
    {
        "name": "garment",
        "trans": [
            "衣服，外衣"
        ],
        "usphone": "'gɑrmənt",
        "ukphone": "'gɑːm(ə)nt"
    },
    {
        "name": "turn... into",
        "trans": [
            "（使）变成"
        ],
        "usphone": "",
        "ukphone": ""
    },
    {
        "name": "advertiser",
        "trans": [
            "登广告者，广告客户"
        ],
        "usphone": "'ædvɚtaɪzɚ",
        "ukphone": "'ædvə,taizə"
    },
    {
        "name": "advert",
        "trans": [
            "广告"
        ],
        "usphone": "ædˈvɚt",
        "ukphone": "'ædvɜːt"
    },
    {
        "name": "inform",
        "trans": [
            "通知"
        ],
        "usphone": "ɪn'fɔrm",
        "ukphone": "ɪn'fɔːm"
    },
    {
        "name": "association",
        "trans": [
            "协会；联系；关系"
        ],
        "usphone": "ə,soʃɪ'eʃən",
        "ukphone": "əˌsəʊsɪˈeɪʃn"
    },
    {
        "name": "target",
        "trans": [
            "目标；对象；靶子"
        ],
        "usphone": "'tɑrɡɪt",
        "ukphone": "'tɑːgɪt"
    },
    {
        "name": "fit into",
        "trans": [
            "适合"
        ],
        "usphone": "",
        "ukphone": ""
    },
    {
        "name": "basis",
        "trans": [
            "基础，根据"
        ],
        "usphone": "'besɪs",
        "ukphone": "'beɪsɪs"
    },
    {
        "name": "technique",
        "trans": [
            "技术，技巧"
        ],
        "usphone": "tɛk'nik",
        "ukphone": "tek'niːk"
    },
    {
        "name": "lane",
        "trans": [
            "车道，行车线"
        ],
        "usphone": "len",
        "ukphone": "leɪn"
    },
    {
        "name": "feature",
        "trans": [
            "特征，特色；容貌；特写",
            "以……为特色"
        ],
        "usphone": "'fitʃɚ",
        "ukphone": "'fiːtʃə"
    },
    {
        "name": "conscience",
        "trans": [
            "良心，道德心"
        ],
        "usphone": "ˈkɑːnʃəns",
        "ukphone": "'kɒnʃ(ə)ns"
    },
    {
        "name": "worthy",
        "trans": [
            "可敬的"
        ],
        "usphone": "wɜði",
        "ukphone": "ˈwəːði"
    },
    {
        "name": "corporation",
        "trans": [
            "公司；法人，法人团体"
        ],
        "usphone": ",kɔrpə'reʃən",
        "ukphone": "kɔːpə'reɪʃ(ə)n"
    },
    {
        "name": "budget",
        "trans": [
            "预算"
        ],
        "usphone": "'bʌdʒɪt",
        "ukphone": "'bʌdʒɪt"
    },
    {
        "name": "expense",
        "trans": [
            "费用，代价"
        ],
        "usphone": "ɪk'spɛns",
        "ukphone": "ɪk'spens; ek-"
    },
    {
        "name": "broadcast",
        "trans": [
            "广播，播音",
            "广播，播放，播送"
        ],
        "usphone": "'brɔdkæst",
        "ukphone": "'brɔːdkɑːst"
    },
    {
        "name": "rely",
        "trans": [
            "依赖，信赖"
        ],
        "usphone": "rɪ'laɪ",
        "ukphone": "rɪ'laɪ"
    },
    {
        "name": "rely on",
        "trans": [
            "依赖，依靠"
        ],
        "usphone": "",
        "ukphone": ""
    },
    {
        "name": "visual",
        "trans": [
            "看的，视觉的"
        ],
        "usphone": "'vɪʒʊəl",
        "ukphone": "'vɪʒjʊəl; -zj-"
    },
    {
        "name": "generate",
        "trans": [
            "发生，产生"
        ],
        "usphone": "'dʒɛnəret",
        "ukphone": "'dʒenəreɪt"
    },
    {
        "name": "response",
        "trans": [
            "反应，响应；回答"
        ],
        "usphone": "rɪ'spɑns",
        "ukphone": "rɪ'spɒns"
    },
    {
        "name": "stereo",
        "trans": [
            "立体声，立体声器材"
        ],
        "usphone": "'stɛrɪo",
        "ukphone": "'steriou"
    },
    {
        "name": "have no use for",
        "trans": [
            "不需要；讨厌，对……不耐烦，厌恶"
        ],
        "usphone": "",
        "ukphone": ""
    },
    {
        "name": "refresh",
        "trans": [
            "使（精神）振奋，使恢复；更新"
        ],
        "usphone": "ri'frɛʃ",
        "ukphone": "rɪ'freʃ"
    },
    {
        "name": "partly",
        "trans": [
            "部分，一定程度上"
        ],
        "usphone": "'pɑrtli",
        "ukphone": "'pɑːtlɪ"
    },
    {
        "name": "murder",
        "trans": [
            "谋杀"
        ],
        "usphone": "'mɝdɚ",
        "ukphone": "'mɜːdə"
    },
    {
        "name": "suitcase",
        "trans": [
            "手提箱，衣箱"
        ],
        "usphone": "'sutkes",
        "ukphone": "'suːtkeɪs"
    },
    {
        "name": "sheet",
        "trans": [
            "片，张；被单；薄片"
        ],
        "usphone": "ʃit",
        "ukphone": "ʃiːt"
    },
    {
        "name": "actress",
        "trans": [
            "女演员"
        ],
        "usphone": "'æktrɪs",
        "ukphone": "'æktrɪs"
    },
    {
        "name": "typist",
        "trans": [
            "打字员"
        ],
        "usphone": "'taɪpɪst",
        "ukphone": "'taɪpɪst"
    },
    {
        "name": "spokesman",
        "trans": [
            "发言人"
        ],
        "usphone": "",
        "ukphone": ""
    },
    {
        "name": "fluent",
        "trans": [
            "流利的，流畅的"
        ],
        "usphone": "'fluənt",
        "ukphone": "'fluːənt"
    },
    {
        "name": "hostess",
        "trans": [
            "女主人"
        ],
        "usphone": "'hostəs",
        "ukphone": "'həʊstɪs; -es; həʊ'stes"
    },
    {
        "name": "invitation",
        "trans": [
            "邀请"
        ],
        "usphone": "ˌɪnvɪˈteɪʃn",
        "ukphone": "ɪnvɪ'teɪʃ(ə)n"
    },
    {
        "name": "appoint",
        "trans": [
            "约定，约定；任命"
        ],
        "usphone": "ə'pɔɪnt",
        "ukphone": "ə'pɒɪnt"
    },
    {
        "name": "chairman",
        "trans": [
            "主席"
        ],
        "usphone": "'tʃɛrmən",
        "ukphone": "'tʃeəmən"
    },
    {
        "name": "raise",
        "trans": [
            "提高；筹集；饲养"
        ],
        "usphone": "rez",
        "ukphone": "reɪz"
    },
    {
        "name": "dial",
        "trans": [
            "拨号"
        ],
        "usphone": "'daɪəl",
        "ukphone": "'daɪəl"
    },
    {
        "name": "operator",
        "trans": [
            "操作员，接线员"
        ],
        "usphone": "'ɑpəretɚ",
        "ukphone": "'ɒpəreɪtə"
    },
    {
        "name": "litre",
        "trans": [
            "升"
        ],
        "usphone": "'li:tə",
        "ukphone": "'liːtə"
    },
    {
        "name": "mature",
        "trans": [
            "成熟的；到期的"
        ],
        "usphone": "mə'tʃʊr",
        "ukphone": "mə'tʃʊə"
    },
    {
        "name": "fashion",
        "trans": [
            "流行，时尚；样式"
        ],
        "usphone": "'fæʃən",
        "ukphone": "'fæʃ(ə)n"
    },
    {
        "name": "misleading",
        "trans": [
            "易误解的，令人误解的"
        ],
        "usphone": ",mɪs'lidɪŋ",
        "ukphone": "mɪs'liːdɪŋ"
    },
    {
        "name": "disonest",
        "trans": [
            "不诚实的"
        ],
        "usphone": "",
        "ukphone": ""
    },
    {
        "name": "alcoholic",
        "trans": [
            "酗酒者，酒鬼",
            "酒精的，含酒精的"
        ],
        "usphone": ",ælkə'hɔlɪk",
        "ukphone": "ælkə'hɒlɪk"
    },
    {
        "name": "tobacco",
        "trans": [
            "烟草，烟草制品"
        ],
        "usphone": "tə'bæko",
        "ukphone": "tə'bækəʊ"
    },
    {
        "name": "ban",
        "trans": [
            "禁令",
            "禁止，取缔"
        ],
        "usphone": "bæn",
        "ukphone": "bæn"
    },
    {
        "name": "promote",
        "trans": [
            "促进；提升"
        ],
        "usphone": "prə'mot",
        "ukphone": "prə'məʊt"
    },
    {
        "name": "immoral",
        "trans": [
            "不道德的，邪恶的"
        ],
        "usphone": "ɪ'mɔrəl",
        "ukphone": "ɪ'mɒr(ə)l"
    },
    {
        "name": "decent",
        "trans": [
            "正派的，得体的；适当的"
        ],
        "usphone": "'disnt",
        "ukphone": "'diːs(ə)nt"
    },
    {
        "name": "ethics",
        "trans": [
            "道德规范；伦理学"
        ],
        "usphone": "‘ɛθɪks",
        "ukphone": "'eθɪks"
    },
    {
        "name": "ethical",
        "trans": [
            "合乎道德的，道德的"
        ],
        "usphone": "'ɛθɪkl",
        "ukphone": "'eθɪk(ə)l"
    },
    {
        "name": "offending",
        "trans": [
            "令人不愉快的，伤害人的感情的"
        ],
        "usphone": "ə'fendiŋ",
        "ukphone": ""
    },
    {
        "name": "beware",
        "trans": [
            "小心，谨防"
        ],
        "usphone": "bɪ'wɛr",
        "ukphone": "bɪ'weə"
    },
    {
        "name": "consumer",
        "trans": [
            "消费者，顾客"
        ],
        "usphone": "kən'sumɚ",
        "ukphone": "kən'sjuːmə"
    },
    {
        "name": "trustworthy",
        "trans": [
            "可信赖的，可靠的"
        ],
        "usphone": "'trʌstwɝði",
        "ukphone": "'trʌs(t)wɜːðɪ"
    }
]