[
    {
        "name": "cultural",
        "trans": [
            "文化的"
        ],
        "usphone": "'kʌltʃərəl",
        "ukphone": "'kʌltʃ(ə)r(ə)l"
    },
    {
        "name": "relic",
        "trans": [
            "遗物；遗迹；纪念物"
        ],
        "usphone": "'rɛlɪk",
        "ukphone": "'relɪk"
    },
    {
        "name": "rare",
        "trans": [
            "稀罕的；稀有的；珍贵的"
        ],
        "usphone": "rɛr",
        "ukphone": "reə"
    },
    {
        "name": "valuable",
        "trans": [
            "贵重的；有价值的"
        ],
        "usphone": "ˈvæljuəbəl; ˈvæljə-",
        "ukphone": "'væljʊəb(ə)l"
    },
    {
        "name": "survive",
        "trans": [
            "幸免；幸存；生还"
        ],
        "usphone": "sɚ'vaɪv",
        "ukphone": "sə'vaɪv"
    },
    {
        "name": "vase",
        "trans": [
            "花瓶；瓶"
        ],
        "usphone": "veɪs; veɪz",
        "ukphone": "vɑːz"
    },
    {
        "name": "dynasty",
        "trans": [
            "王朝；朝代"
        ],
        "usphone": "'daɪnəsti",
        "ukphone": "'dɪnəstɪ"
    },
    {
        "name": "Taj Mahal",
        "trans": [
            "泰姬陵"
        ],
        "usphone": "",
        "ukphone": ""
    },
    {
        "name": "ivory",
        "trans": [
            "象牙"
        ],
        "usphone": "'aɪvəri",
        "ukphone": "'aɪv(ə)rɪ"
    },
    {
        "name": "dragon",
        "trans": [
            "龙"
        ],
        "usphone": "'dræɡən",
        "ukphone": "'dræg(ə)n"
    },
    {
        "name": "amber",
        "trans": [
            "琥珀色；琥珀"
        ],
        "usphone": "'æmbɚ",
        "ukphone": "'æmbə"
    },
    {
        "name": "in search of",
        "trans": [
            "寻找"
        ],
        "usphone": "",
        "ukphone": ""
    },
    {
        "name": "Frederick William I",
        "trans": [
            "腓特烈•威廉一世（普鲁士国王）"
        ],
        "usphone": "",
        "ukphone": ""
    },
    {
        "name": "Prussia",
        "trans": [
            "（史）普鲁士（位于北欧）"
        ],
        "usphone": "'prʌʃə",
        "ukphone": "'prʌʃə"
    },
    {
        "name": "amaze",
        "trans": [
            "使吃惊；惊讶"
        ],
        "usphone": "ə'mez",
        "ukphone": "ə'meɪz"
    },
    {
        "name": "amazing",
        "trans": [
            "惊人的，了不起的"
        ],
        "usphone": "ə'mezɪŋ",
        "ukphone": "ə'meɪzɪŋ"
    },
    {
        "name": "select",
        "trans": [
            "挑选；选择"
        ],
        "usphone": "sə'lɛkt",
        "ukphone": "sɪ'lekt"
    },
    {
        "name": "honey",
        "trans": [
            "蜜；蜂蜜"
        ],
        "usphone": "'hʌni",
        "ukphone": "'hʌnɪ"
    },
    {
        "name": "design",
        "trans": [
            "设计；图案；构思",
            "设计；计划；构思"
        ],
        "usphone": "dɪ'zaɪn",
        "ukphone": "dɪ'zaɪn"
    },
    {
        "name": "fancy",
        "trans": [
            "〔酒店、餐厅、汽车等〕昂贵的，豪华的",
            "喜欢，想要"
        ],
        "usphone": "'fænsi",
        "ukphone": "'fænsɪ"
    },
    {
        "name": "style",
        "trans": [
            "风格；类型；风度"
        ],
        "usphone": "staɪl",
        "ukphone": "staɪl"
    },
    {
        "name": "decorate",
        "trans": [
            "装修；装饰"
        ],
        "usphone": "'dɛkəret",
        "ukphone": "'dekəreɪt"
    },
    {
        "name": "jewel",
        "trans": [
            "珠宝；宝石"
        ],
        "usphone": "'dʒuəl",
        "ukphone": "'dʒuːəl"
    },
    {
        "name": "artist",
        "trans": [
            "艺术家"
        ],
        "usphone": "'ɑrtɪst",
        "ukphone": "'ɑːtɪst"
    },
    {
        "name": "belong",
        "trans": [
            "属于；为……的一员"
        ],
        "usphone": "bɪ'lɔŋ",
        "ukphone": "bɪ'lɒŋ"
    },
    {
        "name": "belong to",
        "trans": [
            "属于"
        ],
        "usphone": "",
        "ukphone": ""
    },
    {
        "name": "Peter the Great",
        "trans": [
            "彼得大帝（俄国皇帝）"
        ],
        "usphone": "",
        "ukphone": ""
    },
    {
        "name": "in return",
        "trans": [
            "作为报答；回报"
        ],
        "usphone": "",
        "ukphone": ""
    },
    {
        "name": "Czar",
        "trans": [
            "沙皇"
        ],
        "usphone": "zɑ:",
        "ukphone": "zɑː"
    },
    {
        "name": "troop",
        "trans": [
            "军队；群；组"
        ],
        "usphone": "trʊp",
        "ukphone": "truːp"
    },
    {
        "name": "St Petersburg",
        "trans": [
            "圣彼得堡（俄罗斯城市）"
        ],
        "usphone": "",
        "ukphone": ""
    },
    {
        "name": "reception",
        "trans": [
            "接待；招待会；接收"
        ],
        "usphone": "rɪ'sɛpʃən",
        "ukphone": "rɪ'sepʃ(ə)n"
    },
    {
        "name": "Catherine",
        "trans": [
            "叶卡捷琳娜二世（俄国女皇）"
        ],
        "usphone": "'kæθərin",
        "ukphone": "'kæθrɪn"
    },
    {
        "name": "at war",
        "trans": [
            "处于交战状态"
        ],
        "usphone": "",
        "ukphone": ""
    },
    {
        "name": "remove",
        "trans": [
            "移动；搬开"
        ],
        "usphone": "rɪ'muv",
        "ukphone": "rɪ'muːv"
    },
    {
        "name": "less than",
        "trans": [
            "少于"
        ],
        "usphone": "",
        "ukphone": ""
    },
    {
        "name": "wooden",
        "trans": [
            "木制的"
        ],
        "usphone": "'wʊdn",
        "ukphone": "'wʊd(ə)n"
    },
    {
        "name": "doubt",
        "trans": [
            "怀疑；疑惑",
            "怀疑；不信"
        ],
        "usphone": "daʊt",
        "ukphone": "daʊt"
    },
    {
        "name": "Konigsberg",
        "trans": [
            "哥尼斯堡（俄罗斯港市Kaliningrad的旧称）"
        ],
        "usphone": "",
        "ukphone": ""
    },
    {
        "name": "the Baltic Sea",
        "trans": [
            "波罗的海"
        ],
        "usphone": "",
        "ukphone": ""
    },
    {
        "name": "mystery",
        "trans": [
            "神秘；神秘的事物"
        ],
        "usphone": "ˈmɪstri",
        "ukphone": "ˈmɪstri"
    },
    {
        "name": "former",
        "trans": [
            "以前的；从前的"
        ],
        "usphone": "'fɔrmɚ",
        "ukphone": "'fɔːmə"
    },
    {
        "name": "worth",
        "trans": [
            "值得的；相当于……的价值",
            "价值；作用",
            "[古]值钱的"
        ],
        "usphone": "wɝθ",
        "ukphone": "wɜːθ"
    },
    {
        "name": "rebuild",
        "trans": [
            "重建"
        ],
        "usphone": ",ri'bɪld",
        "ukphone": "riː'bɪld"
    },
    {
        "name": "local",
        "trans": [
            "本地的；当地的"
        ],
        "usphone": "ˈloʊkl",
        "ukphone": "'ləʊk(ə)l"
    },
    {
        "name": "apart",
        "trans": [
            "分离地；分别地"
        ],
        "usphone": "ə'pɑrt",
        "ukphone": "ə'pɑːt"
    },
    {
        "name": "take apart",
        "trans": [
            "拆开"
        ],
        "usphone": "",
        "ukphone": ""
    },
    {
        "name": "Leningrad",
        "trans": [
            "列宁格勒（苏联城市）"
        ],
        "usphone": "'leninɡræd",
        "ukphone": "'leninɡræd"
    },
    {
        "name": "painting",
        "trans": [
            "绘画；画"
        ],
        "usphone": "'pentɪŋ",
        "ukphone": "'peɪntɪŋ"
    },
    {
        "name": "castle",
        "trans": [
            "城堡"
        ],
        "usphone": "'kæsl",
        "ukphone": "'kɑːs(ə)l"
    },
    {
        "name": "Windsor Castle",
        "trans": [
            "温莎城堡（英国著名城堡）"
        ],
        "usphone": "",
        "ukphone": ""
    },
    {
        "name": "trial",
        "trans": [
            "审判；审讯；试验"
        ],
        "usphone": "'traɪəl",
        "ukphone": "'traɪəl"
    },
    {
        "name": "eyewitness",
        "trans": [
            "目击者；证人"
        ],
        "usphone": "'aɪwɪtnəs",
        "ukphone": "'aɪwɪtnɪs"
    },
    {
        "name": "evidence",
        "trans": [
            "根据；证据"
        ],
        "usphone": "'ɛvɪdəns",
        "ukphone": "'evɪd(ə)ns"
    },
    {
        "name": "Jan Hasek",
        "trans": [
            "简•哈兹克（男名）"
        ],
        "usphone": "",
        "ukphone": ""
    },
    {
        "name": "Czech Republic",
        "trans": [
            "捷克共和国（东欧国家）"
        ],
        "usphone": "",
        "ukphone": ""
    },
    {
        "name": "explode",
        "trans": [
            "爆炸"
        ],
        "usphone": "ɪk'splod",
        "ukphone": "ɪk'spləʊd; ek-"
    },
    {
        "name": "entrance",
        "trans": [
            "入口"
        ],
        "usphone": "(for v.)ɪnˈtræns; (for n.) ˈɛntrəns",
        "ukphone": "(for v.)ɪnˈtrɑ:ns; (for n.) ˈentrəns"
    },
    {
        "name": "Hans Braun",
        "trans": [
            "汉斯•布朗（男名）"
        ],
        "usphone": "",
        "ukphone": ""
    },
    {
        "name": "sailor",
        "trans": [
            "水手；海员；船员"
        ],
        "usphone": "'selɚ",
        "ukphone": "'seɪlə"
    },
    {
        "name": "sink",
        "trans": [
            "(过去式 sank, 过去分词 sunk; 过去式 sunk, 过去分词 sunken) 下沉；沉下"
        ],
        "usphone": "sɪŋk",
        "ukphone": "sɪŋk"
    },
    {
        "name": "Anna Petrov",
        "trans": [
            "安娜•帕特罗夫（女名）"
        ],
        "usphone": "",
        "ukphone": ""
    },
    {
        "name": "maid",
        "trans": [
            "女仆；少女"
        ],
        "usphone": "med",
        "ukphone": "meɪd"
    },
    {
        "name": "Berlin",
        "trans": [
            "柏林（德国首都）"
        ],
        "usphone": "bɝ'lɪn",
        "ukphone": "bə:'lin"
    },
    {
        "name": "think highly of",
        "trans": [
            "看重；器重"
        ],
        "usphone": "",
        "ukphone": ""
    },
    {
        "name": "Johann Webber",
        "trans": [
            "约翰•韦伯（男名）"
        ],
        "usphone": "",
        "ukphone": ""
    },
    {
        "name": "informal",
        "trans": [
            "非正式的"
        ],
        "usphone": "ɪn'fɔrml",
        "ukphone": "ɪn'fɔːm(ə)l"
    },
    {
        "name": "debate",
        "trans": [
            "争论；辩论",
            "争论；辨论"
        ],
        "usphone": "dɪ'bet",
        "ukphone": "dɪ'beɪt"
    },
    {
        "name": "ancient",
        "trans": [
            "古代的；古老的"
        ],
        "usphone": "ˈenʃənt",
        "ukphone": "ˈeɪnʃənt"
    },
    {
        "name": "compete",
        "trans": [
            "竞争；比赛"
        ],
        "usphone": "kəm'pit",
        "ukphone": "kəm'piːt"
    },
    {
        "name": "competitor",
        "trans": [
            "竞争者"
        ],
        "usphone": "kəm'pɛtɪtɚ",
        "ukphone": "kəm'petɪtə"
    },
    {
        "name": "take part in",
        "trans": [
            "参加；参与"
        ],
        "usphone": "",
        "ukphone": ""
    },
    {
        "name": "medal",
        "trans": [
            "奖章；勋章；纪念章"
        ],
        "usphone": "'mɛdl",
        "ukphone": "'med(ə)l"
    },
    {
        "name": "stand for",
        "trans": [
            "代表；象征；表示"
        ],
        "usphone": "",
        "ukphone": ""
    },
    {
        "name": "mascot",
        "trans": [
            "吉祥物"
        ],
        "usphone": "'mæskɑt",
        "ukphone": "'mæskɒt"
    },
    {
        "name": "Pausanias",
        "trans": [
            "帕萨尼亚斯（男名；古希腊人名）"
        ],
        "usphone": "pɔ:'seiniæs",
        "ukphone": "pɔ:'seiniæs"
    },
    {
        "name": "Greece",
        "trans": [
            "希腊"
        ],
        "usphone": "ɡriːs",
        "ukphone": ""
    },
    {
        "name": "Greek",
        "trans": [
            "希腊（人）的；希腊语的",
            "希腊人；希腊语"
        ],
        "usphone": "grik",
        "ukphone": "griːk"
    },
    {
        "name": "magical",
        "trans": [
            "巫术的；魔术的；有魔力的"
        ],
        "usphone": "'mædʒɪkl",
        "ukphone": "'mædʒɪk(ə)l"
    },
    {
        "name": "volunteer",
        "trans": [
            "志愿者；志愿兵",
            "自愿"
        ],
        "usphone": ",vɑlən'tɪr",
        "ukphone": ",vɒlən'tɪə"
    },
    {
        "name": "homeland",
        "trans": [
            "祖国；本国"
        ],
        "usphone": "'homlænd",
        "ukphone": "'həʊmlænd"
    },
    {
        "name": "regular",
        "trans": [
            "定期的；常规的；规则的"
        ],
        "usphone": "'rɛgjəlɚ",
        "ukphone": "'regjʊlə"
    },
    {
        "name": "basis",
        "trans": [
            "基础；根据"
        ],
        "usphone": "'besɪs",
        "ukphone": "'beɪsɪs"
    },
    {
        "name": "athlete",
        "trans": [
            "运动员；运动选手"
        ],
        "usphone": "'æθlit",
        "ukphone": "'æθliːt"
    },
    {
        "name": "admit",
        "trans": [
            "容许；承认；接纳"
        ],
        "usphone": "əd'mɪt",
        "ukphone": "əd'mɪt"
    },
    {
        "name": "slave",
        "trans": [
            "奴隶"
        ],
        "usphone": "sleɪv",
        "ukphone": "sleɪv"
    },
    {
        "name": "nowadays",
        "trans": [
            "现今；现在"
        ],
        "usphone": "'naʊədez",
        "ukphone": "'naʊədeɪz"
    },
    {
        "name": "gymnastics",
        "trans": [
            "体操；体能训练"
        ],
        "usphone": "dʒɪm'næstɪks",
        "ukphone": "dʒɪm'næstɪks"
    },
    {
        "name": "athletics",
        "trans": [
            "体育运动；田径运动"
        ],
        "usphone": "æθ'lɛtɪks",
        "ukphone": "æθ'letɪks"
    },
    {
        "name": "Stadium",
        "trans": [
            "（露天大型）体育场"
        ],
        "usphone": "'stedɪəm",
        "ukphone": "'steɪdɪəm"
    },
    {
        "name": "gymnasium",
        "trans": [
            "体育馆；健身房"
        ],
        "usphone": "dʒɪm'nezɪəm",
        "ukphone": "dʒɪm'neɪzɪəm"
    },
    {
        "name": "gym",
        "trans": [
            "体育馆；健身房"
        ],
        "usphone": "dʒɪm",
        "ukphone": "dʒɪm"
    },
    {
        "name": "as well",
        "trans": [
            "也；又；还"
        ],
        "usphone": "",
        "ukphone": ""
    },
    {
        "name": "host",
        "trans": [
            "做东；主办；招待",
            "主人"
        ],
        "usphone": "host",
        "ukphone": "həʊst"
    },
    {
        "name": "responsibility",
        "trans": [
            "责任；职责"
        ],
        "usphone": "rɪˌspɑːnsəˈbɪləti",
        "ukphone": "rɪˌspɒnsəˈbɪlətɪ"
    },
    {
        "name": "olive",
        "trans": [
            "橄榄；橄榄树；橄榄绿"
        ],
        "usphone": "'ɑlɪv",
        "ukphone": "'ɒlɪv"
    },
    {
        "name": "wreath",
        "trans": [
            "花圈；花冠；圈状物"
        ],
        "usphone": "riθ",
        "ukphone": "riːθ"
    },
    {
        "name": "replace",
        "trans": [
            "取代；代替；替换"
        ],
        "usphone": "rɪ'ples",
        "ukphone": "rɪ'pleɪs"
    },
    {
        "name": "motto",
        "trans": [
            "座右铭；格言；警句"
        ],
        "usphone": "'mɑto",
        "ukphone": "'mɒtəʊ"
    },
    {
        "name": "swift",
        "trans": [
            "快的；迅速的"
        ],
        "usphone": "swɪft",
        "ukphone": "swɪft"
    },
    {
        "name": "similarity",
        "trans": [
            "相似点"
        ],
        "usphone": ",sɪmə'lærəti",
        "ukphone": "sɪmə'lærətɪ"
    },
    {
        "name": "Athens",
        "trans": [
            "雅典（希腊首都）"
        ],
        "usphone": "'æθɪnz",
        "ukphone": "ˈæθɪnz"
    },
    {
        "name": "charge",
        "trans": [
            "收费；控诉",
            "费用；主管"
        ],
        "usphone": "tʃɑrdʒ",
        "ukphone": "tʃɑːdʒ"
    },
    {
        "name": "in charge",
        "trans": [
            "主管；看管"
        ],
        "usphone": "in'tʃa:dʒ",
        "ukphone": "in'tʃa:dʒ"
    },
    {
        "name": "physical",
        "trans": [
            "身体的；物理的"
        ],
        "usphone": "'fɪzɪkl",
        "ukphone": "'fɪzɪk(ə)l"
    },
    {
        "name": "fine",
        "trans": [
            "罚款"
        ],
        "usphone": "faɪn",
        "ukphone": "faɪn"
    },
    {
        "name": "poster",
        "trans": [
            "海报；招贴"
        ],
        "usphone": "'postɚ",
        "ukphone": "'pəʊstə"
    },
    {
        "name": "advertise",
        "trans": [
            "做广告；登广告"
        ],
        "usphone": "'ædvɚtaɪz",
        "ukphone": "'ædvətaɪz"
    },
    {
        "name": "Atlanta",
        "trans": [
            "亚特兰大（女名；城市名）"
        ],
        "usphone": "æt'læntə",
        "ukphone": "ætˈlæntə"
    },
    {
        "name": "princess",
        "trans": [
            "公主"
        ],
        "usphone": "prɪnˌsɛs",
        "ukphone": "prɪn'ses"
    },
    {
        "name": "glory",
        "trans": [
            "光荣；荣誉"
        ],
        "usphone": "'ɡlɔri",
        "ukphone": "'glɔːrɪ"
    },
    {
        "name": "bargain",
        "trans": [
            "讨价还价；讲条件",
            "便宜货"
        ],
        "usphone": "ˈbɑrɡɪn",
        "ukphone": "ˈbɑːɡɪn"
    },
    {
        "name": "prince",
        "trans": [
            "王子"
        ],
        "usphone": "prɪns",
        "ukphone": "prɪns"
    },
    {
        "name": "hopeless",
        "trans": [
            "没有希望的；绝望的"
        ],
        "usphone": "ˈhoʊpləs",
        "ukphone": "'həʊpləs"
    },
    {
        "name": "Hippomenes",
        "trans": [
            "希波墨涅斯（男名；古希腊人名）"
        ],
        "usphone": "hi'pɔməni:z",
        "ukphone": "hi'pɔməni:z"
    },
    {
        "name": "foolish",
        "trans": [
            "愚蠢的；傻的"
        ],
        "usphone": "'fulɪʃ",
        "ukphone": "'fuːlɪʃ"
    },
    {
        "name": "goddess",
        "trans": [
            "女神"
        ],
        "usphone": "ɡɑdɪs",
        "ukphone": "ˈgɒdɪs"
    },
    {
        "name": "pain",
        "trans": [
            "疼痛；痛苦"
        ],
        "usphone": "pen",
        "ukphone": "peɪn"
    },
    {
        "name": "one after another",
        "trans": [
            "陆续地；一个接一个地"
        ],
        "usphone": "",
        "ukphone": ""
    },
    {
        "name": "deserve",
        "trans": [
            "应受（报答或惩罚）；值得"
        ],
        "usphone": "dɪ'zɝv",
        "ukphone": "dɪ'zɜːv"
    },
    {
        "name": "striker",
        "trans": [
            "（足球的）前锋"
        ],
        "usphone": "'straɪkɚ",
        "ukphone": "'straɪkə"
    },
    {
        "name": "abacus",
        "trans": [
            "算盘"
        ],
        "usphone": "'æbəkəs",
        "ukphone": "'æbəkəs"
    },
    {
        "name": "calculator",
        "trans": [
            "计算器"
        ],
        "usphone": "'kælkjuletɚ",
        "ukphone": "'kælkjʊleɪtə"
    },
    {
        "name": "PC",
        "trans": [
            "（personal computer）个人电脑；个人计算机"
        ],
        "usphone": "",
        "ukphone": ""
    },
    {
        "name": "laptop",
        "trans": [
            "手提电脑"
        ],
        "usphone": "'læptɑp",
        "ukphone": "'læptɒp"
    },
    {
        "name": "PDA",
        "trans": [
            "(personal digital assistant)掌上电脑；个人数码助理"
        ],
        "usphone": "",
        "ukphone": ""
    },
    {
        "name": "analytical",
        "trans": [
            "头脑周密的"
        ],
        "usphone": ",ænə'lɪtɪkl",
        "ukphone": "ænə'lɪtɪk(ə)l"
    },
    {
        "name": "calculate",
        "trans": [
            "计算"
        ],
        "usphone": "'kælkjulet",
        "ukphone": "'kælkjʊleɪt"
    },
    {
        "name": "universal",
        "trans": [
            "普遍的；通用的"
        ],
        "usphone": "'jʊnə'vɝsl",
        "ukphone": "juːnɪ'vɜːs(ə)l"
    },
    {
        "name": "simplify",
        "trans": [
            "简化"
        ],
        "usphone": "'sɪmplɪfaɪ",
        "ukphone": "'sɪmplɪfaɪ"
    },
    {
        "name": "sum",
        "trans": [
            "金额；总数；算术题"
        ],
        "usphone": "sʌm",
        "ukphone": "sʌm"
    },
    {
        "name": "Charles Babbage",
        "trans": [
            "查尔斯•巴比奇（英国数学教授）"
        ],
        "usphone": "",
        "ukphone": ""
    },
    {
        "name": "operator",
        "trans": [
            "电话接线员；〔机器或设备的〕操作者，操作员"
        ],
        "usphone": "'ɑpəretɚ",
        "ukphone": "'ɒpəreɪtə"
    },
    {
        "name": "logical",
        "trans": [
            "合情理的；合逻辑的"
        ],
        "usphone": "'lɑdʒɪkl",
        "ukphone": "'lɒdʒɪk(ə)l"
    },
    {
        "name": "logically",
        "trans": [
            "逻辑上；合逻辑地；有条理地"
        ],
        "usphone": "'lɑdʒɪkli",
        "ukphone": "'lɔdʒikli"
    },
    {
        "name": "technology",
        "trans": [
            "工艺；科技；技术"
        ],
        "usphone": "tɛkˈnɑlədʒɪ",
        "ukphone": "tek'nɒlədʒɪ"
    },
    {
        "name": "technological",
        "trans": [
            "科技的"
        ],
        "usphone": "tɛknə'lɑdʒɪkl",
        "ukphone": "teknə'lɒdʒɪk(ə)l"
    },
    {
        "name": "revolution",
        "trans": [
            "革命"
        ],
        "usphone": "'rɛvə'lʊʃən",
        "ukphone": "revə'luːʃ(ə)n"
    },
    {
        "name": "artificial",
        "trans": [
            "人造的；假的"
        ],
        "usphone": ",ɑrtɪ'fɪʃl",
        "ukphone": "ɑːtɪ'fɪʃ(ə)l"
    },
    {
        "name": "intelligence",
        "trans": [
            "智力；聪明；智能"
        ],
        "usphone": "ɪn'tɛlɪdʒəns",
        "ukphone": "ɪn'telɪdʒ(ə)ns"
    },
    {
        "name": "intelligent",
        "trans": [
            "聪明的；智能的"
        ],
        "usphone": "ɪn'tɛlɪdʒənt",
        "ukphone": "ɪn'telɪdʒ(ə)nt"
    },
    {
        "name": "Alan Turing",
        "trans": [
            "艾伦•图灵（英国数学家）"
        ],
        "usphone": "",
        "ukphone": ""
    },
    {
        "name": "solve",
        "trans": [
            "解决；解答"
        ],
        "usphone": "sɑlv",
        "ukphone": "sɒlv"
    },
    {
        "name": "mathematical",
        "trans": [
            "数学的"
        ],
        "usphone": ",mæθə'mætɪkl",
        "ukphone": "mæθ(ə)'mætɪk(ə)l"
    },
    {
        "name": "from...on",
        "trans": [
            "从……时起"
        ],
        "usphone": "",
        "ukphone": ""
    },
    {
        "name": "reality",
        "trans": [
            "真实；现实；事实"
        ],
        "usphone": "rɪ'æləti",
        "ukphone": "rɪ'ælɪtɪ"
    },
    {
        "name": "designer",
        "trans": [
            "设计师"
        ],
        "usphone": "dɪ'zaɪnɚ",
        "ukphone": "dɪ'zaɪnə"
    },
    {
        "name": "personal",
        "trans": [
            "私人的；个人的；亲自的"
        ],
        "usphone": "'pɝsənl",
        "ukphone": "'pɜːs(ə)n(ə)l"
    },
    {
        "name": "personally",
        "trans": [
            "就个人而言；亲自"
        ],
        "usphone": "'pə:sənəli",
        "ukphone": "'pɜːs(ə)n(ə)lɪ"
    },
    {
        "name": "tube",
        "trans": [
            "管；管子；电子管"
        ],
        "usphone": "tub",
        "ukphone": "tjuːb"
    },
    {
        "name": "transistor",
        "trans": [
            "晶体管"
        ],
        "usphone": "træn'zɪstɚ",
        "ukphone": "træn'zɪstə; trɑːn-; -'sɪ-"
    },
    {
        "name": "chip",
        "trans": [
            "芯片；碎片"
        ],
        "usphone": "tʃɪp",
        "ukphone": "tʃɪp"
    },
    {
        "name": "as a result",
        "trans": [
            "结果"
        ],
        "usphone": "",
        "ukphone": ""
    },
    {
        "name": "total",
        "trans": [
            "总的；整个的",
            "总数；合计"
        ],
        "usphone": "'totl",
        "ukphone": "'təʊt(ə)l"
    },
    {
        "name": "totally",
        "trans": [
            "完全地；整个地"
        ],
        "usphone": "'totəli",
        "ukphone": "'təʊtəlɪ"
    },
    {
        "name": "so...that...",
        "trans": [
            "如此……以致于……"
        ],
        "usphone": "",
        "ukphone": ""
    },
    {
        "name": "network",
        "trans": [
            "网络；网状物"
        ],
        "usphone": "'nɛtwɝk",
        "ukphone": "'netwɜːk"
    },
    {
        "name": "web",
        "trans": [
            "网"
        ],
        "usphone": "wɛb",
        "ukphone": "web"
    },
    {
        "name": "application",
        "trans": [
            "申请；应用；用途"
        ],
        "usphone": "ˌæpləˈkeʃən",
        "ukphone": "ˌæplɪ'keɪʃ(ə)n"
    },
    {
        "name": "finance",
        "trans": [
            "金融；财经"
        ],
        "usphone": "'faɪnæns",
        "ukphone": "faɪ'næns; fɪ-; 'faɪnæns"
    },
    {
        "name": "mobile",
        "trans": [
            "可移动的；机动的"
        ],
        "usphone": "ˈməʊbl;mobil",
        "ukphone": "ˈməʊbaɪl"
    },
    {
        "name": "rocket",
        "trans": [
            "火箭"
        ],
        "usphone": "'rɑkɪt",
        "ukphone": "'rɒkɪt"
    },
    {
        "name": "explore",
        "trans": [
            "探究；探索；探测"
        ],
        "usphone": "ɪk'splɔr",
        "ukphone": "ɪk'splɔː; ek-"
    },
    {
        "name": "Mars",
        "trans": [
            "火星"
        ],
        "usphone": "mɑrz",
        "ukphone": "mɑːz"
    },
    {
        "name": "anyhow",
        "trans": [
            "（也作anyway）无论如何；即使如此"
        ],
        "usphone": "'ɛnɪ'haʊ",
        "ukphone": "'enɪhaʊ"
    },
    {
        "name": "goal",
        "trans": [
            "目标；目的；球门；（进球）得分"
        ],
        "usphone": "ɡol",
        "ukphone": "gəʊl"
    },
    {
        "name": "happiness",
        "trans": [
            "幸福；快乐"
        ],
        "usphone": "'hæpɪnəs",
        "ukphone": "'hæpɪnəs"
    },
    {
        "name": "human race",
        "trans": [
            "人类"
        ],
        "usphone": "",
        "ukphone": ""
    },
    {
        "name": "supporting",
        "trans": [
            "(演员)配角的"
        ],
        "usphone": "sə'pɔrtɪŋ",
        "ukphone": "sə'pɔːtɪŋ"
    },
    {
        "name": "download",
        "trans": [
            "下载"
        ],
        "usphone": ",daʊn'lod",
        "ukphone": "daʊn'ləʊd"
    },
    {
        "name": "programmer",
        "trans": [
            "程序员；程序师"
        ],
        "usphone": "'progræmɚ",
        "ukphone": "'prəʊgræmə"
    },
    {
        "name": "virus",
        "trans": [
            "病毒"
        ],
        "usphone": "'vaɪrəs",
        "ukphone": "'vaɪrəs"
    },
    {
        "name": "android",
        "trans": [
            "机器人"
        ],
        "usphone": "'ændrɔɪd",
        "ukphone": "'ændrɒɪd"
    },
    {
        "name": "signal",
        "trans": [
            "发信号",
            "信号"
        ],
        "usphone": "'sɪgnl",
        "ukphone": "'sɪgn(ə)l"
    },
    {
        "name": "teammate",
        "trans": [
            "队友"
        ],
        "usphone": "'tim'met",
        "ukphone": "'tiːmmeɪt"
    },
    {
        "name": "Nagoya",
        "trans": [
            "名古屋（日本港市）"
        ],
        "usphone": "'nɑ:ɡɔ:'jɑ:",
        "ukphone": "'nɑ:ɡɔ:'jɑ:"
    },
    {
        "name": "Seattle",
        "trans": [
            "西雅图（美国城市）"
        ],
        "usphone": "si'ætl",
        "ukphone": "si'ætl"
    },
    {
        "name": "type",
        "trans": [
            "类型",
            "打字"
        ],
        "usphone": "taɪp",
        "ukphone": "taɪp"
    },
    {
        "name": "in a way",
        "trans": [
            "在某种程度上"
        ],
        "usphone": "",
        "ukphone": ""
    },
    {
        "name": "coach",
        "trans": [
            "教练"
        ],
        "usphone": "kotʃ",
        "ukphone": "kəʊtʃ"
    },
    {
        "name": "arise",
        "trans": [
            "(过去式 arose, 过去分词 arisen)出现；发生"
        ],
        "usphone": "ə'raɪz",
        "ukphone": "ə'raɪz"
    },
    {
        "name": "with the help of",
        "trans": [
            "在……的帮助下"
        ],
        "usphone": "",
        "ukphone": ""
    },
    {
        "name": "electronic",
        "trans": [
            "电子的"
        ],
        "usphone": "ɪˌlɛkˈtrɑnɪk",
        "ukphone": "ɪˌlekˈtrɒnɪk"
    },
    {
        "name": "appearance",
        "trans": [
            "外观；外貌；出现"
        ],
        "usphone": "ə'pɪrəns",
        "ukphone": "ə'pɪər(ə)ns"
    },
    {
        "name": "character",
        "trans": [
            "性格；特点"
        ],
        "usphone": "'kærɪktɚ",
        "ukphone": "'kærəktə"
    },
    {
        "name": "mop",
        "trans": [
            "拖把",
            "用拖把拖；擦；用拖把拖；擦"
        ],
        "usphone": "mɑp",
        "ukphone": "mɒp"
    },
    {
        "name": "deal with",
        "trans": [
            "处理；安排；对付"
        ],
        "usphone": "",
        "ukphone": ""
    },
    {
        "name": "watch over",
        "trans": [
            "看守；监视"
        ],
        "usphone": "",
        "ukphone": ""
    },
    {
        "name": "naughty",
        "trans": [
            "顽皮的；淘气的"
        ],
        "usphone": "'nɔti",
        "ukphone": "'nɔːtɪ"
    },
    {
        "name": "niece",
        "trans": [
            "侄女；甥女"
        ],
        "usphone": "nis",
        "ukphone": "niːs"
    },
    {
        "name": "spoil",
        "trans": [
            "宠坏；损坏"
        ],
        "usphone": "spɔɪl",
        "ukphone": "spɒɪl"
    },
    {
        "name": "wildlife",
        "trans": [
            "野生动植物"
        ],
        "usphone": "'waɪldlaɪf",
        "ukphone": "'waɪl(d)laɪf"
    },
    {
        "name": "protection",
        "trans": [
            "保护"
        ],
        "usphone": "prə'tɛkʃən",
        "ukphone": "prə'tekʃ(ə)n"
    },
    {
        "name": "wild",
        "trans": [
            "野生的；野的；未开发的；荒凉的"
        ],
        "usphone": "waɪld",
        "ukphone": "waɪld"
    },
    {
        "name": "habitat",
        "trans": [
            "栖息地（动植物的）自然环境；"
        ],
        "usphone": "'hæbə'tæt",
        "ukphone": "'hæbɪtæt"
    },
    {
        "name": "threaten",
        "trans": [
            "恐吓；威胁"
        ],
        "usphone": "'θrɛtn",
        "ukphone": "'θret(ə)n"
    },
    {
        "name": "decrease",
        "trans": [
            "减少；（使）变小；或变少"
        ],
        "usphone": "dɪ'kris",
        "ukphone": "dɪ'kriːs"
    },
    {
        "name": "endanger",
        "trans": [
            "危害；使受到危险"
        ],
        "usphone": "ɪn'dendʒɚ",
        "ukphone": "ɪn'deɪn(d)ʒə; en-"
    },
    {
        "name": "die out",
        "trans": [
            "灭亡；逐渐消失"
        ],
        "usphone": "",
        "ukphone": ""
    },
    {
        "name": "loss",
        "trans": [
            "遗失；丧失；损失"
        ],
        "usphone": "lɔs",
        "ukphone": "lɒs"
    },
    {
        "name": "reserve",
        "trans": [
            "保护区"
        ],
        "usphone": "rɪ'zɝv",
        "ukphone": "rɪ'zɜːv"
    },
    {
        "name": "hunt",
        "trans": [
            "打猎；猎取；搜寻"
        ],
        "usphone": "hʌnt",
        "ukphone": "hʌnt"
    },
    {
        "name": "zone",
        "trans": [
            "地域；地带；地区"
        ],
        "usphone": "zon",
        "ukphone": "zəʊn"
    },
    {
        "name": "in peace",
        "trans": [
            "和平地；和睦地；安祥地"
        ],
        "usphone": "",
        "ukphone": ""
    },
    {
        "name": "in danger",
        "trans": [
            "在危险中；垂危"
        ],
        "usphone": "",
        "ukphone": ""
    },
    {
        "name": "Daisy",
        "trans": [
            "戴茜（女名）"
        ],
        "usphone": "",
        "ukphone": "'deɪzɪ"
    },
    {
        "name": "species",
        "trans": [
            "种类；物种"
        ],
        "usphone": "'spiʃiz",
        "ukphone": "'spiːʃiːz; -ʃɪz; 'spiːs-"
    },
    {
        "name": "carpet",
        "trans": [
            "地毯"
        ],
        "usphone": "'kɑrpɪt",
        "ukphone": "'kɑːpɪt"
    },
    {
        "name": "respond",
        "trans": [
            "响应；做出反应；回答"
        ],
        "usphone": "rɪ'spɑnd",
        "ukphone": "rɪ'spɒnd"
    },
    {
        "name": "distant",
        "trans": [
            "远的；远处的"
        ],
        "usphone": "'dɪstənt",
        "ukphone": "'dɪst(ə)nt"
    },
    {
        "name": "fur",
        "trans": [
            "毛；软毛；毛皮"
        ],
        "usphone": "fɝ",
        "ukphone": "fɜː"
    },
    {
        "name": "antelope",
        "trans": [
            "羚羊"
        ],
        "usphone": "'æntɪlop",
        "ukphone": "'æntɪləʊp"
    },
    {
        "name": "Zimbabwe",
        "trans": [
            "津巴布韦（非洲东南部国家）"
        ],
        "usphone": "zim'bɑ:bwei; -wi",
        "ukphone": "zim'bɑ:bwei; -wi"
    },
    {
        "name": "relief",
        "trans": [
            "（痛苦或忧虑的）减轻或解除；减轻痛苦的事物"
        ],
        "usphone": "rɪ'lif",
        "ukphone": "rɪ'liːf"
    },
    {
        "name": "in relief",
        "trans": [
            "如释重负；松了口气"
        ],
        "usphone": "",
        "ukphone": ""
    },
    {
        "name": "laughter",
        "trans": [
            "笑；笑声"
        ],
        "usphone": "'læftɚ",
        "ukphone": "'lɑːftə"
    },
    {
        "name": "burst into laughter",
        "trans": [
            "突然笑起来；大声笑了出来"
        ],
        "usphone": "",
        "ukphone": ""
    },
    {
        "name": "mercy",
        "trans": [
            "仁慈；宽恕；怜悯"
        ],
        "usphone": "'mɝsi",
        "ukphone": "'mɜːsɪ"
    },
    {
        "name": "certain",
        "trans": [
            "确定的；一定的；某一"
        ],
        "usphone": "'sɝtn",
        "ukphone": "'sɜːt(ə)n; -tɪn"
    },
    {
        "name": "importance",
        "trans": [
            "重要（性）"
        ],
        "usphone": "ɪm'pɔrtns",
        "ukphone": "ɪm'pɔːt(ə)ns"
    },
    {
        "name": "WWF",
        "trans": [
            "(Word Wildlife Fund)世界野生生物基金会"
        ],
        "usphone": "",
        "ukphone": ""
    },
    {
        "name": "rub",
        "trans": [
            "擦；摩擦"
        ],
        "usphone": "rʌb",
        "ukphone": "rʌb"
    },
    {
        "name": "protect...from",
        "trans": [
            "保护……不受……（危害）"
        ],
        "usphone": "",
        "ukphone": ""
    },
    {
        "name": "mosquito",
        "trans": [
            "蚊子"
        ],
        "usphone": "məˈskiːtoʊ",
        "ukphone": "mɒ'skiːtəʊ"
    },
    {
        "name": "millipede",
        "trans": [
            "(等同于millepede) 千足虫"
        ],
        "usphone": "'mɪlɪpid",
        "ukphone": "'mɪlɪpiːd"
    },
    {
        "name": "insect",
        "trans": [
            "昆虫"
        ],
        "usphone": "'ɪnsɛkt",
        "ukphone": "'ɪnsekt"
    },
    {
        "name": "contain",
        "trans": [
            "包含；容纳；克制〔强烈的感情〕"
        ],
        "usphone": "kən'ten",
        "ukphone": "kən'teɪn"
    },
    {
        "name": "powerful",
        "trans": [
            "强大的；有力的"
        ],
        "usphone": "'paʊɚfl",
        "ukphone": "'paʊəfʊl; -f(ə)l"
    },
    {
        "name": "affect",
        "trans": [
            "影响；感动；侵袭"
        ],
        "usphone": "ə'fɛkt",
        "ukphone": "ə'fekt"
    },
    {
        "name": "attention",
        "trans": [
            "注意；注意力；关注"
        ],
        "usphone": "ə'tɛnʃən",
        "ukphone": "ə'tenʃ(ə)n"
    },
    {
        "name": "pay attention to",
        "trans": [
            "注意"
        ],
        "usphone": "",
        "ukphone": ""
    },
    {
        "name": "appreciate",
        "trans": [
            "感激；鉴赏；意识到"
        ],
        "usphone": "ə'priʃɪet",
        "ukphone": "ə'priːʃɪeɪt; -sɪ-"
    },
    {
        "name": "succeed",
        "trans": [
            "成功；接替；继任"
        ],
        "usphone": "sək'sid",
        "ukphone": "sək'siːd"
    },
    {
        "name": "Indonesia",
        "trans": [
            "印度尼西亚（东南亚岛国）"
        ],
        "usphone": "'indəu'ni:zjə,-ʒə",
        "ukphone": "'indəu'ni:zjə,-ʒə"
    },
    {
        "name": "rhino",
        "trans": [
            "犀牛"
        ],
        "usphone": "'raɪno",
        "ukphone": "'raɪnəʊ"
    },
    {
        "name": "secure",
        "trans": [
            "可靠的；安全的"
        ],
        "usphone": "sə'kjʊr",
        "ukphone": "sɪ'kjʊə; sɪ'kjɔː"
    },
    {
        "name": "income",
        "trans": [
            "收入"
        ],
        "usphone": "'ɪnkʌm",
        "ukphone": "'ɪnkʌm"
    },
    {
        "name": "employ",
        "trans": [
            "雇用；利用（时间、精力等）"
        ],
        "usphone": "ɪm'plɔɪ",
        "ukphone": "ɪm'plɒɪ; em-"
    },
    {
        "name": "harm",
        "trans": [
            "损害；危害",
            "损害；危害"
        ],
        "usphone": "hɑrm",
        "ukphone": "hɑːm"
    },
    {
        "name": "Milu deer",
        "trans": [
            "麋鹿"
        ],
        "usphone": "",
        "ukphone": ""
    },
    {
        "name": "bite",
        "trans": [
            "(过去式 bit, 过去分词 bitten)咬；叮；刺痛"
        ],
        "usphone": "baɪt",
        "ukphone": "baɪt"
    },
    {
        "name": "extinction",
        "trans": [
            "灭绝；消亡"
        ],
        "usphone": "ɪk'stɪŋkʃən",
        "ukphone": "ɪk'stɪŋ(k)ʃ(ə)n; ek-"
    },
    {
        "name": "dinosaur",
        "trans": [
            "恐龙"
        ],
        "usphone": "ˈdaɪnəˌsɔr",
        "ukphone": "'daɪnəsɔː"
    },
    {
        "name": "come into being",
        "trans": [
            "形成；产生"
        ],
        "usphone": "",
        "ukphone": ""
    },
    {
        "name": "county",
        "trans": [
            "县；郡"
        ],
        "usphone": "'kaʊnti",
        "ukphone": "'kaʊntɪ"
    },
    {
        "name": "inspect",
        "trans": [
            "检查；视察"
        ],
        "usphone": "ɪn'spɛkt",
        "ukphone": "ɪn'spekt"
    },
    {
        "name": "unexpected",
        "trans": [
            "没料到的；意外的"
        ],
        "usphone": "'ʌnɪk'spɛktɪd",
        "ukphone": "ʌnɪk'spektɪd; ʌnek-"
    },
    {
        "name": "incident",
        "trans": [
            "事件；事变"
        ],
        "usphone": "'ɪnsɪdənt",
        "ukphone": "'ɪnsɪd(ə)nt"
    },
    {
        "name": "dust",
        "trans": [
            "灰尘；尘埃；尘土"
        ],
        "usphone": "dʌst",
        "ukphone": "dʌst"
    },
    {
        "name": "according to",
        "trans": [
            "按照；根据……所说"
        ],
        "usphone": "",
        "ukphone": ""
    },
    {
        "name": "Mauritius",
        "trans": [
            "毛里求斯（非洲东部岛国）"
        ],
        "usphone": "mə'rɪʃɚs",
        "ukphone": "mə'rɪʃəs"
    },
    {
        "name": "disappearance",
        "trans": [
            "消失"
        ],
        "usphone": ",dɪsə'pɪrəns",
        "ukphone": "dɪsə'pɪərəns"
    },
    {
        "name": "fierce",
        "trans": [
            "凶猛的；猛烈的"
        ],
        "usphone": "fɪrs",
        "ukphone": "fɪəs"
    },
    {
        "name": "so that",
        "trans": [
            "以致于；结果"
        ],
        "usphone": "",
        "ukphone": ""
    },
    {
        "name": "ending",
        "trans": [
            "结局；结尾"
        ],
        "usphone": "'ɛndɪŋ",
        "ukphone": "'endɪŋ"
    },
    {
        "name": "faithfully",
        "trans": [
            "忠诚地；忠实地"
        ],
        "usphone": "'feθfəli",
        "ukphone": "'feɪθfʊlɪ; -f(ə)lɪ"
    },
    {
        "name": "Colobus monkey",
        "trans": [
            "（非洲产）疣猴，髯猴"
        ],
        "usphone": "",
        "ukphone": ""
    },
    {
        "name": "classical",
        "trans": [
            "古典的；古典文艺的"
        ],
        "usphone": "'klæsɪkl",
        "ukphone": "'klæsɪk(ə)l"
    },
    {
        "name": "roll",
        "trans": [
            "滚动；（使）摇摆",
            "摇晃；卷；卷形物；面包圈"
        ],
        "usphone": "rol",
        "ukphone": "rəʊl"
    },
    {
        "name": "rock'n'roll",
        "trans": [
            "(rock-and-roll) 摇滚乐"
        ],
        "usphone": "",
        "ukphone": ""
    },
    {
        "name": "orchestra",
        "trans": [
            "管弦乐队"
        ],
        "usphone": "'ɔrkɪstrə",
        "ukphone": "'ɔːkɪstrə"
    },
    {
        "name": "rap",
        "trans": [
            "说唱乐"
        ],
        "usphone": "ræp",
        "ukphone": "ræp"
    },
    {
        "name": "folk",
        "trans": [
            "民间的"
        ],
        "usphone": "fok",
        "ukphone": "fəʊk"
    },
    {
        "name": "jazz",
        "trans": [
            "爵士音乐"
        ],
        "usphone": "dʒæz",
        "ukphone": "dʒæz"
    },
    {
        "name": "choral",
        "trans": [
            "唱诗班的；合唱队的"
        ],
        "usphone": "'kɔrəl",
        "ukphone": "'kɔːr(ə)l"
    },
    {
        "name": "the Monkees",
        "trans": [
            "门基乐队"
        ],
        "usphone": "",
        "ukphone": ""
    },
    {
        "name": "musician",
        "trans": [
            "音乐家"
        ],
        "usphone": "mjʊ'zɪʃən",
        "ukphone": "mjuː'zɪʃ(ə)n"
    },
    {
        "name": "dream of",
        "trans": [
            "梦见；梦想；设想"
        ],
        "usphone": "",
        "ukphone": ""
    },
    {
        "name": "karaoke",
        "trans": [
            "卡拉OK录音；自动伴奏录音"
        ],
        "usphone": ",kærɪ'oki",
        "ukphone": ",kærɪ'əʊkɪ"
    },
    {
        "name": "pretend",
        "trans": [
            "假装；假扮"
        ],
        "usphone": "prɪ'tɛnd",
        "ukphone": "prɪ'tend"
    },
    {
        "name": "to be honest",
        "trans": [
            "说实在地；实话说"
        ],
        "usphone": "",
        "ukphone": ""
    },
    {
        "name": "attach",
        "trans": [
            "系上；缚上；附加；连接"
        ],
        "usphone": "ə'tætʃ",
        "ukphone": "ə'tætʃ"
    },
    {
        "name": "attach...to",
        "trans": [
            "认为有（重要性、意义）；附上；连接"
        ],
        "usphone": "",
        "ukphone": ""
    },
    {
        "name": "form",
        "trans": [
            "（使）组成；形成；构成"
        ],
        "usphone": "fɔrm",
        "ukphone": "fɔːm"
    },
    {
        "name": "fame",
        "trans": [
            "名声；名望"
        ],
        "usphone": "fem",
        "ukphone": "feɪm"
    },
    {
        "name": "passer-by",
        "trans": [
            "过路人；行人"
        ],
        "usphone": "'pæsə'baɪ",
        "ukphone": "'pɑ:sə'bai, 'pæs-"
    },
    {
        "name": "earn",
        "trans": [
            "赚；挣得；获得"
        ],
        "usphone": "ɝn",
        "ukphone": "ɜːn"
    },
    {
        "name": "extra",
        "trans": [
            "额外的；外加的"
        ],
        "usphone": "'ɛkstrə",
        "ukphone": "'ekstrə"
    },
    {
        "name": "instrument",
        "trans": [
            "工具；器械；乐器"
        ],
        "usphone": "'ɪnstrəmənt",
        "ukphone": "'ɪnstrʊm(ə)nt"
    },
    {
        "name": "perform",
        "trans": [
            "表演；履行；执行"
        ],
        "usphone": "pɚ'fɔrm",
        "ukphone": "pə'fɔːm"
    },
    {
        "name": "performance",
        "trans": [
            "表演；演奏"
        ],
        "usphone": "pɚ'fɔrməns",
        "ukphone": "pə'fɔːm(ə)ns"
    },
    {
        "name": "pub",
        "trans": [
            "酒馆；酒吧"
        ],
        "usphone": "pʌb",
        "ukphone": "pʌb"
    },
    {
        "name": "cash",
        "trans": [
            "现金"
        ],
        "usphone": "kæʃ",
        "ukphone": "kæʃ"
    },
    {
        "name": "in cash",
        "trans": [
            "用现金；有现钱"
        ],
        "usphone": "",
        "ukphone": ""
    },
    {
        "name": "studio",
        "trans": [
            "演播室；工作室"
        ],
        "usphone": "'studɪo",
        "ukphone": "'stjuːdɪəʊ"
    },
    {
        "name": "millionaire",
        "trans": [
            "百万富翁；富豪"
        ],
        "usphone": ",mɪljə'nɛr",
        "ukphone": "mɪljə'neə"
    },
    {
        "name": "play jokes on",
        "trans": [
            "戏弄"
        ],
        "usphone": "",
        "ukphone": ""
    },
    {
        "name": "actor",
        "trans": [
            "男演员；行动者"
        ],
        "usphone": "'æktɚ",
        "ukphone": "'æktə"
    },
    {
        "name": "rely",
        "trans": [
            "依赖；依靠"
        ],
        "usphone": "rɪ'laɪ",
        "ukphone": "rɪ'laɪ"
    },
    {
        "name": "rely on",
        "trans": [
            "依赖；依靠"
        ],
        "usphone": "",
        "ukphone": ""
    },
    {
        "name": "broadcast",
        "trans": [
            "广播；播放",
            "广播；播放"
        ],
        "usphone": "'brɔdkæst",
        "ukphone": "'brɔːdkɑːst"
    },
    {
        "name": "humorous",
        "trans": [
            "幽默的；诙谐的"
        ],
        "usphone": "'hjumərəs",
        "ukphone": "'hjuːm(ə)rəs"
    },
    {
        "name": "familiar",
        "trans": [
            "熟悉的；常见的；亲近的"
        ],
        "usphone": "fə'mɪljɚ",
        "ukphone": "fə'mɪlɪə"
    },
    {
        "name": "be familiar with",
        "trans": [
            "熟悉；与……熟悉起来"
        ],
        "usphone": "",
        "ukphone": ""
    },
    {
        "name": "get familiar with",
        "trans": [
            "熟悉；与……熟悉起来"
        ],
        "usphone": "",
        "ukphone": ""
    },
    {
        "name": "or so",
        "trans": [
            "大约"
        ],
        "usphone": "",
        "ukphone": ""
    },
    {
        "name": "break up",
        "trans": [
            "打碎；分裂；解体"
        ],
        "usphone": "",
        "ukphone": ""
    },
    {
        "name": "reunite",
        "trans": [
            "再统一；再联合；重聚"
        ],
        "usphone": ",riju'naɪt",
        "ukphone": "riːjʊ'naɪt"
    },
    {
        "name": "attractive",
        "trans": [
            "吸引人的；有吸引力的"
        ],
        "usphone": "ə'træktɪv",
        "ukphone": "ə'træktɪv"
    },
    {
        "name": "addition",
        "trans": [
            "加；增加；加法"
        ],
        "usphone": "ə'dɪʃən",
        "ukphone": "ə'dɪʃ(ə)n"
    },
    {
        "name": "in addition",
        "trans": [
            "另外；也"
        ],
        "usphone": "",
        "ukphone": ""
    },
    {
        "name": "sort out",
        "trans": [
            "分类"
        ],
        "usphone": "",
        "ukphone": ""
    },
    {
        "name": "excitement",
        "trans": [
            "兴奋；刺激"
        ],
        "usphone": "ɪk'saɪtmənt",
        "ukphone": "ɪk'saɪtmənt"
    },
    {
        "name": "ballad",
        "trans": [
            "情歌；歌谣；民谣"
        ],
        "usphone": "'bæləd",
        "ukphone": "'bæləd"
    },
    {
        "name": "overnignt",
        "trans": [
            "在晚上；在夜里；（口）很快；一夜之间"
        ],
        "usphone": "",
        "ukphone": ""
    },
    {
        "name": "dip",
        "trans": [
            "浸；蘸"
        ],
        "usphone": "dɪp",
        "ukphone": "dɪp"
    },
    {
        "name": "tadpole",
        "trans": [
            "蝌蚪"
        ],
        "usphone": "'tæd'pol",
        "ukphone": "'tædpəʊl"
    },
    {
        "name": "lily",
        "trans": [
            "百合；百合花"
        ],
        "usphone": "'lɪli",
        "ukphone": "'lɪlɪ"
    },
    {
        "name": "confident",
        "trans": [
            "确信的；自信的"
        ],
        "usphone": "'kɑnfɪdənt",
        "ukphone": "'kɒnfɪd(ə)nt"
    },
    {
        "name": "Freddy",
        "trans": [
            "弗雷迪（男名）"
        ],
        "usphone": "",
        "ukphone": ""
    },
    {
        "name": "brief",
        "trans": [
            "简短的；简要的",
            "摘要；大纲"
        ],
        "usphone": "brif",
        "ukphone": "briːf"
    },
    {
        "name": "briefly",
        "trans": [
            "简要地；短暂地"
        ],
        "usphone": "'brifli",
        "ukphone": "'briːflɪ"
    },
    {
        "name": "devotion",
        "trans": [
            "投入；热爱"
        ],
        "usphone": "dɪ'voʃən",
        "ukphone": "dɪ'vəʊʃ(ə)n"
    },
    {
        "name": "afterwards",
        "trans": [
            "然后；后来"
        ],
        "usphone": "'æftɚwɚdz",
        "ukphone": "'ɑːftəwədz"
    },
    {
        "name": "invitation",
        "trans": [
            "邀请；招待"
        ],
        "usphone": "ˌɪnvɪˈteɪʃn",
        "ukphone": "ɪnvɪ'teɪʃ(ə)n"
    },
    {
        "name": "beard",
        "trans": [
            "胡须"
        ],
        "usphone": "bɪrd",
        "ukphone": "bɪəd"
    },
    {
        "name": "sensitive",
        "trans": [
            "敏感的；易受伤害的；灵敏的"
        ],
        "usphone": "'sɛnsətɪv",
        "ukphone": "'sensɪtɪv"
    },
    {
        "name": "painful",
        "trans": [
            "痛苦的；疼痛的"
        ],
        "usphone": "'penfl",
        "ukphone": "'peɪnfʊl; -f(ə)l"
    },
    {
        "name": "above all",
        "trans": [
            "最重要；首先"
        ],
        "usphone": "",
        "ukphone": ""
    }
]