[
    {
        "name": "Auckland",
        "trans": [
            "奥克兰（新西兰北岛西北岸港口城市）"
        ],
        "usphone": "ˈɔːklənd",
        "ukphone": "'ɔ:klənd"
    },
    {
        "name": "Maori",
        "trans": [
            "（新西兰的）毛利人，毛利语；毛利语"
        ],
        "usphone": "'mauri",
        "ukphone": "'mauri"
    },
    {
        "name": "kiwi",
        "trans": [
            "几维鸟（新西兰产的一种无翼鸟）"
        ],
        "usphone": "'kiwi",
        "ukphone": "'kiːwiː; -wɪ"
    },
    {
        "name": "Stewart Island",
        "trans": [
            "斯图尔特岛（新西兰一岛屿）"
        ],
        "usphone": "",
        "ukphone": ""
    },
    {
        "name": "tectonic",
        "trans": [
            "地壳构造上的，起因于地壳运动的"
        ],
        "usphone": "tɛk'tɑnɪk",
        "ukphone": "tek'tɒnɪk"
    },
    {
        "name": "geological",
        "trans": [
            "地质学的，地质的"
        ],
        "usphone": "dʒɪə'lɑdʒɪkl",
        "ukphone": "dʒɪə'lɒdʒɪkl"
    },
    {
        "name": "geology",
        "trans": [
            "地质学"
        ],
        "usphone": "dʒɪ'ɑlədʒi",
        "ukphone": "dʒɪ'ɒlədʒɪ"
    },
    {
        "name": "plateau",
        "trans": [
            "高原"
        ],
        "usphone": "plæ'to",
        "ukphone": "'plætəʊ"
    },
    {
        "name": "Alps",
        "trans": [
            "阿尔卑斯山"
        ],
        "usphone": "ælps",
        "ukphone": "ælps"
    },
    {
        "name": "backbone",
        "trans": [
            "脊椎，脊柱"
        ],
        "usphone": "'bæk'bon",
        "ukphone": "'bækbəʊn"
    },
    {
        "name": "graze",
        "trans": [
            "放牧，吃草"
        ],
        "usphone": "ɡrez",
        "ukphone": "greɪz"
    },
    {
        "name": "strip",
        "trans": [
            "狭长的地域或水域"
        ],
        "usphone": "strɪp",
        "ukphone": "strɪp"
    },
    {
        "name": "Christchurch",
        "trans": [
            "克莱斯特彻奇（新西兰南岛东岸港口城市）"
        ],
        "usphone": "'kraisttʃə:tʃ",
        "ukphone": "'kraisttʃə:tʃ"
    },
    {
        "name": "carve",
        "trans": [
            "雕刻，切开"
        ],
        "usphone": "kɑrv",
        "ukphone": "kɑːv"
    },
    {
        "name": "paddle",
        "trans": [
            "用桨划（小船）"
        ],
        "usphone": "'pædl",
        "ukphone": "'pæd(ə)l"
    },
    {
        "name": "uninhabited",
        "trans": [
            "无人居住的，杳无人迹的"
        ],
        "usphone": ",ʌnɪn'hæbɪtɪd",
        "ukphone": "ʌnɪn'hæbɪtɪd"
    },
    {
        "name": "extinction",
        "trans": [
            "绝种，灭绝"
        ],
        "usphone": "ɪk'stɪŋkʃən",
        "ukphone": "ɪk'stɪŋ(k)ʃ(ə)n; ek-"
    },
    {
        "name": "fern",
        "trans": [
            "蕨类植物"
        ],
        "usphone": "fɝn",
        "ukphone": "fɜːn"
    },
    {
        "name": "scarce",
        "trans": [
            "缺乏的，不足的"
        ],
        "usphone": "skɛrs",
        "ukphone": "skeəs"
    },
    {
        "name": "warlike",
        "trans": [
            "好战的，尚武的，善战的"
        ],
        "usphone": "'wɔrlaɪk",
        "ukphone": "'wɔːlaɪk"
    },
    {
        "name": "tribe",
        "trans": [
            "部落，部族"
        ],
        "usphone": "traɪb",
        "ukphone": "traɪb"
    },
    {
        "name": "wipe out",
        "trans": [
            "清除，垮台"
        ],
        "usphone": "",
        "ukphone": ""
    },
    {
        "name": "take over",
        "trans": [
            "接管，接收"
        ],
        "usphone": "",
        "ukphone": ""
    },
    {
        "name": "fence",
        "trans": [
            "栅栏，篱笆，围墙"
        ],
        "usphone": "fɛns",
        "ukphone": "fens"
    },
    {
        "name": "immunity",
        "trans": [
            "免疫性"
        ],
        "usphone": "ɪ'mjʊnəti",
        "ukphone": "ɪ'mjuːnɪtɪ"
    },
    {
        "name": "immune",
        "trans": [
            "免疫的，免受（伤害）的"
        ],
        "usphone": "ɪ'mjʊn",
        "ukphone": "ɪ'mjuːn"
    },
    {
        "name": "Christianity",
        "trans": [
            "基督教"
        ],
        "usphone": ",kristi'ænəti",
        "ukphone": ",kristi'ænəti"
    },
    {
        "name": "treaty",
        "trans": [
            "条约，协议，协定"
        ],
        "usphone": "'triti",
        "ukphone": "'triːtɪ"
    },
    {
        "name": "representative",
        "trans": [
            "代表"
        ],
        "usphone": "'rɛprɪ'zɛntətɪv",
        "ukphone": "reprɪ'zentətɪv"
    },
    {
        "name": "owenrship",
        "trans": [
            "所有权，物主身份"
        ],
        "usphone": "",
        "ukphone": ""
    },
    {
        "name": "unrest",
        "trans": [
            "不安的状态，动乱"
        ],
        "usphone": "ʌn'rɛst",
        "ukphone": "ʌn'rest"
    },
    {
        "name": "civilian",
        "trans": [
            "平民"
        ],
        "usphone": "sə'vɪlɪən",
        "ukphone": "sɪ'vɪlj(ə)n"
    },
    {
        "name": "bungee jumping",
        "trans": [
            "蹦极跳"
        ],
        "usphone": "",
        "ukphone": ""
    },
    {
        "name": "fasten",
        "trans": [
            "系牢，栓紧，使固定"
        ],
        "usphone": "'fæsən",
        "ukphone": "'fɑːs(ə)n"
    },
    {
        "name": "elastic",
        "trans": [
            "有弹性的"
        ],
        "usphone": "ɪ'læstɪk",
        "ukphone": "ɪ'læstɪk"
    },
    {
        "name": "suspension",
        "trans": [
            "悬架，减震装置；悬浮液"
        ],
        "usphone": "sə'spɛnʃən",
        "ukphone": "sə'spenʃ(ə)n"
    },
    {
        "name": "appetite",
        "trans": [
            "食欲，胃口"
        ],
        "usphone": "'æpəˌtaɪt",
        "ukphone": "'æpɪtaɪt"
    },
    {
        "name": "buffet",
        "trans": [
            "自助餐"
        ],
        "usphone": "bəˈfe; bʌfɪt",
        "ukphone": "ˈbʊfeɪ;ˈbʌfɪt"
    },
    {
        "name": "pasta",
        "trans": [
            "意大利面食（包括通心粉及面条等）"
        ],
        "usphone": "'pɑstə",
        "ukphone": "'pæstə"
    },
    {
        "name": "porter",
        "trans": [
            "守门人；行李搬运工"
        ],
        "usphone": "'pɔrtɚ",
        "ukphone": "'pɔːtə"
    },
    {
        "name": "suite",
        "trans": [
            "（宾馆中的）套房"
        ],
        "usphone": "sut; swit",
        "ukphone": "swiːt"
    },
    {
        "name": "lounge",
        "trans": [
            "休息室；起居室"
        ],
        "usphone": "laʊndʒ",
        "ukphone": "laʊn(d)ʒ"
    },
    {
        "name": "laundry",
        "trans": [
            "洗衣店"
        ],
        "usphone": "'lɔndri",
        "ukphone": "'lɔːndrɪ"
    },
    {
        "name": "helicopter",
        "trans": [
            "直升飞机"
        ],
        "usphone": "'hɛlɪkɑptɚ",
        "ukphone": "'helɪkɒptə"
    },
    {
        "name": "brunch",
        "trans": [
            "早午餐"
        ],
        "usphone": "brʌntʃ",
        "ukphone": "brʌn(t)ʃ"
    },
    {
        "name": "Napier",
        "trans": [
            "内皮尔（新西兰北岛东岸港口城市）；纳皮尔（人名）"
        ],
        "usphone": "'neipiə",
        "ukphone": "'neipiə"
    },
    {
        "name": "Burma",
        "trans": [
            "缅甸"
        ],
        "usphone": "'bə:mə",
        "ukphone": "'bə:mə"
    },
    {
        "name": "Lake Taupo",
        "trans": [
            "陶波湖（新西兰最大湖）"
        ],
        "usphone": "",
        "ukphone": ""
    },
    {
        "name": "dairy",
        "trans": [
            "牛奶场；乳品公司"
        ],
        "usphone": "'dɛri",
        "ukphone": "'deərɪ"
    },
    {
        "name": "statistics",
        "trans": [
            "统计数据"
        ],
        "usphone": "stə'tɪstɪks",
        "ukphone": "stə'tɪstɪks"
    },
    {
        "name": "eco-friendly",
        "trans": [
            "对生态环境友好的，不妨害生态环境的"
        ],
        "usphone": "'i:kəu,frendli",
        "ukphone": "'i:kəu,frendli"
    },
    {
        "name": "subtropical",
        "trans": [
            "亚热带的"
        ],
        "usphone": ",sʌb'trɑpɪkl",
        "ukphone": ",sʌb'trɒpɪkəl"
    },
    {
        "name": "fiord",
        "trans": [
            "峡湾，海湾"
        ],
        "usphone": "fjɔ:d",
        "ukphone": "fjɔːd"
    },
    {
        "name": "not to mention",
        "trans": [
            "不必提及，更不用说"
        ],
        "usphone": "",
        "ukphone": ""
    },
    {
        "name": "recreation",
        "trans": [
            "娱乐，消遣"
        ],
        "usphone": ",rɛkrɪ'eʃən",
        "ukphone": ",rekrɪ'eɪʃ(ə)n"
    },
    {
        "name": "raft",
        "trans": [
            "木筏，木排"
        ],
        "usphone": "ræft",
        "ukphone": "rɑːft"
    },
    {
        "name": "abseil",
        "trans": [
            "（登山运动员）绕绳下降，悬绳滑锁"
        ],
        "usphone": "'æzaɪl",
        "ukphone": "'æbseɪl; -zaɪl"
    },
    {
        "name": "get around",
        "trans": [
            "到处走动"
        ],
        "usphone": "",
        "ukphone": ""
    },
    {
        "name": "hemisphere",
        "trans": [
            "半球"
        ],
        "usphone": "'hɛmɪsfɪr",
        "ukphone": "'hemɪsfɪə"
    },
    {
        "name": "schedule",
        "trans": [
            "时间表，进度表"
        ],
        "usphone": "ˈskedʒʊl; skɛdʒʊl",
        "ukphone": "ˈʃedju:l"
    },
    {
        "name": "extensive",
        "trans": [
            "广阔的，大量的；广泛的"
        ],
        "usphone": "ɪk'stɛnsɪv",
        "ukphone": "ɪk'stensɪv; ek-"
    },
    {
        "name": "flexible",
        "trans": [
            "灵活的，可通融的"
        ],
        "usphone": "'flɛksəbl",
        "ukphone": "'fleksɪb(ə)l"
    },
    {
        "name": "pace",
        "trans": [
            "速度；步调"
        ],
        "usphone": "pes",
        "ukphone": "peɪs"
    },
    {
        "name": "insurance",
        "trans": [
            "保险"
        ],
        "usphone": "ɪn'ʃʊrəns",
        "ukphone": "ɪn'ʃurəns"
    },
    {
        "name": "insure",
        "trans": [
            "（常与 against 连用）保险，确保"
        ],
        "usphone": "ɪn'ʃʊr",
        "ukphone": "ɪn'ʃɔː; ɪn'ʃʊə"
    },
    {
        "name": "theft",
        "trans": [
            "盗窃"
        ],
        "usphone": "θɛft",
        "ukphone": "θeft"
    },
    {
        "name": "handy",
        "trans": [
            "近便的，便利的，容易取得的"
        ],
        "usphone": "'hændi",
        "ukphone": "'hændɪ"
    },
    {
        "name": "consultant",
        "trans": [
            "顾问，咨询者"
        ],
        "usphone": "kən'sʌltənt",
        "ukphone": "kən'sʌlt(ə)nt"
    },
    {
        "name": "guidance",
        "trans": [
            "指导，引导"
        ],
        "usphone": "'gaɪdns",
        "ukphone": "'gaɪd(ə)ns"
    },
    {
        "name": "database",
        "trans": [
            "数据库，基本数据，资料库"
        ],
        "usphone": "'detəbes",
        "ukphone": "'deɪtəbeɪs"
    },
    {
        "name": "cater",
        "trans": [
            "备办酒菜，承办酒席，提供食物（娱乐节目）"
        ],
        "usphone": "'ketɚ",
        "ukphone": "'keɪtə"
    },
    {
        "name": "cater for sb",
        "trans": [
            "为某人提供，迎合某人的需要"
        ],
        "usphone": "",
        "ukphone": ""
    },
    {
        "name": "cater for sth",
        "trans": [
            "迎合，考虑到"
        ],
        "usphone": "",
        "ukphone": ""
    },
    {
        "name": "enquiry",
        "trans": [
            "询问；探究"
        ],
        "usphone": "ɛnˈkwaɪri, ˈɛnkwəri",
        "ukphone": "ɪn'kwaɪrɪ"
    },
    {
        "name": "extension",
        "trans": [
            "（电话）分机；延伸"
        ],
        "usphone": "ɪk'stɛnʃən",
        "ukphone": "ɪk'stenʃ(ə)n; ek-"
    },
    {
        "name": "vertical",
        "trans": [
            "垂直的"
        ],
        "usphone": "'vɝtɪkl",
        "ukphone": "'vɜːtɪk(ə)l"
    },
    {
        "name": "axis",
        "trans": [
            "轴，轴线"
        ],
        "usphone": "'æksɪs",
        "ukphone": "'æksɪs"
    },
    {
        "name": "detect",
        "trans": [
            "侦查，探测，检定"
        ],
        "usphone": "dɪ'tɛkt",
        "ukphone": "dɪ'tekt"
    },
    {
        "name": "Bahmad",
        "trans": [
            "巴姆德（姓）"
        ],
        "usphone": "",
        "ukphone": ""
    },
    {
        "name": "jogger",
        "trans": [
            "跑步锻炼的人，慢跑者"
        ],
        "usphone": "'dʒɑɡɚ",
        "ukphone": "'dʒɒgə"
    },
    {
        "name": "forensic",
        "trans": [
            "法庭科学取证的，法医的"
        ],
        "usphone": "fə'rɛnsɪk",
        "ukphone": "fə'rensɪk"
    },
    {
        "name": "spray",
        "trans": [
            "喷射，喷溅"
        ],
        "usphone": "spreɪ",
        "ukphone": "spreɪ"
    },
    {
        "name": "fingerprint",
        "trans": [
            "指纹，手印"
        ],
        "usphone": "'fɪŋɡɚprɪnt",
        "ukphone": "'fɪŋgəprɪnt"
    },
    {
        "name": "stain",
        "trans": [
            "污点，污处"
        ],
        "usphone": "sten",
        "ukphone": "steɪn"
    },
    {
        "name": "wrap",
        "trans": [
            "包，裹"
        ],
        "usphone": "ræp",
        "ukphone": "ræp"
    },
    {
        "name": "bind",
        "trans": [
            "缚，绑"
        ],
        "usphone": "baɪnd",
        "ukphone": "baɪnd"
    },
    {
        "name": "torso",
        "trans": [
            "（人体的）躯干"
        ],
        "usphone": "'tɔrso",
        "ukphone": "'tɔːsəʊ"
    },
    {
        "name": "Dempsey",
        "trans": [
            "登普西（姓）"
        ],
        "usphone": "",
        "ukphone": ""
    },
    {
        "name": "surgeon",
        "trans": [
            "外科医生"
        ],
        "usphone": "'sɝdʒən",
        "ukphone": "'sɜːdʒ(ə)n"
    },
    {
        "name": "X-ray",
        "trans": [
            "照 X 光，照 X 射线"
        ],
        "usphone": "'eksreɪ",
        "ukphone": "ˈɛksreɪ"
    },
    {
        "name": "abnormal",
        "trans": [
            "不正常的，反常的，变态的"
        ],
        "usphone": "æbˈnɔːrml",
        "ukphone": "æb'nɔːml"
    },
    {
        "name": "Shipley",
        "trans": [
            "希普利（姓）"
        ],
        "usphone": "",
        "ukphone": ""
    },
    {
        "name": "emergency",
        "trans": [
            "紧急情况，紧急事件"
        ],
        "usphone": "ɪ'mɝdʒənsi",
        "ukphone": "ɪ'mɜːdʒ(ə)nsɪ"
    },
    {
        "name": "by law",
        "trans": [
            "根据法律"
        ],
        "usphone": "",
        "ukphone": ""
    },
    {
        "name": "jury",
        "trans": [
            "陪审团，陪审委员会"
        ],
        "usphone": "'dʒʊri",
        "ukphone": "'dʒʊərɪ"
    },
    {
        "name": "imprisonment",
        "trans": [
            "关押，监禁"
        ],
        "usphone": "ɪm'prɪznmənt",
        "ukphone": "ɪm'prɪz(ə)nm(ə)nt"
    },
    {
        "name": "assessment",
        "trans": [
            "评估，评价"
        ],
        "usphone": "ə'sɛsmənt",
        "ukphone": "ə'sesmənt"
    },
    {
        "name": "widow",
        "trans": [
            "寡妇"
        ],
        "usphone": "'wɪdo",
        "ukphone": "'wɪdəʊ"
    },
    {
        "name": "compensate",
        "trans": [
            "补偿，赔偿"
        ],
        "usphone": "'kɑmpɛnset",
        "ukphone": "'kɒmpenseɪt"
    },
    {
        "name": "maximum",
        "trans": [
            "最大量（的），最大限度（的），极大（的）"
        ],
        "usphone": "ˈmæksəməm",
        "ukphone": "'mæksɪməm"
    },
    {
        "name": "motive",
        "trans": [
            "动机，目的"
        ],
        "usphone": "'motɪv",
        "ukphone": "'moutɪv"
    },
    {
        "name": "savagely",
        "trans": [
            "野蛮地，残酷地"
        ],
        "usphone": "'sævɪdʒli",
        "ukphone": ""
    },
    {
        "name": "ward",
        "trans": [
            "病房"
        ],
        "usphone": "wɔrd",
        "ukphone": "wɔːd"
    },
    {
        "name": "lame",
        "trans": [
            "跛的，瘸的"
        ],
        "usphone": "lem",
        "ukphone": "leɪm"
    },
    {
        "name": "thriller",
        "trans": [
            "惊险读物（电影）"
        ],
        "usphone": "'θrɪlɚ",
        "ukphone": "'θrɪlə"
    },
    {
        "name": "confidential",
        "trans": [
            "机密的，秘密的"
        ],
        "usphone": ",kɑnfɪ'dɛnʃl",
        "ukphone": "kɒnfɪ'denʃ(ə)l"
    },
    {
        "name": "ministry",
        "trans": [
            "（政府的）部门"
        ],
        "usphone": "'mɪnɪstri",
        "ukphone": "'mɪnɪstrɪ"
    },
    {
        "name": "funeral",
        "trans": [
            "葬礼，丧礼"
        ],
        "usphone": "'fjunərəl",
        "ukphone": "'fjuːn(ə)r(ə)l"
    },
    {
        "name": "memorial",
        "trans": [
            "纪念碑；纪念物"
        ],
        "usphone": "məˈmɔrɪəl",
        "ukphone": "mə'mɔːrɪəl"
    },
    {
        "name": "trend",
        "trans": [
            "趋势，趋向"
        ],
        "usphone": "trɛnd",
        "ukphone": "trend"
    },
    {
        "name": "unemployment",
        "trans": [
            "失业，失业状态"
        ],
        "usphone": ",ʌnɪm'plɔɪmənt",
        "ukphone": "ʌnɪm'plɒɪm(ə)nt; -em-"
    },
    {
        "name": "taxpayer",
        "trans": [
            "纳税人"
        ],
        "usphone": "'tæks,peiə",
        "ukphone": "'tækspeɪə"
    },
    {
        "name": "import",
        "trans": [
            "输入，进口，引进"
        ],
        "usphone": "'ɪmpɔt",
        "ukphone": "ɪm'pɔːt; 'ɪm-"
    },
    {
        "name": "aluminium",
        "trans": [
            "Al 铝"
        ],
        "usphone": ",æljə'mɪnɪəm",
        "ukphone": "æl(j)ʊ'mɪnɪəm"
    },
    {
        "name": "surplus",
        "trans": [
            "过剩的，剩余的",
            "剩余物，盈余"
        ],
        "usphone": "'sɝpləs",
        "ukphone": "'sɜːpləs"
    },
    {
        "name": "Arthur Conan Doyle",
        "trans": [
            "亚瑟.柯南道尔（1859-1930，英国医师、小说家、推理小说家，创造了私人侦探福尔摩斯的形象）"
        ],
        "usphone": "",
        "ukphone": ""
    },
    {
        "name": "Jaez Wilson",
        "trans": [
            "杰贝兹.威尔逊"
        ],
        "usphone": "",
        "ukphone": ""
    },
    {
        "name": "Sherlock Holmes",
        "trans": [
            "夏洛克.福尔摩斯（英国作家柯南.道尔作品中的名侦探）"
        ],
        "usphone": "",
        "ukphone": ""
    },
    {
        "name": "flame",
        "trans": [
            "火焰"
        ],
        "usphone": "flem",
        "ukphone": "fleɪm"
    },
    {
        "name": "greengrocer",
        "trans": [
            "蔬菜水果商"
        ],
        "usphone": "'ɡrinɡrosɚ",
        "ukphone": "'griːngrəʊsə"
    },
    {
        "name": "greengrocer's",
        "trans": [
            "蔬菜水果商店"
        ],
        "usphone": "",
        "ukphone": ""
    },
    {
        "name": "alley",
        "trans": [
            "小巷，胡同"
        ],
        "usphone": "'æli",
        "ukphone": "'ælɪ"
    },
    {
        "name": "remark",
        "trans": [
            "说，谈论，评论"
        ],
        "usphone": "rɪ'mɑrk",
        "ukphone": "rɪ'mɑːk"
    },
    {
        "name": "make of sth",
        "trans": [
            "了解，理解"
        ],
        "usphone": "",
        "ukphone": ""
    },
    {
        "name": "make of sb",
        "trans": [
            "了解，理解"
        ],
        "usphone": "",
        "ukphone": ""
    },
    {
        "name": "candidate",
        "trans": [
            "候选人，候补者；应试者"
        ],
        "usphone": "ˈkændɪˌdet, -dɪt",
        "ukphone": "'kændɪdeɪt; -dət"
    },
    {
        "name": "furnish",
        "trans": [
            "陈设，布置"
        ],
        "usphone": "'fɝnɪʃ",
        "ukphone": "'fɜːnɪʃ"
    },
    {
        "name": "expel",
        "trans": [
            "开除；赶出"
        ],
        "usphone": "ɪk'spɛl",
        "ukphone": "ɪk'spel; ek-"
    },
    {
        "name": "allowance",
        "trans": [
            "补助，津贴"
        ],
        "usphone": "ə'laʊəns",
        "ukphone": "ə'laʊəns"
    },
    {
        "name": "every so often",
        "trans": [
            "偶尔，时常"
        ],
        "usphone": "",
        "ukphone": ""
    },
    {
        "name": "peculiar",
        "trans": [
            "古怪的，奇怪的；特殊的，罕见的"
        ],
        "usphone": "pɪ'kjulɪɚ",
        "ukphone": "pɪ'kjuːlɪə"
    },
    {
        "name": "strategy",
        "trans": [
            "策略"
        ],
        "usphone": "'strætədʒi",
        "ukphone": "ˈstrætədʒɪ"
    },
    {
        "name": "myth",
        "trans": [
            "神话，虚构的理念或者故事"
        ],
        "usphone": "mɪθ",
        "ukphone": "mɪθ"
    },
    {
        "name": "harmony",
        "trans": [
            "和谐，融洽"
        ],
        "usphone": "'hɑrməni",
        "ukphone": "'hɑːmənɪ"
    },
    {
        "name": "depressed",
        "trans": [
            "沮丧的"
        ],
        "usphone": "dɪ'prɛst",
        "ukphone": "dɪ'prest"
    },
    {
        "name": "well-balanced",
        "trans": [
            "很平衡的，正常的；意识健全的，明智的"
        ],
        "usphone": "'wel'bælənst",
        "ukphone": "'wel'bælənst"
    },
    {
        "name": "prescription",
        "trans": [
            "药方，处方"
        ],
        "usphone": "prɪ'skrɪpʃən",
        "ukphone": "prɪ'skrɪpʃ(ə)n"
    },
    {
        "name": "cope",
        "trans": [
            "（妥善地）处理，对付，应付，克服"
        ],
        "usphone": "kop",
        "ukphone": "kəʊp"
    },
    {
        "name": "cope with",
        "trans": [
            "应付，对付，克服"
        ],
        "usphone": "",
        "ukphone": ""
    },
    {
        "name": "let down",
        "trans": [
            "使失望，辜负"
        ],
        "usphone": "",
        "ukphone": ""
    },
    {
        "name": "proportion",
        "trans": [
            "比例，比率；均衡"
        ],
        "usphone": "prə'pɔrʃən",
        "ukphone": "prə'pɔːʃ(ə)n"
    },
    {
        "name": "fulfil",
        "trans": [
            "满足，实现，达到"
        ],
        "usphone": "ful'fil",
        "ukphone": "fʊl'fɪl"
    },
    {
        "name": "effective",
        "trans": [
            "有效的"
        ],
        "usphone": "ɪ'fɛktɪv",
        "ukphone": "ɪ'fektɪv"
    },
    {
        "name": "agenda",
        "trans": [
            "议程（表）"
        ],
        "usphone": "ə'dʒɛndə",
        "ukphone": "ə'dʒendə"
    },
    {
        "name": "interval",
        "trans": [
            "间隔，间歇；幕间（工间）休息"
        ],
        "usphone": "'ɪntɚvl",
        "ukphone": "'ɪntəv(ə)l"
    },
    {
        "name": "session",
        "trans": [
            "一段（活动的）事件"
        ],
        "usphone": "'sɛʃən",
        "ukphone": "'seʃ(ə)n"
    },
    {
        "name": "contradictory",
        "trans": [
            "矛盾的，同……相反的"
        ],
        "usphone": ",kɑntrə'dɪktəri",
        "ukphone": "kɒntrə'dɪkt(ə)rɪ"
    },
    {
        "name": "revise",
        "trans": [
            "复习"
        ],
        "usphone": "rɪ'vaɪz",
        "ukphone": "rɪ'vaɪz"
    },
    {
        "name": "curriculum",
        "trans": [
            "课程"
        ],
        "usphone": "kə'rɪkjələm",
        "ukphone": "kə'rɪkjʊləm"
    },
    {
        "name": "informal",
        "trans": [
            "非正式的，非正规的"
        ],
        "usphone": "ɪn'fɔrml",
        "ukphone": "ɪn'fɔːm(ə)l"
    },
    {
        "name": "deadline",
        "trans": [
            "最后时间，最后期限"
        ],
        "usphone": "ˈdedlaɪn",
        "ukphone": "'dedlaɪn"
    },
    {
        "name": "rigid",
        "trans": [
            "刻板的，严格的；僵硬的"
        ],
        "usphone": "'rɪdʒɪd",
        "ukphone": "'rɪdʒɪd"
    },
    {
        "name": "subscribe",
        "trans": [
            "（常与 to 连用）同意，赞同"
        ],
        "usphone": "səb'skraɪb",
        "ukphone": "səb'skraɪb"
    },
    {
        "name": "post-graduate",
        "trans": [
            "研究生",
            "研究生的"
        ],
        "usphone": "",
        "ukphone": ""
    },
    {
        "name": "academy",
        "trans": [
            "研究院，学术团体；高等专科院校"
        ],
        "usphone": "ə'kædəmi",
        "ukphone": "ə'kædəmɪ"
    },
    {
        "name": "stead",
        "trans": [
            "代替；用处，好处"
        ],
        "usphone": "stɛd",
        "ukphone": "sted"
    },
    {
        "name": "stand sb in good stead",
        "trans": [
            "对某人很有用"
        ],
        "usphone": "",
        "ukphone": ""
    },
    {
        "name": "employer",
        "trans": [
            "雇主，老板"
        ],
        "usphone": "ɪm'plɔɪɚ",
        "ukphone": "ɪm'plɒɪə; em-"
    },
    {
        "name": "diploma",
        "trans": [
            "文凭，毕业证书"
        ],
        "usphone": "dɪ'plomə",
        "ukphone": "dɪ'pləʊmə"
    },
    {
        "name": "format",
        "trans": [
            "设计，安排"
        ],
        "usphone": "'fɔrmæt",
        "ukphone": "'fɔːmæt"
    },
    {
        "name": "glory",
        "trans": [
            "自豪，得意"
        ],
        "usphone": "'ɡlɔri",
        "ukphone": "'glɔːrɪ"
    },
    {
        "name": "glory in",
        "trans": [
            "以……为荣"
        ],
        "usphone": "",
        "ukphone": ""
    },
    {
        "name": "forgetful",
        "trans": [
            "健忘的"
        ],
        "usphone": "fɚ'gɛtfəl",
        "ukphone": "fə'getfʊl; -f(ə)l"
    },
    {
        "name": "administration",
        "trans": [
            "管理，行政管理"
        ],
        "usphone": "əd,mɪnɪ'streʃən",
        "ukphone": "ədmɪnɪ'streɪʃ(ə)n"
    },
    {
        "name": "choir",
        "trans": [
            "合唱团"
        ],
        "usphone": "'kwaɪɚ",
        "ukphone": "'kwaɪə"
    },
    {
        "name": "postcode",
        "trans": [
            "邮政编码，邮编"
        ],
        "usphone": "'post'kod",
        "ukphone": "'pəʊs(t)kəʊd"
    },
    {
        "name": "withdraw",
        "trans": [
            "收回，撤回；变得沉默寡言，冷漠，冷淡"
        ],
        "usphone": "wɪð'drɔ",
        "ukphone": "wɪð'drɔː"
    },
    {
        "name": "sake",
        "trans": [
            "目的，利益"
        ],
        "usphone": "sek",
        "ukphone": "seɪk"
    },
    {
        "name": "for one's own sake",
        "trans": [
            "为了……的缘故"
        ],
        "usphone": "",
        "ukphone": ""
    },
    {
        "name": "pursuit",
        "trans": [
            "寻求，追求"
        ],
        "usphone": "pɚ'sut",
        "ukphone": "pə'sjuːt"
    },
    {
        "name": "pursue",
        "trans": [
            "追求，寻求不断努力以取得"
        ],
        "usphone": "pə'sʊ",
        "ukphone": "pə'sjuː"
    },
    {
        "name": "pedicab",
        "trans": [
            "（人力）三轮车"
        ],
        "usphone": "'pɛdɪ,kæb",
        "ukphone": "'pedɪkæb"
    },
    {
        "name": "sleep rough",
        "trans": [
            "露宿"
        ],
        "usphone": "",
        "ukphone": ""
    },
    {
        "name": "feed on",
        "trans": [
            "从……中得到滋养或者满足"
        ],
        "usphone": "",
        "ukphone": ""
    },
    {
        "name": "philosophical",
        "trans": [
            "哲学上的"
        ],
        "usphone": ",fɪlə'sɑfɪkl",
        "ukphone": "fɪlə'sɒfɪk(ə)l"
    },
    {
        "name": "socialism",
        "trans": [
            "社会主义"
        ],
        "usphone": "'soʃəlɪzəm",
        "ukphone": "'səʊʃəlɪz(ə)m"
    },
    {
        "name": "receipt",
        "trans": [
            "收据，收条"
        ],
        "usphone": "rɪ'sit",
        "ukphone": "rɪ'siːt"
    },
    {
        "name": "outweigh",
        "trans": [
            "比……更重要，胜过"
        ],
        "usphone": "'aʊt'we",
        "ukphone": "aʊt'weɪ"
    },
    {
        "name": "ensure",
        "trans": [
            "确保，保证"
        ],
        "usphone": "ɪn'ʃʊr",
        "ukphone": "ɪn'ʃɔː; -'ʃʊə; en-"
    },
    {
        "name": "reproach",
        "trans": [
            "责骂，责备"
        ],
        "usphone": "rɪ'protʃ",
        "ukphone": "rɪ'prəʊtʃ"
    },
    {
        "name": "jealousy",
        "trans": [
            "嫉妒，羡慕"
        ],
        "usphone": "'dʒɛləsi",
        "ukphone": "'dʒeləsɪ"
    },
    {
        "name": "cease",
        "trans": [
            "结束，停息，终止"
        ],
        "usphone": "sis",
        "ukphone": "siːs"
    },
    {
        "name": "cease to be",
        "trans": [
            "不再是"
        ],
        "usphone": "",
        "ukphone": ""
    },
    {
        "name": "count up",
        "trans": [
            "把……加起来"
        ],
        "usphone": "",
        "ukphone": ""
    },
    {
        "name": "reinforce",
        "trans": [
            "增强，补充"
        ],
        "usphone": ",riɪn'fɔrs",
        "ukphone": "riːɪn'fɔːs"
    },
    {
        "name": "Odysseus",
        "trans": [
            "奥德修斯"
        ],
        "usphone": "əu'disju:s",
        "ukphone": "əu'disju:s"
    },
    {
        "name": "Trojan",
        "trans": [
            "（古代小亚细亚）特洛伊（Troy）的"
        ],
        "usphone": "",
        "ukphone": ""
    },
    {
        "name": "Ithaca",
        "trans": [
            "伊萨卡岛（希腊西部爱奥尼海中亚群岛之一）"
        ],
        "usphone": "'iθəkə",
        "ukphone": "'iθəkə"
    },
    {
        "name": "Telemachus",
        "trans": [
            "忒勒玛科斯（Odysseus 和 Penelope 之子）"
        ],
        "usphone": "ti'leməkəs; tə-",
        "ukphone": "ti'leməkəs; tə-"
    },
    {
        "name": "split",
        "trans": [
            "分开，分离"
        ],
        "usphone": "splɪt",
        "ukphone": "splɪt"
    },
    {
        "name": "violate",
        "trans": [
            "违犯，违反"
        ],
        "usphone": "'vaɪəlet",
        "ukphone": "'vaɪəleɪt"
    },
    {
        "name": "temporary",
        "trans": [
            "临时的，暂时的，一时的"
        ],
        "usphone": "ˈtempəreri",
        "ukphone": "'temp(ə)rərɪ"
    },
    {
        "name": "Penelope",
        "trans": [
            "珀涅罗珀（Odysseus 的忠实妻子）"
        ],
        "usphone": "pə'nɛləpi",
        "ukphone": "pi'neləpi"
    },
    {
        "name": "statesman",
        "trans": [
            "政治家，国务活动家"
        ],
        "usphone": "'stetsmən",
        "ukphone": "'steɪtsmən"
    },
    {
        "name": "statesmanlike",
        "trans": [
            "有政治家才干和风度的"
        ],
        "usphone": "'stetsmən'laɪk",
        "ukphone": ""
    },
    {
        "name": "unconditional",
        "trans": [
            "无条件的，无限制的,绝对的"
        ],
        "usphone": ",ʌnkən'dɪʃənl",
        "ukphone": "ʌnkən'dɪʃ(ə)n(ə)l"
    },
    {
        "name": "Cyclops",
        "trans": [
            "塞克罗伯斯（希腊神话独眼巨人）"
        ],
        "usphone": "'saɪklɑps",
        "ukphone": "'saiklɔps"
    },
    {
        "name": "scar",
        "trans": [
            "疤，伤疤；创伤"
        ],
        "usphone": "skɑr",
        "ukphone": "skɑː"
    },
    {
        "name": "howl",
        "trans": [
            "嚎叫，呼叫；咆哮"
        ],
        "usphone": "haʊl",
        "ukphone": "haʊl"
    },
    {
        "name": "merciful",
        "trans": [
            "仁慈的，宽容的"
        ],
        "usphone": "'mɝsɪfl",
        "ukphone": "'mɜːsɪfʊl; -f(ə)l"
    },
    {
        "name": "at the crack of dawn",
        "trans": [
            "黎明，大清早"
        ],
        "usphone": "",
        "ukphone": ""
    },
    {
        "name": "quick as a flash",
        "trans": [
            "立刻，马上，一刹那"
        ],
        "usphone": "",
        "ukphone": ""
    },
    {
        "name": "hatch",
        "trans": [
            "孵化，出壳"
        ],
        "usphone": "hætʃ",
        "ukphone": "hætʃ"
    },
    {
        "name": "whistle",
        "trans": [
            "哨子，口哨"
        ],
        "usphone": "'wɪsl",
        "ukphone": "'wɪs(ə)l"
    },
    {
        "name": "heel",
        "trans": [
            "脚后跟，踵"
        ],
        "usphone": "hil",
        "ukphone": "hiːl"
    },
    {
        "name": "a wolf in sheep's clothing",
        "trans": [
            "披着羊皮的狼，伪装好友的敌人"
        ],
        "usphone": "",
        "ukphone": ""
    },
    {
        "name": "pint",
        "trans": [
            "品脱（等于05 夸脱，英制液量 0568 升，美制液量 0473 升）"
        ],
        "usphone": "paɪnt",
        "ukphone": "paɪnt"
    },
    {
        "name": "dead to the world",
        "trans": [
            "熟睡的"
        ],
        "usphone": "",
        "ukphone": ""
    },
    {
        "name": "socket",
        "trans": [
            "孔，洞；眼窝"
        ],
        "usphone": "'sɑkɪt",
        "ukphone": "'sɒkɪt"
    },
    {
        "name": "stagger",
        "trans": [
            "蹒跚，摇晃，踉跄"
        ],
        "usphone": "'stægɚ",
        "ukphone": "'stægə"
    },
    {
        "name": "agony",
        "trans": [
            "极度的痛苦"
        ],
        "usphone": "'æɡəni",
        "ukphone": "'ægənɪ"
    },
    {
        "name": "belly",
        "trans": [
            "腹部"
        ],
        "usphone": "'bɛli",
        "ukphone": "'belɪ"
    },
    {
        "name": "wrestle",
        "trans": [
            "与……搏斗，把……摔倒"
        ],
        "usphone": "'rɛsl",
        "ukphone": "'res(ə)l"
    },
    {
        "name": "Circe",
        "trans": [
            "瑟茜（希腊神话女巫，有把人变成猪的法术）"
        ],
        "usphone": "'sə:si",
        "ukphone": "'sə:si"
    },
    {
        "name": "marble",
        "trans": [
            "大理石"
        ],
        "usphone": "'mɑrbl",
        "ukphone": "'mɑːb(ə)l"
    },
    {
        "name": "arch",
        "trans": [
            "拱门"
        ],
        "usphone": "ɑrtʃ",
        "ukphone": "ɑːtʃ"
    },
    {
        "name": "coarse",
        "trans": [
            "粗糙的；鲁莽的"
        ],
        "usphone": "kɔrs",
        "ukphone": "kɔːs"
    },
    {
        "name": "pillow",
        "trans": [
            "枕头"
        ],
        "usphone": "'pɪlo",
        "ukphone": "'pɪləʊ"
    },
    {
        "name": "quilt",
        "trans": [
            "被褥，被子"
        ],
        "usphone": "kwɪlt",
        "ukphone": "kwɪlt"
    },
    {
        "name": "trough",
        "trans": [
            "饲料槽"
        ],
        "usphone": "trɔf",
        "ukphone": "trɒf"
    },
    {
        "name": "slice",
        "trans": [
            "片，薄片"
        ],
        "usphone": "slaɪs",
        "ukphone": "slaɪs"
    },
    {
        "name": "wear off",
        "trans": [
            "逐渐消失，磨灭，损耗"
        ],
        "usphone": "",
        "ukphone": ""
    },
    {
        "name": "saucer",
        "trans": [
            "茶托，茶杯碟，碟状物"
        ],
        "usphone": "'sɔsɚ",
        "ukphone": "'sɔːsə"
    },
    {
        "name": "circus",
        "trans": [
            "马戏团，马戏表演"
        ],
        "usphone": "'sɝkəs",
        "ukphone": "'sɜːkəs"
    },
    {
        "name": "freeway",
        "trans": [
            "高速公路"
        ],
        "usphone": "'friwe",
        "ukphone": "'friːweɪ"
    },
    {
        "name": "plug",
        "trans": [
            "电插头，插销"
        ],
        "usphone": "plʌɡ",
        "ukphone": "plʌg"
    },
    {
        "name": "hydrogen",
        "trans": [
            "氢"
        ],
        "usphone": "'haɪdrədʒən",
        "ukphone": "'haɪdrədʒ(ə)n"
    },
    {
        "name": "clay",
        "trans": [
            "粘土"
        ],
        "usphone": "kle",
        "ukphone": "kleɪ"
    },
    {
        "name": "moustache",
        "trans": [
            "胡子"
        ],
        "usphone": "mə'stɑʃ",
        "ukphone": "mə'stɑːʃ"
    },
    {
        "name": "mustard",
        "trans": [
            "芥末"
        ],
        "usphone": "'mʌstɚd",
        "ukphone": "'mʌstəd"
    },
    {
        "name": "Theseus",
        "trans": [
            "忒修斯（希腊神话雅典王子）"
        ],
        "usphone": "'θi:sju:s; -siəs",
        "ukphone": "'θi:sju:s; -siəs"
    },
    {
        "name": "enlarge",
        "trans": [
            "增大，扩大"
        ],
        "usphone": "ɪn'lɑrdʒ",
        "ukphone": "ɪn'lɑːdʒ; en-"
    },
    {
        "name": "tournament",
        "trans": [
            "联赛，集锦塞，锦标赛，比赛"
        ],
        "usphone": "ˈtɝ​nəmənt",
        "ukphone": "ˈtɔ:nəmənt"
    },
    {
        "name": "fist",
        "trans": [
            "拳头"
        ],
        "usphone": "fɪst",
        "ukphone": "fɪst"
    },
    {
        "name": "combat",
        "trans": [
            "战争，战斗，斗争"
        ],
        "usphone": "'kɑmbæt",
        "ukphone": "'kɒmbæt; 'kʌm-"
    },
    {
        "name": "walnut",
        "trans": [
            "核桃，胡桃"
        ],
        "usphone": "'wɔlnət",
        "ukphone": "'wɔːlnʌt"
    },
    {
        "name": "transparent",
        "trans": [
            "透明的，显然的，一目了然的"
        ],
        "usphone": "træns'pærənt",
        "ukphone": "træn'spær(ə)nt; trɑːn-; -'speə-"
    },
    {
        "name": "transparently",
        "trans": [
            "显然地，清楚地"
        ],
        "usphone": "",
        "ukphone": ""
    },
    {
        "name": "tug",
        "trans": [
            "用力拉或拖（某物）"
        ],
        "usphone": "tʌɡ",
        "ukphone": "tʌg"
    },
    {
        "name": "dismay",
        "trans": [
            "使沮丧，使灰心"
        ],
        "usphone": "dɪs'me",
        "ukphone": "dɪs'meɪ"
    },
    {
        "name": "pulse",
        "trans": [
            "脉搏"
        ],
        "usphone": "pʌls",
        "ukphone": "pʌls"
    },
    {
        "name": "zoom",
        "trans": [
            "飞驰，飞快地掠过"
        ],
        "usphone": "zum",
        "ukphone": "zuːm"
    },
    {
        "name": "zoom in on",
        "trans": [
            "推近，聚焦于"
        ],
        "usphone": "",
        "ukphone": ""
    },
    {
        "name": "insignificant",
        "trans": [
            "无关紧要的"
        ],
        "usphone": ",ɪnsɪɡ'nɪfɪkənt",
        "ukphone": "ɪnsɪg'nɪfɪk(ə)nt"
    },
    {
        "name": "Sinis",
        "trans": [
            "西尼斯（古希腊神话中的一个强盗）"
        ],
        "usphone": "",
        "ukphone": ""
    },
    {
        "name": "Procrustes",
        "trans": [
            "普罗克拉斯提斯（古希腊神话传说中 Attica 的一个强盗）"
        ],
        "usphone": "prəu'krʌsti:z",
        "ukphone": "prəu'krʌsti:z"
    },
    {
        "name": "Crete",
        "trans": [
            "克里特岛（希腊位于地中海西部的一个岛屿）"
        ],
        "usphone": "kri:t",
        "ukphone": "kri:t"
    },
    {
        "name": "fleece",
        "trans": [
            "羊毛"
        ],
        "usphone": "flis",
        "ukphone": "fliːs"
    },
    {
        "name": "Perseus",
        "trans": [
            "珀尔休斯（希腊主神宙斯之女，杀死怪 Medusa 的英雄）"
        ],
        "usphone": "'pə:sju:s; -siəs",
        "ukphone": "'pə:sju:s; -siəs"
    },
    {
        "name": "vice versa",
        "trans": [
            "反之亦然"
        ],
        "usphone": ",vaisi'və:sə",
        "ukphone": ",vaisi'və:sə"
    },
    {
        "name": "(be) faced with",
        "trans": [
            "面临"
        ],
        "usphone": "",
        "ukphone": ""
    },
    {
        "name": "scholarship",
        "trans": [
            "奖学金"
        ],
        "usphone": "'skɑlɚʃɪp",
        "ukphone": "'skɒləʃɪp"
    },
    {
        "name": "in disbelief",
        "trans": [
            "不相信，怀疑"
        ],
        "usphone": "",
        "ukphone": ""
    },
    {
        "name": "drop into",
        "trans": [
            "进入（某地），顺便拜访"
        ],
        "usphone": "",
        "ukphone": ""
    },
    {
        "name": "unsettling",
        "trans": [
            "使人不安的，（消息）混乱的"
        ],
        "usphone": "ʌn'sɛtlɪŋ",
        "ukphone": "ʌn'setliŋ"
    },
    {
        "name": "dozens of",
        "trans": [
            "许多的"
        ],
        "usphone": "",
        "ukphone": ""
    },
    {
        "name": "now and again",
        "trans": [
            "不时地，有时"
        ],
        "usphone": "",
        "ukphone": ""
    },
    {
        "name": "expectantly",
        "trans": [
            "预期地，期望地，期待地"
        ],
        "usphone": "",
        "ukphone": ""
    },
    {
        "name": "suck",
        "trans": [
            "吸，吮"
        ],
        "usphone": "sʌk",
        "ukphone": "sʌk"
    },
    {
        "name": "co-operate",
        "trans": [
            "（常与 with 连用）合作"
        ],
        "usphone": "kəu'ɔpəreit",
        "ukphone": ""
    },
    {
        "name": "hand out",
        "trans": [
            "拿出，分发"
        ],
        "usphone": "",
        "ukphone": ""
    },
    {
        "name": "preference",
        "trans": [
            "偏爱，优先选择"
        ],
        "usphone": "'prɛfrəns",
        "ukphone": "'pref(ə)r(ə)ns"
    },
    {
        "name": "pleasureable",
        "trans": [
            "愉快的，快乐的，高兴的"
        ],
        "usphone": "",
        "ukphone": ""
    },
    {
        "name": "anticipation",
        "trans": [
            "预期，预想，期待"
        ],
        "usphone": "æn,tɪsɪ'peʃən",
        "ukphone": "æntɪsɪ'peɪʃ(ə)n"
    },
    {
        "name": "intellectual",
        "trans": [
            "有智力的，智力的"
        ],
        "usphone": ",ɪntə'lɛktʃuəl",
        "ukphone": ",ɪntə'lektʃʊəl; -tjʊəl"
    },
    {
        "name": "arithmetic",
        "trans": [
            "算术学，算术"
        ],
        "usphone": "ə'rɪθmətɪk",
        "ukphone": "ə'rɪθmətɪk"
    },
    {
        "name": "algebra",
        "trans": [
            "代数，代数学"
        ],
        "usphone": "'ældʒɪbrə",
        "ukphone": "'ældʒɪbrə"
    },
    {
        "name": "interpersonal",
        "trans": [
            "人际的，人与人之间的"
        ],
        "usphone": "'ɪntɚ'pɝsnl",
        "ukphone": "ɪntə'pɜːs(ə)n(ə)l"
    },
    {
        "name": "complex",
        "trans": [
            "复杂的"
        ],
        "usphone": "ˈkɑmplɛks;kəmˈplɛks",
        "ukphone": "'kɒmpleks"
    },
    {
        "name": "agro-scientifc",
        "trans": [
            "农业科学的"
        ],
        "usphone": "",
        "ukphone": ""
    },
    {
        "name": "core",
        "trans": [
            "中心，核心"
        ],
        "usphone": "kɔr",
        "ukphone": "kɔː"
    },
    {
        "name": "drop in",
        "trans": [
            "顺便走访"
        ],
        "usphone": "",
        "ukphone": ""
    },
    {
        "name": "recommendation",
        "trans": [
            "推荐信，介绍，介绍信"
        ],
        "usphone": ",rɛkəmɛn'deʃən",
        "ukphone": ",rekəmen'deɪʃ(ə)n"
    },
    {
        "name": "call on",
        "trans": [
            "拜访"
        ],
        "usphone": "",
        "ukphone": ""
    },
    {
        "name": "composer",
        "trans": [
            "作曲家"
        ],
        "usphone": "kəm'pozɚ",
        "ukphone": "kəm'pəʊzə"
    },
    {
        "name": "mathematician",
        "trans": [
            "数学家"
        ],
        "usphone": ",mæθəmə'tɪʃən",
        "ukphone": "mæθəmə'tɪʃn"
    },
    {
        "name": "stewardess",
        "trans": [
            "（轮船，飞机等）女乘务员"
        ],
        "usphone": "ˈstuərdəs",
        "ukphone": "'stjuːədɪs; ,stjuːə'des"
    },
    {
        "name": "diplomat",
        "trans": [
            "外交家，外交官"
        ],
        "usphone": "'dɪpləmæt",
        "ukphone": "'dɪpləmæt"
    },
    {
        "name": "embassy",
        "trans": [
            "使馆人员，大使馆"
        ],
        "usphone": "'ɛmbəsi",
        "ukphone": "'embəsɪ"
    },
    {
        "name": "referee",
        "trans": [
            "介绍人，裁判"
        ],
        "usphone": ",rɛfə'ri",
        "ukphone": "refə'riː"
    },
    {
        "name": "brake",
        "trans": [
            "（常用复数）制动装置，刹车"
        ],
        "usphone": "brek",
        "ukphone": "breɪk"
    },
    {
        "name": "swerve",
        "trans": [
            "突然转向"
        ],
        "usphone": "swɝv",
        "ukphone": "swɜːv"
    },
    {
        "name": "missile",
        "trans": [
            "导弹，飞弹"
        ],
        "usphone": "'mɪsl",
        "ukphone": "'mɪsaɪl"
    },
    {
        "name": "bishop",
        "trans": [
            "（基督教的）主教"
        ],
        "usphone": "'bɪʃəp",
        "ukphone": "'bɪʃəp"
    },
    {
        "name": "circuit",
        "trans": [
            "环形道路"
        ],
        "usphone": "'sɝkɪt",
        "ukphone": "'sɜːkɪt"
    },
    {
        "name": "go on circuit",
        "trans": [
            "巡回"
        ],
        "usphone": "",
        "ukphone": ""
    },
    {
        "name": "razor",
        "trans": [
            "剃刀，剃须刀"
        ],
        "usphone": "'rezɚ",
        "ukphone": "'reɪzə"
    },
    {
        "name": "shaver",
        "trans": [
            "剃须刀，电动剃须刀"
        ],
        "usphone": "'ʃevɚ",
        "ukphone": "'ʃeɪvə"
    },
    {
        "name": "oval",
        "trans": [
            "椭圆的，卵形的"
        ],
        "usphone": "'ovl",
        "ukphone": "'əʊv(ə)l"
    },
    {
        "name": "orbit",
        "trans": [
            "（天体、人造卫星的）轨道"
        ],
        "usphone": "'ɔrbɪt",
        "ukphone": "'ɔːbɪt"
    },
    {
        "name": "substance",
        "trans": [
            "物质"
        ],
        "usphone": "'sʌbstəns",
        "ukphone": "'sʌbst(ə)ns"
    },
    {
        "name": "curriculum vitae",
        "trans": [
            "履历，简历"
        ],
        "usphone": "kəˌrɪkjələm'vitaɪ",
        "ukphone": "kəˈrɪkjʊləm ˈviːtaɪ"
    },
    {
        "name": "nickname",
        "trans": [
            "绰号，浑名"
        ],
        "usphone": "'nɪk'nem",
        "ukphone": "'nɪkneɪm"
    },
    {
        "name": "presentational",
        "trans": [
            "表达的，描述性的"
        ],
        "usphone": "",
        "ukphone": ""
    },
    {
        "name": "fabulous",
        "trans": [
            "巨大的；绝妙的，精彩的"
        ],
        "usphone": "'fæbjələs",
        "ukphone": "'fæbjʊləs"
    },
    {
        "name": "IELTS",
        "trans": [
            "(International English Language Testing Serice)的缩写，国际英语测试，俗称雅思考试（是由英国文化委员会组织，剑桥大学地方考试委员会编制的英语水平测试）"
        ],
        "usphone": "",
        "ukphone": ""
    },
    {
        "name": "accountancy",
        "trans": [
            "会计工作，会计职务"
        ],
        "usphone": "ə'kaʊntənsi",
        "ukphone": "ə'kaʊnt(ə)nsɪ"
    },
    {
        "name": "function",
        "trans": [
            "功能，作用，职责，职能"
        ],
        "usphone": "'fʌŋkʃən",
        "ukphone": "'fʌŋ(k)ʃ(ə)n"
    },
    {
        "name": "bureaucratic",
        "trans": [
            "官僚的，官僚般的"
        ],
        "usphone": ",bjʊrə'krætɪk",
        "ukphone": ",bjɔːrə'krætɪk; ,bjʊərə'krætɪk"
    },
    {
        "name": "ethos",
        "trans": [
            "（集体、社团、文化的）气质、道德观、思想或信仰"
        ],
        "usphone": "'iθɑs",
        "ukphone": "'iːθɒs"
    },
    {
        "name": "minefield",
        "trans": [
            "布雷区；充满隐伏危险的事物或场合"
        ],
        "usphone": "'maɪn'fild",
        "ukphone": "'maɪnfiːld"
    },
    {
        "name": "unwary",
        "trans": [
            "无警惕的，易受欺骗的"
        ],
        "usphone": "ʌn'wɛri",
        "ukphone": "ʌn'weərɪ"
    },
    {
        "name": "autobiography",
        "trans": [
            "自传"
        ],
        "usphone": ",ɔtəbaɪ'ɑɡrəfi",
        "ukphone": "ɔːtəbaɪ'ɒgrəfɪ"
    },
    {
        "name": "build on",
        "trans": [
            "建立于"
        ],
        "usphone": "",
        "ukphone": ""
    },
    {
        "name": "prosperous",
        "trans": [
            "成功的，繁荣的，兴旺的"
        ],
        "usphone": "'prɑspərəs",
        "ukphone": "'prɒsp(ə)rəs"
    },
    {
        "name": "to tell you the truth",
        "trans": [
            "老实说（插入语）"
        ],
        "usphone": "",
        "ukphone": ""
    },
    {
        "name": "tempt",
        "trans": [
            "诱惑，引诱"
        ],
        "usphone": "tɛmpt",
        "ukphone": "tem(p)t"
    },
    {
        "name": "appendix",
        "trans": [
            "附录，附言"
        ],
        "usphone": "ə'pɛndɪks",
        "ukphone": "ə'pendɪks"
    },
    {
        "name": "roundabout",
        "trans": [
            "迂回的；委婉的"
        ],
        "usphone": "'raʊndəbaʊt",
        "ukphone": "'raʊndəbaʊt"
    }
]