[
    {
        "name": "achievement",
        "trans": [
            "成就；功绩"
        ],
        "usphone": "ə'tʃivmənt",
        "ukphone": "ə'tʃiːvm(ə)nt"
    },
    {
        "name": "Joan of Arc",
        "trans": [
            "圣女贞德（法国民族女英雄）"
        ],
        "usphone": "",
        "ukphone": ""
    },
    {
        "name": "Elizabeth Fry",
        "trans": [
            "伊丽莎白•弗赖伊（英国慈善家）"
        ],
        "usphone": "",
        "ukphone": ""
    },
    {
        "name": "Quaker",
        "trans": [
            "教友派信徒；贵格会会员"
        ],
        "usphone": "'kweikə",
        "ukphone": "'kweikə"
    },
    {
        "name": "welfare",
        "trans": [
            "福利；福利事业"
        ],
        "usphone": "'wɛl'fɛr",
        "ukphone": "'welfeə"
    },
    {
        "name": "project",
        "trans": [
            "项目；工程；规划"
        ],
        "usphone": "prəˈdʒɛkt; prɑdʒɛkt",
        "ukphone": "prəˈdʒekt; ˈprɒdʒekt"
    },
    {
        "name": "institute",
        "trans": [
            "学会；学院；协会"
        ],
        "usphone": "'ɪnstɪtut",
        "ukphone": "'ɪnstɪtjuːt"
    },
    {
        "name": "China Welfare Institute",
        "trans": [
            "中国福利基金会"
        ],
        "usphone": "",
        "ukphone": ""
    },
    {
        "name": "specialist",
        "trans": [
            "专家；专业工作者"
        ],
        "usphone": "'spɛʃəlɪst",
        "ukphone": "'speʃ(ə)lɪst"
    },
    {
        "name": "specialize",
        "trans": [
            "专攻；专门从事；专注于"
        ],
        "usphone": "'spɛʃəlaɪz",
        "ukphone": "'speʃəlaiz"
    },
    {
        "name": "Jane Goodall",
        "trans": [
            "简•古道尔(英国动物学家)"
        ],
        "usphone": "",
        "ukphone": ""
    },
    {
        "name": "chimp",
        "trans": [
            "（非洲）黑猩猩"
        ],
        "usphone": "tʃɪmp",
        "ukphone": "tʃɪmp"
    },
    {
        "name": "connection",
        "trans": [
            "关系；连接"
        ],
        "usphone": "kə'nɛkʃən",
        "ukphone": "kəˈnekʃn"
    },
    {
        "name": "human being",
        "trans": [
            "人类"
        ],
        "usphone": "",
        "ukphone": ""
    },
    {
        "name": "Jody Williams",
        "trans": [
            "乔迪•威廉斯（美国诺贝尔和平奖得者）"
        ],
        "usphone": "",
        "ukphone": ""
    },
    {
        "name": "campaign",
        "trans": [
            "运动；战役",
            "作战；参加运动"
        ],
        "usphone": "kæm'pen",
        "ukphone": "kæm'peɪn"
    },
    {
        "name": "landmine",
        "trans": [
            "地雷"
        ],
        "usphone": "'lændmaɪn",
        "ukphone": ""
    },
    {
        "name": "organization",
        "trans": [
            "组织；机构；团体"
        ],
        "usphone": ",ɔrɡənə'zeʃən",
        "ukphone": "ˌɔːɡənaɪ'zeɪʃn"
    },
    {
        "name": "Gombe National Park",
        "trans": [
            "贡贝国家公园(位于坦桑尼亚)"
        ],
        "usphone": "",
        "ukphone": ""
    },
    {
        "name": "behave",
        "trans": [
            "（举止或行为）表现"
        ],
        "usphone": "bɪ'hev",
        "ukphone": "bɪ'heɪv"
    },
    {
        "name": "behaviour",
        "trans": [
            "(等于behaior)行为；举止；习性"
        ],
        "usphone": "bɪ'hevjər",
        "ukphone": "bɪ'heɪvjə"
    },
    {
        "name": "shade",
        "trans": [
            "荫；阴凉处",
            "遮住光线"
        ],
        "usphone": "ʃed",
        "ukphone": "ʃeɪd"
    },
    {
        "name": "move off",
        "trans": [
            "离开；起程；出发"
        ],
        "usphone": "",
        "ukphone": ""
    },
    {
        "name": "worthwhile",
        "trans": [
            "值得的；值得做的"
        ],
        "usphone": "'wɝθ'waɪl",
        "ukphone": "wɜːθ'waɪl"
    },
    {
        "name": "nest",
        "trans": [
            "巢；窝"
        ],
        "usphone": "nɛst",
        "ukphone": "nest"
    },
    {
        "name": "bond",
        "trans": [
            "联系；关系；结合；纽带"
        ],
        "usphone": "bɑnd",
        "ukphone": "bɒnd"
    },
    {
        "name": "observe",
        "trans": [
            "观察；观测；遵守"
        ],
        "usphone": "əb'zɝv",
        "ukphone": "əb'zɜːv"
    },
    {
        "name": "observation",
        "trans": [
            "观察；观测"
        ],
        "usphone": ",ɑbzɚ'veʃən",
        "ukphone": "ɒbzə'veɪʃ(ə)n"
    },
    {
        "name": "childhood",
        "trans": [
            "童年；幼年时代"
        ],
        "usphone": "'tʃaɪldhʊd",
        "ukphone": "'tʃaɪldhʊd"
    },
    {
        "name": "outspoken",
        "trans": [
            "直言的；坦诚"
        ],
        "usphone": "aʊt'spokən",
        "ukphone": "aʊt'spəʊk(ə)n"
    },
    {
        "name": "respect",
        "trans": [
            "尊敬；尊重；敬意",
            "尊敬；尊重"
        ],
        "usphone": "rɪ'spɛkt",
        "ukphone": "rɪ'spekt"
    },
    {
        "name": "argue",
        "trans": [
            "争论；讨论；辩论"
        ],
        "usphone": "'ɑrgjʊ",
        "ukphone": "'ɑːgjuː"
    },
    {
        "name": "argument",
        "trans": [
            "争论；争辩；争吵"
        ],
        "usphone": "'ɑrɡjumənt",
        "ukphone": "'ɑːgjʊm(ə)nt"
    },
    {
        "name": "entertainment",
        "trans": [
            "娱乐；娱乐表演；款待"
        ],
        "usphone": "ˌɛntɚ'tenmənt",
        "ukphone": "ˌentə'teɪnmənt"
    },
    {
        "name": "lead a...life",
        "trans": [
            "过着……的生活"
        ],
        "usphone": "",
        "ukphone": ""
    },
    {
        "name": "crowd",
        "trans": [
            "人群；观众",
            "挤满；使拥挤"
        ],
        "usphone": "kraʊd",
        "ukphone": "kraʊd"
    },
    {
        "name": "crowd in",
        "trans": [
            "（想法、问题等）涌上心头；涌入脑海"
        ],
        "usphone": "",
        "ukphone": ""
    },
    {
        "name": "inspire",
        "trans": [
            "鼓舞；激发；启示"
        ],
        "usphone": "ɪn'spaɪɚ",
        "ukphone": "ɪn'spaɪə"
    },
    {
        "name": "inspiration",
        "trans": [
            "灵感；鼓舞"
        ],
        "usphone": "ˌɪnspəˈreʃən",
        "ukphone": "ˌɪnspəˈreɪʃn"
    },
    {
        "name": "support",
        "trans": [
            "支持；拥护",
            "支持；拥护"
        ],
        "usphone": "sə'pɔrt",
        "ukphone": "sə'pɔːt"
    },
    {
        "name": "look down on",
        "trans": [
            "蔑视；瞧不起"
        ],
        "usphone": "",
        "ukphone": ""
    },
    {
        "name": "look down upon",
        "trans": [
            "蔑视；瞧不起"
        ],
        "usphone": "",
        "ukphone": ""
    },
    {
        "name": "refer",
        "trans": [
            "谈到；查阅；参考"
        ],
        "usphone": "rɪ'fɝ",
        "ukphone": "rɪ'fɜː"
    },
    {
        "name": "refer to",
        "trans": [
            "谈到；查阅；参考"
        ],
        "usphone": "",
        "ukphone": ""
    },
    {
        "name": "audience",
        "trans": [
            "观众；听众；读者"
        ],
        "usphone": "'ɔdɪəns",
        "ukphone": "'ɔːdɪəns"
    },
    {
        "name": "by chance",
        "trans": [
            "碰巧；凑巧"
        ],
        "usphone": "",
        "ukphone": ""
    },
    {
        "name": "come across",
        "trans": [
            "（偶然）遇见；碰见"
        ],
        "usphone": "",
        "ukphone": ""
    },
    {
        "name": "career",
        "trans": [
            "事业；生涯"
        ],
        "usphone": "kə'rɪr",
        "ukphone": "kə'rɪə"
    },
    {
        "name": "rate",
        "trans": [
            "比率；速度"
        ],
        "usphone": "ret",
        "ukphone": "reɪt"
    },
    {
        "name": "sickness",
        "trans": [
            "疾病；恶心"
        ],
        "usphone": "'sɪknəs",
        "ukphone": "'sɪknɪs"
    },
    {
        "name": "intend",
        "trans": [
            "计划；打算"
        ],
        "usphone": "ɪn'tɛnd",
        "ukphone": "ɪn'tend"
    },
    {
        "name": "emergency",
        "trans": [
            "突发事件；紧急情况"
        ],
        "usphone": "ɪ'mɝdʒənsi",
        "ukphone": "ɪ'mɜːdʒ(ə)nsɪ"
    },
    {
        "name": "generation",
        "trans": [
            "一代；一辈"
        ],
        "usphone": "'dʒɛnə'reʃən",
        "ukphone": "dʒenə'reɪʃ(ə)n"
    },
    {
        "name": "determination",
        "trans": [
            "决心"
        ],
        "usphone": "dɪˌtɜːrmɪˈneɪʃn",
        "ukphone": "dɪ,tɜːmɪ'neɪʃ(ə)n"
    },
    {
        "name": "kindness",
        "trans": [
            "仁慈；好意"
        ],
        "usphone": "'kaɪndnəs",
        "ukphone": "'kaɪn(d)nɪs"
    },
    {
        "name": "considerate",
        "trans": [
            "考虑周到的"
        ],
        "usphone": "kənˈsɪdərɪt",
        "ukphone": "kən'sɪd(ə)rət"
    },
    {
        "name": "consideration",
        "trans": [
            "考虑"
        ],
        "usphone": "kən,sɪdə'reʃən",
        "ukphone": "kənsɪdə'reɪʃ(ə)n"
    },
    {
        "name": "deliver",
        "trans": [
            "递送；生（小孩儿）；接生；发表（演说等）"
        ],
        "usphone": "dɪ'lɪvɚ",
        "ukphone": "dɪ'lɪvə"
    },
    {
        "name": "carry on",
        "trans": [
            "继续；坚持"
        ],
        "usphone": "",
        "ukphone": ""
    },
    {
        "name": "modest",
        "trans": [
            "谦虚的；谦让的；适度的"
        ],
        "usphone": "'mɑdɪst",
        "ukphone": "'mɒdɪst"
    },
    {
        "name": "statistic",
        "trans": [
            "[pl]统计数字；统计资料；[sg]数据；统计；"
        ],
        "usphone": "stə'tɪstɪk",
        "ukphone": "stə'tɪstɪk"
    },
    {
        "name": "sunburnt",
        "trans": [
            "晒黑的(等于sunburned)"
        ],
        "usphone": "'sʌn,bɝnt",
        "ukphone": "'sʌnbɜːnt"
    },
    {
        "name": "struggle",
        "trans": [
            "拼搏；努力；斗争"
        ],
        "usphone": "'strʌɡl",
        "ukphone": "'strʌg(ə)l"
    },
    {
        "name": "decade",
        "trans": [
            "十年；十年期"
        ],
        "usphone": "'dɛked",
        "ukphone": "'dekeɪd; dɪ'keɪd"
    },
    {
        "name": "super",
        "trans": [
            "特级的；超级的"
        ],
        "usphone": "'sʊpɚ",
        "ukphone": "'suːpə; 'sjuː-"
    },
    {
        "name": "hybrid",
        "trans": [
            "混合的；杂种的",
            "杂交种；混血儿"
        ],
        "usphone": "'haɪbrɪd",
        "ukphone": "'haɪbrɪd"
    },
    {
        "name": "output",
        "trans": [
            "产量；输出量"
        ],
        "usphone": "'aʊtpʊt",
        "ukphone": "'aʊtpʊt"
    },
    {
        "name": "strain",
        "trans": [
            "品种；种类"
        ],
        "usphone": "stren",
        "ukphone": "streɪn"
    },
    {
        "name": "crop",
        "trans": [
            "庄稼；农作物"
        ],
        "usphone": "krɑp",
        "ukphone": "krɒp"
    },
    {
        "name": "hunger",
        "trans": [
            "饥饿；欲望",
            "（使）饥饿"
        ],
        "usphone": "'hʌŋɡɚ",
        "ukphone": "'hʌŋgə"
    },
    {
        "name": "disturbing",
        "trans": [
            "引起烦恼的；令人不安的"
        ],
        "usphone": "dɪ'stɝbɪŋ",
        "ukphone": "dɪ'stɜːbɪŋ"
    },
    {
        "name": "expand",
        "trans": [
            "使变大；扩展"
        ],
        "usphone": "ɪk'spænd",
        "ukphone": "ɪk'spænd; ek-"
    },
    {
        "name": "circulate",
        "trans": [
            "循环；流传"
        ],
        "usphone": "'sɝkjəlet",
        "ukphone": "'sɜːkjʊleɪt"
    },
    {
        "name": "Vietnam",
        "trans": [
            "越南（东南亚国家）"
        ],
        "usphone": ",vjɛt'næm",
        "ukphone": "ˌvjet'næm"
    },
    {
        "name": "thanks to",
        "trans": [
            "幸亏；由于；因为"
        ],
        "usphone": "",
        "ukphone": ""
    },
    {
        "name": "battle",
        "trans": [
            "战役；战斗；较量；斗争",
            "搏斗；奋斗"
        ],
        "usphone": "'bætl",
        "ukphone": "'bæt(ə)l"
    },
    {
        "name": "rid",
        "trans": [
            "摆脱；除去"
        ],
        "usphone": "rɪd",
        "ukphone": "rɪd"
    },
    {
        "name": "rid...of",
        "trans": [
            "摆脱；除去"
        ],
        "usphone": "",
        "ukphone": ""
    },
    {
        "name": "be satisfied with",
        "trans": [
            "对……感到满意"
        ],
        "usphone": "",
        "ukphone": ""
    },
    {
        "name": "freedom",
        "trans": [
            "自由；自主"
        ],
        "usphone": "'fridəm",
        "ukphone": "'friːdəm"
    },
    {
        "name": "would rather",
        "trans": [
            "宁愿；宁可"
        ],
        "usphone": "",
        "ukphone": ""
    },
    {
        "name": "therefore",
        "trans": [
            "因为；所以；因而"
        ],
        "usphone": "'ðɛrfɔr",
        "ukphone": "'ðeəfɔː"
    },
    {
        "name": "equip",
        "trans": [
            "配备；装备"
        ],
        "usphone": "ɪ'kwɪp",
        "ukphone": "ɪ'kwɪp"
    },
    {
        "name": "sorghum",
        "trans": [
            "高粱"
        ],
        "usphone": "'sɔrgəm",
        "ukphone": "'sɔːgəm"
    },
    {
        "name": "grain",
        "trans": [
            "谷物；粮食；颗粒"
        ],
        "usphone": "ɡren",
        "ukphone": "greɪn"
    },
    {
        "name": "peanut",
        "trans": [
            "花生"
        ],
        "usphone": "'pinʌt",
        "ukphone": "'piːnʌt"
    },
    {
        "name": "export",
        "trans": [
            "出口；输出"
        ],
        "usphone": "ˈekspɔːrt；ɪkˈ-",
        "ukphone": "ˈekspɔːt；ɪkˈ-"
    },
    {
        "name": "nationality",
        "trans": [
            "国籍"
        ],
        "usphone": ",næʃə'næləti",
        "ukphone": "ˌnæʃəˈnælətɪ"
    },
    {
        "name": "occupation",
        "trans": [
            "工作；职业；占领"
        ],
        "usphone": ",ɑkju'peʃən",
        "ukphone": "ɒkjʊ'peɪʃ(ə)n"
    },
    {
        "name": "personality",
        "trans": [
            "性格；个性；人格"
        ],
        "usphone": ",pɝsə'næləti",
        "ukphone": "pɜːsə'nælɪtɪ"
    },
    {
        "name": "confuse",
        "trans": [
            "使迷惑"
        ],
        "usphone": "kən'fjʊz",
        "ukphone": "kən'fjuːz"
    },
    {
        "name": "regret",
        "trans": [
            "遗憾；惋惜",
            "遗憾；懊悔"
        ],
        "usphone": "rɪ'ɡrɛt",
        "ukphone": "rɪ'gret"
    },
    {
        "name": "chemical",
        "trans": [
            "化学的；关于化学的"
        ],
        "usphone": "'kɛmɪkl",
        "ukphone": "'kemɪk(ə)l"
    },
    {
        "name": "organic",
        "trans": [
            "有机的；器官的"
        ],
        "usphone": "ɔr'gænɪk",
        "ukphone": "ɔː'gænɪk"
    },
    {
        "name": "fertile",
        "trans": [
            "肥沃的；富饶的"
        ],
        "usphone": "ˈfɝtəl; (canadian) ˈfɝˌtaɪl",
        "ukphone": "'fɜːtaɪl"
    },
    {
        "name": "fertilizer",
        "trans": [
            "肥料；化肥"
        ],
        "usphone": "'fɝtəlaɪzɚ",
        "ukphone": "'fɜːtɪlaɪzə"
    },
    {
        "name": "production",
        "trans": [
            "生产；制造"
        ],
        "usphone": "prə'dʌkʃən",
        "ukphone": "prə'dʌkʃ(ə)n"
    },
    {
        "name": "bacteria",
        "trans": [
            "（bacterium的复数形式）细菌"
        ],
        "usphone": "bæk'tɪrɪə",
        "ukphone": "bæk'tɪərɪə"
    },
    {
        "name": "pest",
        "trans": [
            "害虫；害兽；害鸟"
        ],
        "usphone": "pɛst",
        "ukphone": "pest"
    },
    {
        "name": "build up",
        "trans": [
            "逐渐增强；建立；开发"
        ],
        "usphone": "",
        "ukphone": ""
    },
    {
        "name": "lead to",
        "trans": [
            "导致；造成（后果）"
        ],
        "usphone": "",
        "ukphone": ""
    },
    {
        "name": "nutrition",
        "trans": [
            "营养;滋养"
        ],
        "usphone": "nu'trɪʃən",
        "ukphone": "njʊ'trɪʃ(ə)n"
    },
    {
        "name": "mineral",
        "trans": [
            "矿物；矿石"
        ],
        "usphone": "'mɪnərəl",
        "ukphone": "'mɪn(ə)r(ə)l"
    },
    {
        "name": "discovery",
        "trans": [
            "发现；发觉"
        ],
        "usphone": "dɪ'skʌvəri",
        "ukphone": "dɪ'skʌv(ə)rɪ"
    },
    {
        "name": "focus",
        "trans": [
            "焦点；中心点",
            "集中"
        ],
        "usphone": "'fokəs",
        "ukphone": "'fəʊkəs"
    },
    {
        "name": "focus on",
        "trans": [
            "集中（注意力、精力等）于"
        ],
        "usphone": "'fokəs ɑn",
        "ukphone": "'fəʊkəs ɒn"
    },
    {
        "name": "soil",
        "trans": [
            "土壤"
        ],
        "usphone": "sɔɪl",
        "ukphone": "sɔɪl"
    },
    {
        "name": "reduce",
        "trans": [
            "减少；减缩"
        ],
        "usphone": "rɪ'dʊs",
        "ukphone": "rɪ'djuːs"
    },
    {
        "name": "keep...free of",
        "trans": [
            "使……免受（影响；害等）；使……不含（有害物）"
        ],
        "usphone": "",
        "ukphone": ""
    },
    {
        "name": "keep...free from",
        "trans": [
            "使……免受（影响；害等）；使……不含（有害物）"
        ],
        "usphone": "",
        "ukphone": ""
    },
    {
        "name": "soybean",
        "trans": [
            "(等于soyabean) 大豆"
        ],
        "usphone": "'sɔɪ,bin",
        "ukphone": "'sɒɪbiːn"
    },
    {
        "name": "root",
        "trans": [
            "根；根源"
        ],
        "usphone": "rut",
        "ukphone": "ruːt"
    },
    {
        "name": "skim",
        "trans": [
            "浏览；略读"
        ],
        "usphone": "skɪm",
        "ukphone": "skɪm"
    },
    {
        "name": "underline",
        "trans": [
            "画底线标出；强调"
        ],
        "usphone": "'ʌndəlaɪn",
        "ukphone": "ʌndə'laɪn"
    },
    {
        "name": "summary",
        "trans": [
            "总结；摘要；概要"
        ],
        "usphone": "'sʌməri",
        "ukphone": "'sʌm(ə)rɪ"
    },
    {
        "name": "comment",
        "trans": [
            "评论；议论",
            "表达意见；作出评论"
        ],
        "usphone": "'kɑmɛnt",
        "ukphone": "'kɒment"
    },
    {
        "name": "producer",
        "trans": [
            "制片人；生产者"
        ],
        "usphone": "prə'dʊsɚ",
        "ukphone": "prə'djuːsə"
    },
    {
        "name": "industrial",
        "trans": [
            "工业的；产业的"
        ],
        "usphone": "ɪn'dʌstrɪəl",
        "ukphone": "ɪn'dʌstrɪəl"
    },
    {
        "name": "humour",
        "trans": [
            "幽默；滑稽"
        ],
        "usphone": "'hju:mə",
        "ukphone": "'hjuːmə"
    },
    {
        "name": "punchline",
        "trans": [
            "故事、笑话等中的妙语；关键语"
        ],
        "usphone": "'pʌntʃlaɪn",
        "ukphone": "'pʌn(t)ʃlaɪn"
    },
    {
        "name": "verbal",
        "trans": [
            "口头的"
        ],
        "usphone": "'vɝbl",
        "ukphone": "'vɜːb(ə)l"
    },
    {
        "name": "nonverbal",
        "trans": [
            "不用语言的"
        ],
        "usphone": ",nɑn'vɝbl",
        "ukphone": "nɒn'vɜːbəl"
    },
    {
        "name": "mime",
        "trans": [
            "哑剧"
        ],
        "usphone": "maɪm",
        "ukphone": "maɪm"
    },
    {
        "name": "Charlie Chaplin",
        "trans": [
            "查理•卓别林（英国喜剧大师）"
        ],
        "usphone": "",
        "ukphone": ""
    },
    {
        "name": "Edward Lear",
        "trans": [
            "爱德华•李尔（英国作家、画家）"
        ],
        "usphone": "",
        "ukphone": ""
    },
    {
        "name": "comedy",
        "trans": [
            "喜剧"
        ],
        "usphone": "'kɑmədi",
        "ukphone": "'kɒmɪdɪ"
    },
    {
        "name": "Victor Hugo",
        "trans": [
            "维克多•雨果（法国文学家）"
        ],
        "usphone": "",
        "ukphone": ""
    },
    {
        "name": "up to now",
        "trans": [
            "直到现在"
        ],
        "usphone": "",
        "ukphone": ""
    },
    {
        "name": "brighten",
        "trans": [
            "使更明亮"
        ],
        "usphone": "'braɪtn",
        "ukphone": "'braɪt(ə)n"
    },
    {
        "name": "depressed",
        "trans": [
            "忧愁的；沮丧的"
        ],
        "usphone": "dɪ'prɛst",
        "ukphone": "dɪ'prest"
    },
    {
        "name": "content",
        "trans": [
            "满足的；满意的",
            "满足",
            "使满足"
        ],
        "usphone": "'kɑntɛnt",
        "ukphone": "kən'tent"
    },
    {
        "name": "feel content with",
        "trans": [
            "对……满足"
        ],
        "usphone": "",
        "ukphone": ""
    },
    {
        "name": "be content with",
        "trans": [
            "对……满足"
        ],
        "usphone": "",
        "ukphone": ""
    },
    {
        "name": "performer",
        "trans": [
            "表演者；演出者"
        ],
        "usphone": "pɚ'fɔrmɚ",
        "ukphone": "pə'fɔːmə(r)"
    },
    {
        "name": "astonish",
        "trans": [
            "使惊诧"
        ],
        "usphone": "ə'stɑnɪʃ",
        "ukphone": "ə'stɒnɪʃ"
    },
    {
        "name": "astonishing",
        "trans": [
            "令人感到惊讶的"
        ],
        "usphone": "ə'stɑnɪʃɪŋ",
        "ukphone": "ə'stɒnɪʃɪŋ"
    },
    {
        "name": "fortunate",
        "trans": [
            "幸运的；吉利的"
        ],
        "usphone": "'fɔrtʃənət",
        "ukphone": "'fɔːtʃ(ə)nət"
    },
    {
        "name": "unfortunately",
        "trans": [
            "不幸地"
        ],
        "usphone": "ʌn'fɔrtʃənətli",
        "ukphone": "ʌnˈfɔːtʃənətli"
    },
    {
        "name": "badly off",
        "trans": [
            "穷的；缺少的"
        ],
        "usphone": "",
        "ukphone": ""
    },
    {
        "name": "teens",
        "trans": [
            "十几岁（13至19岁的年龄）"
        ],
        "usphone": "tinz",
        "ukphone": "tiːnz"
    },
    {
        "name": "ordinary",
        "trans": [
            "平常的；普通的"
        ],
        "usphone": "'ɔrdnɛri",
        "ukphone": "'ɔːdɪn(ə)rɪ; -d(ə)n-"
    },
    {
        "name": "bored",
        "trans": [
            "厌烦的"
        ],
        "usphone": "bɔrd",
        "ukphone": "bɔːd"
    },
    {
        "name": "subtle",
        "trans": [
            "微妙的，细微的"
        ],
        "usphone": "'sʌtl",
        "ukphone": "'sʌt(ə)l"
    },
    {
        "name": "entertain",
        "trans": [
            "款待；使欢乐"
        ],
        "usphone": ",ɛntɚ'ten",
        "ukphone": "entə'teɪn"
    },
    {
        "name": "entertaining",
        "trans": [
            "愉快的；有趣的"
        ],
        "usphone": ",ɛntɚ'tenɪŋ",
        "ukphone": "entə'teɪnɪŋ"
    },
    {
        "name": "charming",
        "trans": [
            "迷人的；有魅力的"
        ],
        "usphone": "'tʃɑrmɪŋ",
        "ukphone": "'tʃɑːmɪŋ"
    },
    {
        "name": "tramp",
        "trans": [
            "流浪汉；行乞者"
        ],
        "usphone": "træmp",
        "ukphone": "træmp"
    },
    {
        "name": "throughout",
        "trans": [
            "遍及；在…各处；在整个期间，自始至终"
        ],
        "usphone": "θrʊ'aʊt",
        "ukphone": "θruː'aʊt"
    },
    {
        "name": "homeless",
        "trans": [
            "无家的；无家可归的"
        ],
        "usphone": "'homləs",
        "ukphone": "'həʊmlɪs"
    },
    {
        "name": "moustache",
        "trans": [
            "小胡子"
        ],
        "usphone": "mə'stɑʃ",
        "ukphone": "mə'stɑːʃ"
    },
    {
        "name": "worn",
        "trans": [
            "用旧的；用坏的；破烂的"
        ],
        "usphone": "wɔrn",
        "ukphone": "wɔːn"
    },
    {
        "name": "worn-out",
        "trans": [
            "磨破的；穿旧的"
        ],
        "usphone": "'woʊrn'aʊt",
        "ukphone": "'wɔːn'aʊt"
    },
    {
        "name": "stiffly",
        "trans": [
            "僵硬地"
        ],
        "usphone": "",
        "ukphone": ""
    },
    {
        "name": "failure",
        "trans": [
            "失败"
        ],
        "usphone": "'feljɚ",
        "ukphone": "'feɪljə"
    },
    {
        "name": "optimism",
        "trans": [
            "乐观；乐观主义"
        ],
        "usphone": "'ɑptɪmɪzəm",
        "ukphone": "'ɒptɪmɪz(ə)m"
    },
    {
        "name": "overcome",
        "trans": [
            "战胜；克服"
        ],
        "usphone": ",ovɚ'kʌm",
        "ukphone": "əʊvə'kʌm"
    },
    {
        "name": "underdog",
        "trans": [
            "失败者；处于劣势的一方"
        ],
        "usphone": "'ʌndɚdɔɡ",
        "ukphone": "'ʌndədɒg"
    },
    {
        "name": "snowstorm",
        "trans": [
            "暴风雪"
        ],
        "usphone": "'snostɔrm",
        "ukphone": "'snəʊstɔːm"
    },
    {
        "name": "leather",
        "trans": [
            "皮革"
        ],
        "usphone": "'lɛðɚ",
        "ukphone": "'leðə"
    },
    {
        "name": "pick out",
        "trans": [
            "辨别出；挑出"
        ],
        "usphone": "",
        "ukphone": ""
    },
    {
        "name": "lace",
        "trans": [
            "花边；鞋带"
        ],
        "usphone": "les",
        "ukphone": "leɪs"
    },
    {
        "name": "cut off",
        "trans": [
            "切断"
        ],
        "usphone": "",
        "ukphone": ""
    },
    {
        "name": "chew",
        "trans": [
            "嚼碎；咀嚼（食物）"
        ],
        "usphone": "tʃʊ",
        "ukphone": "tʃuː"
    },
    {
        "name": "mouthful",
        "trans": [
            "一口；满口"
        ],
        "usphone": "'maʊθ'fʊl",
        "ukphone": "'maʊθfʊl; -f(ə)l"
    },
    {
        "name": "enjoyment",
        "trans": [
            "享受；欢乐；乐趣"
        ],
        "usphone": "ɪn'dʒɔɪmənt",
        "ukphone": "ɪn'dʒɒɪmənt"
    },
    {
        "name": "convince",
        "trans": [
            "使信服"
        ],
        "usphone": "kən'vɪns",
        "ukphone": "kən'vɪns"
    },
    {
        "name": "convincing",
        "trans": [
            "令人信服的"
        ],
        "usphone": "kən'vɪnsɪŋ",
        "ukphone": "kən'vɪnsɪŋ"
    },
    {
        "name": "direct",
        "trans": [
            "导演；指示；指挥",
            "直接的；笔直的；率直的，坦率的"
        ],
        "usphone": "dəˈrɛkt; daɪˈrɛkt",
        "ukphone": "dəˈrekt; daɪˈrekt"
    },
    {
        "name": "star in",
        "trans": [
            "担任主角；主演"
        ],
        "usphone": "",
        "ukphone": ""
    },
    {
        "name": "Oscar",
        "trans": [
            "奥斯卡"
        ],
        "usphone": "'ɔskə",
        "ukphone": "'ɒskə"
    },
    {
        "name": "outstanding",
        "trans": [
            "杰出的；显著的；突出的"
        ],
        "usphone": "'aʊt'stændɪŋ",
        "ukphone": "aʊt'stændɪŋ"
    },
    {
        "name": "Switzerland",
        "trans": [
            "瑞士（欧洲中部国家）"
        ],
        "usphone": "'swɪtsələnd",
        "ukphone": "ˈswɪtsələnd"
    },
    {
        "name": "confidence",
        "trans": [
            "信心；信念"
        ],
        "usphone": "'kɑnfɪdəns",
        "ukphone": "'kɒnfɪd(ə)ns"
    },
    {
        "name": "costume",
        "trans": [
            "戏装；服装"
        ],
        "usphone": "ˈkɑsˌtum",
        "ukphone": "kɒstjuːm"
    },
    {
        "name": "gesture",
        "trans": [
            "手势；姿态",
            "做手势"
        ],
        "usphone": "'dʒɛstʃɚ",
        "ukphone": "'dʒestʃə"
    },
    {
        "name": "particular",
        "trans": [
            "特殊的；特别的",
            "细节"
        ],
        "usphone": "pɚ'tɪkjəlɚ",
        "ukphone": "pəˈtɪkjʊlə(r)"
    },
    {
        "name": "particularly",
        "trans": [
            "特别，尤其"
        ],
        "usphone": "pɚ'tɪkjəlɚlɪ",
        "ukphone": "pə'tɪkjʊləlɪ"
    },
    {
        "name": "occasion",
        "trans": [
            "时刻"
        ],
        "usphone": "ə'keʒn",
        "ukphone": "ə'keɪʒ(ə)n"
    },
    {
        "name": "budget",
        "trans": [
            "预算；开支"
        ],
        "usphone": "'bʌdʒɪt",
        "ukphone": "'bʌdʒɪt"
    },
    {
        "name": "actress",
        "trans": [
            "女演员"
        ],
        "usphone": "'æktrɪs",
        "ukphone": "'æktrɪs"
    },
    {
        "name": "slide",
        "trans": [
            "（使）滑动；（使）滑行",
            "滑梯；下降，跌落；幻灯片"
        ],
        "usphone": "slaɪd",
        "ukphone": "slaɪd"
    },
    {
        "name": "amuse",
        "trans": [
            "使发笑；使愉快"
        ],
        "usphone": "ə'mjuz",
        "ukphone": "ə'mjuːz"
    },
    {
        "name": "amusing",
        "trans": [
            "好笑的；有趣的"
        ],
        "usphone": "ə'mjuzɪŋ",
        "ukphone": "ə'mjuːzɪŋ"
    },
    {
        "name": "pancake",
        "trans": [
            "烙饼；薄饼"
        ],
        "usphone": "'pænkek",
        "ukphone": "'pænkeɪk"
    },
    {
        "name": "explanation",
        "trans": [
            "解释"
        ],
        "usphone": ",ɛksplə'neʃən",
        "ukphone": "eksplə'neɪʃ(ə)n"
    },
    {
        "name": "detective",
        "trans": [
            "侦探"
        ],
        "usphone": "dɪ'tɛktɪv",
        "ukphone": "dɪ'tektɪv"
    },
    {
        "name": "Sherlock Holmes",
        "trans": [
            "夏洛克•福尔摩斯"
        ],
        "usphone": "",
        "ukphone": ""
    },
    {
        "name": "mountainous",
        "trans": [
            "多山的；山一般的"
        ],
        "usphone": "'maʊntənəs",
        "ukphone": "'maʊntɪnəs"
    },
    {
        "name": "whisper",
        "trans": [
            "耳语；低语",
            "低语；小声说"
        ],
        "usphone": "'wɪspɚ",
        "ukphone": "'wɪspə"
    },
    {
        "name": "vast",
        "trans": [
            "巨大的；辽阔的"
        ],
        "usphone": "væst",
        "ukphone": "vɑːst"
    },
    {
        "name": "rhythm",
        "trans": [
            "节奏"
        ],
        "usphone": "'rɪðəm",
        "ukphone": "'rɪð(ə)m"
    },
    {
        "name": "mess",
        "trans": [
            "脏或乱的状态"
        ],
        "usphone": "mɛs",
        "ukphone": "mes"
    },
    {
        "name": "react",
        "trans": [
            "作出反应；回应"
        ],
        "usphone": "ri'ækt",
        "ukphone": "rɪ'ækt"
    },
    {
        "name": "porridge",
        "trans": [
            "粥；麦片粥"
        ],
        "usphone": "'pɔrɪdʒ",
        "ukphone": "'pɒrɪdʒ"
    },
    {
        "name": "drunk",
        "trans": [
            "醉的"
        ],
        "usphone": "drʌŋk",
        "ukphone": "drʌŋk"
    },
    {
        "name": "statement",
        "trans": [
            "陈述；说明"
        ],
        "usphone": "'stetmənt",
        "ukphone": "'steɪtm(ə)nt"
    },
    {
        "name": "greet",
        "trans": [
            "迎接；问候"
        ],
        "usphone": "ɡrit",
        "ukphone": "griːt"
    },
    {
        "name": "represent",
        "trans": [
            "代表；象征"
        ],
        "usphone": ",rɛprɪ'zɛnt",
        "ukphone": "reprɪ'zent"
    },
    {
        "name": "association",
        "trans": [
            "社团；联系；联想"
        ],
        "usphone": "ə,soʃɪ'eʃən",
        "ukphone": "əˌsəʊsɪˈeɪʃn"
    },
    {
        "name": "dormitory",
        "trans": [
            "宿舍"
        ],
        "usphone": "'dɔrmətɔri",
        "ukphone": "ˈdɔ:mɪtrɪ"
    },
    {
        "name": "canteen",
        "trans": [
            "食堂"
        ],
        "usphone": "kænˈtiːn",
        "ukphone": "kæn'tiːn"
    },
    {
        "name": "flight",
        "trans": [
            "航班；飞行"
        ],
        "usphone": "flaɪt",
        "ukphone": "flaɪt"
    },
    {
        "name": "curious",
        "trans": [
            "好奇的"
        ],
        "usphone": "'kjʊrɪəs",
        "ukphone": "'kjʊərɪəs"
    },
    {
        "name": "curiously",
        "trans": [
            "好奇地"
        ],
        "usphone": "'kjʊrɪəsli",
        "ukphone": "'kjʊərɪəslɪ"
    },
    {
        "name": "Garcia",
        "trans": [
            "加西亚（姓）"
        ],
        "usphone": "",
        "ukphone": ""
    },
    {
        "name": "Colombia",
        "trans": [
            "哥伦比亚（南美洲国家）"
        ],
        "usphone": "kə'lʌmbiə",
        "ukphone": "kə'lʌmbiə"
    },
    {
        "name": "approach",
        "trans": [
            "接近；靠近；走近",
            "接近；方法"
        ],
        "usphone": "ə'protʃ",
        "ukphone": "ə'prəʊtʃ"
    },
    {
        "name": "cheek",
        "trans": [
            "面颊"
        ],
        "usphone": "tʃik",
        "ukphone": "tʃiːk"
    },
    {
        "name": "defend",
        "trans": [
            "保护；保卫"
        ],
        "usphone": "dɪ'fɛnd",
        "ukphone": "dɪ'fend"
    },
    {
        "name": "defend against",
        "trans": [
            "保卫……以免受"
        ],
        "usphone": "",
        "ukphone": ""
    },
    {
        "name": "defence",
        "trans": [
            "防御；保卫"
        ],
        "usphone": "di'fens",
        "ukphone": "dɪ'fens"
    },
    {
        "name": "major",
        "trans": [
            "主要的"
        ],
        "usphone": "'medʒɚ",
        "ukphone": "'meɪdʒə"
    },
    {
        "name": "misunderstand",
        "trans": [
            "误解，误会"
        ],
        "usphone": ",mɪsʌndɚ'stænd",
        "ukphone": ",mɪsʌndə'stænd"
    },
    {
        "name": "misunderstanding",
        "trans": [
            "误解；误会"
        ],
        "usphone": ",mɪsʌndɚ'stændɪŋ",
        "ukphone": ",mɪsʌndə'stændɪŋ"
    },
    {
        "name": "Akira Nagata",
        "trans": [
            "永田明"
        ],
        "usphone": "",
        "ukphone": ""
    },
    {
        "name": "Ahmed Aziz",
        "trans": [
            "艾哈迈德•阿齐兹"
        ],
        "usphone": "",
        "ukphone": ""
    },
    {
        "name": "Jordan",
        "trans": [
            "约旦（西亚国家）"
        ],
        "usphone": "'dʒɔrdn",
        "ukphone": "'dʒɔ:dən"
    },
    {
        "name": "Darlene Coulon",
        "trans": [
            "达琳•库隆"
        ],
        "usphone": "",
        "ukphone": ""
    },
    {
        "name": "dash",
        "trans": [
            "猛冲；突进"
        ],
        "usphone": "dæʃ",
        "ukphone": "dæʃ"
    },
    {
        "name": "adult",
        "trans": [
            "成人；成年人",
            "成人的；成熟的"
        ],
        "usphone": "'ædʌlt",
        "ukphone": "'ædʌlt; ə'dʌlt"
    },
    {
        "name": "simply",
        "trans": [
            "简单地；只"
        ],
        "usphone": "'sɪmpli",
        "ukphone": "'sɪmplɪ"
    },
    {
        "name": "Muslim",
        "trans": [
            "穆斯林（的）；伊斯兰教信徒（的）"
        ],
        "usphone": "ˈmʊzlɪm;ˈmʌzlɪm;ˈmʊzləm;ˈmʌzləm",
        "ukphone": "ˈmʊzlɪm;ˈmʌzlɪm;ˈmʊzləm;ˈmʌzləm"
    },
    {
        "name": "spoken",
        "trans": [
            "口语的"
        ],
        "usphone": "'spokən",
        "ukphone": "'spəʊk(ə)n"
    },
    {
        "name": "unspoken",
        "trans": [
            "未说出口的；非口语的"
        ],
        "usphone": "",
        "ukphone": ""
    },
    {
        "name": "posture",
        "trans": [
            "姿态；体态"
        ],
        "usphone": "'pɑstʃɚ",
        "ukphone": "'pɒstʃə"
    },
    {
        "name": "Spain",
        "trans": [
            "西班牙（欧洲国家）"
        ],
        "usphone": "spen",
        "ukphone": "spein"
    },
    {
        "name": "Italy",
        "trans": [
            "意大利（欧洲国家）"
        ],
        "usphone": "'ɪtəlɪ",
        "ukphone": "'ɪtəlɪ"
    },
    {
        "name": "likely",
        "trans": [
            "可能的"
        ],
        "usphone": "'laɪkli",
        "ukphone": "'laɪklɪ"
    },
    {
        "name": "be likely to",
        "trans": [
            "很可能……；有希望……"
        ],
        "usphone": "",
        "ukphone": ""
    },
    {
        "name": "in general",
        "trans": [
            "总的来说；通常"
        ],
        "usphone": "",
        "ukphone": ""
    },
    {
        "name": "crossroads",
        "trans": [
            "十字路口"
        ],
        "usphone": "'krɔsrodz",
        "ukphone": "'krɒsrəʊdz"
    },
    {
        "name": "employee",
        "trans": [
            "雇员"
        ],
        "usphone": "ɪmˈplɔɪi;ɛmplɔɪˈi",
        "ukphone": "ɪmˈplɔɪi;ˌemplɔɪˈi:"
    },
    {
        "name": "frown",
        "trans": [
            "皱眉；蹙额"
        ],
        "usphone": "fraʊn",
        "ukphone": "fraʊn"
    },
    {
        "name": "misread",
        "trans": [
            "误解；读错"
        ],
        "usphone": ",mɪs'rid",
        "ukphone": "mɪs'riːd"
    },
    {
        "name": "facial",
        "trans": [
            "面部的"
        ],
        "usphone": "'feʃl",
        "ukphone": "'feɪʃ(ə)l"
    },
    {
        "name": "function",
        "trans": [
            "作用；功能；职能",
            "起作用；运转"
        ],
        "usphone": "'fʌŋkʃən",
        "ukphone": "'fʌŋ(k)ʃ(ə)n"
    },
    {
        "name": "ease",
        "trans": [
            "安逸；舒适",
            "减轻（痛苦；忧虑）"
        ],
        "usphone": "iz",
        "ukphone": "iːz"
    },
    {
        "name": "at ease",
        "trans": [
            "舒适；快活；自由自在"
        ],
        "usphone": "",
        "ukphone": ""
    },
    {
        "name": "truly",
        "trans": [
            "真实地；真诚地"
        ],
        "usphone": "ˈtruːli",
        "ukphone": "'truːlɪ"
    },
    {
        "name": "false",
        "trans": [
            "假的；错误的"
        ],
        "usphone": "fɔls",
        "ukphone": "fɔːls; fɒls"
    },
    {
        "name": "anger",
        "trans": [
            "怒气；怒火"
        ],
        "usphone": "'æŋɡɚ",
        "ukphone": "'æŋgə"
    },
    {
        "name": "lose face",
        "trans": [
            "丢脸"
        ],
        "usphone": "",
        "ukphone": ""
    },
    {
        "name": "turn one's back to",
        "trans": [
            "背对；背弃"
        ],
        "usphone": "",
        "ukphone": ""
    },
    {
        "name": "fist",
        "trans": [
            "拳头"
        ],
        "usphone": "fɪst",
        "ukphone": "fɪst"
    },
    {
        "name": "yawn",
        "trans": [
            "打呵欠"
        ],
        "usphone": "jɔn",
        "ukphone": "jɔːn"
    },
    {
        "name": "respectful",
        "trans": [
            "恭敬的"
        ],
        "usphone": "rɪ'spɛktfəl",
        "ukphone": "rɪ'spek(t)fʊl; -f(ə)l"
    },
    {
        "name": "subjective",
        "trans": [
            "主观的"
        ],
        "usphone": "səb'dʒɛktɪv",
        "ukphone": "səb'dʒektɪv"
    },
    {
        "name": "hug",
        "trans": [
            "拥抱"
        ],
        "usphone": "hʌɡ",
        "ukphone": "hʌg"
    },
    {
        "name": "rank",
        "trans": [
            "等级；军衔"
        ],
        "usphone": "ræŋk",
        "ukphone": "ræŋk"
    },
    {
        "name": "cassette",
        "trans": [
            "磁带"
        ],
        "usphone": "kə'sɛt",
        "ukphone": "kə'set"
    },
    {
        "name": "theme",
        "trans": [
            "题目；主题（曲）"
        ],
        "usphone": "θim",
        "ukphone": "θiːm"
    },
    {
        "name": "Camelot Park",
        "trans": [
            "卡默洛特公园（位于英国）"
        ],
        "usphone": "",
        "ukphone": ""
    },
    {
        "name": "central",
        "trans": [
            "中心的；中央的"
        ],
        "usphone": "'sɛntrəl",
        "ukphone": "'sentr(ə)l"
    },
    {
        "name": "Central Park",
        "trans": [
            "中央公园（位于美国纽约）"
        ],
        "usphone": "",
        "ukphone": ""
    },
    {
        "name": "Dollywood",
        "trans": [
            "多莱坞（公园名，位于美国）"
        ],
        "usphone": "",
        "ukphone": ""
    },
    {
        "name": "various",
        "trans": [
            "不同的；各种各样的"
        ],
        "usphone": "'vɛrɪəs",
        "ukphone": "'veərɪəs"
    },
    {
        "name": "cartoon",
        "trans": [
            "动画片；漫画"
        ],
        "usphone": "kɑr'tun",
        "ukphone": "kɑː'tuːn"
    },
    {
        "name": "be famous for",
        "trans": [
            "以……而闻名"
        ],
        "usphone": "",
        "ukphone": ""
    },
    {
        "name": "roller coaster",
        "trans": [
            "过山车"
        ],
        "usphone": "",
        "ukphone": ""
    },
    {
        "name": "whichever",
        "trans": [
            "无论哪一个；任何一个"
        ],
        "usphone": "wɪtʃ'ɛvɚ",
        "ukphone": "wɪtʃ'evə"
    },
    {
        "name": "pirate",
        "trans": [
            "海盗；盗版者"
        ],
        "usphone": "'paɪrət",
        "ukphone": "ˈpaɪərət"
    },
    {
        "name": "fairy tale",
        "trans": [
            "神话故事；童话"
        ],
        "usphone": "",
        "ukphone": ""
    },
    {
        "name": "fantasy",
        "trans": [
            "幻想"
        ],
        "usphone": "'fæntəsi",
        "ukphone": "'fæntəsɪ; -zɪ"
    },
    {
        "name": "amusement",
        "trans": [
            "消遣；娱乐（活动）"
        ],
        "usphone": "ə'mjuzmənt",
        "ukphone": "ə'mjuːzm(ə)nt"
    },
    {
        "name": "swing",
        "trans": [
            "秋千；摇摆",
            "摇摆；摆动"
        ],
        "usphone": "swɪŋ",
        "ukphone": "swɪŋ"
    },
    {
        "name": "attraction",
        "trans": [
            "有吸引力的事物"
        ],
        "usphone": "ə'trækʃən",
        "ukphone": "ə'trækʃ(ə)n"
    },
    {
        "name": "no wonder",
        "trans": [
            "难怪；不足为奇"
        ],
        "usphone": "",
        "ukphone": ""
    },
    {
        "name": "tourism",
        "trans": [
            "旅游业"
        ],
        "usphone": "'tʊrɪzəm",
        "ukphone": "'tʊərɪz(ə)m"
    },
    {
        "name": "wherever",
        "trans": [
            "无论在什么地方；各处"
        ],
        "usphone": "wɛr'ɛvɚ",
        "ukphone": "weər'evə"
    },
    {
        "name": "unique",
        "trans": [
            "独一无二的；仅有的"
        ],
        "usphone": "jʊ'nik",
        "ukphone": "juː'niːk"
    },
    {
        "name": "carpenter",
        "trans": [
            "木匠"
        ],
        "usphone": "ˈkɑːrpəntər",
        "ukphone": "ˈkɑːpəntə(r)"
    },
    {
        "name": "craftsman",
        "trans": [
            "匠人；能工巧匠"
        ],
        "usphone": "'kræftsmən",
        "ukphone": "'krɑːf(t)smən"
    },
    {
        "name": "engine",
        "trans": [
            "引擎；发动机"
        ],
        "usphone": "'ɛndʒɪn",
        "ukphone": "'endʒɪn"
    },
    {
        "name": "bald",
        "trans": [
            "秃头的"
        ],
        "usphone": "bɔld",
        "ukphone": "bɔːld"
    },
    {
        "name": "preserve",
        "trans": [
            "保存；保留",
            "保护区"
        ],
        "usphone": "prɪ'zɝv",
        "ukphone": "prɪ'zɜːv"
    },
    {
        "name": "length",
        "trans": [
            "长度；长"
        ],
        "usphone": "lɛŋθ",
        "ukphone": "leŋθ"
    },
    {
        "name": "deed",
        "trans": [
            "行动；事迹"
        ],
        "usphone": "did",
        "ukphone": "diːd"
    },
    {
        "name": "knight",
        "trans": [
            "骑士；爵士"
        ],
        "usphone": "naɪt",
        "ukphone": "naɪt"
    },
    {
        "name": "be modeled after",
        "trans": [
            "根据……模仿；仿造"
        ],
        "usphone": "",
        "ukphone": ""
    },
    {
        "name": "Merlin the Wizard",
        "trans": [
            "魔术师梅林"
        ],
        "usphone": "",
        "ukphone": ""
    },
    {
        "name": "sword",
        "trans": [
            "剑"
        ],
        "usphone": "sɔːrd",
        "ukphone": "sɔːd"
    },
    {
        "name": "joust",
        "trans": [
            "（指中世纪骑士）骑着马用长予打斗"
        ],
        "usphone": "dʒaʊst",
        "ukphone": "dʒaʊst"
    },
    {
        "name": "tournament",
        "trans": [
            "锦标赛；联赛"
        ],
        "usphone": "ˈtɝ​nəmənt",
        "ukphone": "ˈtɔ:nəmənt"
    },
    {
        "name": "settler",
        "trans": [
            "移民；殖民者"
        ],
        "usphone": "'sɛtlɚ",
        "ukphone": "'setlə"
    },
    {
        "name": "athletic",
        "trans": [
            "运动的"
        ],
        "usphone": "æθ'lɛtɪk",
        "ukphone": "æθ'letɪk"
    },
    {
        "name": "translator",
        "trans": [
            "译员；翻译"
        ],
        "usphone": "træns'letɚ",
        "ukphone": "træns'leɪtə; trɑːns-; -nz-"
    },
    {
        "name": "minority",
        "trans": [
            "少数；少数民族"
        ],
        "usphone": "maɪ'nɔrəti",
        "ukphone": "maɪ'nɒrɪtɪ; mɪ-"
    },
    {
        "name": "cloth",
        "trans": [
            "布"
        ],
        "usphone": "klɔθ",
        "ukphone": "klɒθ"
    },
    {
        "name": "Futuroscope",
        "trans": [
            "观测未来（公园名，位于法国）"
        ],
        "usphone": "",
        "ukphone": ""
    },
    {
        "name": "jungle",
        "trans": [
            "丛林"
        ],
        "usphone": "'dʒʌŋɡl",
        "ukphone": "'dʒʌŋg(ə)l"
    },
    {
        "name": "diver",
        "trans": [
            "潜水员"
        ],
        "usphone": "'daɪvɚ",
        "ukphone": "'daɪvə"
    },
    {
        "name": "creature",
        "trans": [
            "生物；动物"
        ],
        "usphone": "'kritʃɚ",
        "ukphone": "'kriːtʃə"
    },
    {
        "name": "sunlight",
        "trans": [
            "阳光"
        ],
        "usphone": "'sʌnlaɪt",
        "ukphone": "'sʌnlaɪt"
    },
    {
        "name": "T-Rex",
        "trans": [
            "霸王龙"
        ],
        "usphone": "",
        "ukphone": ""
    },
    {
        "name": "advance",
        "trans": [
            "前进；提前"
        ],
        "usphone": "əd'væns",
        "ukphone": "əd'vɑːns"
    },
    {
        "name": "in advance",
        "trans": [
            "提前"
        ],
        "usphone": "",
        "ukphone": ""
    },
    {
        "name": "advanced",
        "trans": [
            "高级的；先进的"
        ],
        "usphone": "əd'vænst",
        "ukphone": "ədˈvɑ:nst"
    },
    {
        "name": "brand",
        "trans": [
            "商标；牌子"
        ],
        "usphone": "brænd",
        "ukphone": "brænd"
    },
    {
        "name": "get close to",
        "trans": [
            "接近"
        ],
        "usphone": "",
        "ukphone": ""
    },
    {
        "name": "come to life",
        "trans": [
            "活跃起来"
        ],
        "usphone": "",
        "ukphone": ""
    },
    {
        "name": "outing",
        "trans": [
            "外出；短途旅行；远足"
        ],
        "usphone": "'aʊtɪŋ",
        "ukphone": "'aʊtɪŋ"
    },
    {
        "name": "admission",
        "trans": [
            "承认；准许进(加)入；入场费"
        ],
        "usphone": "əd'mɪʃən",
        "ukphone": "əd'mɪʃ(ə)n"
    },
    {
        "name": "shuttle",
        "trans": [
            "往返汽车；航天飞机"
        ],
        "usphone": "'ʃʌtl",
        "ukphone": "'ʃʌt(ə)l"
    },
    {
        "name": "freeway",
        "trans": [
            "高速公路"
        ],
        "usphone": "'friwe",
        "ukphone": "'friːweɪ"
    },
    {
        "name": "souvenir",
        "trans": [
            "纪念品"
        ],
        "usphone": ",suvə'nɪr",
        "ukphone": ",suːvə'nɪə"
    },
    {
        "name": "sneaker",
        "trans": [
            "运动鞋"
        ],
        "usphone": "'snikɚ",
        "ukphone": "'sniːkə"
    },
    {
        "name": "brochure",
        "trans": [
            "（作宣传或介绍用的）小册子；指南"
        ],
        "usphone": "bro'ʃʊr",
        "ukphone": "'brəʊʃə; brɒ'ʃʊə"
    }
]