[
    {
        "name": "younger",
        "trans": [
            "更年轻的"
        ],
        "usphone": "'jʌŋɡɚ",
        "ukphone": "'jʌŋɡə"
    },
    {
        "name": "older",
        "trans": [
            "更年长的"
        ],
        "usphone": "oldə",
        "ukphone": "'əʊldə"
    },
    {
        "name": "taller",
        "trans": [
            "更高的"
        ],
        "usphone": "'tɔlɚ",
        "ukphone": "'tɔ:lə(r)"
    },
    {
        "name": "shorter",
        "trans": [
            "更矮的"
        ],
        "usphone": "",
        "ukphone": ""
    },
    {
        "name": "longer",
        "trans": [
            "更长的"
        ],
        "usphone": "'lɔŋɡɚ",
        "ukphone": "'lɒŋɡə"
    },
    {
        "name": "thinner",
        "trans": [
            "更瘦的"
        ],
        "usphone": "'θɪnɚ",
        "ukphone": "'θɪnə"
    },
    {
        "name": "heavier",
        "trans": [
            "更重的"
        ],
        "usphone": "'hɛvɪɚðən'ɛr",
        "ukphone": "'hevɪə"
    },
    {
        "name": "bigger",
        "trans": [
            "更大的"
        ],
        "usphone": "bɪgə(r)",
        "ukphone": "bɪgə(r)"
    },
    {
        "name": "smaller",
        "trans": [
            "更小的"
        ],
        "usphone": "smɔlər",
        "ukphone": "smɔ:lə(r)"
    },
    {
        "name": "stronger",
        "trans": [
            "更强壮的"
        ],
        "usphone": "strɔ:ŋɡər",
        "ukphone": "strɒŋgə(r)"
    },
    {
        "name": "dinosaur",
        "trans": [
            "恐龙"
        ],
        "usphone": "ˈdaɪnəˌsɔr",
        "ukphone": "'daɪnəsɔː"
    },
    {
        "name": "hall",
        "trans": [
            "大厅"
        ],
        "usphone": "hɔl",
        "ukphone": "hɔːl"
    },
    {
        "name": "metre",
        "trans": [
            "米"
        ],
        "usphone": "ˈmitɚ",
        "ukphone": "'mi:tə(r)"
    },
    {
        "name": "meter",
        "trans": [
            "米"
        ],
        "usphone": "mitɚ",
        "ukphone": "ˈmi:tə(r)"
    },
    {
        "name": "than",
        "trans": [
            "比"
        ],
        "usphone": "ðæn",
        "ukphone": "ðæn; ð(ə)n"
    },
    {
        "name": "both",
        "trans": [
            "两个都"
        ],
        "usphone": "boθ",
        "ukphone": "bəʊθ"
    },
    {
        "name": "kilogram",
        "trans": [
            "千克"
        ],
        "usphone": "'kɪləɡræm",
        "ukphone": "ˈkɪləɡræm"
    },
    {
        "name": "countryside",
        "trans": [
            "乡村"
        ],
        "usphone": "'kʌntrɪsaɪd",
        "ukphone": "'kʌntrɪsaɪd"
    },
    {
        "name": "lower",
        "trans": [
            "更低地"
        ],
        "usphone": "'loɚ",
        "ukphone": "'ləʊə"
    },
    {
        "name": "shadow",
        "trans": [
            "影子"
        ],
        "usphone": "'ʃædo",
        "ukphone": "'ʃædəʊ"
    },
    {
        "name": "smarter",
        "trans": [
            "更聪明的"
        ],
        "usphone": "",
        "ukphone": "'smɑ:tə"
    },
    {
        "name": "become",
        "trans": [
            "变成"
        ],
        "usphone": "bɪ'kʌm",
        "ukphone": "bɪ'kʌm"
    },
    {
        "name": "cleaned",
        "trans": [
            "打扫"
        ],
        "usphone": "klind",
        "ukphone": "kliːnd"
    },
    {
        "name": "stayed",
        "trans": [
            "待"
        ],
        "usphone": "",
        "ukphone": ""
    },
    {
        "name": "washed",
        "trans": [
            "洗"
        ],
        "usphone": "wɔʃt",
        "ukphone": "wɔʃt"
    },
    {
        "name": "watched",
        "trans": [
            "看"
        ],
        "usphone": "wɑtʃ",
        "ukphone": "wɒtʃ"
    },
    {
        "name": "had",
        "trans": [
            "得病（例如 had a cold 得了感冒）"
        ],
        "usphone": "hæd",
        "ukphone": "hæd"
    },
    {
        "name": "had a cold",
        "trans": [
            "感冒"
        ],
        "usphone": "",
        "ukphone": ""
    },
    {
        "name": "slept",
        "trans": [
            "睡觉"
        ],
        "usphone": "slɛpt",
        "ukphone": "slept"
    },
    {
        "name": "read",
        "trans": [
            "读"
        ],
        "usphone": "rid; rɛd",
        "ukphone": "ri:d;red"
    },
    {
        "name": "saw",
        "trans": [
            "看"
        ],
        "usphone": "sɔ",
        "ukphone": "sɔː"
    },
    {
        "name": "last",
        "trans": [
            "最近"
        ],
        "usphone": "læst",
        "ukphone": "lɑːst"
    },
    {
        "name": "yesterday",
        "trans": [
            "昨天"
        ],
        "usphone": "ˈjɛstɚdɪ;-de",
        "ukphone": "ˈjestədɪ;-deɪ"
    },
    {
        "name": "before",
        "trans": [
            "在⋯⋯之前"
        ],
        "usphone": "bɪ'fɔr",
        "ukphone": "bɪ'fɔː"
    },
    {
        "name": "drank",
        "trans": [
            "喝"
        ],
        "usphone": "dræŋk",
        "ukphone": "dræŋk"
    },
    {
        "name": "show",
        "trans": [
            "演出"
        ],
        "usphone": "ʃo",
        "ukphone": "ʃəʊ"
    },
    {
        "name": "magazine",
        "trans": [
            "杂志"
        ],
        "usphone": "'mæɡəzin",
        "ukphone": "mægə'ziːn"
    },
    {
        "name": "better",
        "trans": [
            "更好的"
        ],
        "usphone": "'bɛtɚ",
        "ukphone": "'betə"
    },
    {
        "name": "faster",
        "trans": [
            "更快的"
        ],
        "usphone": "'fastə",
        "ukphone": "fɑ:stə(r)"
    },
    {
        "name": "hotel",
        "trans": [
            "旅馆"
        ],
        "usphone": "ho'tɛl",
        "ukphone": "həʊˈtel"
    },
    {
        "name": "fixed",
        "trans": [
            "修理"
        ],
        "usphone": "fɪkst",
        "ukphone": "fɪkst"
    },
    {
        "name": "broken",
        "trans": [
            "破损的"
        ],
        "usphone": "'brokən",
        "ukphone": "'brəʊk(ə)n"
    },
    {
        "name": "lamp",
        "trans": [
            "台灯"
        ],
        "usphone": "læmp",
        "ukphone": "læmp"
    },
    {
        "name": "loud",
        "trans": [
            "大声的"
        ],
        "usphone": "laʊd",
        "ukphone": "laʊd"
    },
    {
        "name": "enjoy",
        "trans": [
            "享受⋯⋯的乐趣"
        ],
        "usphone": "ɪn'dʒɔɪ",
        "ukphone": "ɪnˈdʒɔɪ"
    },
    {
        "name": "stay",
        "trans": [
            "暂住"
        ],
        "usphone": "ste",
        "ukphone": "steɪ"
    },
    {
        "name": "went",
        "trans": [
            "去"
        ],
        "usphone": "wɛnt",
        "ukphone": "went"
    },
    {
        "name": "camp",
        "trans": [
            "野营"
        ],
        "usphone": "kæmp",
        "ukphone": "kæmp"
    },
    {
        "name": "went camping",
        "trans": [
            "去野营"
        ],
        "usphone": "",
        "ukphone": ""
    },
    {
        "name": "fish",
        "trans": [
            "钓鱼"
        ],
        "usphone": "fɪʃ",
        "ukphone": "fɪʃ"
    },
    {
        "name": "went fishing",
        "trans": [
            "去钓鱼"
        ],
        "usphone": "",
        "ukphone": ""
    },
    {
        "name": "rode",
        "trans": [
            "骑"
        ],
        "usphone": "rod",
        "ukphone": "rəʊd"
    },
    {
        "name": "hurt",
        "trans": [
            "受伤"
        ],
        "usphone": "hɝ​t",
        "ukphone": "hɜːt"
    },
    {
        "name": "ate",
        "trans": [
            "吃"
        ],
        "usphone": "ɛt; et",
        "ukphone": "et; eit"
    },
    {
        "name": "took",
        "trans": [
            "拍照"
        ],
        "usphone": "tʊk",
        "ukphone": "tʊk"
    },
    {
        "name": "took pictures",
        "trans": [
            "照相"
        ],
        "usphone": "",
        "ukphone": ""
    },
    {
        "name": "bought",
        "trans": [
            "买"
        ],
        "usphone": "bɔt",
        "ukphone": "bɔːt"
    },
    {
        "name": "gift",
        "trans": [
            "礼物"
        ],
        "usphone": "ɡɪft",
        "ukphone": "gɪft"
    },
    {
        "name": "fell",
        "trans": [
            "摔倒"
        ],
        "usphone": "fɛl",
        "ukphone": "fel"
    },
    {
        "name": "off",
        "trans": [
            "落下"
        ],
        "usphone": "ɔf",
        "ukphone": "ɒf"
    },
    {
        "name": "Labour Day",
        "trans": [
            "劳动节"
        ],
        "usphone": "",
        "ukphone": ""
    },
    {
        "name": "mule",
        "trans": [
            "骡子"
        ],
        "usphone": "mjul",
        "ukphone": "mjuːl"
    },
    {
        "name": "Turpan",
        "trans": [
            "吐鲁番"
        ],
        "usphone": "",
        "ukphone": ""
    },
    {
        "name": "could",
        "trans": [
            "能"
        ],
        "usphone": "kəd; kʊd",
        "ukphone": "kəd; kʊd"
    },
    {
        "name": "till",
        "trans": [
            "直到"
        ],
        "usphone": "tɪl",
        "ukphone": "tɪl"
    },
    {
        "name": "beach",
        "trans": [
            "沙滩"
        ],
        "usphone": "bitʃ",
        "ukphone": "biːtʃ"
    },
    {
        "name": "basket",
        "trans": [
            "篮子"
        ],
        "usphone": "'bæskɪt",
        "ukphone": "'bɑːskɪt"
    },
    {
        "name": "part",
        "trans": [
            "角色"
        ],
        "usphone": "pɑrt",
        "ukphone": "pɑːt"
    },
    {
        "name": "licked",
        "trans": [
            "舔"
        ],
        "usphone": "lɪk",
        "ukphone": "lɪk"
    },
    {
        "name": "laughed",
        "trans": [
            "笑"
        ],
        "usphone": "",
        "ukphone": ""
    },
    {
        "name": "dining hall",
        "trans": [
            "饭厅"
        ],
        "usphone": "",
        "ukphone": ""
    },
    {
        "name": "grass",
        "trans": [
            "草坪"
        ],
        "usphone": "ɡræs",
        "ukphone": "grɑːs"
    },
    {
        "name": "gym",
        "trans": [
            "体育馆"
        ],
        "usphone": "dʒɪm",
        "ukphone": "dʒɪm"
    },
    {
        "name": "ago",
        "trans": [
            "以前"
        ],
        "usphone": "ə'ɡo",
        "ukphone": "ə'gəʊ"
    },
    {
        "name": "cycling",
        "trans": [
            "骑自行车运动"
        ],
        "usphone": "'saɪklɪŋ",
        "ukphone": "'saɪklɪŋ"
    },
    {
        "name": "go cycling",
        "trans": [
            "去骑自行车"
        ],
        "usphone": "",
        "ukphone": ""
    },
    {
        "name": "ice-skate",
        "trans": [
            "滑冰"
        ],
        "usphone": "'aisskeit",
        "ukphone": ""
    },
    {
        "name": "badminton",
        "trans": [
            "羽毛球运动"
        ],
        "usphone": "'bædmɪntən",
        "ukphone": "'bædmɪnt(ə)n"
    },
    {
        "name": "star",
        "trans": [
            "星"
        ],
        "usphone": "stɑr",
        "ukphone": "stɑː"
    },
    {
        "name": "easy",
        "trans": [
            "容易的"
        ],
        "usphone": "'izi",
        "ukphone": "'iːzɪ"
    },
    {
        "name": "look up",
        "trans": [
            "查阅"
        ],
        "usphone": "",
        "ukphone": ""
    },
    {
        "name": "Internet",
        "trans": [
            "互联网"
        ],
        "usphone": "'ɪntɚnɛt",
        "ukphone": "'ɪntənet"
    },
    {
        "name": "different",
        "trans": [
            "不同的"
        ],
        "usphone": "'dɪfrənt",
        "ukphone": "ˈdɪfrənt"
    },
    {
        "name": "active",
        "trans": [
            "活跃的"
        ],
        "usphone": "'æktɪv",
        "ukphone": "'æktɪv"
    },
    {
        "name": "race",
        "trans": [
            "赛跑"
        ],
        "usphone": "res",
        "ukphone": "reɪs"
    },
    {
        "name": "nothing",
        "trans": [
            "没有什么"
        ],
        "usphone": "'nʌθɪŋ",
        "ukphone": "'nʌθɪŋ"
    },
    {
        "name": "thought",
        "trans": [
            "想"
        ],
        "usphone": "θɔt",
        "ukphone": "θɔːt"
    },
    {
        "name": "felt",
        "trans": [
            "感觉"
        ],
        "usphone": "fɛlt",
        "ukphone": "felt"
    },
    {
        "name": "cheetah",
        "trans": [
            "猎豹"
        ],
        "usphone": "'tʃitə",
        "ukphone": "'tʃiːtə"
    },
    {
        "name": "trip",
        "trans": [
            "绊倒"
        ],
        "usphone": "trɪp",
        "ukphone": "trɪp"
    },
    {
        "name": "woke",
        "trans": [
            "醒"
        ],
        "usphone": "wok",
        "ukphone": "wəʊk"
    },
    {
        "name": "dream",
        "trans": [
            "梦"
        ],
        "usphone": "drim",
        "ukphone": "driːm"
    },
    {
        "name": "straight",
        "trans": [
            "笔直的"
        ],
        "usphone": "stret",
        "ukphone": "streɪt"
    },
    {
        "name": "right",
        "trans": [
            "右"
        ],
        "usphone": "raɪt",
        "ukphone": "raɪt"
    },
    {
        "name": "ask",
        "trans": [
            "问"
        ],
        "usphone": "æsk",
        "ukphone": "ɑːsk"
    },
    {
        "name": "sir",
        "trans": [
            "先生"
        ],
        "usphone": "sɝ",
        "ukphone": "sɜː"
    },
    {
        "name": "interesting",
        "trans": [
            "有趣的"
        ],
        "usphone": "'ɪntrəstɪŋ",
        "ukphone": "ˈɪntrəstɪŋ"
    },
    {
        "name": "Italian",
        "trans": [
            "意大利的"
        ],
        "usphone": "ɪˈtæljən",
        "ukphone": "ɪˈtælɪən"
    },
    {
        "name": "restaurant",
        "trans": [
            "餐馆"
        ],
        "usphone": "ˈrestərənt; rɛstərənt",
        "ukphone": "ˈrestrɒnt"
    },
    {
        "name": "pizza",
        "trans": [
            "比萨饼"
        ],
        "usphone": "'pitsə",
        "ukphone": "'piːtsə; 'pɪtsə"
    },
    {
        "name": "street",
        "trans": [
            "大街"
        ],
        "usphone": "strit",
        "ukphone": "striːt"
    },
    {
        "name": "get",
        "trans": [
            "到达"
        ],
        "usphone": "ɡɛt",
        "ukphone": "get"
    },
    {
        "name": "GPS",
        "trans": [
            "全球（卫星）"
        ],
        "usphone": "",
        "ukphone": ""
    },
    {
        "name": "gave",
        "trans": [
            "提供"
        ],
        "usphone": "ɡev",
        "ukphone": "ɡeɪv"
    },
    {
        "name": "feature",
        "trans": [
            "特点"
        ],
        "usphone": "'fitʃɚ",
        "ukphone": "'fiːtʃə"
    },
    {
        "name": "follow",
        "trans": [
            "跟着"
        ],
        "usphone": "'fɑlo",
        "ukphone": "'fɒləʊ"
    },
    {
        "name": "far",
        "trans": [
            "较远的"
        ],
        "usphone": "fɑr",
        "ukphone": "fɑː"
    },
    {
        "name": "tell",
        "trans": [
            "告诉"
        ],
        "usphone": "",
        "ukphone": "tel"
    }
]