[
    {
        "name": "science",
        "trans": [
            "科学"
        ],
        "usphone": "'saɪəns",
        "ukphone": "'saɪəns"
    },
    {
        "name": "museum",
        "trans": [
            "博物馆"
        ],
        "usphone": "mjuˈzɪəm",
        "ukphone": "mjuː'zɪəm"
    },
    {
        "name": "post office",
        "trans": [
            "邮局"
        ],
        "usphone": "ˈpost ɔfɪs",
        "ukphone": "ˈpəust ɔfis"
    },
    {
        "name": "bookstore",
        "trans": [
            "书店"
        ],
        "usphone": "bʊkstɔr",
        "ukphone": "'bʊkstɔː"
    },
    {
        "name": "cinema",
        "trans": [
            "电影院"
        ],
        "usphone": "'sɪnəmə",
        "ukphone": "ˈsɪnəmɑ:ˈsɪnəmə"
    },
    {
        "name": "hospital",
        "trans": [
            "医院"
        ],
        "usphone": "'hɑspɪtl",
        "ukphone": "'hɒspɪt(ə)l"
    },
    {
        "name": "crossing",
        "trans": [
            "十字路口"
        ],
        "usphone": "'krɔsɪŋ",
        "ukphone": "'krɒsɪŋ"
    },
    {
        "name": "turn",
        "trans": [
            "转弯"
        ],
        "usphone": "tɝn",
        "ukphone": "tɜːn"
    },
    {
        "name": "left",
        "trans": [
            "左"
        ],
        "usphone": "lɛft",
        "ukphone": "left"
    },
    {
        "name": "on foot",
        "trans": [
            "步行"
        ],
        "usphone": "",
        "ukphone": ""
    },
    {
        "name": "by",
        "trans": [
            "乘"
        ],
        "usphone": "baɪ",
        "ukphone": "baɪ"
    },
    {
        "name": "bus",
        "trans": [
            "公共汽车"
        ],
        "usphone": "bʌs",
        "ukphone": "bʌs"
    },
    {
        "name": "plane",
        "trans": [
            "飞机"
        ],
        "usphone": "plen",
        "ukphone": "pleɪn"
    },
    {
        "name": "taxi",
        "trans": [
            "出租汽车"
        ],
        "usphone": "'tæksi",
        "ukphone": "'tæksɪ"
    },
    {
        "name": "ship",
        "trans": [
            "船"
        ],
        "usphone": "ʃɪp",
        "ukphone": "ʃɪp"
    },
    {
        "name": "subway",
        "trans": [
            "地铁"
        ],
        "usphone": "'sʌbwe",
        "ukphone": "'sʌbweɪ"
    },
    {
        "name": "train",
        "trans": [
            "火车"
        ],
        "usphone": "tren",
        "ukphone": "treɪn"
    },
    {
        "name": "slow",
        "trans": [
            "慢的"
        ],
        "usphone": "sloʊ",
        "ukphone": "sləʊ"
    },
    {
        "name": "down",
        "trans": [
            "减少"
        ],
        "usphone": "daʊn",
        "ukphone": "daʊn"
    },
    {
        "name": "slow down",
        "trans": [
            "慢下来"
        ],
        "usphone": "",
        "ukphone": ""
    },
    {
        "name": "stop",
        "trans": [
            "停下"
        ],
        "usphone": "stɑp",
        "ukphone": "stɒp"
    },
    {
        "name": "Mrs",
        "trans": [
            "夫人"
        ],
        "usphone": "ˈmɪsɪz",
        "ukphone": ""
    },
    {
        "name": "early",
        "trans": [
            "早到的"
        ],
        "usphone": "'ɝli",
        "ukphone": "'ɜːlɪ"
    },
    {
        "name": "helmet",
        "trans": [
            "头盔"
        ],
        "usphone": "'hɛlmɪt",
        "ukphone": "'helmɪt"
    },
    {
        "name": "must",
        "trans": [
            "必须"
        ],
        "usphone": "mʌst",
        "ukphone": "mʌst"
    },
    {
        "name": "wear",
        "trans": [
            "戴"
        ],
        "usphone": "wɛr",
        "ukphone": "weə"
    },
    {
        "name": "attention",
        "trans": [
            "注意"
        ],
        "usphone": "ə'tɛnʃən",
        "ukphone": "ə'tenʃ(ə)n"
    },
    {
        "name": "pay attention to",
        "trans": [
            "注意"
        ],
        "usphone": "",
        "ukphone": ""
    },
    {
        "name": "traffic",
        "trans": [
            "交通"
        ],
        "usphone": "'træfɪk",
        "ukphone": "'træfɪk"
    },
    {
        "name": "traffic lights",
        "trans": [
            "交通信号灯"
        ],
        "usphone": "",
        "ukphone": ""
    },
    {
        "name": "Munich",
        "trans": [
            "慕尼黑"
        ],
        "usphone": "'mju:nik",
        "ukphone": "'mju:nik"
    },
    {
        "name": "Germany",
        "trans": [
            "德国"
        ],
        "usphone": "'dʒɝməni",
        "ukphone": "'dʒɜːmənɪ"
    },
    {
        "name": "Alaska",
        "trans": [
            "阿拉斯加州"
        ],
        "usphone": "ə'læskə",
        "ukphone": "ə'læskə"
    },
    {
        "name": "sled",
        "trans": [
            "雪橇"
        ],
        "usphone": "slɛd",
        "ukphone": "sled"
    },
    {
        "name": "fast",
        "trans": [
            "快的"
        ],
        "usphone": "fæst",
        "ukphone": "fɑːst"
    },
    {
        "name": "ferry",
        "trans": [
            "轮渡"
        ],
        "usphone": "'fɛri",
        "ukphone": "'ferɪ"
    },
    {
        "name": "Papa Westray",
        "trans": [
            "帕帕韦斯特雷岛"
        ],
        "usphone": "",
        "ukphone": ""
    },
    {
        "name": "Scotland",
        "trans": [
            "苏格兰"
        ],
        "usphone": "'skɔtlənd",
        "ukphone": "'skɔtlənd"
    },
    {
        "name": "visit",
        "trans": [
            "拜访"
        ],
        "usphone": "'vɪzɪt",
        "ukphone": "'vɪzɪt"
    },
    {
        "name": "film",
        "trans": [
            "电影"
        ],
        "usphone": "fɪlm",
        "ukphone": "fɪlm"
    },
    {
        "name": "see a film",
        "trans": [
            "看电影"
        ],
        "usphone": "",
        "ukphone": ""
    },
    {
        "name": "trip",
        "trans": [
            "旅行"
        ],
        "usphone": "trɪp",
        "ukphone": "trɪp"
    },
    {
        "name": "take a trip",
        "trans": [
            "去旅行"
        ],
        "usphone": "",
        "ukphone": ""
    },
    {
        "name": "supermarket",
        "trans": [
            "超市"
        ],
        "usphone": "'sʊpɚ'mɑrkɪt",
        "ukphone": "'suːpəmɑːkɪt; 'sjuː-"
    },
    {
        "name": "evening",
        "trans": [
            "晚上"
        ],
        "usphone": "'ivnɪŋ",
        "ukphone": "'iːv(ə)nɪŋ"
    },
    {
        "name": "tonight",
        "trans": [
            "今晚"
        ],
        "usphone": "tə'naɪt",
        "ukphone": "tə'naɪt"
    },
    {
        "name": "tomorrow",
        "trans": [
            "明天"
        ],
        "usphone": "tə'mɔro",
        "ukphone": "tə'mɒrəʊ"
    },
    {
        "name": "next week",
        "trans": [
            "下周"
        ],
        "usphone": "nɛkst wik",
        "ukphone": "nekst wi:k"
    },
    {
        "name": "dictionary",
        "trans": [
            "词典"
        ],
        "usphone": "'dɪkʃə'nɛri",
        "ukphone": "'dɪkʃ(ə)n(ə)rɪ"
    },
    {
        "name": "comic",
        "trans": [
            "滑稽的"
        ],
        "usphone": "'kɑmɪk",
        "ukphone": "'kɒmɪk"
    },
    {
        "name": "comic book",
        "trans": [
            "连环画"
        ],
        "usphone": "",
        "ukphone": ""
    },
    {
        "name": "word",
        "trans": [
            "单词"
        ],
        "usphone": "wɝd",
        "ukphone": "wɜːd"
    },
    {
        "name": "word book",
        "trans": [
            "单词书"
        ],
        "usphone": "'wɝk'bʊk",
        "ukphone": "'wɜːdbʊk"
    },
    {
        "name": "post card",
        "trans": [
            "明信片"
        ],
        "usphone": "",
        "ukphone": ""
    },
    {
        "name": "lesson",
        "trans": [
            "课"
        ],
        "usphone": "'lɛsn",
        "ukphone": "'les(ə)n"
    },
    {
        "name": "space",
        "trans": [
            "太空"
        ],
        "usphone": "spes",
        "ukphone": "speɪs"
    },
    {
        "name": "travel",
        "trans": [
            "旅行"
        ],
        "usphone": "'trævl",
        "ukphone": "'træv(ə)l"
    },
    {
        "name": "half",
        "trans": [
            "一半"
        ],
        "usphone": "hæf",
        "ukphone": "hɑːf"
    },
    {
        "name": "price",
        "trans": [
            "价格"
        ],
        "usphone": "praɪs",
        "ukphone": "praɪs"
    },
    {
        "name": "Mid-Autumn Festival",
        "trans": [
            "中秋节"
        ],
        "usphone": "",
        "ukphone": ""
    },
    {
        "name": "together",
        "trans": [
            "一起"
        ],
        "usphone": "tə'ɡɛðɚ",
        "ukphone": "tə'geðə"
    },
    {
        "name": "get together",
        "trans": [
            "聚会"
        ],
        "usphone": "",
        "ukphone": ""
    },
    {
        "name": "mooncake",
        "trans": [
            "月饼"
        ],
        "usphone": "'munkeɪk",
        "ukphone": "'mu:nkeɪk"
    },
    {
        "name": "poem",
        "trans": [
            "诗"
        ],
        "usphone": "'poəm",
        "ukphone": "'pəʊɪm"
    },
    {
        "name": "moon",
        "trans": [
            "月亮"
        ],
        "usphone": "mun",
        "ukphone": "muːn"
    },
    {
        "name": "studies",
        "trans": [
            "学习"
        ],
        "usphone": "'stʌdiz",
        "ukphone": "'stʌdiz"
    },
    {
        "name": "puzzle",
        "trans": [
            "谜"
        ],
        "usphone": "'pʌzl",
        "ukphone": "'pʌz(ə)l"
    },
    {
        "name": "hiking",
        "trans": [
            "远足"
        ],
        "usphone": "'haɪkɪŋ",
        "ukphone": "'haɪkɪŋ"
    },
    {
        "name": "pen pal",
        "trans": [
            "笔友"
        ],
        "usphone": "",
        "ukphone": ""
    },
    {
        "name": "hobby",
        "trans": [
            "业余爱好"
        ],
        "usphone": "'hɑbi",
        "ukphone": "'hɒbɪ"
    },
    {
        "name": "jasmine",
        "trans": [
            "茉莉"
        ],
        "usphone": "'dʒæzmɪn",
        "ukphone": "'dʒæzmɪn; 'dʒæs-"
    },
    {
        "name": "idea",
        "trans": [
            "主意"
        ],
        "usphone": "aɪ'diə",
        "ukphone": "aɪ'dɪə"
    },
    {
        "name": "Canberra",
        "trans": [
            "堪培拉"
        ],
        "usphone": "'kænbərə",
        "ukphone": "'kænbərə"
    },
    {
        "name": "amazing",
        "trans": [
            "令人惊奇的"
        ],
        "usphone": "ə'mezɪŋ",
        "ukphone": "ə'meɪzɪŋ"
    },
    {
        "name": "shall",
        "trans": [
            "表示征求意见"
        ],
        "usphone": "ʃəl",
        "ukphone": "ʃæl; ʃ(ə)l"
    },
    {
        "name": "goal",
        "trans": [
            "射门"
        ],
        "usphone": "ɡol",
        "ukphone": "gəʊl"
    },
    {
        "name": "join",
        "trans": [
            "加入"
        ],
        "usphone": "dʒɔɪn",
        "ukphone": "dʒɒɪn"
    },
    {
        "name": "club",
        "trans": [
            "俱乐部"
        ],
        "usphone": "klʌb",
        "ukphone": "klʌb"
    },
    {
        "name": "share",
        "trans": [
            "分享"
        ],
        "usphone": "ʃɛr",
        "ukphone": "ʃeə"
    },
    {
        "name": "factory",
        "trans": [
            "工厂"
        ],
        "usphone": "'fæktri",
        "ukphone": "'fækt(ə)rɪ"
    },
    {
        "name": "worker",
        "trans": [
            "工人"
        ],
        "usphone": "'wɝkɚ",
        "ukphone": "'wɜːkə"
    },
    {
        "name": "postman",
        "trans": [
            "邮递员"
        ],
        "usphone": "'postmən",
        "ukphone": "'pəʊs(t)mən"
    },
    {
        "name": "businessman",
        "trans": [
            "商人"
        ],
        "usphone": "'bɪznəsmæn",
        "ukphone": "'bɪznɪsmən"
    },
    {
        "name": "police officer",
        "trans": [
            "警察"
        ],
        "usphone": "pəˈlis ˈɔfɪsɚ",
        "ukphone": ""
    },
    {
        "name": "fisherman",
        "trans": [
            "渔民"
        ],
        "usphone": "'fɪʃɚmən",
        "ukphone": "'fɪʃəmən"
    },
    {
        "name": "scientist",
        "trans": [
            "科学家"
        ],
        "usphone": "'saɪəntɪst",
        "ukphone": "'saɪəntɪst"
    },
    {
        "name": "pilot",
        "trans": [
            "飞行员"
        ],
        "usphone": "'paɪlət",
        "ukphone": "'paɪlət"
    },
    {
        "name": "coach",
        "trans": [
            "教练"
        ],
        "usphone": "kotʃ",
        "ukphone": "kəʊtʃ"
    },
    {
        "name": "country",
        "trans": [
            "国家"
        ],
        "usphone": "'kʌntri",
        "ukphone": "'kʌntrɪ"
    },
    {
        "name": "head teacher",
        "trans": [
            "校长"
        ],
        "usphone": "",
        "ukphone": ""
    },
    {
        "name": "sea",
        "trans": [
            "大海"
        ],
        "usphone": "si",
        "ukphone": "siː"
    },
    {
        "name": "stay",
        "trans": [
            "保持"
        ],
        "usphone": "ste",
        "ukphone": "steɪ"
    },
    {
        "name": "university",
        "trans": [
            "大学"
        ],
        "usphone": ",junɪ'vɝsəti",
        "ukphone": "juːnɪ'vɜːsɪtɪ"
    },
    {
        "name": "gym",
        "trans": [
            "体育馆"
        ],
        "usphone": "dʒɪm",
        "ukphone": "dʒɪm"
    },
    {
        "name": "if",
        "trans": [
            "如果"
        ],
        "usphone": "ɪf",
        "ukphone": "ɪf"
    },
    {
        "name": "reporter",
        "trans": [
            "记者"
        ],
        "usphone": "rɪ'pɔrtɚ",
        "ukphone": "rɪ'pɔːtə"
    },
    {
        "name": "use",
        "trans": [
            "使用"
        ],
        "usphone": "juz",
        "ukphone": "juːz"
    },
    {
        "name": "type",
        "trans": [
            "打字"
        ],
        "usphone": "taɪp",
        "ukphone": "taɪp"
    },
    {
        "name": "quickly",
        "trans": [
            "迅速地"
        ],
        "usphone": "'kwɪkli",
        "ukphone": "'kwɪklɪ"
    },
    {
        "name": "secretary",
        "trans": [
            "秘书"
        ],
        "usphone": "'sɛkrətɛrɪ",
        "ukphone": "ˈsekrətrɪ"
    },
    {
        "name": "angry",
        "trans": [
            "生气的"
        ],
        "usphone": "ˈæŋgrɪ",
        "ukphone": "'æŋgrɪ"
    },
    {
        "name": "afraid",
        "trans": [
            "害怕"
        ],
        "usphone": "ə'fred",
        "ukphone": "ə'freɪd"
    },
    {
        "name": "sad",
        "trans": [
            "难过的"
        ],
        "usphone": "sæd",
        "ukphone": "sæd"
    },
    {
        "name": "worried",
        "trans": [
            "担心的"
        ],
        "usphone": "'wɝrɪd",
        "ukphone": "'wʌrɪd"
    },
    {
        "name": "happy",
        "trans": [
            "高兴的"
        ],
        "usphone": "'hæpɪ",
        "ukphone": "'hæpɪ"
    },
    {
        "name": "see a doctor",
        "trans": [
            "看病"
        ],
        "usphone": "",
        "ukphone": ""
    },
    {
        "name": "wear.",
        "trans": [
            "穿"
        ],
        "usphone": "wɛr",
        "ukphone": "weə"
    },
    {
        "name": "more",
        "trans": [
            "更多的"
        ],
        "usphone": "mɔr",
        "ukphone": "mɔː"
    },
    {
        "name": "deep",
        "trans": [
            "深的"
        ],
        "usphone": "dip",
        "ukphone": "diːp"
    },
    {
        "name": "breath",
        "trans": [
            "呼吸"
        ],
        "usphone": "brɛθ",
        "ukphone": "breθ"
    },
    {
        "name": "take a deep breath",
        "trans": [
            "深呼吸"
        ],
        "usphone": "",
        "ukphone": ""
    },
    {
        "name": "count",
        "trans": [
            "数数"
        ],
        "usphone": "kaʊnt",
        "ukphone": "kaʊnt"
    },
    {
        "name": "count to ten",
        "trans": [
            "数到十"
        ],
        "usphone": "",
        "ukphone": ""
    },
    {
        "name": "chase",
        "trans": [
            "追赶"
        ],
        "usphone": "tʃeis",
        "ukphone": "tʃeɪs"
    },
    {
        "name": "mice",
        "trans": [
            "老鼠"
        ],
        "usphone": "maɪs",
        "ukphone": "maɪs"
    },
    {
        "name": "bad",
        "trans": [
            "邪恶的"
        ],
        "usphone": "bæd",
        "ukphone": "bæd"
    },
    {
        "name": "hurt",
        "trans": [
            "受伤"
        ],
        "usphone": "hɝ​t",
        "ukphone": "hɜːt"
    },
    {
        "name": "ill",
        "trans": [
            "有病"
        ],
        "usphone": "ɪl",
        "ukphone": "ɪl"
    },
    {
        "name": "wrong",
        "trans": [
            "有毛病"
        ],
        "usphone": "rɔŋ",
        "ukphone": "rɒŋ"
    },
    {
        "name": "should",
        "trans": [
            "应该"
        ],
        "usphone": "ʃəd; strong form ʃʊd",
        "ukphone": "ʃəd; strong form ʃʊd"
    },
    {
        "name": "feel",
        "trans": [
            "觉得"
        ],
        "usphone": "fil",
        "ukphone": "fiːl"
    },
    {
        "name": "well",
        "trans": [
            "健康"
        ],
        "usphone": "wɛl",
        "ukphone": "wel"
    },
    {
        "name": "sit",
        "trans": [
            "坐"
        ],
        "usphone": "sɪt",
        "ukphone": "sɪt"
    },
    {
        "name": "grass",
        "trans": [
            "草坪"
        ],
        "usphone": "ɡræs",
        "ukphone": "grɑːs"
    },
    {
        "name": "ant",
        "trans": [
            "蚂蚁"
        ],
        "usphone": "ænt",
        "ukphone": "ænt"
    },
    {
        "name": "worry",
        "trans": [
            "担心"
        ],
        "usphone": "ˈwʌrɪ",
        "ukphone": "'wʌrɪ"
    },
    {
        "name": "stuck",
        "trans": [
            "陷住"
        ],
        "usphone": "stʌk",
        "ukphone": "stʌk"
    },
    {
        "name": "mud",
        "trans": [
            "泥"
        ],
        "usphone": "mʌd",
        "ukphone": "mʌd"
    },
    {
        "name": "pull",
        "trans": [
            "拉"
        ],
        "usphone": "pʊl",
        "ukphone": "pʊl"
    },
    {
        "name": "everyone",
        "trans": [
            "每人"
        ],
        "usphone": "'ɛvrɪwʌn",
        "ukphone": "'evrɪwʌn"
    }
]