[
    {
        "name": "ruler",
        "trans": [
            "尺子"
        ],
        "usphone": "'rulɚ",
        "ukphone": "'ruːlə"
    },
    {
        "name": "pencil",
        "trans": [
            "铅笔"
        ],
        "usphone": "'pɛnsl",
        "ukphone": "'pens(ə)l; -sɪl"
    },
    {
        "name": "eraser",
        "trans": [
            "橡皮"
        ],
        "usphone": "ɪ'resɚ",
        "ukphone": "ɪ'reɪzə"
    },
    {
        "name": "crayon",
        "trans": [
            "蜡笔"
        ],
        "usphone": "kreən",
        "ukphone": "ˈkreɪən"
    },
    {
        "name": "bag",
        "trans": [
            "包"
        ],
        "usphone": "bæɡ",
        "ukphone": "bæg"
    },
    {
        "name": "pen",
        "trans": [
            "钢笔"
        ],
        "usphone": "pɛn",
        "ukphone": "pen"
    },
    {
        "name": "pencil box",
        "trans": [
            "铅笔盒"
        ],
        "usphone": "'pɛnsl bɑks",
        "ukphone": ""
    },
    {
        "name": "book",
        "trans": [
            "书"
        ],
        "usphone": "bʊk",
        "ukphone": "bʊk"
    },
    {
        "name": "no",
        "trans": [
            "不"
        ],
        "usphone": "no",
        "ukphone": "nəʊ"
    },
    {
        "name": "your",
        "trans": [
            "你（们）的"
        ],
        "usphone": "jʊər; jʊr",
        "ukphone": "jɔ:(r)"
    },
    {
        "name": "red",
        "trans": [
            "红色；红色的"
        ],
        "usphone": "rɛd",
        "ukphone": "red"
    },
    {
        "name": "green",
        "trans": [
            "绿色；绿色的"
        ],
        "usphone": "ɡrin",
        "ukphone": "griːn"
    },
    {
        "name": "yellow",
        "trans": [
            "黄色；黄色的"
        ],
        "usphone": "ˈjɛlo",
        "ukphone": "'jeləʊ"
    },
    {
        "name": "blue",
        "trans": [
            "蓝色；蓝色的"
        ],
        "usphone": "blu",
        "ukphone": "bluː"
    },
    {
        "name": "black",
        "trans": [
            "黑色；黑色的"
        ],
        "usphone": "blæk",
        "ukphone": "blæk"
    },
    {
        "name": "brown",
        "trans": [
            "棕色；棕色的"
        ],
        "usphone": "braʊn",
        "ukphone": "braʊn"
    },
    {
        "name": "white",
        "trans": [
            "白色；白色的"
        ],
        "usphone": "hwaɪt",
        "ukphone": "waɪt"
    },
    {
        "name": "orange",
        "trans": [
            "橙色；橙色的"
        ],
        "usphone": "'ɔrɪndʒ",
        "ukphone": "'ɒrɪn(d)ʒ"
    },
    {
        "name": "OK",
        "trans": [
            "好；行"
        ],
        "usphone": "",
        "ukphone": ""
    },
    {
        "name": "mum",
        "trans": [
            "妈妈"
        ],
        "usphone": "mʌm",
        "ukphone": "mʌm"
    },
    {
        "name": "face",
        "trans": [
            "脸"
        ],
        "usphone": "fes",
        "ukphone": "feɪs"
    },
    {
        "name": "ear",
        "trans": [
            "耳朵"
        ],
        "usphone": "ɪr",
        "ukphone": "ɪə"
    },
    {
        "name": "eye",
        "trans": [
            "眼睛"
        ],
        "usphone": "aɪ",
        "ukphone": "aɪ"
    },
    {
        "name": "nose",
        "trans": [
            "鼻子"
        ],
        "usphone": "noz",
        "ukphone": "nəʊz"
    },
    {
        "name": "mouth",
        "trans": [
            "嘴"
        ],
        "usphone": "maʊθ",
        "ukphone": "maʊθ"
    },
    {
        "name": "arm",
        "trans": [
            "胳膊"
        ],
        "usphone": "ɑrm",
        "ukphone": "ɑːm"
    },
    {
        "name": "hand",
        "trans": [
            "手"
        ],
        "usphone": "hænd",
        "ukphone": "hænd"
    },
    {
        "name": "head",
        "trans": [
            "头"
        ],
        "usphone": "hɛd",
        "ukphone": "hed"
    },
    {
        "name": "body",
        "trans": [
            "身体"
        ],
        "usphone": "'bɑdi",
        "ukphone": "'bɒdɪ"
    },
    {
        "name": "leg",
        "trans": [
            "腿"
        ],
        "usphone": "lɛɡ",
        "ukphone": "leg"
    },
    {
        "name": "foot",
        "trans": [
            "脚"
        ],
        "usphone": "fʊt",
        "ukphone": "fʊt"
    },
    {
        "name": "school",
        "trans": [
            "学校"
        ],
        "usphone": "skul",
        "ukphone": "skuːl"
    },
    {
        "name": "duck",
        "trans": [
            "鸭子"
        ],
        "usphone": "dʌk",
        "ukphone": "dʌk"
    },
    {
        "name": "pig",
        "trans": [
            "猪"
        ],
        "usphone": "pɪɡ",
        "ukphone": "pɪg"
    },
    {
        "name": "cat",
        "trans": [
            "猫"
        ],
        "usphone": "kæt",
        "ukphone": "kæt"
    },
    {
        "name": "bear",
        "trans": [
            "熊"
        ],
        "usphone": "bɛr",
        "ukphone": "beə"
    },
    {
        "name": "dog",
        "trans": [
            "狗"
        ],
        "usphone": "dɔɡ",
        "ukphone": "dɒg"
    },
    {
        "name": "elephant",
        "trans": [
            "大象"
        ],
        "usphone": "ˈɛləfənt",
        "ukphone": "'elɪf(ə)nt"
    },
    {
        "name": "monkey",
        "trans": [
            "猴子"
        ],
        "usphone": "'mʌŋki",
        "ukphone": "'mʌŋkɪ"
    },
    {
        "name": "bird",
        "trans": [
            "鸟"
        ],
        "usphone": "bɝd",
        "ukphone": "bɜːd"
    },
    {
        "name": "tiger",
        "trans": [
            "老虎"
        ],
        "usphone": "'taɪɡɚ",
        "ukphone": "'taɪgə"
    },
    {
        "name": "panda",
        "trans": [
            "大熊猫"
        ],
        "usphone": "'pændə",
        "ukphone": "'pændə"
    },
    {
        "name": "zoo",
        "trans": [
            "动物园"
        ],
        "usphone": "zu",
        "ukphone": "zuː"
    },
    {
        "name": "funny",
        "trans": [
            "滑稽的；好笑的"
        ],
        "usphone": "'fʌni",
        "ukphone": "'fʌnɪ"
    },
    {
        "name": "bread",
        "trans": [
            "面包"
        ],
        "usphone": "brɛd",
        "ukphone": "bred"
    },
    {
        "name": "juice",
        "trans": [
            "果汁"
        ],
        "usphone": "dʒus",
        "ukphone": "dʒuːs"
    },
    {
        "name": "egg",
        "trans": [
            "蛋"
        ],
        "usphone": "ɛɡ",
        "ukphone": "eg"
    },
    {
        "name": "milk",
        "trans": [
            "牛奶"
        ],
        "usphone": "mɪlk",
        "ukphone": "mɪlk"
    },
    {
        "name": "water",
        "trans": [
            "水"
        ],
        "usphone": "ˈwɔtɚ",
        "ukphone": "'wɔːtə"
    },
    {
        "name": "cake",
        "trans": [
            "蛋糕"
        ],
        "usphone": "kek",
        "ukphone": "keɪk"
    },
    {
        "name": "fish",
        "trans": [
            "鱼"
        ],
        "usphone": "fɪʃ",
        "ukphone": "fɪʃ"
    },
    {
        "name": "rice",
        "trans": [
            "米饭"
        ],
        "usphone": "raɪs",
        "ukphone": "raɪs"
    },
    {
        "name": "one",
        "trans": [
            "一"
        ],
        "usphone": "wʌn",
        "ukphone": "wʌn"
    },
    {
        "name": "two",
        "trans": [
            "二"
        ],
        "usphone": "tu",
        "ukphone": "tuː"
    },
    {
        "name": "three",
        "trans": [
            "三"
        ],
        "usphone": "θri",
        "ukphone": "θriː"
    },
    {
        "name": "four",
        "trans": [
            "四"
        ],
        "usphone": "fɔr",
        "ukphone": "fɔː"
    },
    {
        "name": "five",
        "trans": [
            "五"
        ],
        "usphone": "faɪv",
        "ukphone": "faɪv"
    },
    {
        "name": "six",
        "trans": [
            "六"
        ],
        "usphone": "sɪks",
        "ukphone": "sɪks"
    },
    {
        "name": "seven",
        "trans": [
            "七"
        ],
        "usphone": "'sɛvn",
        "ukphone": "'sev(ə)n"
    },
    {
        "name": "eight",
        "trans": [
            "八"
        ],
        "usphone": "et",
        "ukphone": "eɪt"
    },
    {
        "name": "nine",
        "trans": [
            "九"
        ],
        "usphone": "naɪn",
        "ukphone": "naɪn"
    },
    {
        "name": "ten",
        "trans": [
            "十"
        ],
        "usphone": "tɛn",
        "ukphone": "ten"
    },
    {
        "name": "brother",
        "trans": [
            "兄；弟"
        ],
        "usphone": "'brʌðɚ",
        "ukphone": "'brʌðə"
    },
    {
        "name": "plate",
        "trans": [
            "盘子"
        ],
        "usphone": "pleɪt",
        "ukphone": "pleɪt"
    }
]