[
    {
        "name": "UK",
        "trans": [
            "英国"
        ],
        "usphone": "",
        "ukphone": ""
    },
    {
        "name": "Canada",
        "trans": [
            "加拿大"
        ],
        "usphone": "'kænədə",
        "ukphone": "'kænədə"
    },
    {
        "name": "USA",
        "trans": [
            "美国"
        ],
        "usphone": "",
        "ukphone": ""
    },
    {
        "name": "China",
        "trans": [
            "中国"
        ],
        "usphone": "",
        "ukphone": "ˈtʃaɪnə"
    },
    {
        "name": "she",
        "trans": [
            "她；（指雌性动物）它"
        ],
        "usphone": "ʃi",
        "ukphone": "ʃiː"
    },
    {
        "name": "student",
        "trans": [
            "学生, 学者"
        ],
        "usphone": "'studnt",
        "ukphone": "'stjuːd(ə)nt"
    },
    {
        "name": "pupil",
        "trans": [
            "小学生"
        ],
        "usphone": "pjupl",
        "ukphone": "'pjuːpɪl; -p(ə)l"
    },
    {
        "name": "he",
        "trans": [
            "他；它（指雄性动物）"
        ],
        "usphone": "hi",
        "ukphone": "hiː"
    },
    {
        "name": "teacher",
        "trans": [
            "教师, 老师, 导师"
        ],
        "usphone": "'titʃɚ",
        "ukphone": "'tiːtʃə"
    },
    {
        "name": "boy",
        "trans": [
            "男孩, 儿子, 孩子气的人, 男仆"
        ],
        "usphone": "bɔɪ",
        "ukphone": "bɒɪ"
    },
    {
        "name": "and",
        "trans": [
            "和"
        ],
        "usphone": "ənd, ən,ænd",
        "ukphone": "ənd; (ə)n; ænd"
    },
    {
        "name": "girl",
        "trans": [
            "女孩, 少女, 女仆, (商店等的)女工作人员"
        ],
        "usphone": "ɡɝl",
        "ukphone": "gɜːl"
    },
    {
        "name": "new",
        "trans": [
            "新的，新近的；新来的；不熟悉的"
        ],
        "usphone": "nu",
        "ukphone": "njuː"
    },
    {
        "name": "friend",
        "trans": [
            "朋友，友人；支持者，同情者"
        ],
        "usphone": "frɛnd",
        "ukphone": "frend"
    },
    {
        "name": "today",
        "trans": [
            "今天；现在，目前"
        ],
        "usphone": "tə'de",
        "ukphone": "tə'deɪ"
    },
    {
        "name": "father",
        "trans": [
            "父亲；爸爸"
        ],
        "usphone": "'fɑðɚ",
        "ukphone": "'fɑːðə"
    },
    {
        "name": "dad",
        "trans": [
            "（口语）爸爸；爹爹"
        ],
        "usphone": "dæd",
        "ukphone": "dæd"
    },
    {
        "name": "man",
        "trans": [
            "男人"
        ],
        "usphone": "mæn",
        "ukphone": "mæn"
    },
    {
        "name": "woman",
        "trans": [
            "女人"
        ],
        "usphone": "'wʊmən",
        "ukphone": "'wʊmən"
    },
    {
        "name": "mother",
        "trans": [
            "母亲；妈妈"
        ],
        "usphone": "'mʌðɚ",
        "ukphone": "'mʌðə"
    },
    {
        "name": "sister",
        "trans": [
            "姐；妹"
        ],
        "usphone": "'sɪstɚ",
        "ukphone": "'sɪstə"
    },
    {
        "name": "brother",
        "trans": [
            "兄；弟"
        ],
        "usphone": "'brʌðɚ",
        "ukphone": "'brʌðə"
    },
    {
        "name": "grandmother",
        "trans": [
            "（外）祖母"
        ],
        "usphone": "'ɡrænmʌðɚ",
        "ukphone": "'græn(d)mʌðə"
    },
    {
        "name": "grandma",
        "trans": [
            "（口语）（外）祖母"
        ],
        "usphone": "ɡrænmɑ",
        "ukphone": "'græn(d)mɑː"
    },
    {
        "name": "grandfather",
        "trans": [
            "（外）祖父"
        ],
        "usphone": "'græn'fɑðɚ",
        "ukphone": "'græn(d)fɑːðə"
    },
    {
        "name": "grandpa",
        "trans": [
            "（口语）（外）祖父"
        ],
        "usphone": "grandpa",
        "ukphone": "ˈgrænpɑ:"
    },
    {
        "name": "family",
        "trans": [
            "家；家庭"
        ],
        "usphone": "ˈfæməlɪ",
        "ukphone": "ˈfæməlɪ"
    },
    {
        "name": "thin",
        "trans": [
            "瘦的"
        ],
        "usphone": "θɪn",
        "ukphone": "θɪn"
    },
    {
        "name": "fat",
        "trans": [
            "胖的；肥的"
        ],
        "usphone": "fæt",
        "ukphone": "fæt"
    },
    {
        "name": "tall",
        "trans": [
            "高的"
        ],
        "usphone": "tɔl",
        "ukphone": "tɔːl"
    },
    {
        "name": "short",
        "trans": [
            "矮的；短的"
        ],
        "usphone": "ʃɔrt",
        "ukphone": "ʃɔːt"
    },
    {
        "name": "long",
        "trans": [
            "长的"
        ],
        "usphone": "lɔŋ",
        "ukphone": "lɒŋ"
    },
    {
        "name": "small",
        "trans": [
            "小的"
        ],
        "usphone": "smɔl",
        "ukphone": "smɔːl"
    },
    {
        "name": "big",
        "trans": [
            "大的"
        ],
        "usphone": "bɪɡ",
        "ukphone": "bɪg"
    },
    {
        "name": "giraffe",
        "trans": [
            "长颈鹿"
        ],
        "usphone": "dʒəˈræf; dʒəˈræf",
        "ukphone": "dʒɪˈrɑ:f"
    },
    {
        "name": "so",
        "trans": [
            "这么；那么"
        ],
        "usphone": "so",
        "ukphone": "səʊ"
    },
    {
        "name": "children",
        "trans": [
            "儿童"
        ],
        "usphone": "'tʃɪldrən",
        "ukphone": "'tʃɪldrən"
    },
    {
        "name": "child",
        "trans": [
            "儿童"
        ],
        "usphone": "tʃaɪld",
        "ukphone": "tʃaɪld"
    },
    {
        "name": "tail",
        "trans": [
            "尾巴"
        ],
        "usphone": "tel",
        "ukphone": "teɪl"
    },
    {
        "name": "on",
        "trans": [
            "在⋯⋯上"
        ],
        "usphone": "ɑn",
        "ukphone": "ɒn"
    },
    {
        "name": "in",
        "trans": [
            "在⋯⋯里"
        ],
        "usphone": "ɪn",
        "ukphone": "ɪn"
    },
    {
        "name": "under",
        "trans": [
            "在⋯⋯下面"
        ],
        "usphone": "'ʌndɚ",
        "ukphone": "'ʌndə"
    },
    {
        "name": "chair",
        "trans": [
            "椅子"
        ],
        "usphone": "tʃɛr",
        "ukphone": "tʃeə"
    },
    {
        "name": "desk",
        "trans": [
            "书桌"
        ],
        "usphone": "dɛsk",
        "ukphone": "desk"
    },
    {
        "name": "cap",
        "trans": [
            "帽子"
        ],
        "usphone": "kæp",
        "ukphone": "kæp"
    },
    {
        "name": "ball",
        "trans": [
            "球"
        ],
        "usphone": "bɔl",
        "ukphone": "bɔːl"
    },
    {
        "name": "car",
        "trans": [
            "小汽车"
        ],
        "usphone": "kɑr",
        "ukphone": "kɑː"
    },
    {
        "name": "boat",
        "trans": [
            "小船"
        ],
        "usphone": "bot",
        "ukphone": "bəʊt"
    },
    {
        "name": "map",
        "trans": [
            "地图"
        ],
        "usphone": "mæp",
        "ukphone": "mæp"
    },
    {
        "name": "toy",
        "trans": [
            "玩具"
        ],
        "usphone": "tɔɪ",
        "ukphone": "tɒɪ"
    },
    {
        "name": "box",
        "trans": [
            "盒；箱"
        ],
        "usphone": "bɑks",
        "ukphone": "bɒks"
    },
    {
        "name": "pear",
        "trans": [
            "梨"
        ],
        "usphone": "pɛr",
        "ukphone": "peə"
    },
    {
        "name": "apple",
        "trans": [
            "苹果"
        ],
        "usphone": "'æpl",
        "ukphone": "'æp(ə)l"
    },
    {
        "name": "orange",
        "trans": [
            "橙子"
        ],
        "usphone": "'ɔrɪndʒ",
        "ukphone": "'ɒrɪn(d)ʒ"
    },
    {
        "name": "banana",
        "trans": [
            "香蕉"
        ],
        "usphone": "bə'nænə",
        "ukphone": "bə'nɑːnə"
    },
    {
        "name": "watermelon",
        "trans": [
            "西瓜"
        ],
        "usphone": "'wɔtɚmɛlən",
        "ukphone": "'wɔːtəmelən"
    },
    {
        "name": "strawberry",
        "trans": [
            "草莓"
        ],
        "usphone": "'strɔbɛri",
        "ukphone": "'strɔːb(ə)rɪ"
    },
    {
        "name": "grape",
        "trans": [
            "葡萄"
        ],
        "usphone": "ɡrep",
        "ukphone": "greɪp"
    },
    {
        "name": "buy",
        "trans": [
            "买"
        ],
        "usphone": "baɪ",
        "ukphone": "baɪ"
    },
    {
        "name": "fruit",
        "trans": [
            "水果"
        ],
        "usphone": "frut",
        "ukphone": "fruːt"
    },
    {
        "name": "eleven",
        "trans": [
            "十一"
        ],
        "usphone": "ɪ'lɛvn",
        "ukphone": "ɪ'lev(ə)n"
    },
    {
        "name": "twelve",
        "trans": [
            "十二"
        ],
        "usphone": "twɛlv",
        "ukphone": "twelv"
    },
    {
        "name": "thirteen",
        "trans": [
            "十三"
        ],
        "usphone": "'θɝ'tin",
        "ukphone": "θɜː'tiːn; 'θɜːtiːn"
    },
    {
        "name": "fourteen",
        "trans": [
            "十四"
        ],
        "usphone": ",fɔr'tin",
        "ukphone": "fɔː'tiːn; 'fɔːtiːn"
    },
    {
        "name": "fifteen",
        "trans": [
            "十五"
        ],
        "usphone": ",fɪf'tin",
        "ukphone": "fɪf'tiːn; 'fɪftiːn"
    },
    {
        "name": "sixteen",
        "trans": [
            "十六"
        ],
        "usphone": ",sɪks'tin",
        "ukphone": "sɪks'tiːn; 'sɪkstiːn"
    },
    {
        "name": "seventeen",
        "trans": [
            "十七"
        ],
        "usphone": ",sɛvn'tin",
        "ukphone": "sev(ə)n'tiːn; 'sev(ə)ntiːn"
    },
    {
        "name": "eighteen",
        "trans": [
            "十八"
        ],
        "usphone": ",e'tin",
        "ukphone": "eɪ'tiːn; 'eɪtiːn"
    },
    {
        "name": "nineteen",
        "trans": [
            "十九"
        ],
        "usphone": ",naɪn'tin",
        "ukphone": "naɪn'tiːn; 'naɪntiːn"
    },
    {
        "name": "twenty",
        "trans": [
            "二十"
        ],
        "usphone": "'twɛnti",
        "ukphone": "'twentɪ"
    },
    {
        "name": "kite",
        "trans": [
            "风筝"
        ],
        "usphone": "kaɪt",
        "ukphone": "kaɪt"
    },
    {
        "name": "beautiful",
        "trans": [
            "美丽的"
        ],
        "usphone": "'bjʊtəfəl",
        "ukphone": "ˈbju:tɪfl"
    }
]