[
    {
        "name": "classroom",
        "trans": [
            "教室"
        ],
        "usphone": "'klæsrʊm",
        "ukphone": "'klɑːsruːm; -rʊm"
    },
    {
        "name": "window",
        "trans": [
            "窗户"
        ],
        "usphone": "'wɪndo",
        "ukphone": "'wɪndəʊ"
    },
    {
        "name": "blackboard",
        "trans": [
            "黑板"
        ],
        "usphone": "'blækbɔrd",
        "ukphone": "'blækbɔːd"
    },
    {
        "name": "light",
        "trans": [
            "电灯"
        ],
        "usphone": "laɪt",
        "ukphone": "laɪt"
    },
    {
        "name": "picture",
        "trans": [
            "图画"
        ],
        "usphone": "'pɪktʃɚ",
        "ukphone": "'pɪktʃə"
    },
    {
        "name": "door",
        "trans": [
            "门"
        ],
        "usphone": "dɔr",
        "ukphone": "dɔː"
    },
    {
        "name": "teacher's desk",
        "trans": [
            "讲台"
        ],
        "usphone": "",
        "ukphone": ""
    },
    {
        "name": "computer",
        "trans": [
            "计算机"
        ],
        "usphone": "kəm'pjutɚ",
        "ukphone": "kəm'pjuːtə"
    },
    {
        "name": "fan",
        "trans": [
            "风扇"
        ],
        "usphone": "fæn",
        "ukphone": "fæn"
    },
    {
        "name": "wall",
        "trans": [
            "墙壁"
        ],
        "usphone": "wɔl",
        "ukphone": "wɔːl"
    },
    {
        "name": "floor",
        "trans": [
            "地板"
        ],
        "usphone": "flɔr",
        "ukphone": "flɔː"
    },
    {
        "name": "really",
        "trans": [
            "真的"
        ],
        "usphone": "ˈriəˌli, ˈrili",
        "ukphone": "'rɪəlɪ"
    },
    {
        "name": "near",
        "trans": [
            "距离近"
        ],
        "usphone": "nɪr",
        "ukphone": "nɪə"
    },
    {
        "name": "TV",
        "trans": [
            "电视"
        ],
        "usphone": "ˌti vi",
        "ukphone": "ˌti: ˈvi:"
    },
    {
        "name": "clean",
        "trans": [
            "打扫"
        ],
        "usphone": "klin",
        "ukphone": "kliːn"
    },
    {
        "name": "help",
        "trans": [
            "帮助"
        ],
        "usphone": "hɛlp",
        "ukphone": "help"
    },
    {
        "name": "schoolbag",
        "trans": [
            "书包"
        ],
        "usphone": "ˈskulˌbæɡ",
        "ukphone": "'skuːlbæɡ"
    },
    {
        "name": "maths book",
        "trans": [
            "数学书"
        ],
        "usphone": "",
        "ukphone": ""
    },
    {
        "name": "English book",
        "trans": [
            "英语书"
        ],
        "usphone": "",
        "ukphone": ""
    },
    {
        "name": "Chinese book",
        "trans": [
            "语文书"
        ],
        "usphone": "",
        "ukphone": ""
    },
    {
        "name": "storybook",
        "trans": [
            "故事书"
        ],
        "usphone": "'stɔrɪ'bʊk",
        "ukphone": "'stɔːrɪbʊk"
    },
    {
        "name": "candy",
        "trans": [
            "糖果"
        ],
        "usphone": "ˈkændɪ",
        "ukphone": "'kændɪ"
    },
    {
        "name": "notebook",
        "trans": [
            "笔记本"
        ],
        "usphone": "'notbʊk",
        "ukphone": "'nəʊtbʊk"
    },
    {
        "name": "toy",
        "trans": [
            "玩具"
        ],
        "usphone": "tɔɪ",
        "ukphone": "tɒɪ"
    },
    {
        "name": "key",
        "trans": [
            "钥匙"
        ],
        "usphone": "",
        "ukphone": "kiː"
    },
    {
        "name": "wow",
        "trans": [
            "呀"
        ],
        "usphone": "wou",
        "ukphone": "waʊ"
    },
    {
        "name": "lost",
        "trans": [
            "丢失"
        ],
        "usphone": "lɔst",
        "ukphone": "lɒst"
    },
    {
        "name": "so much",
        "trans": [
            "非常地"
        ],
        "usphone": "",
        "ukphone": ""
    },
    {
        "name": "cute",
        "trans": [
            "可爱的"
        ],
        "usphone": "kjʊt",
        "ukphone": "kjuːt"
    },
    {
        "name": "strong",
        "trans": [
            "强壮的"
        ],
        "usphone": "strɔŋ",
        "ukphone": "strɒŋ"
    },
    {
        "name": "friendly",
        "trans": [
            "友好的"
        ],
        "usphone": "ˈfrɛndlɪ",
        "ukphone": "ˈfrendlɪ"
    },
    {
        "name": "quiet",
        "trans": [
            "安静的"
        ],
        "usphone": "'kwaɪət",
        "ukphone": "'kwaɪət"
    },
    {
        "name": "hair",
        "trans": [
            "头发"
        ],
        "usphone": "hɛr",
        "ukphone": "heə"
    },
    {
        "name": "shoe",
        "trans": [
            "鞋"
        ],
        "usphone": "ʃu",
        "ukphone": "ʃuː"
    },
    {
        "name": "glasses",
        "trans": [
            "眼镜"
        ],
        "usphone": "'glæsɪz",
        "ukphone": "'glɑːsɪz"
    },
    {
        "name": "his",
        "trans": [
            "他的"
        ],
        "usphone": "hɪz",
        "ukphone": "hɪz"
    },
    {
        "name": "or",
        "trans": [
            "或者"
        ],
        "usphone": "ɔr",
        "ukphone": "ɔː"
    },
    {
        "name": "right",
        "trans": [
            "对的"
        ],
        "usphone": "raɪt",
        "ukphone": "raɪt"
    },
    {
        "name": "hat",
        "trans": [
            "帽子"
        ],
        "usphone": "hæt",
        "ukphone": "hæt"
    },
    {
        "name": "her",
        "trans": [
            "她的"
        ],
        "usphone": "hɚ",
        "ukphone": "hɜː"
    },
    {
        "name": "bedroom",
        "trans": [
            "卧室"
        ],
        "usphone": "'bɛdrum",
        "ukphone": "'bedruːm; -rʊm"
    },
    {
        "name": "living room",
        "trans": [
            "客厅"
        ],
        "usphone": "'lɪvɪŋ rum",
        "ukphone": "'lɪvɪŋ ru:m"
    },
    {
        "name": "study",
        "trans": [
            "书房"
        ],
        "usphone": "'stʌdi",
        "ukphone": "'stʌdɪ"
    },
    {
        "name": "kitchen",
        "trans": [
            "厨房"
        ],
        "usphone": "'kɪtʃɪn",
        "ukphone": "'kɪtʃɪn; -tʃ(ə)n"
    },
    {
        "name": "bathroom",
        "trans": [
            "浴室"
        ],
        "usphone": "'bæθrum",
        "ukphone": "'bɑːθruːm; -rʊm"
    },
    {
        "name": "bed",
        "trans": [
            "床"
        ],
        "usphone": "bɛd",
        "ukphone": "bed"
    },
    {
        "name": "phone",
        "trans": [
            "电话"
        ],
        "usphone": "fon",
        "ukphone": "fəʊn"
    },
    {
        "name": "table",
        "trans": [
            "桌子"
        ],
        "usphone": "'tebl",
        "ukphone": "'teɪb(ə)l"
    },
    {
        "name": "sofa",
        "trans": [
            "长沙发"
        ],
        "usphone": "'sofə",
        "ukphone": "'səʊfə"
    },
    {
        "name": "fridge",
        "trans": [
            "冰箱"
        ],
        "usphone": "frɪdʒ",
        "ukphone": "frɪdʒ"
    },
    {
        "name": "find",
        "trans": [
            "找到"
        ],
        "usphone": "faɪnd",
        "ukphone": "faɪnd"
    },
    {
        "name": "them",
        "trans": [
            "他们"
        ],
        "usphone": "ðɛm; ðəm",
        "ukphone": "ðem; ðəm"
    },
    {
        "name": "beef",
        "trans": [
            "牛肉"
        ],
        "usphone": "bif",
        "ukphone": "biːf"
    },
    {
        "name": "chicken",
        "trans": [
            "鸡肉"
        ],
        "usphone": "ˈtʃɪkɪn",
        "ukphone": "'tʃɪkɪn"
    },
    {
        "name": "noodles",
        "trans": [
            "面条"
        ],
        "usphone": "ˈnudlz",
        "ukphone": "ˈnu:dlz"
    },
    {
        "name": "soup",
        "trans": [
            "汤"
        ],
        "usphone": "sup",
        "ukphone": "suːp"
    },
    {
        "name": "vegetable",
        "trans": [
            "蔬菜"
        ],
        "usphone": "ˈvɛdʒtəbl",
        "ukphone": "ˈvedʒtəbl"
    },
    {
        "name": "chopsticks",
        "trans": [
            "筷子"
        ],
        "usphone": "'tʃɑp,stɪks",
        "ukphone": "'tʃɒpstɪks"
    },
    {
        "name": "bowl",
        "trans": [
            "碗"
        ],
        "usphone": "bol",
        "ukphone": "bəʊl"
    },
    {
        "name": "fork",
        "trans": [
            "餐叉"
        ],
        "usphone": "fɔrk",
        "ukphone": "fɔːk"
    },
    {
        "name": "knife",
        "trans": [
            "刀"
        ],
        "usphone": "naɪf",
        "ukphone": "naɪf"
    },
    {
        "name": "spoon",
        "trans": [
            "匙,勺子"
        ],
        "usphone": "spun",
        "ukphone": "spuːn"
    },
    {
        "name": "dinner",
        "trans": [
            "正餐"
        ],
        "usphone": "'dɪnɚ",
        "ukphone": "'dɪnə"
    },
    {
        "name": "ready",
        "trans": [
            "准备好"
        ],
        "usphone": "'rɛdi",
        "ukphone": "'redɪ"
    },
    {
        "name": "help yourself",
        "trans": [
            "为（自己）取用"
        ],
        "usphone": "",
        "ukphone": ""
    },
    {
        "name": "pass",
        "trans": [
            "给"
        ],
        "usphone": "pæs",
        "ukphone": "pɑːs"
    },
    {
        "name": "try",
        "trans": [
            "试"
        ],
        "usphone": "traɪ",
        "ukphone": "traɪ"
    },
    {
        "name": "parents",
        "trans": [
            "父母"
        ],
        "usphone": "'pɛrənts",
        "ukphone": "'peərənts"
    },
    {
        "name": "cousin",
        "trans": [
            "同辈表亲"
        ],
        "usphone": "'kʌzn",
        "ukphone": "'kʌz(ə)n"
    },
    {
        "name": "uncle",
        "trans": [
            "叔叔"
        ],
        "usphone": "'ʌŋkl",
        "ukphone": "'ʌŋk(ə)l"
    },
    {
        "name": "aunt",
        "trans": [
            "阿姨"
        ],
        "usphone": "ænt",
        "ukphone": "ɑːnt"
    },
    {
        "name": "baby brother",
        "trans": [
            "小弟弟"
        ],
        "usphone": "",
        "ukphone": ""
    },
    {
        "name": "doctor",
        "trans": [
            "医生"
        ],
        "usphone": "'dɑktɚ",
        "ukphone": "'dɒktə"
    },
    {
        "name": "cook",
        "trans": [
            "厨师"
        ],
        "usphone": "kʊk",
        "ukphone": "kʊk"
    },
    {
        "name": "driver",
        "trans": [
            "司机"
        ],
        "usphone": "'draɪvɚ",
        "ukphone": "'draɪvə"
    },
    {
        "name": "farmer",
        "trans": [
            "农民"
        ],
        "usphone": "'fɑmɚ",
        "ukphone": "'fɑːmə"
    },
    {
        "name": "nurse",
        "trans": [
            "护士"
        ],
        "usphone": "nɝs",
        "ukphone": "nɜːs"
    },
    {
        "name": "people",
        "trans": [
            "人们"
        ],
        "usphone": "'pipl",
        "ukphone": "'piːp(ə)l"
    },
    {
        "name": "but",
        "trans": [
            "但是"
        ],
        "usphone": "bʌt",
        "ukphone": "bʌt; bət"
    },
    {
        "name": "little",
        "trans": [
            "小的"
        ],
        "usphone": "'lɪtl",
        "ukphone": "'lɪt(ə)l"
    },
    {
        "name": "puppy",
        "trans": [
            "小狗"
        ],
        "usphone": "'pʌpi",
        "ukphone": "'pʌpɪ"
    },
    {
        "name": "football player",
        "trans": [
            "足球运动员"
        ],
        "usphone": "",
        "ukphone": ""
    },
    {
        "name": "job",
        "trans": [
            "工作"
        ],
        "usphone": "",
        "ukphone": "dʒɒb"
    },
    {
        "name": "basketball",
        "trans": [
            "篮球"
        ],
        "usphone": "'bæskɪtbɔl",
        "ukphone": "'bɑːskɪtbɔːl"
    }
]