[
    {
        "name": "old",
        "trans": [
            "老的"
        ],
        "usphone": "old",
        "ukphone": "əʊld"
    },
    {
        "name": "young",
        "trans": [
            "年轻的"
        ],
        "usphone": "jʌŋ",
        "ukphone": "jʌŋ"
    },
    {
        "name": "funny",
        "trans": [
            "滑稽的"
        ],
        "usphone": "'fʌni",
        "ukphone": "'fʌnɪ"
    },
    {
        "name": "kind",
        "trans": [
            "体贴的"
        ],
        "usphone": "kaɪnd",
        "ukphone": "kaɪnd"
    },
    {
        "name": "strict",
        "trans": [
            "严厉的"
        ],
        "usphone": "strɪkt",
        "ukphone": "strɪkt"
    },
    {
        "name": "polite",
        "trans": [
            "有礼貌的"
        ],
        "usphone": "pə'laɪt",
        "ukphone": "pə'laɪt"
    },
    {
        "name": "hard-working",
        "trans": [
            "努力的"
        ],
        "usphone": "",
        "ukphone": "ˈhɑːdˈwɜːkɪŋ"
    },
    {
        "name": "helpful",
        "trans": [
            "有用的"
        ],
        "usphone": "'hɛlpfl",
        "ukphone": "'helpfʊl; -f(ə)l"
    },
    {
        "name": "clever",
        "trans": [
            "聪明的"
        ],
        "usphone": "'klɛvɚ",
        "ukphone": "'klevə"
    },
    {
        "name": "shy",
        "trans": [
            "羞怯的"
        ],
        "usphone": "ʃaɪ",
        "ukphone": "ʃaɪ"
    },
    {
        "name": "know",
        "trans": [
            "知道"
        ],
        "usphone": "no",
        "ukphone": "nəʊ"
    },
    {
        "name": "our",
        "trans": [
            "我们的"
        ],
        "usphone": "aʊr",
        "ukphone": "aʊə"
    },
    {
        "name": "Ms",
        "trans": [
            "女士"
        ],
        "usphone": "",
        "ukphone": ""
    },
    {
        "name": "will",
        "trans": [
            "将要"
        ],
        "usphone": "wɪl",
        "ukphone": "wɪl"
    },
    {
        "name": "sometimes",
        "trans": [
            "有时"
        ],
        "usphone": "'sʌmtaɪmz",
        "ukphone": "'sʌmtaɪmz"
    },
    {
        "name": "robot",
        "trans": [
            "机器人"
        ],
        "usphone": "'robɑt",
        "ukphone": "'rəʊbɒt"
    },
    {
        "name": "him",
        "trans": [
            "他"
        ],
        "usphone": "hɪm",
        "ukphone": "hɪm"
    },
    {
        "name": "speak",
        "trans": [
            "会说"
        ],
        "usphone": "spik",
        "ukphone": "spiːk"
    },
    {
        "name": "finish",
        "trans": [
            "完成"
        ],
        "usphone": "'fɪnɪʃ",
        "ukphone": "'fɪnɪʃ"
    },
    {
        "name": "Monday",
        "trans": [
            "星期一"
        ],
        "usphone": "ˈmʌnde; ˈmʌndɪ",
        "ukphone": "ˈmʌndeɪ; ˈmʌndi"
    },
    {
        "name": "Tuesday",
        "trans": [
            "星期二"
        ],
        "usphone": "ˈtuzdɪ;-de",
        "ukphone": "'tjuːzdeɪ; -dɪ"
    },
    {
        "name": "Wednesday",
        "trans": [
            "星期三"
        ],
        "usphone": "ˈwɛnzdɪ",
        "ukphone": "ˈwenzdɪ"
    },
    {
        "name": "Thursday",
        "trans": [
            "星期四"
        ],
        "usphone": "ˈθɝzde; ˈθɝzdɪ",
        "ukphone": "'θɜːzdeɪ; -dɪ"
    },
    {
        "name": "Friday",
        "trans": [
            "星期五"
        ],
        "usphone": "",
        "ukphone": "ˈfraɪdeɪ"
    },
    {
        "name": "Saturday",
        "trans": [
            "星期六"
        ],
        "usphone": "sætɚdɪ; -de",
        "ukphone": "ˈsætədɪ; -deɪ"
    },
    {
        "name": "Sunday",
        "trans": [
            "星期日"
        ],
        "usphone": "ˈsʌnde; ˈsʌndi",
        "ukphone": "ˈsʌndeɪ; ˈsʌndi"
    },
    {
        "name": "weekend",
        "trans": [
            "周末"
        ],
        "usphone": "ˈwikend",
        "ukphone": "wiːkˈɛnd"
    },
    {
        "name": "wash",
        "trans": [
            "洗"
        ],
        "usphone": "wɔʃ",
        "ukphone": "wɒʃ"
    },
    {
        "name": "wash my clothes",
        "trans": [
            "洗我的衣服"
        ],
        "usphone": "",
        "ukphone": ""
    },
    {
        "name": "watch",
        "trans": [
            "看"
        ],
        "usphone": "wɑtʃ",
        "ukphone": "wɒtʃ"
    },
    {
        "name": "watch TV",
        "trans": [
            "看电视"
        ],
        "usphone": "",
        "ukphone": ""
    },
    {
        "name": "do",
        "trans": [
            "做"
        ],
        "usphone": "du",
        "ukphone": "duː"
    },
    {
        "name": "do homework",
        "trans": [
            "做作业"
        ],
        "usphone": "",
        "ukphone": ""
    },
    {
        "name": "read",
        "trans": [
            "看"
        ],
        "usphone": "rid; rɛd",
        "ukphone": "ri:d;red"
    },
    {
        "name": "read books",
        "trans": [
            "看书"
        ],
        "usphone": "",
        "ukphone": ""
    },
    {
        "name": "play",
        "trans": [
            "玩"
        ],
        "usphone": "ple",
        "ukphone": "pleɪ"
    },
    {
        "name": "play football",
        "trans": [
            "踢足球"
        ],
        "usphone": "",
        "ukphone": ""
    },
    {
        "name": "cooking",
        "trans": [
            "烹饪"
        ],
        "usphone": "'kʊkɪŋ",
        "ukphone": "'kʊkɪŋ"
    },
    {
        "name": "often",
        "trans": [
            "时常"
        ],
        "usphone": "ˈɔ:fn; ɔfən",
        "ukphone": "'ɒf(tə)n"
    },
    {
        "name": "park",
        "trans": [
            "公园"
        ],
        "usphone": "pɑrk",
        "ukphone": "pɑːk"
    },
    {
        "name": "tired",
        "trans": [
            "疲倦的"
        ],
        "usphone": "ˈtaɪrd",
        "ukphone": "taɪəd"
    },
    {
        "name": "sport",
        "trans": [
            "体育运动"
        ],
        "usphone": "spɔrt",
        "ukphone": "spɔːt"
    },
    {
        "name": "play sports",
        "trans": [
            "做体育运动"
        ],
        "usphone": "",
        "ukphone": ""
    },
    {
        "name": "should",
        "trans": [
            "应该"
        ],
        "usphone": "ʃəd; strong form ʃʊd",
        "ukphone": "ʃəd; strong form ʃʊd"
    },
    {
        "name": "every",
        "trans": [
            "每一个"
        ],
        "usphone": "'ɛvri",
        "ukphone": "'evrɪ"
    },
    {
        "name": "day",
        "trans": [
            "一天"
        ],
        "usphone": "de",
        "ukphone": "deɪ"
    },
    {
        "name": "schedule",
        "trans": [
            "工作计划"
        ],
        "usphone": "ˈskedʒʊl; skɛdʒʊl",
        "ukphone": "ˈʃedju:l"
    },
    {
        "name": "sandwich",
        "trans": [
            "三明治"
        ],
        "usphone": "'sænwɪtʃ",
        "ukphone": "'sæn(d)wɪdʒ; -wɪtʃ"
    },
    {
        "name": "salad",
        "trans": [
            "沙拉"
        ],
        "usphone": "'sæləd",
        "ukphone": "'sæləd"
    },
    {
        "name": "hamburger",
        "trans": [
            "汉堡包"
        ],
        "usphone": "hæmbɝ​ɡɚ",
        "ukphone": "ˈhæmbɜ:gə"
    },
    {
        "name": "ice cream",
        "trans": [
            "冰淇淋"
        ],
        "usphone": "aɪs krim",
        "ukphone": "aɪs kri:m"
    },
    {
        "name": "tea",
        "trans": [
            "茶"
        ],
        "usphone": "ti",
        "ukphone": "tiː"
    },
    {
        "name": "fresh",
        "trans": [
            "新鲜的"
        ],
        "usphone": "frɛʃ",
        "ukphone": "freʃ"
    },
    {
        "name": "healthy",
        "trans": [
            "健康的"
        ],
        "usphone": "'hɛlθi",
        "ukphone": "'helθɪ"
    },
    {
        "name": "delicious",
        "trans": [
            "美味的"
        ],
        "usphone": "dɪ'lɪʃəs",
        "ukphone": "dɪ'lɪʃəs"
    },
    {
        "name": "hot",
        "trans": [
            "辣的"
        ],
        "usphone": "hɑt",
        "ukphone": "hɒt"
    },
    {
        "name": "sweet",
        "trans": [
            "甜的"
        ],
        "usphone": "swit",
        "ukphone": "swiːt"
    },
    {
        "name": "drink",
        "trans": [
            "喝"
        ],
        "usphone": "drɪŋk",
        "ukphone": "drɪŋk"
    },
    {
        "name": "thirsty",
        "trans": [
            "渴的"
        ],
        "usphone": "'θɝsti",
        "ukphone": "'θɜːstɪ"
    },
    {
        "name": "favourite",
        "trans": [
            "特别喜欢的"
        ],
        "usphone": "'fevərɪt",
        "ukphone": "'feɪv(ə)rɪt"
    },
    {
        "name": "food",
        "trans": [
            "食物"
        ],
        "usphone": "fud",
        "ukphone": "fuːd"
    },
    {
        "name": "Dear",
        "trans": [
            "亲爱的"
        ],
        "usphone": "dɪr",
        "ukphone": "dɪə"
    },
    {
        "name": "onion",
        "trans": [
            "洋葱"
        ],
        "usphone": "'ʌnjən",
        "ukphone": "'ʌnjən"
    },
    {
        "name": "sing",
        "trans": [
            "唱"
        ],
        "usphone": "sɪŋ",
        "ukphone": "sɪŋ"
    },
    {
        "name": "song",
        "trans": [
            "歌曲"
        ],
        "usphone": "sɔŋ",
        "ukphone": "sɒŋ"
    },
    {
        "name": "sing English songs",
        "trans": [
            "唱英文歌曲"
        ],
        "usphone": "",
        "ukphone": ""
    },
    {
        "name": "play the pipa",
        "trans": [
            "弹琵琶"
        ],
        "usphone": "",
        "ukphone": ""
    },
    {
        "name": "kung fu",
        "trans": [
            "功夫"
        ],
        "usphone": ",kʌŋ'fu",
        "ukphone": ",kʌŋ'fu:"
    },
    {
        "name": "do kung fu",
        "trans": [
            "练武术"
        ],
        "usphone": "",
        "ukphone": ""
    },
    {
        "name": "dance",
        "trans": [
            "跳舞"
        ],
        "usphone": "dæns",
        "ukphone": "dɑːns"
    },
    {
        "name": "draw",
        "trans": [
            "画"
        ],
        "usphone": "drɔ",
        "ukphone": "drɔː"
    },
    {
        "name": "cartoon",
        "trans": [
            "漫画"
        ],
        "usphone": "kɑr'tun",
        "ukphone": "kɑː'tuːn"
    },
    {
        "name": "draw cartoons",
        "trans": [
            "画漫画"
        ],
        "usphone": "",
        "ukphone": ""
    },
    {
        "name": "cook",
        "trans": [
            "烹饪"
        ],
        "usphone": "kʊk",
        "ukphone": "kʊk"
    },
    {
        "name": "swim",
        "trans": [
            "游泳"
        ],
        "usphone": "swɪm",
        "ukphone": "swɪm"
    },
    {
        "name": "play basketball",
        "trans": [
            "打篮球"
        ],
        "usphone": "",
        "ukphone": ""
    },
    {
        "name": "ping-pong",
        "trans": [
            "乒乓球"
        ],
        "usphone": "",
        "ukphone": ""
    },
    {
        "name": "play ping-pong",
        "trans": [
            "打乒乓球"
        ],
        "usphone": "",
        "ukphone": ""
    },
    {
        "name": "speak English",
        "trans": [
            "说英语"
        ],
        "usphone": "",
        "ukphone": ""
    },
    {
        "name": "we'll",
        "trans": [
            "我们将……（=we will）"
        ],
        "usphone": "wɪl",
        "ukphone": "wel"
    },
    {
        "name": "party",
        "trans": [
            "聚会"
        ],
        "usphone": "'pɑrti",
        "ukphone": "'pɑːtɪ"
    },
    {
        "name": "next",
        "trans": [
            "下一个的"
        ],
        "usphone": "nɛkst",
        "ukphone": "nekst"
    },
    {
        "name": "wonderful",
        "trans": [
            "极好的"
        ],
        "usphone": "ˈwʌndɚfəl",
        "ukphone": "ˈwʌndə(r)fl"
    },
    {
        "name": "learn",
        "trans": [
            "学习"
        ],
        "usphone": "lɝn",
        "ukphone": "lɜːn"
    },
    {
        "name": "any",
        "trans": [
            "任何的"
        ],
        "usphone": "'ɛni",
        "ukphone": "'enɪ"
    },
    {
        "name": "problem",
        "trans": [
            "没问题"
        ],
        "usphone": "'prɑbləm",
        "ukphone": "'prɒbləm"
    },
    {
        "name": "no problem",
        "trans": [
            "没问题"
        ],
        "usphone": "",
        "ukphone": ""
    },
    {
        "name": "want",
        "trans": [
            "要"
        ],
        "usphone": "wɔ:nt; wɔnt",
        "ukphone": "wɒnt"
    },
    {
        "name": "send",
        "trans": [
            "邮寄"
        ],
        "usphone": "sɛnd",
        "ukphone": "send"
    },
    {
        "name": "email",
        "trans": [
            "电子邮件"
        ],
        "usphone": "'imel",
        "ukphone": "'iːmeɪl"
    },
    {
        "name": "at",
        "trans": [
            "（接邮件地址）"
        ],
        "usphone": "æt; ət",
        "ukphone": "æt; ət"
    },
    {
        "name": "clock",
        "trans": [
            "时钟"
        ],
        "usphone": "klɑk",
        "ukphone": "klɒk"
    },
    {
        "name": "plant",
        "trans": [
            "植物"
        ],
        "usphone": "plænt",
        "ukphone": "plɑːnt"
    },
    {
        "name": "bottle",
        "trans": [
            "瓶子"
        ],
        "usphone": "'bɑtl",
        "ukphone": "'bɒt(ə)l"
    },
    {
        "name": "water bottle",
        "trans": [
            "水瓶"
        ],
        "usphone": "",
        "ukphone": ""
    },
    {
        "name": "bike",
        "trans": [
            "自行车"
        ],
        "usphone": "baɪk",
        "ukphone": "baɪk"
    },
    {
        "name": "photo",
        "trans": [
            "照片"
        ],
        "usphone": "'foto",
        "ukphone": "'fəʊtəʊ"
    },
    {
        "name": "front",
        "trans": [
            "正面"
        ],
        "usphone": "frʌnt",
        "ukphone": "frʌnt"
    },
    {
        "name": "in front of",
        "trans": [
            "在⋯⋯前面"
        ],
        "usphone": "ɪn frʌnt ʌv",
        "ukphone": "ɪn frʌnt əv"
    },
    {
        "name": "between",
        "trans": [
            "在⋯⋯中间"
        ],
        "usphone": "bəˈtwin",
        "ukphone": "bɪ'twiːn"
    },
    {
        "name": "above",
        "trans": [
            "在⋯⋯上面"
        ],
        "usphone": "ə'bʌv",
        "ukphone": "ə'bʌv"
    },
    {
        "name": "beside",
        "trans": [
            "在旁边"
        ],
        "usphone": "bɪ'saɪd",
        "ukphone": "bɪ'saɪd"
    },
    {
        "name": "behind",
        "trans": [
            "在⋯⋯后面"
        ],
        "usphone": "bɪ'haɪnd",
        "ukphone": "bɪ'haɪnd"
    },
    {
        "name": "there",
        "trans": [
            "（存在或发生）"
        ],
        "usphone": "ðɛr",
        "ukphone": "ðeə; ðə"
    },
    {
        "name": "grandparent",
        "trans": [
            "（外）祖父母"
        ],
        "usphone": "'græn'pɛrənt",
        "ukphone": "'græn(d)peər(ə)nt"
    },
    {
        "name": "their",
        "trans": [
            "他们的"
        ],
        "usphone": "ðɛr",
        "ukphone": "ðeə"
    },
    {
        "name": "house",
        "trans": [
            "房子"
        ],
        "usphone": "haʊs",
        "ukphone": "haʊs"
    },
    {
        "name": "lot",
        "trans": [
            "大量"
        ],
        "usphone": "lɑt",
        "ukphone": "lɒt"
    },
    {
        "name": "lots of",
        "trans": [
            "大量"
        ],
        "usphone": "",
        "ukphone": ""
    },
    {
        "name": "flower",
        "trans": [
            "花"
        ],
        "usphone": "'flaʊɚ",
        "ukphone": "'flaʊə"
    },
    {
        "name": "move",
        "trans": [
            "搬家"
        ],
        "usphone": "muv",
        "ukphone": "muːv"
    },
    {
        "name": "dirty",
        "trans": [
            "肮脏的"
        ],
        "usphone": "ˈdɝ​tɪ",
        "ukphone": "'dɜːtɪ"
    },
    {
        "name": "everywhere",
        "trans": [
            "处处"
        ],
        "usphone": "'ɛvrɪwɛr",
        "ukphone": "'evrɪweə"
    },
    {
        "name": "mouse",
        "trans": [
            "老鼠"
        ],
        "usphone": "maʊs",
        "ukphone": "maʊs"
    },
    {
        "name": "live",
        "trans": [
            "住"
        ],
        "usphone": "laɪv；lɪv",
        "ukphone": "laɪv；lɪv"
    },
    {
        "name": "nature",
        "trans": [
            "自然界"
        ],
        "usphone": "'netʃɚ",
        "ukphone": "'neɪtʃə"
    },
    {
        "name": "forest",
        "trans": [
            "森林"
        ],
        "usphone": "'fɔrɪst",
        "ukphone": "'fɒrɪst"
    },
    {
        "name": "river",
        "trans": [
            "河"
        ],
        "usphone": "'rɪvɚ",
        "ukphone": "'rɪvə"
    },
    {
        "name": "lake",
        "trans": [
            "湖"
        ],
        "usphone": "lek",
        "ukphone": "leɪk"
    },
    {
        "name": "mountain",
        "trans": [
            "山"
        ],
        "usphone": "ˈmaʊntn",
        "ukphone": "ˈmaʊntən"
    },
    {
        "name": "hill",
        "trans": [
            "小山"
        ],
        "usphone": "hɪl",
        "ukphone": "hɪl"
    },
    {
        "name": "tree",
        "trans": [
            "树"
        ],
        "usphone": "tri",
        "ukphone": "triː"
    },
    {
        "name": "bridge",
        "trans": [
            "桥"
        ],
        "usphone": "brɪdʒ",
        "ukphone": "brɪdʒ"
    },
    {
        "name": "building",
        "trans": [
            "建筑"
        ],
        "usphone": "'bɪldɪŋ",
        "ukphone": "'bɪldɪŋ"
    },
    {
        "name": "village",
        "trans": [
            "村庄"
        ],
        "usphone": "'vɪlɪdʒ",
        "ukphone": "'vɪlɪdʒ"
    },
    {
        "name": "house.",
        "trans": [
            "房屋"
        ],
        "usphone": "haʊs",
        "ukphone": "haʊs"
    },
    {
        "name": "boating",
        "trans": [
            "划船"
        ],
        "usphone": "'bəutiŋ",
        "ukphone": "'bəʊtɪŋ"
    },
    {
        "name": "go boating",
        "trans": [
            "去划船"
        ],
        "usphone": "",
        "ukphone": ""
    },
    {
        "name": "aren't",
        "trans": [
            "不是（= are not）"
        ],
        "usphone": "ɑrnt",
        "ukphone": "ɑ:nt"
    },
    {
        "name": "rabbit",
        "trans": [
            "兔"
        ],
        "usphone": "'ræbɪt",
        "ukphone": "'ræbɪt"
    },
    {
        "name": "high",
        "trans": [
            "高的"
        ],
        "usphone": "haɪ",
        "ukphone": "haɪ"
    }
]