[
    {
        "name": "first floor",
        "trans": [
            "一楼（美）；二楼（英）"
        ],
        "usphone": "",
        "ukphone": ""
    },
    {
        "name": "second floor",
        "trans": [
            "二楼"
        ],
        "usphone": "",
        "ukphone": ""
    },
    {
        "name": "teacher's office",
        "trans": [
            "教师办公室"
        ],
        "usphone": "",
        "ukphone": ""
    },
    {
        "name": "library",
        "trans": [
            "图书馆"
        ],
        "usphone": "laɪˌbrɛrɪ",
        "ukphone": "ˈlaɪbrərɪ"
    },
    {
        "name": "playground",
        "trans": [
            "操场"
        ],
        "usphone": "'ple'graʊnd",
        "ukphone": "'pleɪgraʊnd"
    },
    {
        "name": "computer room",
        "trans": [
            "计算机房"
        ],
        "usphone": "",
        "ukphone": ""
    },
    {
        "name": "art room",
        "trans": [
            "美术教室"
        ],
        "usphone": "",
        "ukphone": ""
    },
    {
        "name": "music room",
        "trans": [
            "音乐教室"
        ],
        "usphone": "",
        "ukphone": ""
    },
    {
        "name": "next to",
        "trans": [
            "紧邻"
        ],
        "usphone": "",
        "ukphone": ""
    },
    {
        "name": "homework",
        "trans": [
            "作业"
        ],
        "usphone": "'hom'wɝk",
        "ukphone": "'həʊmwɜːk"
    },
    {
        "name": "class",
        "trans": [
            "班级"
        ],
        "usphone": "klæs",
        "ukphone": "klɑːs"
    },
    {
        "name": "forty",
        "trans": [
            "四十"
        ],
        "usphone": "'fɔrti",
        "ukphone": "'fɔːtɪ"
    },
    {
        "name": "way",
        "trans": [
            "方向"
        ],
        "usphone": "we",
        "ukphone": "weɪ"
    },
    {
        "name": "breakfast",
        "trans": [
            "早餐"
        ],
        "usphone": "'brɛkfəst",
        "ukphone": "'brekfəst"
    },
    {
        "name": "English class",
        "trans": [
            "英语课"
        ],
        "usphone": "",
        "ukphone": ""
    },
    {
        "name": "lunch",
        "trans": [
            "午饭"
        ],
        "usphone": "lʌntʃ",
        "ukphone": "lʌn(t)ʃ"
    },
    {
        "name": "music class",
        "trans": [
            "音乐课"
        ],
        "usphone": "",
        "ukphone": ""
    },
    {
        "name": "PE class",
        "trans": [
            "体育课"
        ],
        "usphone": "",
        "ukphone": ""
    },
    {
        "name": "dinner",
        "trans": [
            "正餐"
        ],
        "usphone": "'dɪnɚ",
        "ukphone": "'dɪnə"
    },
    {
        "name": "get up",
        "trans": [
            "起床"
        ],
        "usphone": "",
        "ukphone": ""
    },
    {
        "name": "go to school",
        "trans": [
            "上学"
        ],
        "usphone": "",
        "ukphone": ""
    },
    {
        "name": "go home",
        "trans": [
            "回家"
        ],
        "usphone": "",
        "ukphone": ""
    },
    {
        "name": "go to bed",
        "trans": [
            "去睡觉"
        ],
        "usphone": "",
        "ukphone": ""
    },
    {
        "name": "over",
        "trans": [
            "结束"
        ],
        "usphone": "'ovɚ",
        "ukphone": "'əʊvə"
    },
    {
        "name": "now",
        "trans": [
            "现在"
        ],
        "usphone": "naʊ",
        "ukphone": "naʊ"
    },
    {
        "name": "o'clock",
        "trans": [
            "⋯⋯点钟"
        ],
        "usphone": "ə'klɑk",
        "ukphone": "ə'klɒk"
    },
    {
        "name": "kid",
        "trans": [
            "小孩"
        ],
        "usphone": "kɪd",
        "ukphone": "kɪd"
    },
    {
        "name": "thirty",
        "trans": [
            "三十"
        ],
        "usphone": "'θɝti",
        "ukphone": "'θɜːtɪ"
    },
    {
        "name": "hurry up",
        "trans": [
            "快点"
        ],
        "usphone": "'hɝrɪ ʌp",
        "ukphone": "'hʌrɪ ʌp"
    },
    {
        "name": "come on",
        "trans": [
            "加油"
        ],
        "usphone": "",
        "ukphone": ""
    },
    {
        "name": "just a minute",
        "trans": [
            "稍等一会儿"
        ],
        "usphone": "",
        "ukphone": ""
    },
    {
        "name": "cold",
        "trans": [
            "冷的"
        ],
        "usphone": "kold",
        "ukphone": "kəʊld"
    },
    {
        "name": "cool",
        "trans": [
            "凉的"
        ],
        "usphone": "kul",
        "ukphone": "kuːl"
    },
    {
        "name": "warm",
        "trans": [
            "温暖的"
        ],
        "usphone": "wɔrm",
        "ukphone": "wɔːm"
    },
    {
        "name": "hot",
        "trans": [
            "热的"
        ],
        "usphone": "hɑt",
        "ukphone": "hɒt"
    },
    {
        "name": "sunny",
        "trans": [
            "阳光充足的"
        ],
        "usphone": "'sʌni",
        "ukphone": "'sʌnɪ"
    },
    {
        "name": "windy",
        "trans": [
            "多风的"
        ],
        "usphone": "'wɪndi",
        "ukphone": "'wɪndɪ"
    },
    {
        "name": "cloudy",
        "trans": [
            "多云的"
        ],
        "usphone": "'klaʊdi",
        "ukphone": "'klaʊdɪ"
    },
    {
        "name": "snowy",
        "trans": [
            "下雪的"
        ],
        "usphone": "'snoɪ",
        "ukphone": "'snəʊɪ"
    },
    {
        "name": "rainy",
        "trans": [
            "阴雨的"
        ],
        "usphone": "'reni",
        "ukphone": "'reɪnɪ"
    },
    {
        "name": "outside",
        "trans": [
            "在户外"
        ],
        "usphone": ",aʊt'saɪd",
        "ukphone": "aʊt'saɪd; 'aʊtsaɪd"
    },
    {
        "name": "be careful",
        "trans": [
            "小心"
        ],
        "usphone": "",
        "ukphone": ""
    },
    {
        "name": "weather",
        "trans": [
            "天气"
        ],
        "usphone": "'wɛðɚ",
        "ukphone": "'weðə"
    },
    {
        "name": "New York",
        "trans": [
            "纽约"
        ],
        "usphone": "",
        "ukphone": ""
    },
    {
        "name": "how about...",
        "trans": [
            "怎么样？"
        ],
        "usphone": "",
        "ukphone": ""
    },
    {
        "name": "degree",
        "trans": [
            "度"
        ],
        "usphone": "dɪ'ɡri",
        "ukphone": "dɪ'griː"
    },
    {
        "name": "world",
        "trans": [
            "世界"
        ],
        "usphone": "wɝld",
        "ukphone": "wɜːld"
    },
    {
        "name": "London",
        "trans": [
            "伦敦"
        ],
        "usphone": "ˈlʌndən",
        "ukphone": "ˈlʌndən"
    },
    {
        "name": "Moscow",
        "trans": [
            "莫斯科"
        ],
        "usphone": "ˈmɑsˌkaʊ",
        "ukphone": "'mɔskəʊ"
    },
    {
        "name": "Singapore",
        "trans": [
            "新加坡城"
        ],
        "usphone": "ˌsɪŋgə'pɔ:",
        "ukphone": "ˌsɪŋgə'pɔ:"
    },
    {
        "name": "Sydney",
        "trans": [
            "悉尼"
        ],
        "usphone": "'sɪdnɪ",
        "ukphone": "ˈsɪdnɪ"
    },
    {
        "name": "fly",
        "trans": [
            "放（风筝）"
        ],
        "usphone": "flaɪ",
        "ukphone": "flaɪ"
    },
    {
        "name": "love",
        "trans": [
            "爱你的"
        ],
        "usphone": "lʌv",
        "ukphone": "lʌv"
    },
    {
        "name": "tomato",
        "trans": [
            "西红柿"
        ],
        "usphone": "tə'meto",
        "ukphone": "tə'mɑːtəʊ"
    },
    {
        "name": "potato",
        "trans": [
            "马铃薯"
        ],
        "usphone": "pə'teto",
        "ukphone": "pə'teɪtəʊ"
    },
    {
        "name": "green beans",
        "trans": [
            "豆角"
        ],
        "usphone": "",
        "ukphone": ""
    },
    {
        "name": "carrot",
        "trans": [
            "胡萝卜"
        ],
        "usphone": "'kærət",
        "ukphone": "'kærət"
    },
    {
        "name": "horse",
        "trans": [
            "马"
        ],
        "usphone": "hɔrs",
        "ukphone": "hɔːs"
    },
    {
        "name": "cow",
        "trans": [
            "牛"
        ],
        "usphone": "kaʊ",
        "ukphone": "kaʊ"
    },
    {
        "name": "sheep",
        "trans": [
            "绵羊"
        ],
        "usphone": "ʃip",
        "ukphone": "ʃiːp"
    },
    {
        "name": "hen",
        "trans": [
            "母鸡"
        ],
        "usphone": "hɛn",
        "ukphone": "hen"
    },
    {
        "name": "these",
        "trans": [
            "这些"
        ],
        "usphone": "ðiz",
        "ukphone": "ðiːz"
    },
    {
        "name": "yum",
        "trans": [
            "味道好"
        ],
        "usphone": "jʌm",
        "ukphone": "jʌm"
    },
    {
        "name": "animal",
        "trans": [
            "动物"
        ],
        "usphone": "'ænɪml",
        "ukphone": "'ænɪm(ə)l"
    },
    {
        "name": "those",
        "trans": [
            "那些"
        ],
        "usphone": "ðoz",
        "ukphone": "ðəʊz"
    },
    {
        "name": "garden",
        "trans": [
            "花园"
        ],
        "usphone": "'ɡɑrdn",
        "ukphone": "'gɑːd(ə)n"
    },
    {
        "name": "farm",
        "trans": [
            "农场"
        ],
        "usphone": "fɑrm",
        "ukphone": "fɑːm"
    },
    {
        "name": "goat",
        "trans": [
            "山羊"
        ],
        "usphone": "ɡot",
        "ukphone": "gəʊt"
    },
    {
        "name": "eat",
        "trans": [
            "吃"
        ],
        "usphone": "it",
        "ukphone": "iːt"
    },
    {
        "name": "clothes",
        "trans": [
            "服装"
        ],
        "usphone": "kloz",
        "ukphone": "kləʊ(ð)z"
    },
    {
        "name": "pants",
        "trans": [
            "裤子"
        ],
        "usphone": "pænts",
        "ukphone": "pæn(t)s"
    },
    {
        "name": "hat",
        "trans": [
            "帽子"
        ],
        "usphone": "hæt",
        "ukphone": "hæt"
    },
    {
        "name": "dress",
        "trans": [
            "连衣裙"
        ],
        "usphone": "drɛs",
        "ukphone": "dres"
    },
    {
        "name": "skirt",
        "trans": [
            "女裙"
        ],
        "usphone": "skɝt",
        "ukphone": "skɜːt"
    },
    {
        "name": "coat",
        "trans": [
            "大衣"
        ],
        "usphone": "kot",
        "ukphone": "kəʊt"
    },
    {
        "name": "sweater",
        "trans": [
            "毛衣"
        ],
        "usphone": "'swɛtɚ",
        "ukphone": "'swetə"
    },
    {
        "name": "sock",
        "trans": [
            "短袜"
        ],
        "usphone": "sɑk",
        "ukphone": "sɒk"
    },
    {
        "name": "shorts",
        "trans": [
            "短裤"
        ],
        "usphone": "ʃɔrts",
        "ukphone": "ʃɔːts"
    },
    {
        "name": "jacket",
        "trans": [
            "夹克衫"
        ],
        "usphone": "'dʒækɪt",
        "ukphone": "'dʒækɪt"
    },
    {
        "name": "shirt",
        "trans": [
            "衬衫"
        ],
        "usphone": "ʃɝt",
        "ukphone": "ʃɜːt"
    },
    {
        "name": "yours",
        "trans": [
            "你的"
        ],
        "usphone": "jʊrz",
        "ukphone": "jɔːz; jʊəz"
    },
    {
        "name": "whose",
        "trans": [
            "谁的"
        ],
        "usphone": "huz",
        "ukphone": "huːz"
    },
    {
        "name": "mine",
        "trans": [
            "我的"
        ],
        "usphone": "maɪn",
        "ukphone": "maɪn"
    },
    {
        "name": "pack",
        "trans": [
            "收拾"
        ],
        "usphone": "pæk",
        "ukphone": "pæk"
    },
    {
        "name": "wait",
        "trans": [
            "等待"
        ],
        "usphone": "wet",
        "ukphone": "weɪt"
    },
    {
        "name": "glove",
        "trans": [
            "手套"
        ],
        "usphone": "ɡlʌv",
        "ukphone": "glʌv"
    },
    {
        "name": "scarf",
        "trans": [
            "围巾"
        ],
        "usphone": "skɑrf",
        "ukphone": "skɑːf"
    },
    {
        "name": "umbrella",
        "trans": [
            "伞"
        ],
        "usphone": "ʌm'brɛlə",
        "ukphone": "ʌm'brelə"
    },
    {
        "name": "sunglasses",
        "trans": [
            "太阳镜"
        ],
        "usphone": "'sʌnɡlæsɪz",
        "ukphone": "'sʌnglɑːsɪz"
    },
    {
        "name": "pretty",
        "trans": [
            "美丽的"
        ],
        "usphone": "ˈprɪtɪ",
        "ukphone": "'prɪtɪ"
    },
    {
        "name": "expensive",
        "trans": [
            "贵的"
        ],
        "usphone": "ɪk'spɛnsɪv",
        "ukphone": "ɪkˈspensɪv"
    },
    {
        "name": "cheap",
        "trans": [
            "便宜的"
        ],
        "usphone": "tʃip",
        "ukphone": "tʃiːp"
    },
    {
        "name": "nice",
        "trans": [
            "好的"
        ],
        "usphone": "naɪs",
        "ukphone": "naɪs"
    },
    {
        "name": "try on",
        "trans": [
            "试穿"
        ],
        "usphone": "",
        "ukphone": ""
    },
    {
        "name": "size",
        "trans": [
            "尺码"
        ],
        "usphone": "saɪz",
        "ukphone": "saɪz"
    },
    {
        "name": "of course",
        "trans": [
            "当然"
        ],
        "usphone": "",
        "ukphone": ""
    },
    {
        "name": "too",
        "trans": [
            "太"
        ],
        "usphone": "tu",
        "ukphone": "tuː"
    },
    {
        "name": "just",
        "trans": [
            "正好"
        ],
        "usphone": "dʒʌst",
        "ukphone": "dʒʌst"
    },
    {
        "name": "how much",
        "trans": [
            "多少钱"
        ],
        "usphone": "haʊ mʌtʃ",
        "ukphone": "haʊ mʌtʃ"
    },
    {
        "name": "eighty",
        "trans": [
            "八十"
        ],
        "usphone": "ˈeti",
        "ukphone": "'eɪtɪ"
    },
    {
        "name": "dollar",
        "trans": [
            "元"
        ],
        "usphone": "'dɑlɚ",
        "ukphone": "'dɒlə"
    },
    {
        "name": "sale",
        "trans": [
            "特价销售"
        ],
        "usphone": "sel",
        "ukphone": "seɪl"
    },
    {
        "name": "more",
        "trans": [
            "更多的"
        ],
        "usphone": "mɔr",
        "ukphone": "mɔː"
    },
    {
        "name": "us",
        "trans": [
            "我们"
        ],
        "usphone": "əs; ʌs",
        "ukphone": "əs; ʌs"
    }
]