[
    {
        "name": "eat breakfast",
        "trans": [
            "吃早饭"
        ],
        "usphone": "it brɛkfəst",
        "ukphone": ""
    },
    {
        "name": "have...class",
        "trans": [
            "上⋯⋯课"
        ],
        "usphone": "",
        "ukphone": ""
    },
    {
        "name": "play sports",
        "trans": [
            "进行体育运动"
        ],
        "usphone": "",
        "ukphone": ""
    },
    {
        "name": "exercise",
        "trans": [
            "练习；运动；运用"
        ],
        "usphone": "'ɛksɚsaɪz",
        "ukphone": "'eksəsaɪz"
    },
    {
        "name": "do morning exercise",
        "trans": [
            "做早操"
        ],
        "usphone": "",
        "ukphone": ""
    },
    {
        "name": "eat dinner",
        "trans": [
            "吃晚饭"
        ],
        "usphone": "",
        "ukphone": ""
    },
    {
        "name": "clean my room",
        "trans": [
            "打扫我的房间"
        ],
        "usphone": "",
        "ukphone": ""
    },
    {
        "name": "go for a walk",
        "trans": [
            "散步"
        ],
        "usphone": "",
        "ukphone": ""
    },
    {
        "name": "go shopping",
        "trans": [
            "购物"
        ],
        "usphone": "",
        "ukphone": ""
    },
    {
        "name": "take",
        "trans": [
            "上（课）"
        ],
        "usphone": "tek",
        "ukphone": "teɪk"
    },
    {
        "name": "dancing",
        "trans": [
            "跳舞"
        ],
        "usphone": "'dænsɪŋ",
        "ukphone": "'dɑːnsɪŋ"
    },
    {
        "name": "take a dancing class",
        "trans": [
            "上舞蹈课"
        ],
        "usphone": "",
        "ukphone": ""
    },
    {
        "name": "when",
        "trans": [
            "什么时候"
        ],
        "usphone": "hwen; hwɛn",
        "ukphone": "wen"
    },
    {
        "name": "after",
        "trans": [
            "在⋯⋯之后"
        ],
        "usphone": "'æftɚ",
        "ukphone": "'ɑːftə"
    },
    {
        "name": "start",
        "trans": [
            "开始"
        ],
        "usphone": "stɑrt",
        "ukphone": "stɑːt"
    },
    {
        "name": "usually",
        "trans": [
            "通常地"
        ],
        "usphone": "juʒəlɪ",
        "ukphone": "ˈjuːʒʊəlɪ"
    },
    {
        "name": "Spain",
        "trans": [
            "西班牙"
        ],
        "usphone": "spen",
        "ukphone": "spein"
    },
    {
        "name": "late",
        "trans": [
            "晚"
        ],
        "usphone": "let",
        "ukphone": "leɪt"
    },
    {
        "name": "a.m.",
        "trans": [
            "上午"
        ],
        "usphone": "",
        "ukphone": ""
    },
    {
        "name": "p.m.",
        "trans": [
            "下午"
        ],
        "usphone": "",
        "ukphone": ""
    },
    {
        "name": "why",
        "trans": [
            "为什么"
        ],
        "usphone": "hwaɪ",
        "ukphone": "waɪ"
    },
    {
        "name": "shop",
        "trans": [
            "购物"
        ],
        "usphone": "ʃɑp",
        "ukphone": "ʃɒp"
    },
    {
        "name": "work",
        "trans": [
            "工作"
        ],
        "usphone": "wɝk",
        "ukphone": "wɜːk"
    },
    {
        "name": "last",
        "trans": [
            "上一个的"
        ],
        "usphone": "læst",
        "ukphone": "lɑːst"
    },
    {
        "name": "sound",
        "trans": [
            "听起来好像"
        ],
        "usphone": "saʊnd",
        "ukphone": "saʊnd"
    },
    {
        "name": "also",
        "trans": [
            "还"
        ],
        "usphone": "'ɔlso",
        "ukphone": "'ɔːlsəʊ"
    },
    {
        "name": "busy",
        "trans": [
            "忙的"
        ],
        "usphone": "ˈbɪzɪ",
        "ukphone": "'bɪzɪ"
    },
    {
        "name": "need",
        "trans": [
            "需要"
        ],
        "usphone": "nid",
        "ukphone": "niːd"
    },
    {
        "name": "play",
        "trans": [
            "戏剧"
        ],
        "usphone": "ple",
        "ukphone": "pleɪ"
    },
    {
        "name": "letter",
        "trans": [
            "信"
        ],
        "usphone": "'lɛtɚ",
        "ukphone": "'letə"
    },
    {
        "name": "live",
        "trans": [
            "居住"
        ],
        "usphone": "laɪv；lɪv",
        "ukphone": "laɪv；lɪv"
    },
    {
        "name": "island",
        "trans": [
            "岛"
        ],
        "usphone": "'aɪlənd",
        "ukphone": "'aɪlənd"
    },
    {
        "name": "always",
        "trans": [
            "总是"
        ],
        "usphone": "'ɔlwez",
        "ukphone": "ˈɔ:lweɪz"
    },
    {
        "name": "cave",
        "trans": [
            "山洞"
        ],
        "usphone": "kev",
        "ukphone": "keɪv"
    },
    {
        "name": "go swimming",
        "trans": [
            "去游泳"
        ],
        "usphone": "",
        "ukphone": ""
    },
    {
        "name": "win",
        "trans": [
            "获胜"
        ],
        "usphone": "wɪn",
        "ukphone": "wɪn"
    },
    {
        "name": "spring",
        "trans": [
            "春天"
        ],
        "usphone": "sprɪŋ",
        "ukphone": "sprɪŋ"
    },
    {
        "name": "summer",
        "trans": [
            "夏天"
        ],
        "usphone": "'sʌmɚ",
        "ukphone": "'sʌmə"
    },
    {
        "name": "autumn",
        "trans": [
            "秋天"
        ],
        "usphone": "'ɔtəm",
        "ukphone": "'ɔːtəm"
    },
    {
        "name": "winter",
        "trans": [
            "冬天"
        ],
        "usphone": "'wɪntɚ",
        "ukphone": "'wɪntə"
    },
    {
        "name": "season",
        "trans": [
            "季节"
        ],
        "usphone": "'sizn",
        "ukphone": "'siːz(ə)n"
    },
    {
        "name": "picnic",
        "trans": [
            "野餐"
        ],
        "usphone": "'pɪknɪk",
        "ukphone": "'pɪknɪk"
    },
    {
        "name": "go on a picnic",
        "trans": [
            "去野餐"
        ],
        "usphone": "",
        "ukphone": ""
    },
    {
        "name": "pick",
        "trans": [
            "摘"
        ],
        "usphone": "pɪk",
        "ukphone": "pɪk"
    },
    {
        "name": "pick apples",
        "trans": [
            "摘苹果"
        ],
        "usphone": "",
        "ukphone": ""
    },
    {
        "name": "snowman",
        "trans": [
            "雪人"
        ],
        "usphone": "'snomæn",
        "ukphone": "'snəʊmæn"
    },
    {
        "name": "make a snowman",
        "trans": [
            "堆雪人"
        ],
        "usphone": "",
        "ukphone": ""
    },
    {
        "name": "go swimming.",
        "trans": [
            "去游泳"
        ],
        "usphone": "",
        "ukphone": ""
    },
    {
        "name": "which",
        "trans": [
            "哪一个"
        ],
        "usphone": "wɪtʃ",
        "ukphone": "wɪtʃ"
    },
    {
        "name": "best",
        "trans": [
            "最"
        ],
        "usphone": "bɛst",
        "ukphone": "best"
    },
    {
        "name": "snow",
        "trans": [
            "雪"
        ],
        "usphone": "sno",
        "ukphone": "snəʊ"
    },
    {
        "name": "good job",
        "trans": [
            "做得好"
        ],
        "usphone": "",
        "ukphone": ""
    },
    {
        "name": "because",
        "trans": [
            "因为"
        ],
        "usphone": "bɪ'kɔz",
        "ukphone": "bɪ'kɒz"
    },
    {
        "name": "vacation",
        "trans": [
            "假期"
        ],
        "usphone": "veˈkeʃən",
        "ukphone": "vəˈkeɪʃn"
    },
    {
        "name": "all",
        "trans": [
            "完全"
        ],
        "usphone": "ɔl",
        "ukphone": "ɔːl"
    },
    {
        "name": "pink",
        "trans": [
            "粉色"
        ],
        "usphone": "pɪŋk",
        "ukphone": "pɪŋk"
    },
    {
        "name": "lovely",
        "trans": [
            "可爱的"
        ],
        "usphone": "'lʌvli",
        "ukphone": "'lʌvlɪ"
    },
    {
        "name": "leaf",
        "trans": [
            "叶子"
        ],
        "usphone": "lif",
        "ukphone": "liːf"
    },
    {
        "name": "fall",
        "trans": [
            "落下"
        ],
        "usphone": "fɔl",
        "ukphone": "fɔːl"
    },
    {
        "name": "paint",
        "trans": [
            "绘画"
        ],
        "usphone": "pent",
        "ukphone": "peɪnt"
    },
    {
        "name": "January",
        "trans": [
            "一月"
        ],
        "usphone": "'dʒænjʊ'ɛri",
        "ukphone": "'dʒænjʊ(ə)rɪ"
    },
    {
        "name": "February",
        "trans": [
            "二月"
        ],
        "usphone": "ˈfebrʊerɪ;'fɛbrʊɛrɪ",
        "ukphone": "ˈfebrʊərɪ"
    },
    {
        "name": "March",
        "trans": [
            "三月"
        ],
        "usphone": "mɑrtʃ",
        "ukphone": "mɑːtʃ"
    },
    {
        "name": "April",
        "trans": [
            "四月"
        ],
        "usphone": "'eprəl",
        "ukphone": "'eɪprəl"
    },
    {
        "name": "May",
        "trans": [
            "五月"
        ],
        "usphone": "me",
        "ukphone": "meɪ"
    },
    {
        "name": "June",
        "trans": [
            "六月"
        ],
        "usphone": "dʒun",
        "ukphone": "dʒu:n"
    },
    {
        "name": "July",
        "trans": [
            "七月"
        ],
        "usphone": "dʒʊˈlaɪ",
        "ukphone": "dʒʊˈlaɪ"
    },
    {
        "name": "August",
        "trans": [
            "八月"
        ],
        "usphone": "ɔˈɡʌst",
        "ukphone": "ɔ:ˈgʌst"
    },
    {
        "name": "September",
        "trans": [
            "九月"
        ],
        "usphone": "sɛp'tɛmbɚ",
        "ukphone": "sep'tembə"
    },
    {
        "name": "October",
        "trans": [
            "十月"
        ],
        "usphone": "ɑk'tobɚ",
        "ukphone": "ɒk'təʊbə"
    },
    {
        "name": "November",
        "trans": [
            "十一月"
        ],
        "usphone": "no'vɛmbɚ",
        "ukphone": "nə(ʊ)'vembə"
    },
    {
        "name": "December",
        "trans": [
            "十二月"
        ],
        "usphone": "dɪ'sɛmbɚ",
        "ukphone": "dɪ'sembə"
    },
    {
        "name": "few",
        "trans": [
            "不多"
        ],
        "usphone": "fju",
        "ukphone": "fjuː"
    },
    {
        "name": "a few",
        "trans": [
            "一些"
        ],
        "usphone": "",
        "ukphone": ""
    },
    {
        "name": "thing",
        "trans": [
            "事情"
        ],
        "usphone": "θɪŋ",
        "ukphone": "θɪŋ"
    },
    {
        "name": "meet",
        "trans": [
            "集会"
        ],
        "usphone": "mit",
        "ukphone": "miːt"
    },
    {
        "name": "sports meet",
        "trans": [
            "运动会"
        ],
        "usphone": "",
        "ukphone": ""
    },
    {
        "name": "Easter",
        "trans": [
            "复活节"
        ],
        "usphone": "istəʳ",
        "ukphone": "'i:stə"
    },
    {
        "name": "trip",
        "trans": [
            "旅行"
        ],
        "usphone": "trɪp",
        "ukphone": "trɪp"
    },
    {
        "name": "year",
        "trans": [
            "年"
        ],
        "usphone": "yir",
        "ukphone": "jɪə; jɜː"
    },
    {
        "name": "plant",
        "trans": [
            "种植"
        ],
        "usphone": "plænt",
        "ukphone": "plɑːnt"
    },
    {
        "name": "contest",
        "trans": [
            "比赛"
        ],
        "usphone": "kən'tɛst",
        "ukphone": "'kɒntest"
    },
    {
        "name": "the Great Wall",
        "trans": [
            "长城"
        ],
        "usphone": "",
        "ukphone": ""
    },
    {
        "name": "national",
        "trans": [
            "国家的"
        ],
        "usphone": "'næʃnəl",
        "ukphone": "'næʃ(ə)n(ə)l"
    },
    {
        "name": "National Day",
        "trans": [
            "国庆日"
        ],
        "usphone": "ˈnæʃənəl de",
        "ukphone": ""
    },
    {
        "name": "American",
        "trans": [
            "美国的"
        ],
        "usphone": "əˈmɛrɪkən",
        "ukphone": "əˈmerɪkən"
    },
    {
        "name": "Thanksgiving",
        "trans": [
            "感恩节"
        ],
        "usphone": "",
        "ukphone": ""
    },
    {
        "name": "Christmas",
        "trans": [
            "圣诞节"
        ],
        "usphone": "",
        "ukphone": "ˈkrɪsməs"
    },
    {
        "name": "holiday",
        "trans": [
            "节日"
        ],
        "usphone": "'hɑləde",
        "ukphone": "'hɒlɪdeɪ; -dɪ"
    },
    {
        "name": "game",
        "trans": [
            "游戏"
        ],
        "usphone": "ɡem",
        "ukphone": "geɪm"
    },
    {
        "name": "roll",
        "trans": [
            "滚动"
        ],
        "usphone": "rol",
        "ukphone": "rəʊl"
    },
    {
        "name": "look for",
        "trans": [
            "寻找"
        ],
        "usphone": "",
        "ukphone": ""
    },
    {
        "name": "chocolate",
        "trans": [
            "巧克力"
        ],
        "usphone": "ˈtʃɑkələt",
        "ukphone": "'tʃɒk(ə)lət"
    },
    {
        "name": "bunny",
        "trans": [
            "兔子"
        ],
        "usphone": "'bʌni",
        "ukphone": "'bʌnɪ"
    },
    {
        "name": "RSVP",
        "trans": [
            "请赐复"
        ],
        "usphone": "",
        "ukphone": ""
    },
    {
        "name": "by",
        "trans": [
            "在⋯⋯之前"
        ],
        "usphone": "baɪ",
        "ukphone": "baɪ"
    },
    {
        "name": "first",
        "trans": [
            "第一"
        ],
        "usphone": "fɝst",
        "ukphone": "fɜːst"
    },
    {
        "name": "second",
        "trans": [
            "第二"
        ],
        "usphone": "'sɛkənd",
        "ukphone": "'sek(ə)nd"
    },
    {
        "name": "third",
        "trans": [
            "第三"
        ],
        "usphone": "θɝd",
        "ukphone": "θɜːd"
    },
    {
        "name": "fourth",
        "trans": [
            "第四"
        ],
        "usphone": "fɔrθ",
        "ukphone": "fɔːθ"
    },
    {
        "name": "fifth",
        "trans": [
            "第五"
        ],
        "usphone": "fɪfθ",
        "ukphone": "fɪfθ"
    },
    {
        "name": "twelfth",
        "trans": [
            "第十二"
        ],
        "usphone": "twɛlfθ",
        "ukphone": "twelfθ"
    },
    {
        "name": "twentieth",
        "trans": [
            "第二十"
        ],
        "usphone": "ˈtwɛntɪɪθ",
        "ukphone": "ˈtwentɪəθ"
    },
    {
        "name": "twenty-first",
        "trans": [
            "第二十一"
        ],
        "usphone": "'twenti'fə:st",
        "ukphone": ""
    },
    {
        "name": "twenty-third",
        "trans": [
            "第二十三"
        ],
        "usphone": "",
        "ukphone": ""
    },
    {
        "name": "thirtieth",
        "trans": [
            "第三十"
        ],
        "usphone": "'θɝtɪɪθ",
        "ukphone": "'θɜːtɪɪθ"
    },
    {
        "name": "special",
        "trans": [
            "特殊的"
        ],
        "usphone": "ˈspɛʃəl",
        "ukphone": "'speʃ(ə)l"
    },
    {
        "name": "fool",
        "trans": [
            "蠢人"
        ],
        "usphone": "ful",
        "ukphone": "fuːl"
    },
    {
        "name": "kitten",
        "trans": [
            "小猫"
        ],
        "usphone": "'kɪtn",
        "ukphone": "'kɪt(ə)n"
    },
    {
        "name": "diary",
        "trans": [
            "日记"
        ],
        "usphone": "'daɪəri",
        "ukphone": "'daɪərɪ"
    },
    {
        "name": "still",
        "trans": [
            "仍然"
        ],
        "usphone": "stɪl",
        "ukphone": "stɪl"
    },
    {
        "name": "noise",
        "trans": [
            "噪音"
        ],
        "usphone": "nɔɪz",
        "ukphone": "nɔɪz"
    },
    {
        "name": "fur",
        "trans": [
            "动物皮毛"
        ],
        "usphone": "fɝ",
        "ukphone": "fɜː"
    },
    {
        "name": "open",
        "trans": [
            "开着的"
        ],
        "usphone": "'opən",
        "ukphone": "'əʊp(ə)n"
    },
    {
        "name": "walk",
        "trans": [
            "行走"
        ],
        "usphone": "wɔk",
        "ukphone": "wɔːk"
    },
    {
        "name": "mine",
        "trans": [
            "我的"
        ],
        "usphone": "maɪn",
        "ukphone": "maɪn"
    },
    {
        "name": "yours",
        "trans": [
            "你的"
        ],
        "usphone": "jʊrz",
        "ukphone": "jɔːz; jʊəz"
    },
    {
        "name": "his",
        "trans": [
            "他的"
        ],
        "usphone": "hɪz",
        "ukphone": "hɪz"
    },
    {
        "name": "hers",
        "trans": [
            "她的"
        ],
        "usphone": "hɝz",
        "ukphone": "hɜːz"
    },
    {
        "name": "theirs",
        "trans": [
            "他们的"
        ],
        "usphone": "ðɛrz",
        "ukphone": "ðeəz"
    },
    {
        "name": "ours",
        "trans": [
            "我们的"
        ],
        "usphone": "ɑrz",
        "ukphone": "aʊəz"
    },
    {
        "name": "climbing",
        "trans": [
            "攀登"
        ],
        "usphone": "'klaɪmɪŋ",
        "ukphone": "'klaɪmɪŋ"
    },
    {
        "name": "eating",
        "trans": [
            "吃"
        ],
        "usphone": "'itɪŋ",
        "ukphone": "'iːtɪŋ"
    },
    {
        "name": "playing",
        "trans": [
            "玩"
        ],
        "usphone": "'pleɪŋ",
        "ukphone": "'pleɪŋ"
    },
    {
        "name": "jumping",
        "trans": [
            "跳"
        ],
        "usphone": "'dʒʌmpɪŋ",
        "ukphone": "'dʒʌmpɪŋ"
    },
    {
        "name": "drinking",
        "trans": [
            "喝"
        ],
        "usphone": "'drɪŋkɪŋ",
        "ukphone": "'drɪŋkɪŋ"
    },
    {
        "name": "sleeping",
        "trans": [
            "睡觉"
        ],
        "usphone": "'slipɪŋ",
        "ukphone": "'sliːpɪŋ"
    },
    {
        "name": "each",
        "trans": [
            "每个"
        ],
        "usphone": "itʃ",
        "ukphone": "iːtʃ"
    },
    {
        "name": "other",
        "trans": [
            "其他"
        ],
        "usphone": "'ʌðɚ",
        "ukphone": "'ʌðə"
    },
    {
        "name": "each other",
        "trans": [
            "相互"
        ],
        "usphone": "",
        "ukphone": ""
    },
    {
        "name": "excited",
        "trans": [
            "兴奋地"
        ],
        "usphone": "ɪk'saɪtɪd",
        "ukphone": "ɪk'saɪtɪd"
    },
    {
        "name": "like",
        "trans": [
            "像⋯⋯那样"
        ],
        "usphone": "laɪk",
        "ukphone": "laɪk"
    },
    {
        "name": "doing morning exercises",
        "trans": [
            "做早操"
        ],
        "usphone": "",
        "ukphone": ""
    },
    {
        "name": "having...class",
        "trans": [
            "上⋯⋯课"
        ],
        "usphone": "",
        "ukphone": ""
    },
    {
        "name": "eating lunch",
        "trans": [
            "吃午饭"
        ],
        "usphone": "",
        "ukphone": ""
    },
    {
        "name": "reading a book",
        "trans": [
            "看书"
        ],
        "usphone": "",
        "ukphone": ""
    },
    {
        "name": "listening to music",
        "trans": [
            "听音乐"
        ],
        "usphone": "",
        "ukphone": ""
    },
    {
        "name": "keep",
        "trans": [
            "保持"
        ],
        "usphone": "kip",
        "ukphone": "kiːp"
    },
    {
        "name": "keep to the right",
        "trans": [
            "靠右"
        ],
        "usphone": "",
        "ukphone": ""
    },
    {
        "name": "keep your desk clean",
        "trans": [
            "保持课桌干净"
        ],
        "usphone": "",
        "ukphone": ""
    },
    {
        "name": "talk quietly",
        "trans": [
            "小声讲话"
        ],
        "usphone": "",
        "ukphone": ""
    },
    {
        "name": "turn",
        "trans": [
            "顺序"
        ],
        "usphone": "tɝn",
        "ukphone": "tɜːn"
    },
    {
        "name": "take turns",
        "trans": [
            "按顺序来"
        ],
        "usphone": "",
        "ukphone": ""
    },
    {
        "name": "bamboo",
        "trans": [
            "竹子"
        ],
        "usphone": ",bæm'bu",
        "ukphone": "bæm'buː"
    },
    {
        "name": "its",
        "trans": [
            "它的"
        ],
        "usphone": "ɪts",
        "ukphone": "ɪts"
    },
    {
        "name": "show",
        "trans": [
            "指导，引导"
        ],
        "usphone": "ʃo",
        "ukphone": "ʃəʊ"
    },
    {
        "name": "anything",
        "trans": [
            "任何事物"
        ],
        "usphone": "'ɛnɪ'θɪŋ",
        "ukphone": "'enɪθɪŋ"
    },
    {
        "name": "else",
        "trans": [
            "另外"
        ],
        "usphone": "ɛls",
        "ukphone": "els"
    },
    {
        "name": "exhibition",
        "trans": [
            "展览"
        ],
        "usphone": "ˌɛksəˈbɪʃən",
        "ukphone": "ˌeksɪˈbɪʃn"
    },
    {
        "name": "say",
        "trans": [
            "说；讲"
        ],
        "usphone": "se",
        "ukphone": "seɪ"
    },
    {
        "name": "have a look",
        "trans": [
            "看一看"
        ],
        "usphone": "",
        "ukphone": ""
    },
    {
        "name": "sushi",
        "trans": [
            "寿司"
        ],
        "usphone": "'sʊʃi",
        "ukphone": "'suːʃɪ"
    },
    {
        "name": "teach",
        "trans": [
            "教"
        ],
        "usphone": "titʃ",
        "ukphone": "tiːtʃ"
    },
    {
        "name": "sure",
        "trans": [
            "当然"
        ],
        "usphone": "ʃʊər; ʃʊr",
        "ukphone": "ʃɔ:(r)"
    },
    {
        "name": "Canadian",
        "trans": [
            "加拿大的"
        ],
        "usphone": "kə'nedɪən",
        "ukphone": "kə'neɪdɪən"
    },
    {
        "name": "Spanish",
        "trans": [
            "西班牙的"
        ],
        "usphone": "'spænɪʃ",
        "ukphone": "'spænɪʃ"
    }
]