[
    {
        "name": "competitor",
        "trans": [
            "竞争者"
        ],
        "usphone": "kəm'pɛtɪtɚ",
        "ukphone": "kəm'petɪtə"
    },
    {
        "name": "defeat",
        "trans": [
            "打败"
        ],
        "usphone": "dɪ'fit",
        "ukphone": "dɪ'fiːt"
    },
    {
        "name": "establish",
        "trans": [
            "建立"
        ],
        "usphone": "ɪˈstæblɪʃ",
        "ukphone": "ɪ'stæblɪʃ"
    },
    {
        "name": "passion",
        "trans": [
            "热情"
        ],
        "usphone": "'pæʃən",
        "ukphone": "'pæʃn"
    },
    {
        "name": "recruit",
        "trans": [
            "招聘"
        ],
        "usphone": "rɪ'krut",
        "ukphone": "rɪ'kruːt"
    },
    {
        "name": "responsible",
        "trans": [
            "负责的"
        ],
        "usphone": "rɪ'spɑnsəbl",
        "ukphone": "rɪ'spɑːnsəbl"
    },
    {
        "name": "unique",
        "trans": [
            "独特的"
        ],
        "usphone": "jʊ'nik",
        "ukphone": "ju'niːk"
    },
    {
        "name": "unity",
        "trans": [
            "团结"
        ],
        "usphone": "'junəti",
        "ukphone": "'juːnəti"
    },
    {
        "name": "universal",
        "trans": [
            "普遍的"
        ],
        "usphone": "'jʊnə'vɝsl",
        "ukphone": "ˌjuːnɪ'vɜːrsl"
    },
    {
        "name": "victory",
        "trans": [
            "胜利"
        ],
        "usphone": "'vɪktəri",
        "ukphone": "'vɪkt(ə)rɪ"
    },
    {
        "name": "adjust",
        "trans": [
            "调整"
        ],
        "usphone": "ə'dʒʌst",
        "ukphone": "ə'dʒʌst"
    },
    {
        "name": "automatic",
        "trans": [
            "自动的"
        ],
        "usphone": "'ɔtə'mætɪk",
        "ukphone": "ˌɔːtə'mætɪk"
    },
    {
        "name": "champion",
        "trans": [
            "冠军"
        ],
        "usphone": "'tʃæmpɪən",
        "ukphone": "'tʃæmpiən"
    },
    {
        "name": "differentiate",
        "trans": [
            "区分"
        ],
        "usphone": ",dɪfə'rɛnʃɪet",
        "ukphone": "ˌdɪfə'renʃieɪt"
    },
    {
        "name": "elite",
        "trans": [
            "精英"
        ],
        "usphone": "ɪˈliːt",
        "ukphone": "ɪ'liːt"
    },
    {
        "name": "enhance",
        "trans": [
            "提升"
        ],
        "usphone": "ɪn'hæns",
        "ukphone": "ɪn'hæns"
    },
    {
        "name": "generate",
        "trans": [
            "生成"
        ],
        "usphone": "'dʒɛnəret",
        "ukphone": "'dʒenəreɪt"
    },
    {
        "name": "genetic",
        "trans": [
            "基因的"
        ],
        "usphone": "dʒə'nɛtɪk",
        "ukphone": "dʒə'netɪk"
    },
    {
        "name": "psychological",
        "trans": [
            "心理的"
        ],
        "usphone": ",saɪkə'lɑdʒɪkl",
        "ukphone": "saɪkə'lɒdʒɪk(ə)l"
    },
    {
        "name": "require",
        "trans": [
            "要求"
        ],
        "usphone": "rɪ'kwaɪr",
        "ukphone": "rɪ'kwaɪə"
    },
    {
        "name": "associate with",
        "trans": [
            "与...关联"
        ]
    },
    {
        "name": "conform",
        "trans": [
            "遵守"
        ],
        "usphone": "kən'fɔrm",
        "ukphone": "kən'fɔːrm"
    },
    {
        "name": "consumer",
        "trans": [
            "消费者"
        ],
        "usphone": "kən'sumɚ",
        "ukphone": "kən'sjuːmə"
    },
    {
        "name": "desire",
        "trans": [
            "愿望"
        ],
        "usphone": "dɪ'zaɪɚ",
        "ukphone": "dɪ'zaɪə"
    },
    {
        "name": "devote",
        "trans": [
            "奉献"
        ],
        "usphone": "dɪ'vot",
        "ukphone": "dɪ'vout"
    },
    {
        "name": "feature",
        "trans": [
            "特点"
        ],
        "usphone": "'fitʃɚ",
        "ukphone": "'fiːtʃə"
    },
    {
        "name": "gender",
        "trans": [
            "性别"
        ],
        "usphone": "'dʒɛndɚ",
        "ukphone": "'dʒendər"
    },
    {
        "name": "notion",
        "trans": [
            "概念"
        ],
        "usphone": "'noʃən",
        "ukphone": "'nouʃn"
    },
    {
        "name": "subjective",
        "trans": [
            "主观的"
        ],
        "usphone": "səb'dʒɛktɪv",
        "ukphone": "səb'dʒektɪv"
    },
    {
        "name": "uniform",
        "trans": [
            "统一的"
        ],
        "usphone": "junəˌfɔrm",
        "ukphone": "'juːnɪfɔːrm"
    },
    {
        "name": "criminal",
        "trans": [
            "犯罪的"
        ],
        "usphone": "'krɪmɪnl",
        "ukphone": "'krɪmɪn(ə)l"
    },
    {
        "name": "crucial",
        "trans": [
            "关键的"
        ],
        "usphone": "'krʊʃəl",
        "ukphone": "'kruːʃl"
    },
    {
        "name": "external",
        "trans": [
            "外部的"
        ],
        "usphone": "ɪk'stɝnl",
        "ukphone": "ɪk'stɜːrnl"
    },
    {
        "name": "fade",
        "trans": [
            "褪色"
        ],
        "usphone": "fed",
        "ukphone": "feɪd"
    },
    {
        "name": "leisure",
        "trans": [
            "休闲"
        ],
        "usphone": "'liʒɚ",
        "ukphone": "'liːʒər"
    },
    {
        "name": "mature",
        "trans": [
            "成熟的"
        ],
        "usphone": "mə'tʃʊr",
        "ukphone": "mə'tʃur"
    },
    {
        "name": "permanent",
        "trans": [
            "永久的"
        ],
        "usphone": "'pɝmənənt",
        "ukphone": "'pɜːrmənənt"
    },
    {
        "name": "protective",
        "trans": [
            "保护的"
        ],
        "usphone": "prə'tɛktɪv",
        "ukphone": "prə'tektɪv"
    },
    {
        "name": "sector",
        "trans": [
            "部门"
        ],
        "usphone": "'sɛktɚ",
        "ukphone": "'sektə"
    },
    {
        "name": "status",
        "trans": [
            "地位"
        ],
        "usphone": "ˈstetəs",
        "ukphone": "'steɪtəs"
    },
    {
        "name": "capture",
        "trans": [
            "捕获"
        ],
        "usphone": "'kæptʃɚ",
        "ukphone": "'kæptʃə"
    },
    {
        "name": "extinct",
        "trans": [
            "灭绝的"
        ],
        "usphone": "ɪk'stɪŋkt",
        "ukphone": "ɪk'stɪŋkt"
    },
    {
        "name": "grasp",
        "trans": [
            "抓住"
        ],
        "usphone": "ɡræsp",
        "ukphone": "græsp"
    },
    {
        "name": "physical",
        "trans": [
            "物理的"
        ],
        "usphone": "'fɪzɪkl",
        "ukphone": "'fɪzɪk(ə)l"
    },
    {
        "name": "primary",
        "trans": [
            "主要的"
        ],
        "usphone": "'praɪmɛri",
        "ukphone": "'praɪm(ə)rɪ"
    },
    {
        "name": "reproduce",
        "trans": [
            "复制"
        ],
        "usphone": ",riprə'dus",
        "ukphone": "ˌriːprə'duːs"
    },
    {
        "name": "signal",
        "trans": [
            "信号"
        ],
        "usphone": "'sɪgnl",
        "ukphone": "'sɪgnəl"
    },
    {
        "name": "suburb",
        "trans": [
            "郊区"
        ],
        "usphone": "'sʌbɝb",
        "ukphone": "'sʌbɜːrb"
    },
    {
        "name": "tend to",
        "trans": [
            "倾向于"
        ]
    },
    {
        "name": "threaten",
        "trans": [
            "威胁"
        ],
        "usphone": "'θrɛtn",
        "ukphone": "'θret(ə)n"
    },
    {
        "name": "bonus",
        "trans": [
            "奖金"
        ],
        "usphone": "'bonəs",
        "ukphone": "'bəʊnəs"
    },
    {
        "name": "conflict",
        "trans": [
            "冲突"
        ],
        "usphone": "'kɑnflɪkt",
        "ukphone": "'kɒnflɪkt"
    },
    {
        "name": "distinctive",
        "trans": [
            "独特的"
        ],
        "usphone": "dɪ'stɪŋktɪv",
        "ukphone": "dɪ'stɪŋktɪv"
    },
    {
        "name": "drag",
        "trans": [
            "拖拉"
        ],
        "usphone": "dræg",
        "ukphone": "dræg"
    },
    {
        "name": "enforce",
        "trans": [
            "执行"
        ],
        "usphone": "ɪn'fɔrs",
        "ukphone": "ɪn'fɔːrs"
    },
    {
        "name": "landscape",
        "trans": [
            "风景"
        ],
        "usphone": "ˈlændskep",
        "ukphone": "'lændskeɪp"
    },
    {
        "name": "officially",
        "trans": [
            "官方地"
        ],
        "usphone": "ə'fɪʃəli",
        "ukphone": "ə'fɪʃəlɪ"
    },
    {
        "name": "poverty",
        "trans": [
            "贫穷"
        ],
        "usphone": "'pɑvɚti",
        "ukphone": "'pɑːvərti"
    },
    {
        "name": "reverse",
        "trans": [
            "反转"
        ],
        "usphone": "rɪ'vɝs",
        "ukphone": "rɪ'vɜːrs"
    },
    {
        "name": "ancestor",
        "trans": [
            "祖先"
        ],
        "usphone": "'ænsɛstɚ",
        "ukphone": "'ænsestər"
    },
    {
        "name": "dawn",
        "trans": [
            "黎明"
        ],
        "usphone": "dɔn",
        "ukphone": "dɔːn"
    },
    {
        "name": "destruction",
        "trans": [
            "破坏"
        ],
        "usphone": "dɪ'strʌkʃən",
        "ukphone": "dɪ'strʌkʃn"
    },
    {
        "name": "disaster",
        "trans": [
            "灾难"
        ],
        "usphone": "dɪ'zæstɚ",
        "ukphone": "dɪ'zæstər"
    },
    {
        "name": "displace",
        "trans": [
            "取代"
        ],
        "usphone": "dɪs'ples",
        "ukphone": "dɪs'pleɪs"
    },
    {
        "name": "expand",
        "trans": [
            "扩张"
        ],
        "usphone": "ɪk'spænd",
        "ukphone": "ɪk'spænd"
    },
    {
        "name": "inevitable",
        "trans": [
            "不可避免的"
        ],
        "usphone": "ɪn'ɛvɪtəbl",
        "ukphone": "ɪn'evɪtəb(ə)l"
    },
    {
        "name": "monitor",
        "trans": [
            "监控"
        ],
        "usphone": "'mɔnɪtɚ",
        "ukphone": "'mɒnɪtə"
    },
    {
        "name": "summit",
        "trans": [
            "峰会"
        ],
        "usphone": "'sʌmɪt",
        "ukphone": "'sʌmɪt"
    },
    {
        "name": "witness",
        "trans": [
            "见证"
        ],
        "usphone": "ˈwɪtnɪs",
        "ukphone": "ˈwɪtnɪs"
    },
    {
        "name": "data",
        "trans": [
            "数据"
        ],
        "usphone": "'detə",
        "ukphone": "'deɪtə"
    },
    {
        "name": "detect",
        "trans": [
            "检测"
        ],
        "usphone": "dɪ'tɛkt",
        "ukphone": "dɪ'tekt"
    },
    {
        "name": "foundation",
        "trans": [
            "基础"
        ],
        "usphone": "faʊn'deʃən",
        "ukphone": "faʊn'deɪʃ(ə)n"
    },
    {
        "name": "laboratory",
        "trans": [
            "实验室"
        ],
        "usphone": "ˈlæbrəˌtɔrɪ",
        "ukphone": "'læbrətɔːri"
    },
    {
        "name": "massive",
        "trans": [
            "巨大的"
        ],
        "usphone": "'mæsɪv",
        "ukphone": "'mæsɪv"
    },
    {
        "name": "precise",
        "trans": [
            "精确的"
        ],
        "usphone": "prɪ'saɪs",
        "ukphone": "prɪ'saɪs"
    },
    {
        "name": "random",
        "trans": [
            "随机的"
        ],
        "usphone": "'rændəm",
        "ukphone": "'rændəm"
    },
    {
        "name": "schedule",
        "trans": [
            "时间表"
        ],
        "usphone": "ˈskedʒʊl; skɛdʒʊl",
        "ukphone": "'skedʒuːl"
    },
    {
        "name": "track",
        "trans": [
            "跟踪"
        ],
        "usphone": "træk",
        "ukphone": "træk"
    },
    {
        "name": "zone",
        "trans": [
            "区域"
        ],
        "usphone": "zon",
        "ukphone": "zoun"
    },
    {
        "name": "architecture",
        "trans": [
            "建筑"
        ],
        "usphone": "'ɑrkə'tɛktʃɚ",
        "ukphone": "'ɑːkɪtektʃə"
    },
    {
        "name": "award",
        "trans": [
            "奖励"
        ],
        "usphone": "ə'wɔrd",
        "ukphone": "ə'wɔːd"
    },
    {
        "name": "convert",
        "trans": [
            "转换"
        ],
        "usphone": "kən'vɝt",
        "ukphone": "kən'vɜːrt"
    },
    {
        "name": "cure",
        "trans": [
            "治疗"
        ],
        "usphone": "kjʊr",
        "ukphone": "kjʊə; kjɔː"
    },
    {
        "name": "literally",
        "trans": [
            "字面上"
        ],
        "usphone": "'lɪtərəli",
        "ukphone": "'lɪt(ə)rəlɪ"
    },
    {
        "name": "migrate",
        "trans": [
            "迁移"
        ],
        "usphone": "'maɪɡret",
        "ukphone": "'maɪgreɪt"
    },
    {
        "name": "monster",
        "trans": [
            "怪物"
        ],
        "usphone": "'mɑnstɚ",
        "ukphone": "'mɑːnstər"
    },
    {
        "name": "naturally",
        "trans": [
            "自然地"
        ],
        "usphone": "'nætʃrəli",
        "ukphone": "'nætʃrəli"
    },
    {
        "name": "spectacular",
        "trans": [
            "壮观的"
        ],
        "usphone": "spɛk'tækjəlɚ",
        "ukphone": "spek'tækjələr"
    },
    {
        "name": "tension",
        "trans": [
            "紧张"
        ],
        "usphone": "'tɛnʃən",
        "ukphone": "'tenʃn"
    },
    {
        "name": "balance",
        "trans": [
            "平衡"
        ],
        "usphone": "'bæləns",
        "ukphone": "'bæləns"
    },
    {
        "name": "destination",
        "trans": [
            "目的地"
        ],
        "usphone": ",dɛstɪ'neʃən",
        "ukphone": "ˌdestɪ'neɪʃn"
    },
    {
        "name": "eager",
        "trans": [
            "渴望的"
        ],
        "usphone": "'igɚ",
        "ukphone": "'iːgər"
    },
    {
        "name": "isolated",
        "trans": [
            "孤立的"
        ],
        "usphone": "'aɪsəletɪd",
        "ukphone": "'aɪsəleɪtɪd"
    },
    {
        "name": "magnificent",
        "trans": [
            "壮丽的"
        ],
        "usphone": "mæg'nɪfəsnt",
        "ukphone": "mæg'nɪfɪsnt"
    },
    {
        "name": "prohibit",
        "trans": [
            "禁止"
        ],
        "usphone": "prə'hɪbɪt",
        "ukphone": "prə'hɪbɪt"
    },
    {
        "name": "rank",
        "trans": [
            "等级"
        ],
        "usphone": "ræŋk",
        "ukphone": "ræŋk"
    },
    {
        "name": "spoil",
        "trans": [
            "破坏"
        ],
        "usphone": "spɔɪl",
        "ukphone": "spɔɪl"
    },
    {
        "name": "state",
        "trans": [
            "状态"
        ],
        "usphone": "stet",
        "ukphone": "steɪt"
    },
    {
        "name": "ultimate",
        "trans": [
            "最终的"
        ],
        "usphone": "ˈʌltəmɪt",
        "ukphone": "'ʌltɪmət"
    },
    {
        "name": "abuse",
        "trans": [
            "滥用"
        ],
        "usphone": "ə'bjus",
        "ukphone": "ə'bjuːz"
    },
    {
        "name": "contradict",
        "trans": [
            "矛盾"
        ],
        "usphone": "'kɑntrə'dɪkt",
        "ukphone": "ˌkɑːntrə'dɪkt"
    },
    {
        "name": "exhibit",
        "trans": [
            "展览"
        ],
        "usphone": "ɪɡ'zɪbɪt",
        "ukphone": "ɪg'zɪbɪt"
    },
    {
        "name": "facilitate",
        "trans": [
            "促进"
        ],
        "usphone": "fə'sɪlə'tet",
        "ukphone": "fə'sɪlɪteɪt"
    },
    {
        "name": "furthermore",
        "trans": [
            "此外"
        ],
        "usphone": ",fɝðɚ'mɔr",
        "ukphone": "fɜːðə'mɔː"
    },
    {
        "name": "mental",
        "trans": [
            "精神的"
        ],
        "usphone": "'mɛntl",
        "ukphone": "'mentl"
    },
    {
        "name": "proof",
        "trans": [
            "证据"
        ],
        "usphone": "pruf",
        "ukphone": "pruːf"
    },
    {
        "name": "reaction",
        "trans": [
            "反应"
        ],
        "usphone": "rɪ'ækʃən",
        "ukphone": "rɪ'ækʃ(ə)n"
    },
    {
        "name": "specialist",
        "trans": [
            "专家"
        ],
        "usphone": "'spɛʃəlɪst",
        "ukphone": "'speʃ(ə)lɪst"
    },
    {
        "name": "temporary",
        "trans": [
            "临时的"
        ],
        "usphone": "ˈtempəreri",
        "ukphone": "'tempəreri"
    },
    {
        "name": "concentration",
        "trans": [
            "浓度"
        ],
        "usphone": "'kɑnsn'treʃən",
        "ukphone": "ˌkɑːnsn'treɪʃn"
    },
    {
        "name": "consequently",
        "trans": [
            "因此"
        ],
        "usphone": "'kɑnsəkwɛntli",
        "ukphone": "'kɒnsɪkw(ə)ntlɪ"
    },
    {
        "name": "constant",
        "trans": [
            "恒定的"
        ],
        "usphone": "'kɑnstənt",
        "ukphone": "'kɑːnstənt"
    },
    {
        "name": "excessive",
        "trans": [
            "过度的"
        ],
        "usphone": "ɪkˈsɛsɪv",
        "ukphone": "ɪk'sesɪv; ek-"
    },
    {
        "name": "focus",
        "trans": [
            "焦点"
        ],
        "usphone": "'fokəs",
        "ukphone": "'foukəs"
    },
    {
        "name": "in turn",
        "trans": [
            "反过来"
        ]
    },
    {
        "name": "surroundings",
        "trans": [
            "周围环境"
        ],
        "usphone": "sə'raʊndɪŋz",
        "ukphone": "sə'raundɪŋz"
    },
    {
        "name": "switch",
        "trans": [
            "开关"
        ],
        "usphone": "swɪtʃ",
        "ukphone": "swɪtʃ"
    },
    {
        "name": "therapy",
        "trans": [
            "治疗"
        ],
        "usphone": "'θɛrəpi",
        "ukphone": "'θerəpi"
    },
    {
        "name": "visual",
        "trans": [
            "视觉的"
        ],
        "usphone": "'vɪʒʊəl",
        "ukphone": "'vɪʒuəl"
    },
    {
        "name": "capacity",
        "trans": [
            "容量"
        ],
        "usphone": "kə'pæsəti",
        "ukphone": "kə'pæsəti"
    },
    {
        "name": "decline",
        "trans": [
            "下降"
        ],
        "usphone": "dɪ'klaɪn",
        "ukphone": "dɪ'klaɪn"
    },
    {
        "name": "dispose",
        "trans": [
            "处置"
        ],
        "usphone": "dɪ'spoz",
        "ukphone": "dɪ'spouz"
    },
    {
        "name": "eliminate",
        "trans": [
            "消除"
        ],
        "usphone": "ɪ'lɪmɪnet",
        "ukphone": "ɪ'lɪmɪneɪt"
    },
    {
        "name": "equivalent",
        "trans": [
            "等价的"
        ],
        "usphone": "ɪ'kwɪvələnt",
        "ukphone": "ɪ'kwɪvələnt"
    },
    {
        "name": "guarantee",
        "trans": [
            "保证"
        ],
        "usphone": ",ɡærən'ti",
        "ukphone": "ˌgærən'tiː"
    },
    {
        "name": "protest",
        "trans": [
            "抗议"
        ],
        "usphone": "prəˈtɛst;protɛst",
        "ukphone": "prəˈtest;ˈprəʊtest"
    },
    {
        "name": "steep",
        "trans": [
            "陡峭的"
        ],
        "usphone": "stip",
        "ukphone": "stiːp"
    },
    {
        "name": "substitute",
        "trans": [
            "替代"
        ],
        "usphone": "'sʌbstɪtut",
        "ukphone": "'sʌbstɪtuːt"
    },
    {
        "name": "utilize",
        "trans": [
            "利用"
        ],
        "usphone": "'juːtəlaɪz",
        "ukphone": "'juːtəlaɪz"
    },
    {
        "name": "comprehensive",
        "trans": [
            "全面的"
        ],
        "usphone": "ˌkɑːmprɪˈhensɪv",
        "ukphone": "ˌkɑːmprɪ'hensɪv"
    },
    {
        "name": "cooling",
        "trans": [
            "冷却"
        ],
        "usphone": "'kʊlɪŋ",
        "ukphone": "'kuːliŋ"
    },
    {
        "name": "distribute",
        "trans": [
            "分发"
        ],
        "usphone": "dɪ'strɪbjut",
        "ukphone": "dɪ'strɪbjuːt"
    },
    {
        "name": "efficiency",
        "trans": [
            "效率"
        ],
        "usphone": "ɪˈfɪʃənsɪ",
        "ukphone": "ɪ'fɪʃnsi"
    },
    {
        "name": "emissions",
        "trans": [
            "排放"
        ]
    },
    {
        "name": "regulation",
        "trans": [
            "规定"
        ],
        "usphone": "ˌrɛɡjəˈleʃən",
        "ukphone": "regjʊ'leɪʃ(ə)n"
    },
    {
        "name": "resident",
        "trans": [
            "居民"
        ],
        "usphone": "'rɛzɪdənt",
        "ukphone": "'rezɪdənt"
    },
    {
        "name": "sustainable",
        "trans": [
            "可持续的"
        ],
        "usphone": "sə'stenəbl",
        "ukphone": "sə'steɪnəbl"
    },
    {
        "name": "unrealistic",
        "trans": [
            "不切实际的"
        ],
        "usphone": ",ʌnriə'lɪstɪk",
        "ukphone": "ˌʌnrɪə'lɪstɪk"
    },
    {
        "name": "wealthy",
        "trans": [
            "富有的"
        ],
        "usphone": "'wɛlθi",
        "ukphone": "'welθɪ"
    },
    {
        "name": "acquire",
        "trans": [
            "获得"
        ],
        "usphone": "ə'kwaɪr",
        "ukphone": "ə'kwaɪər"
    },
    {
        "name": "citizen",
        "trans": [
            "公民"
        ],
        "usphone": "'sɪtɪzn",
        "ukphone": "'sɪtɪz(ə)n"
    },
    {
        "name": "demolish",
        "trans": [
            "拆除"
        ],
        "usphone": "dɪ'mɑlɪʃ",
        "ukphone": "dɪ'mɑːlɪʃ"
    },
    {
        "name": "former",
        "trans": [
            "前者"
        ],
        "usphone": "'fɔrmɚ",
        "ukphone": "'fɔːrmər"
    },
    {
        "name": "monument",
        "trans": [
            "纪念碑"
        ],
        "usphone": "'mɑnjumənt",
        "ukphone": "'mɑːnjumənt"
    },
    {
        "name": "proposal",
        "trans": [
            "提案"
        ],
        "usphone": "prə'pozl",
        "ukphone": "prə'pouzl"
    },
    {
        "name": "regional",
        "trans": [
            "地区的"
        ],
        "usphone": "'ridʒənl",
        "ukphone": "'riːdʒənl"
    },
    {
        "name": "renovation",
        "trans": [
            "翻新"
        ],
        "usphone": ",rɛnə'veʃən",
        "ukphone": ",renə'veɪʃn"
    },
    {
        "name": "repair",
        "trans": [
            "修理"
        ],
        "usphone": "rɪ'pɛr",
        "ukphone": "rɪ'peə"
    },
    {
        "name": "transport",
        "trans": [
            "运输"
        ],
        "usphone": "'trænspɔrt",
        "ukphone": "træn'spɔːt; trɑːn-"
    },
    {
        "name": "accessible",
        "trans": [
            "可访问的"
        ],
        "usphone": "ək'sɛsəbl",
        "ukphone": "ək'sesəbl"
    },
    {
        "name": "border",
        "trans": [
            "边界"
        ],
        "usphone": "'bɔrdɚ",
        "ukphone": "'bɔːdə"
    },
    {
        "name": "dense",
        "trans": [
            "稠密的"
        ],
        "usphone": "dɛns",
        "ukphone": "dens"
    },
    {
        "name": "enormous",
        "trans": [
            "巨大的"
        ],
        "usphone": "ɪ'nɔrməs",
        "ukphone": "ɪ'nɔːrməs"
    },
    {
        "name": "illustrate",
        "trans": [
            "说明"
        ],
        "usphone": "'ɪləstret",
        "ukphone": "'ɪləstreɪt"
    },
    {
        "name": "impact",
        "trans": [
            "影响"
        ],
        "usphone": "ɪm'pækt",
        "ukphone": "'ɪmpækt"
    },
    {
        "name": "occur",
        "trans": [
            "发生"
        ],
        "usphone": "ə'kɝ",
        "ukphone": "ə'kɜːr"
    },
    {
        "name": "partially",
        "trans": [
            "部分地"
        ],
        "usphone": "'pɑrʃəli",
        "ukphone": "'pɑːʃ(ə)lɪ"
    },
    {
        "name": "practical",
        "trans": [
            "实用的"
        ],
        "usphone": "'præktɪkl",
        "ukphone": "'præktɪkl"
    },
    {
        "name": "ruin",
        "trans": [
            "废墟"
        ],
        "usphone": "'ruɪn",
        "ukphone": "'ruːɪn"
    },
    {
        "name": "actual",
        "trans": [
            "实际的"
        ],
        "usphone": "'æktʃuəl",
        "ukphone": "'æktʃʊəl; -tjʊəl"
    },
    {
        "name": "alter",
        "trans": [
            "改变"
        ],
        "usphone": "'ɔltɚ",
        "ukphone": "'ɔːltər"
    },
    {
        "name": "conference",
        "trans": [
            "会议"
        ],
        "usphone": "'kɑnfərəns",
        "ukphone": "'kɒnf(ə)r(ə)ns"
    },
    {
        "name": "conversely",
        "trans": [
            "相反地"
        ],
        "usphone": "'kɑnvɝsli",
        "ukphone": "'kɒnvɜːslɪ; kən'vɜːslɪ"
    },
    {
        "name": "demonstrate",
        "trans": [
            "示范"
        ],
        "usphone": "'dɛmən'stret",
        "ukphone": "'demənstreɪt"
    },
    {
        "name": "downside",
        "trans": [
            "缺点"
        ],
        "usphone": "'daʊnsaɪd",
        "ukphone": "'daunsaɪd"
    },
    {
        "name": "get to",
        "trans": [
            "到达"
        ]
    },
    {
        "name": "go over",
        "trans": [
            "复习"
        ]
    },
    {
        "name": "passive",
        "trans": [
            "被动的"
        ],
        "usphone": "'pæsɪv",
        "ukphone": "'pæsɪv"
    },
    {
        "name": "treat",
        "trans": [
            "对待"
        ],
        "usphone": "trit",
        "ukphone": "triːt"
    },
    {
        "name": "affordable",
        "trans": [
            "负担得起的"
        ],
        "usphone": "ə'fɔrdəbl",
        "ukphone": "ə'fɔːdəbəl"
    },
    {
        "name": "aid",
        "trans": [
            "援助"
        ],
        "usphone": "ed",
        "ukphone": "eɪd"
    },
    {
        "name": "ambitious",
        "trans": [
            "有野心的"
        ],
        "usphone": "æm'bɪʃəs",
        "ukphone": "æm'bɪʃəs"
    },
    {
        "name": "assess",
        "trans": [
            "评估"
        ],
        "usphone": "ə'sɛs",
        "ukphone": "ə'ses"
    },
    {
        "name": "medical",
        "trans": [
            "医疗的"
        ],
        "usphone": "'mɛdɪkl",
        "ukphone": "'medɪk(ə)l"
    },
    {
        "name": "military",
        "trans": [
            "军事的"
        ],
        "usphone": "'mɪlətɛri",
        "ukphone": "'mɪləteri"
    },
    {
        "name": "package",
        "trans": [
            "包裹"
        ],
        "usphone": "'pækɪdʒ",
        "ukphone": "'pækɪdʒ"
    },
    {
        "name": "rapid",
        "trans": [
            "快速的"
        ],
        "usphone": "'ræpɪd",
        "ukphone": "'ræpɪd"
    },
    {
        "name": "sufficient",
        "trans": [
            "足够的"
        ],
        "usphone": "səˈfɪʃənt",
        "ukphone": "sə'fɪʃnt"
    },
    {
        "name": "survey",
        "trans": [
            "调查"
        ],
        "usphone": "ˈsɝˌve; (for v.) sɝˈve",
        "ukphone": "ˈsəːveɪ; (for v.) səˈveɪ"
    },
    {
        "name": "conscious",
        "trans": [
            "有意识的"
        ],
        "usphone": "'kɑnʃəs",
        "ukphone": "'kɑːnʃəs"
    },
    {
        "name": "emotion",
        "trans": [
            "情感"
        ],
        "usphone": "ɪ'moʃən",
        "ukphone": "ɪ'mouʃn"
    },
    {
        "name": "flexible",
        "trans": [
            "灵活的"
        ],
        "usphone": "'flɛksəbl",
        "ukphone": "'fleksəbl"
    },
    {
        "name": "function",
        "trans": [
            "功能"
        ],
        "usphone": "'fʌŋkʃən",
        "ukphone": "'fʌŋkʃn"
    },
    {
        "name": "perspective",
        "trans": [
            "观点"
        ],
        "usphone": "pɚ'spɛktɪv",
        "ukphone": "pər'spektɪv"
    },
    {
        "name": "reinforce",
        "trans": [
            "加强"
        ],
        "usphone": ",riɪn'fɔrs",
        "ukphone": "ˌriːɪn'fɔːrs"
    },
    {
        "name": "structure",
        "trans": [
            "结构"
        ],
        "usphone": "'strʌktʃɚ",
        "ukphone": "'strʌktʃə"
    },
    {
        "name": "transform",
        "trans": [
            "转变"
        ],
        "usphone": "træns'fɔrm",
        "ukphone": "træns'fɔːrm"
    },
    {
        "name": "vast",
        "trans": [
            "巨大的"
        ],
        "usphone": "væst",
        "ukphone": "væst"
    },
    {
        "name": "welfare",
        "trans": [
            "福利"
        ],
        "usphone": "'wɛl'fɛr",
        "ukphone": "'welfer"
    },
    {
        "name": "abstract",
        "trans": [
            "抽象的"
        ],
        "usphone": "'æbstrækt",
        "ukphone": "'æbstrækt"
    },
    {
        "name": "acknowledge",
        "trans": [
            "承认"
        ],
        "usphone": "ək'nɑlɪdʒ",
        "ukphone": "ək'nɑːlɪdʒ"
    },
    {
        "name": "dismiss",
        "trans": [
            "解雇"
        ],
        "usphone": "dɪs'mɪs",
        "ukphone": "dɪs'mɪs"
    },
    {
        "name": "imitate",
        "trans": [
            "模仿"
        ],
        "usphone": "'ɪmɪtet",
        "ukphone": "'ɪmɪteɪt"
    },
    {
        "name": "master",
        "trans": [
            "掌握"
        ],
        "usphone": "'mæstɚ",
        "ukphone": "'mɑːstə"
    },
    {
        "name": "motive",
        "trans": [
            "动机"
        ],
        "usphone": "'motɪv",
        "ukphone": "'moutɪv"
    },
    {
        "name": "possess",
        "trans": [
            "拥有"
        ],
        "usphone": "pə'zɛs",
        "ukphone": "pə'zes"
    },
    {
        "name": "primitive",
        "trans": [
            "原始的"
        ],
        "usphone": "'prɪmətɪv",
        "ukphone": "'prɪmətɪv"
    },
    {
        "name": "pronounce",
        "trans": [
            "发音"
        ],
        "usphone": "prə'naʊns",
        "ukphone": "prə'naʊns"
    },
    {
        "name": "theory",
        "trans": [
            "理论"
        ],
        "usphone": "'θiəri",
        "ukphone": "'θɪəri"
    },
    {
        "name": "appreciate",
        "trans": [
            "欣赏"
        ],
        "usphone": "ə'priʃɪet",
        "ukphone": "ə'priːʃieɪt"
    },
    {
        "name": "classic",
        "trans": [
            "经典的"
        ],
        "usphone": "'klæsɪk",
        "ukphone": "'klæsɪk"
    },
    {
        "name": "creativity",
        "trans": [
            "创造力"
        ],
        "usphone": ",krie'tɪvəti",
        "ukphone": "ˌkriːeɪ'tɪvəti"
    },
    {
        "name": "innovative",
        "trans": [
            "创新的"
        ],
        "usphone": "'ɪnəvetɪv",
        "ukphone": "'ɪnəveɪtɪv"
    },
    {
        "name": "purchase",
        "trans": [
            "购买"
        ],
        "usphone": "'pɝtʃəs",
        "ukphone": "'pɜːrtʃəs"
    },
    {
        "name": "recovery",
        "trans": [
            "恢复"
        ],
        "usphone": "rɪ'kʌvəri",
        "ukphone": "rɪ'kʌv(ə)rɪ"
    },
    {
        "name": "resist",
        "trans": [
            "抵抗"
        ],
        "usphone": "rɪ'zɪst",
        "ukphone": "rɪ'zɪst"
    },
    {
        "name": "sensible",
        "trans": [
            "明智的"
        ],
        "usphone": "'sɛnsəbl",
        "ukphone": "'sensəbl"
    },
    {
        "name": "sensitive",
        "trans": [
            "敏感的"
        ],
        "usphone": "'sɛnsətɪv",
        "ukphone": "'sensətɪv"
    },
    {
        "name": "wander",
        "trans": [
            "漫游"
        ],
        "usphone": "'wɑndɚ",
        "ukphone": "'wɒndə"
    },
    {
        "name": "conservative",
        "trans": [
            "保守的"
        ],
        "usphone": "kən'sɝvətɪv",
        "ukphone": "kən'sɜːrvətɪv"
    },
    {
        "name": "immigrant",
        "trans": [
            "移民"
        ],
        "usphone": "'ɪmɪɡrənt",
        "ukphone": "'ɪmɪgrənt"
    },
    {
        "name": "influence",
        "trans": [
            "影响"
        ],
        "usphone": "'ɪnfluəns",
        "ukphone": "'ɪnflʊəns"
    },
    {
        "name": "native",
        "trans": [
            "本地的"
        ],
        "usphone": "'netɪv",
        "ukphone": "'neɪtɪv"
    },
    {
        "name": "reflect",
        "trans": [
            "反映"
        ],
        "usphone": "rɪ'flɛkt",
        "ukphone": "rɪ'flekt"
    },
    {
        "name": "selection",
        "trans": [
            "选择"
        ],
        "usphone": "sɪ'lɛkʃən",
        "ukphone": "sɪ'lekʃn"
    },
    {
        "name": "settle",
        "trans": [
            "定居"
        ],
        "usphone": "'sɛtl",
        "ukphone": "'setl"
    },
    {
        "name": "storage",
        "trans": [
            "存储"
        ],
        "usphone": "'stɔrɪdʒ",
        "ukphone": "'stɔːrɪdʒ"
    },
    {
        "name": "style",
        "trans": [
            "风格"
        ],
        "usphone": "staɪl",
        "ukphone": "staɪl"
    },
    {
        "name": "urban",
        "trans": [
            "城市的"
        ],
        "usphone": "'ɝbən",
        "ukphone": "'ɜːrbən"
    },
    {
        "name": "accumulate",
        "trans": [
            "累积"
        ],
        "usphone": "ə'kjumjəlet",
        "ukphone": "ə'kjuːmjəleɪt"
    },
    {
        "name": "concern",
        "trans": [
            "关心"
        ],
        "usphone": "kən'sɝn",
        "ukphone": "kən'sɜːrn"
    },
    {
        "name": "consciousness",
        "trans": [
            "意识"
        ],
        "usphone": "'kɑnʃəsnəs",
        "ukphone": "'kɒnʃəsnɪs"
    },
    {
        "name": "demanding",
        "trans": [
            "要求高的"
        ],
        "usphone": "dɪ'mændɪŋ",
        "ukphone": "dɪ'mændɪŋ"
    },
    {
        "name": "detached",
        "trans": [
            "分离的"
        ],
        "usphone": "dɪ'tætʃt",
        "ukphone": "dɪ'tætʃt"
    },
    {
        "name": "familiarize",
        "trans": [
            "熟悉"
        ],
        "usphone": "fə'mɪlɪəraɪz",
        "ukphone": "fə'mɪliəraɪz"
    },
    {
        "name": "impressive",
        "trans": [
            "印象深刻的"
        ],
        "usphone": "ɪm'prɛsɪv",
        "ukphone": "ɪm'presɪv"
    },
    {
        "name": "internal",
        "trans": [
            "内部的"
        ],
        "usphone": "ɪn'tɝnl",
        "ukphone": "ɪn'tɜːrnl"
    },
    {
        "name": "pioneer",
        "trans": [
            "先驱"
        ],
        "usphone": ",paɪə'nɪr",
        "ukphone": "paɪə'nɪə"
    },
    {
        "name": "venture",
        "trans": [
            "冒险"
        ],
        "usphone": "'vɛntʃɚ",
        "ukphone": "'ventʃər"
    },
    {
        "name": "backing",
        "trans": [
            "支持"
        ],
        "usphone": "'bækɪŋ",
        "ukphone": "'bækiŋ"
    },
    {
        "name": "decade",
        "trans": [
            "十年"
        ],
        "usphone": "'dɛked",
        "ukphone": "'dekeɪd"
    },
    {
        "name": "extremely",
        "trans": [
            "极度地"
        ],
        "usphone": "ɪk'strimli",
        "ukphone": "ɪk'striːmlɪ; ek-"
    },
    {
        "name": "fortune",
        "trans": [
            "财富"
        ],
        "usphone": "'fɔrtʃən",
        "ukphone": "'fɔːtʃuːn; -tʃ(ə)n"
    },
    {
        "name": "founder",
        "trans": [
            "创始人"
        ],
        "usphone": "'faʊndɚ",
        "ukphone": "'faʊndə(r)"
    },
    {
        "name": "launch",
        "trans": [
            "发射"
        ],
        "usphone": "lɔntʃ",
        "ukphone": "lɔːntʃ"
    },
    {
        "name": "precious",
        "trans": [
            "珍贵的"
        ],
        "usphone": "'prɛʃəs",
        "ukphone": "'preʃəs"
    },
    {
        "name": "replace",
        "trans": [
            "替换"
        ],
        "usphone": "rɪ'ples",
        "ukphone": "rɪ'pleɪs"
    },
    {
        "name": "resource",
        "trans": [
            "资源"
        ],
        "usphone": "'risɔrs",
        "ukphone": "'riːsɔːrs"
    },
    {
        "name": "sustain",
        "trans": [
            "维持"
        ],
        "usphone": "sə'sten",
        "ukphone": "sə'steɪn"
    }
]