[
  {
    "name": "excitable portable preventable",
    "trans": ["-able  able to be"]
  },
  {
    "name": "cardiac hemophiliac maniac",
    "trans": ["-ac   pertaining to"]
  },
  {
    "name": "perspicacity sagacity velocity",
    "trans": ["-acity (-ocity)  quality of"]
  },
  {
    "name": "blockade cavalcade promenade",
    "trans": ["-ade    act, action or process, product"]
  },
  {
    "name": "passage pilgrimage voyage",
    "trans": ["-age   action or process"]
  },
  {
    "name": "workaholic shopaholic alcoholic",
    "trans": ["-aholic (-oholic)  one with an obsession for"]
  },
  {
    "name": "bacterial theatrical natural",
    "trans": ["-al  relating to"]
  },
  {
    "name": "neuralgia nostalgia",
    "trans": ["-algia  pain"]
  },
  {
    "name": "Italian urban African",
    "trans": ["-an (-ian)  relating to, belonging to"]
  },
  {
    "name": "brilliance defiance annoyance",
    "trans": ["-ance  state or quality of"]
  },
  {
    "name": "applicant immigrant servant",
    "trans": ["-ant  a person who"]
  },
  {
    "name": "brilliant defiant vigilant",
    "trans": ["-ant  inclined to, tending to"]
  },
  {
    "name": "lunar molecular solar",
    "trans": ["-ar  of or relating to, being"]
  },
  {
    "name": "beggar burglar liar",
    "trans": ["-ar  a person who"]
  },
  {
    "name": "coward sluggard wizard",
    "trans": ["-ard  a person who does an action"]
  },
  {
    "name": "disciplinarian vegetarian librarian",
    "trans": ["-arian  a person who"]
  },
  {
    "name": "terrarium aquarium solarium",
    "trans": ["-arium (orium)  a place for"]
  },
  {
    "name": "literary military budgetary",
    "trans": ["-ary  of or relating to"]
  },
  {
    "name": "affectionate desolate obstinate",
    "trans": ["-ate  state or quality of (adj.)"]
  },
  {
    "name": "activate evaporate medicate",
    "trans": ["-ate  makes the word a verb (different pronunciation)"]
  },
  {
    "name": "creation narration emancipation",
    "trans": ["-ation  action or process"]
  },
  {
    "name": "creative preservative talkative",
    "trans": ["-ative  tending to (adj.)"]
  },
  {
    "name": "homicide suicide genocide",
    "trans": ["-cide  act of killing"]
  },
  {
    "name": "bureaucracy aristocracy theocracy",
    "trans": ["-cracy  rule, government, power"]
  },
  {
    "name": "aristocrat bureaucrat technocrat",
    "trans": ["-crat  someone who has power"]
  },
  {
    "name": "molecule ridicule",
    "trans": ["-cule  diminutive (making something small)"]
  },
  {
    "name": "efficiency privacy belligerency",
    "trans": ["-cy  state, condition or quality"]
  },
  {
    "name": "bicycle recycle tricycle",
    "trans": ["-cycle  circle, wheel"]
  },
  {
    "name": "boredom freedom wisdom",
    "trans": ["-dom  condition of, state, realm"]
  },
  {
    "name": "orthodox paradox",
    "trans": ["-dox   belief, praise"]
  },
  {
    "name": "appendectomy hysterectomy",
    "trans": ["-ectomy  surgical removal of"]
  },
  {
    "name": "called hammered laughed",
    "trans": ["-ed  past tense"]
  },
  {
    "name": "nominee employee devotee",
    "trans": ["-ee  receiver, performer"]
  },
  {
    "name": "engineer volunteer",
    "trans": ["-eer  associated with/engaged in"]
  },
  {
    "name": "anemia hypoglycemia leukemia",
    "trans": ["-emia  blood condition"]
  },
  {
    "name": "awaken fasten strengthen",
    "trans": ["-en  makes the word a verb"]
  },
  {
    "name": "absence dependence negligence",
    "trans": ["-ence  state or condition, action"]
  },
  {
    "name": "clemency dependency efficiency",
    "trans": ["-ency  condition or quality"]
  },
  {
    "name": "competent correspondent absorbent",
    "trans": ["-ent  inclined to performing/causing, or one who performs/causes"]
  },
  {
    "name": "bigger faster happier",
    "trans": ["-er  more"]
  },
  {
    "name": "flutter ponder stutter",
    "trans": ["-er  action or process"]
  },
  {
    "name": "announcer barber teacher",
    "trans": ["-er  a person who does an action"]
  },
  {
    "name": "eastern northern western",
    "trans": ["-ern  state or quality of"]
  },
  {
    "name": "adolescence convalescence",
    "trans": ["-escence  state or process"]
  },
  {
    "name": "Chinese Congolese Vietnamese",
    "trans": ["-ese  relating to a place"]
  },
  {
    "name": "Kafkaesque grotesque burlesque",
    "trans": ["-esque  in the style of"]
  },
  {
    "name": "actress heiress lioness",
    "trans": ["-ess  female"]
  },
  {
    "name": "funniest hottest silliest",
    "trans": ["-est  most"]
  },
  {
    "name": "athletic energetic poetic",
    "trans": ["-etic  relating to (makes the word an adj.)"]
  },
  {
    "name": "cigarette diskette kitchenette",
    "trans": ["-ette  diminutive (makes something smaller)"]
  },
  {
    "name": "helpful thankful cheerful",
    "trans": ["-ful  full of"]
  },
  {
    "name": "amplify falsify terrify",
    "trans": ["-fy  make, cause (makes the word a verb)"]
  },
  {
    "name": "monogam polygamy",
    "trans": ["-gam/gamy  marriage, union"]
  },
  {
    "name": "hexagon polygonic pentagon",
    "trans": ["-gon/gonic  angle"]
  },
  {
    "name": "childhood neighborhood motherhood",
    "trans": ["-hood  state, condition, or quality"]
  },
  {
    "name": "celestial editorial martial",
    "trans": ["-ial  relating to"]
  },
  {
    "name": "Martian utopian pediatrician",
    "trans": ["-ian  relating to"]
  },
  {
    "name": "elephantiasis psoriasis",
    "trans": ["-iasis  diseased condition"]
  },
  {
    "name": "pediatric psychiatric",
    "trans": ["-iatric  healing practice"]
  },
  {
    "name": "audible plausible legible",
    "trans": ["-ible  able to be"]
  },
  {
    "name": "analytic/al comic/al organic",
    "trans": ["-ic/ical  relating to, characterized by"]
  },
  {
    "name": "agile docile volatile",
    "trans": ["-ile  relating to, capable of"]
  },
  {
    "name": "sloppily steadily zanily",
    "trans": ["-ily  in what manner"]
  },
  {
    "name": "canine feminine masculine",
    "trans": ["-ine  relating to"]
  },
  {
    "name": "bedding frosting roofing",
    "trans": ["-ing  materials"]
  },
  {
    "name": "dancing seeing writing",
    "trans": ["-ing  action or process"]
  },
  {
    "name": "celebration completion navigation",
    "trans": ["-ion  action or process"]
  },
  {
    "name": "ambitious cautious gracious",
    "trans": ["-ious  having the qualities of, full of"]
  },
  {
    "name": "apish brutish childish",
    "trans": ["-ish  relating to, characteristic"]
  },
  {
    "name": "altruism despotism heroism",
    "trans": ["-ism  state or quality"]
  },
  {
    "name": "artist linguist pianist",
    "trans": ["-ist  a person, one who does an action"]
  },
  {
    "name": "suburbanite luddite dynamite",
    "trans": ["-ite  resident of, follower, product of"]
  },
  {
    "name": "appendicitis tonsillitis frontrunneritis",
    "trans": ["-itis  inflammation, preoccupation"]
  },
  {
    "name": "abnormality civility necessity",
    "trans": ["-ity  state, condition, or quality"]
  },
  {
    "name": "attractive expensive repulsive",
    "trans": ["-ive  inclined to; quality of; that which"]
  },
  {
    "name": "colonization fertilization modernization",
    "trans": ["-ization  act or process of making"]
  },
  {
    "name": "antagonize authorize popularize",
    "trans": ["-ize  cause, treat, become"]
  },
  {
    "name": "fearless helpless homeless",
    "trans": ["-less  without"]
  },
  {
    "name": "booklet droplet inlet",
    "trans": ["-let  version of"]
  },
  {
    "name": "childlike homelike lifelike",
    "trans": ["-like  resembling, characteristic"]
  },
  {
    "name": "duckling underling",
    "trans": ["-ling  younger or inferior"]
  },
  {
    "name": "astrologer cardiologist chronologer",
    "trans": ["-loger/logist  one who does"]
  },
  {
    "name": "dialog monolog",
    "trans": ["-log  speech"]
  },
  {
    "name": "badly courageously happily",
    "trans": ["-ly  in what manner"]
  },
  {
    "name": "movement placement shipment",
    "trans": ["-ment  action, result"]
  },
  {
    "name": "kindness shyness weakness",
    "trans": ["-ness  state or quality (makes a noun)"]
  },
  {
    "name": "humanoid tabloid hemorrhoid",
    "trans": ["-oid  resembling"]
  },
  {
    "name": "anthropology archaeology biology",
    "trans": ["-ology  study of, science of"]
  },
  {
    "name": "carcinoma osteoma hematoma",
    "trans": ["-oma  tumor, swelling"]
  },
  {
    "name": "synonym antonym homonym",
    "trans": ["-onym  name, word"]
  },
  {
    "name": "myopia nyctalopia hyperopia",
    "trans": ["-opia  eye defect"]
  },
  {
    "name": "biopsy autopsy necropsy",
    "trans": ["-opsy  examination"]
  },
  {
    "name": "inventor legislator translator",
    "trans": ["-or  a person who"]
  },
  {
    "name": "armory dormitory laboratory",
    "trans": ["-ory  relating to"]
  },
  {
    "name": "diagnosis prognosis neurosis psychosis",
    "trans": ["-osis  process, diseased condition"]
  },
  {
    "name": "colostomy lobotomy craniotomy",
    "trans": ["-ostomy/otomy  surgical"]
  },
  {
    "name": "hazardous humorous wondrous",
    "trans": ["-ous  full of"]
  },
  {
    "name": "homeopath naturopath psychopath",
    "trans": ["-path  one who engages in"]
  },
  {
    "name": "sympathy apathy neuropathy",
    "trans": ["-pathy  feeling, diseased"]
  },
  {
    "name": "bibliophile audiophile pyrophile",
    "trans": ["-phile  one who loves"]
  },
  {
    "name": "acrophobia claustrophobia xenophobia",
    "trans": ["-phobia  abnormal fear of"]
  },
  {
    "name": "homophone telephone microphone",
    "trans": ["-phone  sound"]
  },
  {
    "name": "zoophyte cryptophyte epiphyte",
    "trans": ["-phyte  plant, to grow"]
  },
  {
    "name": "paraplegia quadriplegia hemiplegia",
    "trans": ["-plegia  paralysis"]
  },
  {
    "name": "paraplegic technoplegic quadriplegic",
    "trans": ["-plegic  one who is paralyzed"]
  },
  {
    "name": "apnea hyperpnea orthopnea",
    "trans": ["-pnea  air, spirit"]
  },
  {
    "name": "arthroscopy gastroscopy microscope",
    "trans": ["-scopy/scope  visual exam"]
  },
  {
    "name": "transcript describe manuscript",
    "trans": ["-scribe/script  to write"]
  },
  {
    "name": "dissect insect bisect",
    "trans": ["-sect  to cut"]
  },
  {
    "name": "authorship citizenship friendship",
    "trans": ["-ship  state or condition of, skill of"]
  },
  {
    "name": "confusion depression tension",
    "trans": ["-sion  state or quality"]
  },
  {
    "name": "cumbersome quarrelsome foursome",
    "trans": ["-some  characterized by, group of"]
  },
  {
    "name": "philosophy theosophy anthroposophic",
    "trans": ["-sophy/sophic  wisdom, knowledge"]
  },
  {
    "name": "depth length strength",
    "trans": ["-th  state or quality"]
  },
  {
    "name": "attention caution fascination",
    "trans": ["-tion  state or quality"]
  },
  {
    "name": "hysterectomy epitome tonsillotome",
    "trans": ["-tome/tomy  to cut"]
  },
  {
    "name": "atrophy hypertrophy dystrophy",
    "trans": ["-trophy  nourishment, growth"]
  },
  {
    "name": "fortitude gratitude magnitude",
    "trans": ["-tude  state, condition or quality"]
  },
  {
    "name": "ability honesty loyalty",
    "trans": ["-ty  state, condition or quality"]
  },
  {
    "name": "cellular circular muscular",
    "trans": ["-ular  relating to or resembling"]
  },
  {
    "name": "arduous tumultuous virtuous",
    "trans": ["-uous  state or quality of"]
  },
  {
    "name": "closure erasure failure",
    "trans": ["-ure  action, condition"]
  },
  {
    "name": "backward eastward homeward",
    "trans": ["-ward  specifies direction"]
  },
  {
    "name": "hardware software kitchenware",
    "trans": ["-ware  things of the same type or material"]
  },
  {
    "name": "clockwise lengthwise otherwise",
    "trans": ["-wise  in what manner or direction"]
  },
  {
    "name": "brainy fruity gooey",
    "trans": ["-y  made up of, characterized"]
  }
]