[
    {
        "name": "not",
        "trans": [
            "Not means the opposite or the absence of a particular thing or action."
        ],
        "usphone": "nɑt",
        "ukphone": "nɒt"
    },
    {
        "name": "also",
        "trans": [
            "Also means in addition to something or too."
        ],
        "usphone": "'ɔlso",
        "ukphone": "'ɔːlsəʊ"
    },
    {
        "name": "very",
        "trans": [
            "Very means to a great extent or degree."
        ],
        "usphone": "ˈvɛrɪ",
        "ukphone": "'verɪ"
    },
    {
        "name": "often",
        "trans": [
            "Often means many times or frequently."
        ],
        "usphone": "ˈɔ:fn; ɔfən",
        "ukphone": "'ɒf(tə)n"
    },
    {
        "name": "however",
        "trans": [
            "However means on the other hand or nevertheless."
        ],
        "usphone": "haʊ'ɛvɚ",
        "ukphone": "haʊ'evə"
    },
    {
        "name": "too",
        "trans": [
            "Too means also or in addition, and can also indicate an excess or degree of something."
        ],
        "usphone": "tu",
        "ukphone": "tuː"
    },
    {
        "name": "usually",
        "trans": [
            "Usually means normally or typically."
        ],
        "usphone": "juʒəlɪ",
        "ukphone": "ˈjuːʒʊəlɪ"
    },
    {
        "name": "really",
        "trans": [
            "Really means truly or genuinely."
        ],
        "usphone": "ˈriəˌli, ˈrili",
        "ukphone": "'rɪəlɪ"
    },
    {
        "name": "early",
        "trans": [
            "Early means before the usual or expected time."
        ],
        "usphone": "'ɝli",
        "ukphone": "'ɜːlɪ"
    },
    {
        "name": "never",
        "trans": [
            "Never means not at any time or not once."
        ],
        "usphone": "'nɛvɚ",
        "ukphone": "'nevə"
    },
    {
        "name": "always",
        "trans": [
            "Always means at all times or on every occasion."
        ],
        "usphone": "'ɔlwez",
        "ukphone": "ˈɔ:lweɪz"
    },
    {
        "name": "sometimes",
        "trans": [
            "Sometimes means occasionally or from time to time."
        ],
        "usphone": "'sʌmtaɪmz",
        "ukphone": "'sʌmtaɪmz"
    },
    {
        "name": "together",
        "trans": [
            "Together means in a group or in a cooperative manner."
        ],
        "usphone": "tə'ɡɛðɚ",
        "ukphone": "tə'geðə"
    },
    {
        "name": "likely",
        "trans": [
            "Likely means probably or with a high probability."
        ],
        "usphone": "'laɪkli",
        "ukphone": "'laɪklɪ"
    },
    {
        "name": "simply",
        "trans": [
            "Simply means in a plain or straightforward manner."
        ],
        "usphone": "'sɪmpli",
        "ukphone": "'sɪmplɪ"
    },
    {
        "name": "generally",
        "trans": [
            "Generally means usually or commonly."
        ],
        "usphone": "'dʒɛnrəli",
        "ukphone": "'dʒen(ə)rəlɪ"
    },
    {
        "name": "instead",
        "trans": [
            "Instead means as an alternative or substitute."
        ],
        "usphone": "ɪn'stɛd",
        "ukphone": "ɪn'sted"
    },
    {
        "name": "actually",
        "trans": [
            "Actually means in reality or in fact."
        ],
        "usphone": "'æktʃuəli",
        "ukphone": "ˈæktʃuəli"
    },
    {
        "name": "again",
        "trans": [
            "Again means once more or another time."
        ],
        "usphone": "əˈɡɛn, əˈɡen",
        "ukphone": "ə'gen; ə'geɪn"
    },
    {
        "name": "rather",
        "trans": [
            "Rather means to a certain extent or degree."
        ],
        "usphone": "'ræðɚ",
        "ukphone": "'rɑːðə"
    },
    {
        "name": "almost",
        "trans": [
            "Almost means nearly or just about."
        ],
        "usphone": "'ɔlmost",
        "ukphone": "'ɔːlməʊst"
    },
    {
        "name": "especially",
        "trans": [
            "Especially means particularly or notably."
        ],
        "usphone": "ɪˈspɛʃlɪ",
        "ukphone": "ɪˈspeʃəlɪ"
    },
    {
        "name": "ever",
        "trans": [
            "Ever means at any time or in the course of one's life."
        ],
        "usphone": "'ɛvɚ",
        "ukphone": "'evə"
    },
    {
        "name": "quickly",
        "trans": [
            "Quickly means in a rapid or speedy manner."
        ],
        "usphone": "'kwɪkli",
        "ukphone": "'kwɪklɪ"
    },
    {
        "name": "probably",
        "trans": [
            "Probably means likely or with a high probability."
        ],
        "usphone": "'prɑbəbli",
        "ukphone": "'prɒbəblɪ"
    },
    {
        "name": "already",
        "trans": [
            "Already means by this time or before the present time."
        ],
        "usphone": "ɔl'rɛdi",
        "ukphone": "ɔːl'redɪ"
    },
    {
        "name": "below",
        "trans": [
            "Below means lower or beneath."
        ],
        "usphone": "bɪ'lo",
        "ukphone": "bɪ'ləʊ"
    },
    {
        "name": "directly",
        "trans": [
            "Directly means immediately or straight."
        ],
        "usphone": "dəˈrektli",
        "ukphone": "dɪ'rektlɪ; daɪ-"
    },
    {
        "name": "therefore",
        "trans": [
            "Therefore means as a result or consequently."
        ],
        "usphone": "'ðɛrfɔr",
        "ukphone": "'ðerfɔːr"
    },
    {
        "name": "else",
        "trans": [
            "Else means otherwise or in addition to."
        ],
        "usphone": "ɛls",
        "ukphone": "els"
    },
    {
        "name": "thus",
        "trans": [
            "Thus means in this way or as a result of this."
        ],
        "usphone": "ðʌs",
        "ukphone": "ðʌs"
    },
    {
        "name": "easily",
        "trans": [
            "Easily means with ease or without difficulty."
        ],
        "usphone": "'izəli",
        "ukphone": "'iːzɪlɪ"
    },
    {
        "name": "eventually",
        "trans": [
            "Eventually means in the end or finally."
        ],
        "usphone": "ɪ'vɛntʃuəli",
        "ukphone": "ɪ'ventʃʊəlɪ"
    },
    {
        "name": "exactly",
        "trans": [
            "Exactly means precisely or accurately."
        ],
        "usphone": "ɪɡ'zæktli",
        "ukphone": "ɪg'zæk(t)lɪ"
    },
    {
        "name": "certainly",
        "trans": [
            "Certainly means without doubt or surely."
        ],
        "usphone": "'sɝtnli",
        "ukphone": "ˈsəːt(ə)nli"
    },
    {
        "name": "normally",
        "trans": [
            "Normally means typically or usually."
        ],
        "usphone": "'nɔrmli",
        "ukphone": "'nɔːrməli"
    },
    {
        "name": "currently",
        "trans": [
            "Currently means at the present time or now."
        ],
        "usphone": "'kɝrəntlɪ",
        "ukphone": "'kʌrəntlɪ"
    },
    {
        "name": "extremely",
        "trans": [
            "Extremely means to a great extent or degree."
        ],
        "usphone": "ɪk'strimli",
        "ukphone": "ɪk'striːmlɪ; ek-"
    },
    {
        "name": "finally",
        "trans": [
            "Finally means at last or in the end."
        ],
        "usphone": "'faɪnlɪ",
        "ukphone": "'faɪnəlɪ"
    },
    {
        "name": "constantly",
        "trans": [
            "Constantly means continuously or always."
        ],
        "usphone": "'kɑnstəntli",
        "ukphone": "'kɒnst(ə)ntlɪ"
    },
    {
        "name": "properly",
        "trans": [
            "Properly means correctly or in the appropriate manner."
        ],
        "usphone": "'prɑpɚli",
        "ukphone": "'prɒp(ə)lɪ"
    },
    {
        "name": "soon",
        "trans": [
            "Soon means in a short time or shortly."
        ],
        "usphone": "sun",
        "ukphone": "suːn"
    },
    {
        "name": "specifically",
        "trans": [
            "Specifically means in a precise or detailed manner."
        ],
        "usphone": "spə'sɪfɪkli",
        "ukphone": "spɪ'sɪfɪkəlɪ"
    },
    {
        "name": "ahead",
        "trans": [
            "Ahead means in front or before."
        ],
        "usphone": "ə'hɛd",
        "ukphone": "ə'hed"
    },
    {
        "name": "daily",
        "trans": [
            "Daily means occurring every day or on a daily basis."
        ],
        "usphone": "'delɪ",
        "ukphone": "'deɪlɪ"
    },
    {
        "name": "highly",
        "trans": [
            "Highly means to a great degree or extent."
        ],
        "usphone": "'haɪli",
        "ukphone": "'haɪlɪ"
    },
    {
        "name": "immediately",
        "trans": [
            "Immediately means instantly or without delay."
        ],
        "usphone": "ɪ'midɪətli",
        "ukphone": "ɪ'miːdɪətlɪ"
    },
    {
        "name": "relatively",
        "trans": [
            "Relatively means comparatively or to a certain extent."
        ],
        "usphone": "'rɛlətɪvli",
        "ukphone": "'relətivli"
    },
    {
        "name": "slowly",
        "trans": [
            "Slowly means at a low speed or pace."
        ],
        "usphone": "'sloli",
        "ukphone": "'sləʊlɪ"
    },
    {
        "name": "fairly",
        "trans": [
            "Fairly means in a just or impartial manner."
        ],
        "usphone": "'fɛrli",
        "ukphone": "'feəlɪ"
    },
    {
        "name": "primarily",
        "trans": [
            "Primarily means mainly or principally."
        ],
        "usphone": "praɪ'mɛrəli",
        "ukphone": "'praɪm(ə)rɪlɪ; praɪ'mer-"
    },
    {
        "name": "completely",
        "trans": [
            "Completely means entirely or fully."
        ],
        "usphone": "kəm'plitli",
        "ukphone": "kəm'pliːtlɪ"
    },
    {
        "name": "ultimately",
        "trans": [
            "Ultimately means finally or in the end."
        ],
        "usphone": "'ʌltɪmətli",
        "ukphone": "'ʌltɪmətlɪ"
    },
    {
        "name": "widely",
        "trans": [
            "Widely means extensively or broadly."
        ],
        "usphone": "'waɪdli",
        "ukphone": "'waɪdlɪ"
    },
    {
        "name": "recently",
        "trans": [
            "Recently means in the recent past or lately."
        ],
        "usphone": "'risntli",
        "ukphone": "'riːsntlɪ"
    },
    {
        "name": "seriously",
        "trans": [
            "Seriously means in a serious manner or with sincerity."
        ],
        "usphone": "'sɪrɪəsli",
        "ukphone": "'sɪərɪəslɪ"
    },
    {
        "name": "frequently",
        "trans": [
            "Frequently means often or repeatedly."
        ],
        "usphone": "'frikwəntli",
        "ukphone": "'friːkw(ə)ntlɪ"
    },
    {
        "name": "fully",
        "trans": [
            "Fully means completely or entirely."
        ],
        "usphone": "'fʊli",
        "ukphone": "'fʊlɪ"
    },
    {
        "name": "mostly",
        "trans": [
            "Mostly means mainly or for the most part."
        ],
        "usphone": "'mostli",
        "ukphone": "'məʊs(t)lɪ"
    },
    {
        "name": "naturally",
        "trans": [
            "Naturally means in a natural way or without any artificial influence."
        ],
        "usphone": "'nætʃrəli",
        "ukphone": "'nætʃrəli"
    },
    {
        "name": "nearly",
        "trans": [
            "Nearly means almost or close to."
        ],
        "usphone": "'nɪrli",
        "ukphone": "'nɪəlɪ"
    },
    {
        "name": "occasionally",
        "trans": [
            "Occasionally means sometimes or from time to time."
        ],
        "usphone": "o'keʒənəli",
        "ukphone": "əˈkeɪʒnəli"
    },
    {
        "name": "carefully",
        "trans": [
            "Carefully means with care or caution."
        ],
        "usphone": "'kɛrfəli",
        "ukphone": "'keəfəlɪ"
    },
    {
        "name": "clearly",
        "trans": [
            "Clearly means in a clear or obvious way."
        ],
        "usphone": "'klɪrli",
        "ukphone": "'klɪəlɪ"
    },
    {
        "name": "essentially",
        "trans": [
            "Essentially means basically or fundamentally."
        ],
        "usphone": "ɪ'sɛnʃəli",
        "ukphone": "ɪ'senʃəli"
    },
    {
        "name": "possibly",
        "trans": [
            "Possibly means maybe or perhaps."
        ],
        "usphone": "'pɑsəbli",
        "ukphone": "'pɒsɪblɪ"
    },
    {
        "name": "slightly",
        "trans": [
            "Slightly means to a small degree or in a minor way."
        ],
        "usphone": "'slaɪtli",
        "ukphone": "'slaɪtlɪ"
    },
    {
        "name": "somewhat",
        "trans": [
            "Somewhat means to some extent or in a moderate way."
        ],
        "usphone": "'sʌmwʌt",
        "ukphone": "'sʌmwʌt"
    },
    {
        "name": "equally",
        "trans": [
            "Equally means to an equal degree or in a balanced way."
        ],
        "usphone": "'ikwəli",
        "ukphone": "'iːkw(ə)lɪ"
    },
    {
        "name": "greatly",
        "trans": [
            "Greatly means to a large extent or significantly."
        ],
        "usphone": "'ɡretli",
        "ukphone": "'greɪtlɪ"
    },
    {
        "name": "necessarily",
        "trans": [
            "Necessarily means inevitably or as a logical consequence."
        ],
        "usphone": ",nɛsə'sɛrəli",
        "ukphone": "'nesəs(ə)rɪlɪ; ,nesə'serɪlɪ"
    },
    {
        "name": "personally",
        "trans": [
            "Personally means in a personal or individual manner."
        ],
        "usphone": "'pə:sənəli",
        "ukphone": "'pɜːs(ə)n(ə)lɪ"
    },
    {
        "name": "rarely",
        "trans": [
            "Rarely means seldom or infrequently."
        ],
        "usphone": "'rɛrli",
        "ukphone": "'reəlɪ"
    },
    {
        "name": "regularly",
        "trans": [
            "Regularly means habitually or on a consistent basis."
        ],
        "usphone": "'reɡjələli",
        "ukphone": "'reɡjələli"
    },
    {
        "name": "similarly",
        "trans": [
            "Similarly means in a similar way or manner."
        ],
        "usphone": "'sɪməlɚli",
        "ukphone": "'sɪmələlɪ"
    },
    {
        "name": "basically",
        "trans": [
            "Basically means fundamentally or essentially."
        ],
        "usphone": "'besɪkli",
        "ukphone": "'beɪsɪk(ə)lɪ"
    },
    {
        "name": "closely",
        "trans": [
            "Closely means intimately or with close attention."
        ],
        "usphone": "'klosli",
        "ukphone": "'kləʊslɪ"
    },
    {
        "name": "effectively",
        "trans": [
            "Effectively means in an effective or successful way."
        ],
        "usphone": "ɪ'fɛktɪvli",
        "ukphone": "ɪ'fektɪvlɪ"
    },
    {
        "name": "initially",
        "trans": [
            "Initially means at first or initially."
        ],
        "usphone": "ɪ'nɪʃəli",
        "ukphone": "ɪ'nɪʃ(ə)lɪ"
    },
    {
        "name": "literally",
        "trans": [
            "Literally means actually or in a literal sense."
        ],
        "usphone": "'lɪtərəli",
        "ukphone": "'lɪt(ə)rəlɪ"
    },
    {
        "name": "mainly",
        "trans": [
            "Mainly means primarily or chiefly."
        ],
        "usphone": "'menli",
        "ukphone": "'meɪnlɪ"
    },
    {
        "name": "merely",
        "trans": [
            "Merely means only or just."
        ],
        "usphone": "'mɪrli",
        "ukphone": "'mɪəlɪ"
    },
    {
        "name": "gently",
        "trans": [
            "Gently means in a gentle or mild way."
        ],
        "usphone": "'dʒɛntli",
        "ukphone": "'dʒentlɪ"
    },
    {
        "name": "hopefully",
        "trans": [
            "Hopefully means with hope or optimism."
        ]
    },
    {
        "name": "originally",
        "trans": [
            "Originally means initially or from the beginning."
        ],
        "usphone": "ə'rɪdʒənəli",
        "ukphone": "ə'rɪdʒɪn(ə)lɪ"
    },
    {
        "name": "roughly",
        "trans": [
            "Roughly means approximately or roughly."
        ],
        "usphone": "'rʌfli",
        "ukphone": "'rʌflɪ"
    },
    {
        "name": "significantly",
        "trans": [
            "Significantly means in a significant or important way."
        ],
        "usphone": "sɪg'nɪfɪkəntli",
        "ukphone": "sɪg'nɪfɪk(ə)ntlɪ"
    },
    {
        "name": "totally",
        "trans": [
            "Totally means completely or entirely."
        ],
        "usphone": "'totəli",
        "ukphone": "'təʊtəlɪ"
    },
    {
        "name": "twice",
        "trans": [
            "Twice means two times or twice as much."
        ],
        "usphone": "twaɪs",
        "ukphone": "twaɪs"
    },
    {
        "name": "elsewhere",
        "trans": [
            "Elsewhere means in another place or elsewhere."
        ],
        "usphone": ",els'hwεə",
        "ukphone": "els'weə; 'elsweə"
    },
    {
        "name": "everywhere",
        "trans": [
            "Everywhere means in all places or everywhere."
        ],
        "usphone": "'ɛvrɪwɛr",
        "ukphone": "'evrɪweə"
    },
    {
        "name": "obviously",
        "trans": [
            "Obviously means clearly or obviously."
        ],
        "usphone": "'ɑbvɪəsli",
        "ukphone": "'ɒbvɪəslɪ"
    },
    {
        "name": "perfectly",
        "trans": [
            "Perfectly means in a perfect or flawless way."
        ],
        "usphone": "'pɝfɪktli",
        "ukphone": "'pɜːfɪk(t)lɪ"
    },
    {
        "name": "physically",
        "trans": [
            "Physically means in a physical or bodily way."
        ],
        "usphone": "'fɪzɪkli",
        "ukphone": "'fɪzɪkəllɪ"
    },
    {
        "name": "successfully",
        "trans": [
            "Successfully means in a successful or effective way."
        ]
    },
    {
        "name": "suddenly",
        "trans": [
            "Suddenly means suddenly or abruptly."
        ],
        "usphone": "'sʌdnlɪ",
        "ukphone": "ˈsʌdnlɪ"
    },
    {
        "name": "truly",
        "trans": [
            "Truly means truly or sincerely."
        ],
        "usphone": "ˈtruːli",
        "ukphone": "'truːlɪ"
    },
    {
        "name": "virtually",
        "trans": [
            "Virtually means almost or nearly."
        ],
        "usphone": "ˈvɜrtʃuəli",
        "ukphone": "ˈvəːtʃʊəli"
    },
    {
        "name": "altogether",
        "trans": [
            "Altogether means completely or entirely."
        ],
        "usphone": ",ɔltə'ɡɛðɚ",
        "ukphone": "ɔːltə'geðə; ɒl-"
    },
    {
        "name": "anyway",
        "trans": [
            "Anyway means regardless or in any case."
        ],
        "usphone": "'ɛnɪ'we",
        "ukphone": "'enɪweɪ"
    },
    {
        "name": "automatically",
        "trans": [
            "Automatically means in a way that is done without conscious thought or effort."
        ],
        "usphone": ",ɔ:tə'mætikəli",
        "ukphone": "ɔːtə'mætɪklɪ"
    },
    {
        "name": "deeply",
        "trans": [
            "Deeply means to an intense or extreme degree."
        ],
        "usphone": "'diplɪ",
        "ukphone": "'diːplɪ"
    },
    {
        "name": "definitely",
        "trans": [
            "Definitely means without doubt, for sure."
        ],
        "usphone": "'dɛfɪnətli",
        "ukphone": "'defɪnɪtlɪ"
    },
    {
        "name": "deliberately",
        "trans": [
            "Deliberately means done consciously and intentionally."
        ]
    },
    {
        "name": "hardly",
        "trans": [
            "Hardly means barely or almost not at all."
        ],
        "usphone": "'hɑrdli",
        "ukphone": "'hɑːdlɪ"
    },
    {
        "name": "readily",
        "trans": [
            "Readily means easily and without hesitation."
        ],
        "usphone": "'rɛdɪli",
        "ukphone": "'redɪli"
    },
    {
        "name": "terribly",
        "trans": [
            "Terribly means in a very bad or serious way."
        ],
        "usphone": "'tɛrəbli",
        "ukphone": "'terəbli"
    },
    {
        "name": "unfortunately",
        "trans": [
            "Unfortunately means regrettably or sadly."
        ],
        "usphone": "ʌn'fɔrtʃənətli",
        "ukphone": "ʌnˈfɔːtʃənətli"
    },
    {
        "name": "forth",
        "trans": [
            "Forth means forward in time or place."
        ],
        "usphone": "fɔrθ",
        "ukphone": "fɔːθ"
    },
    {
        "name": "briefly",
        "trans": [
            "Briefly means for a short period of time."
        ],
        "usphone": "'brifli",
        "ukphone": "'briːflɪ"
    },
    {
        "name": "moreover",
        "trans": [
            "Moreover means in addition to what has been said."
        ],
        "usphone": "mɔr'ovɚ",
        "ukphone": "mɔːr'əʊvə"
    },
    {
        "name": "strongly",
        "trans": [
            "Strongly means with great force or intensity."
        ],
        "usphone": "'strɔŋli",
        "ukphone": "'strɒŋlɪ"
    },
    {
        "name": "honestly",
        "trans": [
            "Honestly means in an honest or truthful manner."
        ],
        "usphone": "'ɑnɪstli",
        "ukphone": "'ɒnɪstlɪ"
    },
    {
        "name": "previously",
        "trans": [
            "Previously means at an earlier time or before."
        ],
        "usphone": "'priviəsli",
        "ukphone": "'pri:vɪəslɪ"
    },
    {
        "name": "as",
        "trans": [
            "As means to the same degree or in the same way."
        ],
        "usphone": "æz; əz",
        "ukphone": "æz; əz"
    },
    {
        "name": "there",
        "trans": [
            "There means in or at that place or position."
        ],
        "usphone": "ðɛr",
        "ukphone": "ðeə; ðə"
    },
    {
        "name": "when",
        "trans": [
            "When means at what time or during what period."
        ],
        "usphone": "hwen; hwɛn",
        "ukphone": "wen"
    },
    {
        "name": "how",
        "trans": [
            "How means in what way or by what means."
        ],
        "usphone": "haʊ",
        "ukphone": "haʊ"
    },
    {
        "name": "so",
        "trans": [
            "So means in such a way or to such an extent."
        ],
        "usphone": "so",
        "ukphone": "səʊ"
    },
    {
        "name": "up",
        "trans": [
            "Up means towards a higher place or position."
        ],
        "usphone": "ʌp",
        "ukphone": "ʌp"
    },
    {
        "name": "out",
        "trans": [
            "Out means away from the inside or center."
        ],
        "usphone": "aʊt",
        "ukphone": "aʊt"
    },
    {
        "name": "no",
        "trans": [
            "No means not at all or not by any means."
        ],
        "usphone": "no",
        "ukphone": "nəʊ"
    },
    {
        "name": "only",
        "trans": [
            "Only means and no one or nothing more besides."
        ],
        "usphone": "onlɪ",
        "ukphone": "'əʊnlɪ"
    },
    {
        "name": "well",
        "trans": [
            "Well means in a good or satisfactory way."
        ],
        "usphone": "wɛl",
        "ukphone": "wel"
    },
    {
        "name": "then",
        "trans": [
            "Then means at that time or subsequently."
        ],
        "usphone": "ðɛn",
        "ukphone": "ðen"
    },
    {
        "name": "first",
        "trans": [
            "First means before anything else in order or time."
        ],
        "usphone": "fɝst",
        "ukphone": "fɜːst"
    },
    {
        "name": "where",
        "trans": [
            "Where means in or at what place or location."
        ],
        "usphone": "hweə(r); hwɛr",
        "ukphone": "weə"
    },
    {
        "name": "why",
        "trans": [
            "Why means for what reason or purpose."
        ],
        "usphone": "hwaɪ",
        "ukphone": "waɪ"
    },
    {
        "name": "now",
        "trans": [
            "Now means at the present time or moment."
        ],
        "usphone": "naʊ",
        "ukphone": "naʊ"
    },
    {
        "name": "around",
        "trans": [
            "Around means in a circular direction or surrounding."
        ],
        "usphone": "ə'raʊnd",
        "ukphone": "ə'raʊnd"
    },
    {
        "name": "once",
        "trans": [
            "Once means on one occasion or at one time."
        ],
        "usphone": "wʌns",
        "ukphone": "wʌns"
    },
    {
        "name": "down",
        "trans": [
            "Down means towards or in a lower place or position."
        ],
        "usphone": "daʊn",
        "ukphone": "daʊn"
    },
    {
        "name": "off",
        "trans": [
            "Off means away from a place or position."
        ],
        "usphone": "ɔf",
        "ukphone": "ɒf"
    },
    {
        "name": "here",
        "trans": [
            "Here means in or at this place or location."
        ],
        "usphone": "hɪr",
        "ukphone": "hɪə"
    },
    {
        "name": "tonight",
        "trans": [
            "Tonight means on the present or coming evening."
        ],
        "usphone": "tə'naɪt",
        "ukphone": "tə'naɪt"
    },
    {
        "name": "away",
        "trans": [
            "Away means at a distance from a particular place or person."
        ],
        "usphone": "əˈwe",
        "ukphone": "ə'weɪ"
    },
    {
        "name": "today",
        "trans": [
            "Today means on the present or current day."
        ],
        "usphone": "tə'de",
        "ukphone": "tə'deɪ"
    },
    {
        "name": "far",
        "trans": [
            "Far means at, to, or by a great distance."
        ],
        "usphone": "fɑr",
        "ukphone": "fɑː"
    },
    {
        "name": "quite",
        "trans": [
            "Quite means to a considerable extent or degree."
        ],
        "usphone": "kwaɪt",
        "ukphone": "kwaɪt"
    },
    {
        "name": "later",
        "trans": [
            "Later means at a time in the future or subsequently."
        ],
        "usphone": "'letɚ",
        "ukphone": "'leɪtə"
    },
    {
        "name": "above",
        "trans": [
            "Above means at a higher level or position."
        ],
        "usphone": "ə'bʌv",
        "ukphone": "ə'bʌv"
    },
    {
        "name": "yet",
        "trans": [
            "Yet means up until the present or a specified time."
        ],
        "usphone": "jɛt",
        "ukphone": "jet"
    },
    {
        "name": "maybe",
        "trans": [
            "Maybe means perhaps or possibly."
        ],
        "usphone": "'mebi",
        "ukphone": "'meɪbiː; -bɪ"
    },
    {
        "name": "otherwise",
        "trans": [
            "Otherwise means in a different way or under different circumstances."
        ],
        "usphone": "'ʌðɚwaɪz",
        "ukphone": "'ʌðərwaɪz"
    },
    {
        "name": "near",
        "trans": [
            "Near means close to or not far away from."
        ],
        "usphone": "nɪr",
        "ukphone": "nɪə"
    },
    {
        "name": "forward",
        "trans": [
            "Forward means towards a destination or goal."
        ],
        "usphone": "'fɔrwɚd",
        "ukphone": "'fɔːwəd"
    },
    {
        "name": "somewhere",
        "trans": [
            "Somewhere means in or to a place not specified or known."
        ],
        "usphone": "'sʌmwɛr",
        "ukphone": "'sʌmweə"
    },
    {
        "name": "anywhere",
        "trans": [
            "Anywhere means in, at, or to any place."
        ],
        "usphone": "'ɛnɪwɛr",
        "ukphone": "'enɪweə"
    },
    {
        "name": "please",
        "trans": [
            "Please means as a polite expression of request or agreement."
        ],
        "usphone": "pliz",
        "ukphone": "pliːz"
    },
    {
        "name": "forever",
        "trans": [
            "Forever means for all future time; for always."
        ],
        "usphone": "fɚ'ɛvɚ",
        "ukphone": "fə'revə"
    },
    {
        "name": "somehow",
        "trans": [
            "In a way that is not known or specified."
        ],
        "usphone": "'sʌmhaʊ",
        "ukphone": "'sʌmhaʊ"
    },
    {
        "name": "absolutely",
        "trans": [
            "Completely or totally."
        ],
        "usphone": "'æbsəlutli",
        "ukphone": "'æbsəluːtlɪ"
    },
    {
        "name": "abroad",
        "trans": [
            "In or to a foreign country or countries."
        ],
        "usphone": "ə'brɔd",
        "ukphone": "ə'brɔːd"
    },
    {
        "name": "yeah",
        "trans": [
            "Yes or sure."
        ],
        "usphone": "jɛə",
        "ukphone": "jeə; je"
    },
    {
        "name": "nowhere",
        "trans": [
            "Not in or to any place."
        ],
        "usphone": "'no'wɛr",
        "ukphone": "'nəʊhweə"
    },
    {
        "name": "tomorrow",
        "trans": [
            "On or for the day after today."
        ],
        "usphone": "tə'mɔro",
        "ukphone": "tə'mɒrəʊ"
    },
    {
        "name": "yesterday",
        "trans": [
            "On or for the day before today."
        ],
        "usphone": "ˈjɛstɚdɪ;-de",
        "ukphone": "ˈjestədɪ;-deɪ"
    },
    {
        "name": "the",
        "trans": [
            "Used to indicate a particular thing already mentioned or known."
        ],
        "usphone": "ðə; ði",
        "ukphone": "ðə;ði:"
    },
    {
        "name": "to",
        "trans": [
            "Expressing motion in the direction of (a particular location)."
        ],
        "usphone": "tə;tu;tuː",
        "ukphone": "tə;tu;tuː"
    },
    {
        "name": "in",
        "trans": [
            "Expressing the location of someone or something inside a place or thing."
        ],
        "usphone": "ɪn",
        "ukphone": "ɪn"
    },
    {
        "name": "on",
        "trans": [
            "Expressing the location of something at the surface of a thing."
        ],
        "usphone": "ɑn",
        "ukphone": "ɒn"
    },
    {
        "name": "by",
        "trans": [
            "Indicating the means of achieving something."
        ],
        "usphone": "baɪ",
        "ukphone": "baɪ"
    },
    {
        "name": "more",
        "trans": [
            "To a greater extent or degree."
        ],
        "usphone": "mɔr",
        "ukphone": "mɔː"
    },
    {
        "name": "about",
        "trans": [
            "On the subject of; concerning."
        ],
        "usphone": "ə'baʊt",
        "ukphone": "ə'baʊt"
    },
    {
        "name": "such",
        "trans": [
            "Of the type previously mentioned or easily identified."
        ],
        "usphone": "sʌtʃ",
        "ukphone": "sʌtʃ"
    },
    {
        "name": "through",
        "trans": [
            "Moving in one side and out of the other side of (an opening, channel, or location)."
        ],
        "usphone": "θru",
        "ukphone": "θruː"
    },
    {
        "name": "new",
        "trans": [
            "Recently made, discovered, or created."
        ],
        "usphone": "nu",
        "ukphone": "njuː"
    },
    {
        "name": "just",
        "trans": [
            "Exactly or very recently."
        ],
        "usphone": "dʒʌst",
        "ukphone": "dʒʌst"
    },
    {
        "name": "any",
        "trans": [
            "Used to refer to one or some of a thing or number of things, no matter how much or how many."
        ],
        "usphone": "'ɛni",
        "ukphone": "'enɪ"
    },
    {
        "name": "each",
        "trans": [
            "Used to refer to every one of two or more people or things."
        ],
        "usphone": "itʃ",
        "ukphone": "iːtʃ"
    },
    {
        "name": "much",
        "trans": [
            "To a great extent or degree."
        ],
        "usphone": "mʌtʃ",
        "ukphone": "mʌtʃ"
    },
    {
        "name": "before",
        "trans": [
            "During the period of time preceding (a particular event or time)."
        ],
        "usphone": "bɪ'fɔr",
        "ukphone": "bɪ'fɔː"
    },
    {
        "name": "between",
        "trans": [
            "At, into, or across the space separating (two objects or regions)."
        ],
        "usphone": "bəˈtwin",
        "ukphone": "bɪ'twiːn"
    },
    {
        "name": "free",
        "trans": [
            "Without cost or payment."
        ],
        "usphone": "fri",
        "ukphone": "friː"
    },
    {
        "name": "right",
        "trans": [
            "To an exact or precise extent or degree."
        ],
        "usphone": "raɪt",
        "ukphone": "raɪt"
    },
    {
        "name": "best",
        "trans": [
            "Most excellently or effectively."
        ],
        "usphone": "bɛst",
        "ukphone": "best"
    },
    {
        "name": "since",
        "trans": [
            "From a particular time or event in the past until now or a particular time in the past."
        ],
        "usphone": "sɪns",
        "ukphone": "sɪns"
    },
    {
        "name": "both",
        "trans": [
            "Used to refer to two people or things, regarded and identified together."
        ],
        "usphone": "boθ",
        "ukphone": "bəʊθ"
    },
    {
        "name": "sure",
        "trans": [
            "Completely confident or certain about something."
        ],
        "usphone": "ʃʊər; ʃʊr",
        "ukphone": "ʃɔ:(r)"
    },
    {
        "name": "without",
        "trans": [
            "Not having or using."
        ],
        "usphone": "wɪðˈaʊt",
        "ukphone": "wɪˈðaʊt"
    },
    {
        "name": "back",
        "trans": [
            "In or into a previous position or state."
        ],
        "usphone": "bæk",
        "ukphone": "bæk"
    },
    {
        "name": "better",
        "trans": [
            "To a greater extent or degree."
        ],
        "usphone": "'bɛtɚ",
        "ukphone": "'betə"
    },
    {
        "name": "enough",
        "trans": [
            "As much or as many as required."
        ],
        "usphone": "ɪ'nʌf",
        "ukphone": "ɪ'nʌf"
    },
    {
        "name": "lot",
        "trans": [
            "A large number or amount."
        ],
        "usphone": "lɑt",
        "ukphone": "lɒt"
    },
    {
        "name": "small",
        "trans": [
            "In a way that is limited in size or amount."
        ],
        "usphone": "smɔl",
        "ukphone": "smɔːl"
    },
    {
        "name": "though",
        "trans": [
            "Despite the fact that; although."
        ],
        "usphone": "ðo",
        "ukphone": "ðəʊ"
    },
    {
        "name": "less",
        "trans": [
            "To a smaller extent or degree."
        ],
        "usphone": "lɛs",
        "ukphone": "les"
    },
    {
        "name": "little",
        "trans": [
            "To only a small extent or degree."
        ],
        "usphone": "'lɪtl",
        "ukphone": "'lɪt(ə)l"
    },
    {
        "name": "under",
        "trans": [
            "Extending or directly below something else."
        ],
        "usphone": "'ʌndɚ",
        "ukphone": "'ʌndə"
    },
    {
        "name": "next",
        "trans": [
            "Coming immediately after the present one in sequence or order."
        ],
        "usphone": "nɛkst",
        "ukphone": "nekst"
    },
    {
        "name": "hard",
        "trans": [
            "With a great deal of effort or force."
        ],
        "usphone": "hɑrd",
        "ukphone": "hɑːd"
    },
    {
        "name": "real",
        "trans": [
            "Actually existing or happening as described or perceived."
        ],
        "usphone": "'riəl",
        "ukphone": "riːl"
    },
    {
        "name": "left",
        "trans": [
            "On or to the side of something that is considered the weaker or less important side."
        ],
        "usphone": "lɛft",
        "ukphone": "left"
    },
    {
        "name": "least",
        "trans": [
            "To the smallest extent or degree."
        ],
        "usphone": "list",
        "ukphone": "liːst"
    },
    {
        "name": "short",
        "trans": [
            "In a way that does not take a long time."
        ],
        "usphone": "ʃɔrt",
        "ukphone": "ʃɔːt"
    },
    {
        "name": "last",
        "trans": [
            "On or until the final part of an event or period of time."
        ],
        "usphone": "læst",
        "ukphone": "lɑːst"
    },
    {
        "name": "within",
        "trans": [
            "Inside something; inside a particular area or space."
        ],
        "usphone": "wɪ'ðɪn",
        "ukphone": "wɪð'ɪn"
    },
    {
        "name": "along",
        "trans": [
            "Moving in a constant direction on (a path or route)."
        ],
        "usphone": "ə'lɔŋ",
        "ukphone": "ə'lɒŋ"
    },
    {
        "name": "lower",
        "trans": [
            "At a lower level or rank than something."
        ],
        "usphone": "'loɚ",
        "ukphone": "'louər"
    },
    {
        "name": true,
        "trans": [
            "In accordance with fact or reality."
        ]
    },
    {
        "name": "bad",
        "trans": [
            "Badly is used to describe how something is done, or how someone is feeling, in a negative or unpleasant way."
        ],
        "usphone": "bæd",
        "ukphone": "bæd"
    },
    {
        "name": "across",
        "trans": [
            "Across means from one side of something to the other side."
        ],
        "usphone": "ə'krɔs",
        "ukphone": "ə'krɒs"
    },
    {
        "name": "clear",
        "trans": [
            "Clearly means something is easy to see, hear, or understand."
        ],
        "usphone": "klɪr",
        "ukphone": "klɪə"
    },
    {
        "name": "easy",
        "trans": [
            "Easily means without difficulty or effort."
        ],
        "usphone": "'izi",
        "ukphone": "'iːzɪ"
    },
    {
        "name": "full",
        "trans": [
            "Fully means completely or to the greatest extent possible."
        ],
        "usphone": "fʊl",
        "ukphone": "fʊl"
    },
    {
        "name": "close",
        "trans": [
            "Closely means in a way that is near in space, time, or relationship."
        ],
        "usphone": "kloz",
        "ukphone": "kləʊs"
    },
    {
        "name": "late",
        "trans": [
            "Lately means not on time, or after the expected or usual time."
        ],
        "usphone": "let",
        "ukphone": "leɪt"
    },
    {
        "name": "proper",
        "trans": [
            "Properly means in the right or appropriate way."
        ],
        "usphone": "'prɑpɚ",
        "ukphone": "'prɒpə"
    },
    {
        "name": "fast",
        "trans": [
            "Fast means quickly or at a high speed."
        ],
        "usphone": "fæst",
        "ukphone": "fɑːst"
    },
    {
        "name": "wide",
        "trans": [
            "Widely means over a large area or range."
        ],
        "usphone": "waɪd",
        "ukphone": "waɪd"
    },
    {
        "name": "item",
        "trans": [
            "An item refers to a particular thing or object."
        ],
        "usphone": "'aɪtəm",
        "ukphone": "'aɪtəm"
    },
    {
        "name": "wrong",
        "trans": [
            "Wrongly means in a way that is not correct or accurate."
        ],
        "usphone": "rɔŋ",
        "ukphone": "rɒŋ"
    },
    {
        "name": "ago",
        "trans": [
            "Ago means in the past or before the present time."
        ],
        "usphone": "ə'ɡo",
        "ukphone": "ə'gəʊ"
    },
    {
        "name": "behind",
        "trans": [
            "Behind means at the back of or in the rear of something."
        ],
        "usphone": "bɪ'haɪnd",
        "ukphone": "bɪ'haɪnd"
    },
    {
        "name": "quick",
        "trans": [
            "Quickly means in a short amount of time or without delay."
        ],
        "usphone": "kwɪk",
        "ukphone": "kwɪk"
    },
    {
        "name": "straight",
        "trans": [
            "Straight means without bending or curving, or in a direct and honest way."
        ],
        "usphone": "stret",
        "ukphone": "streɪt"
    },
    {
        "name": "direct",
        "trans": [
            "Directly means in a straight line or without intervening factors."
        ],
        "usphone": "dəˈrekt; daɪˈrekt",
        "ukphone": "dɪˈrekt ; daɪ-"
    },
    {
        "name": "extra",
        "trans": [
            "Extra means in addition to what is usual or expected."
        ],
        "usphone": "'ɛkstrə",
        "ukphone": "'ekstrə"
    },
    {
        "name": "morning",
        "trans": [
            "In the morning means during the early part of the day, from sunrise until noon."
        ],
        "usphone": "'mɔrnɪŋ",
        "ukphone": "'mɔːnɪŋ"
    },
    {
        "name": "pretty",
        "trans": [
            "Pretty means attractive or pleasing to look at."
        ],
        "usphone": "ˈprɪtɪ",
        "ukphone": "'prɪtɪ"
    },
    {
        "name": "overall",
        "trans": [
            "Overall means taking everything into account or in general."
        ],
        "usphone": ",ovə'rɔl",
        "ukphone": "'əʊvərɔːl"
    },
    {
        "name": "alone",
        "trans": [
            "Alone means without anyone else or being solitary."
        ],
        "usphone": "ə'lon",
        "ukphone": "ə'ləʊn"
    },
    {
        "name": "bright",
        "trans": [
            "Brightly means giving out a lot of light or shining strongly."
        ],
        "usphone": "braɪt",
        "ukphone": "braɪt"
    },
    {
        "name": "flat",
        "trans": [
            "Flatly means without any emotion or enthusiasm."
        ],
        "usphone": "flæt",
        "ukphone": "flæt"
    },
    {
        "name": "whatever",
        "trans": [
            "Whatever means anything or everything that."
        ],
        "usphone": "wət'ɛvɚ",
        "ukphone": "wɒt'evə"
    },
    {
        "name": "slow",
        "trans": [
            "Slowly means at a low speed or taking a long time."
        ],
        "usphone": "sloʊ",
        "ukphone": "sləʊ"
    },
    {
        "name": "clean",
        "trans": [
            "Cleanly means in a way that is free from dirt, marks, or unwanted substances."
        ],
        "usphone": "klin",
        "ukphone": "kliːn"
    },
    {
        "name": "fresh",
        "trans": [
            "Freshly means recently or newly."
        ],
        "usphone": "frɛʃ",
        "ukphone": "freʃ"
    },
    {
        "name": "whenever",
        "trans": [
            "Whenever means at any time or every time that."
        ],
        "usphone": "wɛn'ɛvɚ",
        "ukphone": "wen'evə"
    },
    {
        "name": "cheap",
        "trans": [
            "Cheaply means at a low cost or price."
        ],
        "usphone": "tʃip",
        "ukphone": "tʃiːp"
    },
    {
        "name": "thin",
        "trans": [
            "Thinly means in a way that is not thick or with very little substance."
        ],
        "usphone": "θɪn",
        "ukphone": "θɪn"
    },
    {
        "name": "cool",
        "trans": [
            "Coolly means in a calm and composed way or without showing much emotion."
        ],
        "usphone": "kul",
        "ukphone": "kuːl"
    },
    {
        "name": "fair",
        "trans": [
            "Fairly means in a way that is just, reasonable, or without bias."
        ],
        "usphone": "fɛr",
        "ukphone": "feə"
    },
    {
        "name": "fine",
        "trans": [
            "Finely means in a way that is delicate, subtle, or precise."
        ],
        "usphone": "faɪn",
        "ukphone": "faɪn"
    },
    {
        "name": "smooth",
        "trans": [
            "Smoothly means in a way that is without any roughness, bumps, or irregularities."
        ],
        "usphone": "smʊð",
        "ukphone": "smuːð"
    },
    {
        "name": false,
        "trans": [
            "Falsely means in a way that is not true or accurate."
        ]
    },
    {
        "name": "thick",
        "trans": [
            "Thickly means in a way that is not thin or with a lot of substance."
        ],
        "usphone": "θɪk",
        "ukphone": "θɪk"
    },
    {
        "name": "collect",
        "trans": [
            "Collectively means as a group or as a whole."
        ],
        "usphone": "kə'lɛkt",
        "ukphone": "kə'lekt"
    },
    {
        "name": "nearby",
        "trans": [
            "Nearby means in the vicinity or close to a particular place."
        ],
        "usphone": ",nɪr'baɪ",
        "ukphone": "'nɪəbaɪ"
    },
    {
        "name": "wild",
        "trans": [
            "Wildly means in a way that is uncontrolled or with great enthusiasm."
        ],
        "usphone": "waɪld",
        "ukphone": "waɪld"
    },
    {
        "name": "apart",
        "trans": [
            "Apart means separated by a distance or interval."
        ],
        "usphone": "ə'pɑrt",
        "ukphone": "ə'pɑːt"
    },
    {
        "name": "none",
        "trans": [
            "None means not any or not one."
        ],
        "usphone": "nʌn",
        "ukphone": "nʌn"
    },
    {
        "name": "strange",
        "trans": [
            "Strangely means in a way that is unusual, surprising, or difficult to understand."
        ],
        "usphone": "strendʒ",
        "ukphone": "streɪndʒ"
    },
    {
        "name": "tourist",
        "trans": [
            "Touristically means in a way that is related to tourism or the tourist industry."
        ],
        "usphone": "'tʊrɪst",
        "ukphone": "'tʊərɪst"
    },
    {
        "name": "aside",
        "trans": [
            "Aside means to one side or out of the way."
        ],
        "usphone": "ə'saɪd",
        "ukphone": "ə'saɪd"
    },
    {
        "name": "loud",
        "trans": [
            "Loudly means with a high volume or in a way that can be easily heard."
        ],
        "usphone": "laʊd",
        "ukphone": "laʊd"
    },
    {
        "name": "super",
        "trans": [
            "Super means to an extremely high degree or level."
        ],
        "usphone": "'sʊpɚ",
        "ukphone": "'suːpə; 'sjuː-"
    },
    {
        "name": "tight",
        "trans": [
            "Tightly means in a way that is firmly or closely fixed in place."
        ],
        "usphone": "taɪt",
        "ukphone": "taɪt"
    },
    {
        "name": "gross",
        "trans": [
            "Grossly means in a way that is extremely unpleasant or offensive."
        ],
        "usphone": "ɡros",
        "ukphone": "grous"
    },
    {
        "name": "ill",
        "trans": [
            "Ill means in a way that is not healthy or suffering from a disease or illness."
        ],
        "usphone": "ɪl",
        "ukphone": "ɪl"
    },
    {
        "name": "downtown",
        "trans": [
            "Downtown means in or towards the central part of a city or town."
        ],
        "usphone": "'daʊn'taʊn",
        "ukphone": "ˌdaun'taun"
    },
    {
        "name": "honest",
        "trans": [
            "Honestly means in a way that is truthful or sincere."
        ],
        "usphone": "'ɑnɪst",
        "ukphone": "'ɒnɪst"
    },
    {
        "name": "ok",
        "trans": [
            "Okay means in a way that is acceptable or satisfactory."
        ]
    },
    {
        "name": "pray",
        "trans": [
            "Pray means in a way that is related to religious worship or asking for help from a higher power."
        ],
        "usphone": "pre",
        "ukphone": "preɪ"
    },
    {
        "name": "weekly",
        "trans": [
            "Weekly means happening or done once a week."
        ],
        "usphone": "'wikli",
        "ukphone": "'wiːklɪ"
    }
]