[
    {
        "name": "of",
        "trans": [
            "indicating the relationship between a part and a whole."
        ],
        "usphone": "ʌv; əv",
        "ukphone": "ɒv; (ə)v"
    },
    {
        "name": "with",
        "trans": [
            "indicating the accompanying presence of someone or something."
        ],
        "usphone": "wɪð; wɪθ",
        "ukphone": "wɪð"
    },
    {
        "name": "at",
        "trans": [
            "indicating the location or time of an event."
        ],
        "usphone": "æt; ət",
        "ukphone": "æt; ət"
    },
    {
        "name": "from",
        "trans": [
            "indicating the source or origin of something."
        ],
        "usphone": "frʌm",
        "ukphone": "frɒm; frəm"
    },
    {
        "name": "into",
        "trans": [
            "indicating movement from the outside to the inside of something."
        ],
        "usphone": "ˈɪntu",
        "ukphone": "'ɪntʊ; 'ɪntə"
    },
    {
        "name": "during",
        "trans": [
            "indicating a period of time when an event is taking place."
        ],
        "usphone": "'dʊrɪŋ",
        "ukphone": "'djʊərɪŋ"
    },
    {
        "name": "including",
        "trans": [
            "indicating the presence of someone or something as part of a larger group."
        ],
        "usphone": "ɪn'klʊdɪŋ",
        "ukphone": "ɪn'kluːdɪŋ"
    },
    {
        "name": "until",
        "trans": [
            "indicating the end of a period of time."
        ],
        "usphone": "ən'tɪl",
        "ukphone": "ən'tɪl"
    },
    {
        "name": "against",
        "trans": [
            "indicating physical contact with someone or something."
        ],
        "usphone": "əˈɡɛnst;əˈɡenst",
        "ukphone": "ə'genst; ə'geɪnst"
    },
    {
        "name": "among",
        "trans": [
            "indicating being a member of a group or in the midst of something."
        ],
        "usphone": "ə'mʌŋ",
        "ukphone": "ə'mʌŋ"
    },
    {
        "name": "throughout",
        "trans": [
            "indicating something that occurs or exists in every part of a place or thing."
        ],
        "usphone": "θrʊ'aʊt",
        "ukphone": "θruː'aʊt"
    },
    {
        "name": "despite",
        "trans": [
            "indicating something happening despite a circumstance or obstacle."
        ],
        "usphone": "dɪ'spaɪt",
        "ukphone": "dɪ'spaɪt"
    },
    {
        "name": "towards",
        "trans": [
            "indicating movement in the direction of something."
        ],
        "usphone": "tɔrdz",
        "ukphone": "tə'wɔːdz; twɔːdz; 'tɔːdz"
    },
    {
        "name": "upon",
        "trans": [
            "indicating something happening immediately after something else."
        ],
        "usphone": "ə'pɑn",
        "ukphone": "ə'pɒn"
    },
    {
        "name": "concerning",
        "trans": [
            "indicating something that relates to or is about something."
        ],
        "usphone": "kən'sɝnɪŋ",
        "ukphone": "kən'sɜːnɪŋ"
    },
    {
        "name": "to",
        "trans": [
            "indicating the direction or movement towards a place or person."
        ],
        "usphone": "tə;tu;tuː",
        "ukphone": "tə;tu;tuː"
    },
    {
        "name": "in",
        "trans": [
            "indicating being located inside an enclosed space."
        ],
        "usphone": "ɪn",
        "ukphone": "ɪn"
    },
    {
        "name": "for",
        "trans": [
            "indicating the purpose or intended use of something."
        ],
        "usphone": "fɚ; strong form fɔr",
        "ukphone": "fə(r); strong form fɔ:(r)"
    },
    {
        "name": "on",
        "trans": [
            "indicating physical contact with a surface or being positioned on top of something."
        ],
        "usphone": "ɑn",
        "ukphone": "ɒn"
    },
    {
        "name": "by",
        "trans": [
            "indicating the means or method of doing something."
        ],
        "usphone": "baɪ",
        "ukphone": "baɪ"
    },
    {
        "name": "about",
        "trans": [
            "indicating the topic of something."
        ],
        "usphone": "ə'baʊt",
        "ukphone": "ə'baʊt"
    },
    {
        "name": "like",
        "trans": [
            "indicating similarity or resemblance between two things."
        ],
        "usphone": "laɪk",
        "ukphone": "laɪk"
    },
    {
        "name": "through",
        "trans": [
            "indicating movement from one side of something to the other side."
        ],
        "usphone": "θru",
        "ukphone": "θruː"
    },
    {
        "name": "over",
        "trans": [
            "indicating movement from one side to another side of something."
        ],
        "usphone": "'ovɚ",
        "ukphone": "'əʊvə"
    },
    {
        "name": "before",
        "trans": [
            "indicating the time or event occurring earlier than another time or event."
        ],
        "usphone": "bɪ'fɔr",
        "ukphone": "bɪ'fɔː"
    },
    {
        "name": "between",
        "trans": [
            "indicating the relationship of two things or people when they are separated by something else."
        ],
        "usphone": "bəˈtwin",
        "ukphone": "bɪ'twiːn"
    },
    {
        "name": "after",
        "trans": [
            "indicating the time or event occurring later than another time or event."
        ],
        "usphone": "'æftɚ",
        "ukphone": "'ɑːftə"
    },
    {
        "name": "since",
        "trans": [
            "indicating the time period from a past event until now."
        ],
        "usphone": "sɪns",
        "ukphone": "sɪns"
    },
    {
        "name": "without",
        "trans": [
            "indicating the absence or lack of something."
        ],
        "usphone": "wɪðˈaʊt",
        "ukphone": "wɪˈðaʊt"
    },
    {
        "name": "under",
        "trans": [
            "indicating physical contact with the lower surface of something."
        ],
        "usphone": "'ʌndɚ",
        "ukphone": "'ʌndə"
    },
    {
        "name": "within",
        "trans": [
            "indicating being inside or contained within something."
        ],
        "usphone": "wɪ'ðɪn",
        "ukphone": "wɪð'ɪn"
    },
    {
        "name": "along",
        "trans": [
            "indicating movement in the same direction as something else."
        ],
        "usphone": "ə'lɔŋ",
        "ukphone": "ə'lɒŋ"
    },
    {
        "name": "following",
        "trans": [
            "indicating occurring after something else."
        ],
        "usphone": "ˈfɑloʊɪŋ",
        "ukphone": "'fɒləʊɪŋ"
    },
    {
        "name": "across",
        "trans": [
            "indicating movement from one side to the opposite side of something."
        ],
        "usphone": "ə'krɔs",
        "ukphone": "ə'krɒs"
    },
    {
        "name": "behind",
        "trans": [
            "indicating being at the back of something or someone."
        ],
        "usphone": "bɪ'haɪnd",
        "ukphone": "bɪ'haɪnd"
    },
    {
        "name": "beyond",
        "trans": [
            "indicating something being at or to the further side of something else."
        ],
        "usphone": "bɪ'jɑnd",
        "ukphone": "bɪ'jɒnd"
    },
    {
        "name": "plus",
        "trans": [
            "indicating addition or inclusion."
        ],
        "usphone": "plʌs",
        "ukphone": "plʌs"
    },
    {
        "name": "except",
        "trans": [
            "indicating exclusion or something that is not included."
        ],
        "usphone": "ɪk'sɛpt",
        "ukphone": "ɪkˈsept"
    },
    {
        "name": "but",
        "trans": [
            "indicating a contrast or something that is not part of something else."
        ],
        "usphone": "bʌt",
        "ukphone": "bʌt; bət"
    },
    {
        "name": "up",
        "trans": [
            "indicating movement in a higher direction."
        ],
        "usphone": "ʌp",
        "ukphone": "ʌp"
    },
    {
        "name": "out",
        "trans": [
            "indicating movement away from the inside of something."
        ],
        "usphone": "aʊt",
        "ukphone": "aʊt"
    },
    {
        "name": "around",
        "trans": [
            "indicating movement in a circular direction or surrounding something."
        ],
        "usphone": "ə'raʊnd",
        "ukphone": "ə'raʊnd"
    },
    {
        "name": "down",
        "trans": [
            "indicating movement in a lower direction."
        ],
        "usphone": "daʊn",
        "ukphone": "daʊn"
    },
    {
        "name": "off",
        "trans": [
            "indicating separation or disconnection."
        ],
        "usphone": "ɔf",
        "ukphone": "ɒf"
    },
    {
        "name": "above",
        "trans": [
            "indicating something being at a higher level or position than something else."
        ],
        "usphone": "ə'bʌv",
        "ukphone": "ə'bʌv"
    },
    {
        "name": "near",
        "trans": [
            "indicating being close or in proximity to something or someone."
        ],
        "usphone": "nɪr",
        "ukphone": "nɪə"
    }
]