[
    {
        "name": "your",
        "trans": [
            "refers to something that belongs to the person being addressed."
        ],
        "usphone": "jʊər; jʊr",
        "ukphone": "jɔ:(r)"
    },
    {
        "name": "I",
        "trans": [
            "refers to the speaker, the person who is speaking or writing."
        ]
    },
    {
        "name": "they",
        "trans": [
            "refers to a group of people or things being discussed or referred to."
        ],
        "usphone": "ðe",
        "ukphone": "ðeɪ"
    },
    {
        "name": "their",
        "trans": [
            "refers to something that belongs to a group of people being discussed or referred to."
        ],
        "usphone": "ðɛr",
        "ukphone": "ðeə"
    },
    {
        "name": "we",
        "trans": [
            "refers to a group of people including the speaker."
        ],
        "usphone": "wi",
        "ukphone": "wiː"
    },
    {
        "name": "who",
        "trans": [
            "used to ask about a person or people being discussed or referred to."
        ],
        "usphone": "hu",
        "ukphone": "huː; hʊ"
    },
    {
        "name": "them",
        "trans": [
            "refers to a group of people or things being discussed or referred to."
        ],
        "usphone": "ðɛm; ðəm",
        "ukphone": "ðem; ðəm"
    },
    {
        "name": "its",
        "trans": [
            "refers to something that belongs to an animal, object, or thing being discussed or referred to."
        ],
        "usphone": "ɪts",
        "ukphone": "ɪts"
    },
    {
        "name": "our",
        "trans": [
            "refers to something that belongs to a group of people including the speaker."
        ],
        "usphone": "aʊr",
        "ukphone": "aʊə"
    },
    {
        "name": "my",
        "trans": [
            "refers to something that belongs to the speaker."
        ],
        "usphone": "maɪ",
        "ukphone": "maɪ"
    },
    {
        "name": "those",
        "trans": [
            "refers to a specific group of things being discussed or referred to that are not nearby."
        ],
        "usphone": "ðoz",
        "ukphone": "ðəʊz"
    },
    {
        "name": "he",
        "trans": [
            "refers to a specific male person being discussed or referred to."
        ],
        "usphone": "hi",
        "ukphone": "hiː"
    },
    {
        "name": "us",
        "trans": [
            "refers to a group of people including the speaker."
        ],
        "usphone": "əs; ʌs",
        "ukphone": "əs; ʌs"
    },
    {
        "name": "her",
        "trans": [
            "refers to a specific female person being discussed or referred to."
        ],
        "usphone": "hɚ",
        "ukphone": "hɜː"
    },
    {
        "name": "something",
        "trans": [
            "refers to a thing or object being discussed or referred to without specifying what it is."
        ],
        "usphone": "'sʌmθɪŋ",
        "ukphone": "'sʌmθɪŋ"
    },
    {
        "name": "me",
        "trans": [
            "refers to the speaker, the person who is speaking or writing."
        ],
        "usphone": "mi",
        "ukphone": "miː"
    },
    {
        "name": "yourself",
        "trans": [
            "refers to the person being addressed, or the reflexive form of you."
        ],
        "usphone": "jɔr'sɛlf",
        "ukphone": "jɔː'self; jʊə-; jə-"
    },
    {
        "name": "someone",
        "trans": [
            "refers to a person who is not known or specified."
        ],
        "usphone": "'sʌmwʌn",
        "ukphone": "'sʌmwʌn"
    },
    {
        "name": "everything",
        "trans": [
            "refers to all things, or the entirety of something."
        ],
        "usphone": "'ɛvrɪ'θɪŋ",
        "ukphone": "'evrɪθɪŋ"
    },
    {
        "name": "itself",
        "trans": [
            "refers to a thing or object being discussed, or the reflexive form of it."
        ],
        "usphone": "ɪt'sɛlf",
        "ukphone": "ɪt'self"
    },
    {
        "name": "everyone",
        "trans": [
            "refers to every person, or all members of a group."
        ],
        "usphone": "'ɛvrɪwʌn",
        "ukphone": "'evrɪwʌn"
    },
    {
        "name": "themselves",
        "trans": [
            "refers to multiple people or things being discussed, or the reflexive form of they."
        ],
        "usphone": "ðɛm'sɛlvz",
        "ukphone": "ð(ə)m'selvz"
    },
    {
        "name": "anyone",
        "trans": [
            "refers to any person, or a person who is not known or specified."
        ],
        "usphone": "'ɛnɪ'wʌn",
        "ukphone": "'enɪwʌn"
    },
    {
        "name": "him",
        "trans": [
            "refers to a male person being discussed or referred to."
        ],
        "usphone": "hɪm",
        "ukphone": "hɪm"
    },
    {
        "name": "whose",
        "trans": [
            "used to ask about or indicate possession."
        ],
        "usphone": "huz",
        "ukphone": "huːz"
    },
    {
        "name": "myself",
        "trans": [
            "refers to the speaker, or the reflexive form of I."
        ],
        "usphone": "maɪ'sɛlf",
        "ukphone": "maɪ'self"
    },
    {
        "name": "everybody",
        "trans": [
            "refers to every person, or all members of a group."
        ],
        "usphone": "'ɛvrɪbɑdi",
        "ukphone": "'evrɪbɒdɪ"
    },
    {
        "name": "ourselves",
        "trans": [
            "refers to the group of people who are speaking, or the reflexive form of we."
        ],
        "usphone": "ɑr'sɛlvz",
        "ukphone": "aʊə'selvz"
    },
    {
        "name": "himself",
        "trans": [
            "refers to a male person being discussed or referred to."
        ],
        "usphone": "hɪm'sɛlf",
        "ukphone": "hɪm'self"
    },
    {
        "name": "somebody",
        "trans": [
            "refers to a person who is not known or specified."
        ],
        "usphone": "'sʌmbədi",
        "ukphone": "'sʌmbədɪ"
    },
    {
        "name": "yours",
        "trans": [
            "refers to something that belongs to the person being addressed."
        ],
        "usphone": "jʊrz",
        "ukphone": "jɔːz; jʊəz"
    },
    {
        "name": "herself",
        "trans": [
            "refers to a female person being discussed or referred to."
        ],
        "usphone": "hɝ'sɛlf",
        "ukphone": "hɜː'self"
    },
    {
        "name": "whoever",
        "trans": [
            "refers to any person who."
        ],
        "usphone": "hʊ'ɛvɚ",
        "ukphone": "huːˈɛvə"
    },
    {
        "name": "you",
        "trans": [
            "refers to the person being addressed."
        ],
        "usphone": "ju",
        "ukphone": "juː"
    },
    {
        "name": "that",
        "trans": [
            "refers to a specific thing or idea being discussed."
        ],
        "usphone": "ðæt",
        "ukphone": "ðæt; ðət"
    },
    {
        "name": "it",
        "trans": [
            "refers to a thing or object being discussed."
        ],
        "usphone": "ɪt",
        "ukphone": "ɪt"
    },
    {
        "name": "this",
        "trans": [
            "refers to a specific thing or idea being discussed."
        ],
        "usphone": "ðɪs",
        "ukphone": "ðɪs"
    },
    {
        "name": "what",
        "trans": [
            "used to ask about something or indicate surprise."
        ],
        "usphone": "hwɒt; hwɑt",
        "ukphone": "wɒt"
    },
    {
        "name": "which",
        "trans": [
            "used to indicate one or more alternatives."
        ],
        "usphone": "wɪtʃ",
        "ukphone": "wɪtʃ"
    },
    {
        "name": "these",
        "trans": [
            "refers to specific things being discussed or referred to."
        ],
        "usphone": "ðiz",
        "ukphone": "ðiːz"
    },
    {
        "name": "his",
        "trans": [
            "refers to something that belongs to a male person being discussed or referred to."
        ],
        "usphone": "hɪz",
        "ukphone": "hɪz"
    },
    {
        "name": "she",
        "trans": [
            "refers to a female person being discussed or referred to."
        ],
        "usphone": "ʃi",
        "ukphone": "ʃiː"
    },
    {
        "name": "lot",
        "trans": [
            "refers to a large number or amount of something."
        ],
        "usphone": "lɑt",
        "ukphone": "lɒt"
    },
    {
        "name": "anything",
        "trans": [
            "refers to any thing, or a thing that is not known or specified."
        ],
        "usphone": "'ɛnɪ'θɪŋ",
        "ukphone": "'enɪθɪŋ"
    },
    {
        "name": "whatever",
        "trans": [
            "refers to any thing or idea, or an unspecified thing or idea."
        ],
        "usphone": "wət'ɛvɚ",
        "ukphone": "wɒt'evə"
    },
    {
        "name": "nobody",
        "trans": [
            "refers to no person, or a person who is not present or specified."
        ],
        "usphone": "'nəubədi, -bɔdi",
        "ukphone": "'nəʊbədɪ"
    },
    {
        "name": "none",
        "trans": [
            "refers to no one or nothing, or an absence of someone or something."
        ],
        "usphone": "nʌn",
        "ukphone": "nʌn"
    },
    {
        "name": "mine",
        "trans": [
            "refers to something that belongs to the speaker."
        ],
        "usphone": "maɪn",
        "ukphone": "maɪn"
    },
    {
        "name": "anybody",
        "trans": [
            "refers to any person, or a person who is not known or specified."
        ],
        "usphone": "'ɛnɪbɑdi",
        "ukphone": "'enɪbɒdɪ"
    },
    {
        "name": "some",
        "trans": [
            "refers to a certain amount or number of something, or an unspecified amount or number."
        ],
        "usphone": "sʌm;səm",
        "ukphone": "sʌm;səm"
    },
    {
        "name": "there",
        "trans": [
            "refers to a place or location being discussed or referred to."
        ],
        "usphone": "ðɛr",
        "ukphone": "ðeə; ðə"
    },
    {
        "name": "all",
        "trans": [
            "refers to everything or everyone being discussed or referred to."
        ],
        "usphone": "ɔl",
        "ukphone": "ɔːl"
    },
    {
        "name": "where",
        "trans": [
            "used to ask about a place or location."
        ],
        "usphone": "hweə(r); hwɛr",
        "ukphone": "weə"
    },
    {
        "name": "another",
        "trans": [
            "refers to an additional person or thing, or a person or thing that is different from one already mentioned."
        ],
        "usphone": "ə'nʌðɚ",
        "ukphone": "ə'nʌðə"
    },
    {
        "name": "same",
        "trans": [
            "refers to something that is identical or similar to something else."
        ],
        "usphone": "sem",
        "ukphone": "seɪm"
    },
    {
        "name": "certain",
        "trans": [
            "refers to a specific thing or idea being discussed, or a thing or idea that is known or definite."
        ],
        "usphone": "'sɝtn",
        "ukphone": "'sɜːt(ə)n; -tɪn"
    },
    {
        "name": "nothing",
        "trans": [
            "refers to no thing or idea, or an absence of something."
        ],
        "usphone": "'nʌθɪŋ",
        "ukphone": "'nʌθɪŋ"
    },
    {
        "name": "self",
        "trans": [
            "refers to the individual person being discussed or referred to."
        ]
    },
    {
        "name": "nowhere",
        "trans": [
            "refers to no place or location, or a place or location that is not known or specified."
        ],
        "usphone": "'no'wɛr",
        "ukphone": "'nəʊhweə"
    }
]