[
    {
        "name": "hello",
        "trans": [
            "你好，喂"
        ],
        "usphone": "helˈō",
        "ukphone": "həˈləʊ"
    },
    {
        "name": "class",
        "trans": [
            "同学；班级"
        ],
        "usphone": "klæs",
        "ukphone": "klɑːs"
    },
    {
        "name": "my",
        "trans": [
            "我的"
        ],
        "usphone": "maɪ",
        "ukphone": "maɪ"
    },
    {
        "name": "name",
        "trans": [
            "名字"
        ],
        "usphone": "nem",
        "ukphone": "neɪm"
    },
    {
        "name": "is",
        "trans": [
            "是（动词be的第三人称单数现在式）"
        ],
        "usphone": "ɪz",
        "ukphone": "ɪz"
    },
    {
        "name": "Miss",
        "trans": [
            "小姐（对未婚女性的称呼）；老师"
        ],
        "usphone": "",
        "ukphone": ""
    },
    {
        "name": "good",
        "trans": [
            "好的"
        ],
        "usphone": "ɡʊd",
        "ukphone": "gʊd"
    },
    {
        "name": "morning",
        "trans": [
            "早晨，上午"
        ],
        "usphone": "'mɔrnɪŋ",
        "ukphone": "'mɔːnɪŋ"
    },
    {
        "name": "good morning",
        "trans": [
            "早上好"
        ],
        "usphone": "",
        "ukphone": ""
    },
    {
        "name": "afternoon",
        "trans": [
            "下午"
        ],
        "usphone": ",æftɚ'nun",
        "ukphone": "ɑːftə'nuːn"
    },
    {
        "name": "good afternoon",
        "trans": [
            "下午好"
        ],
        "usphone": "",
        "ukphone": ""
    },
    {
        "name": "goodbye",
        "trans": [
            "再见"
        ],
        "usphone": "",
        "ukphone": "gʊd'baɪ"
    },
    {
        "name": "I",
        "trans": [
            "我"
        ],
        "usphone": "",
        "ukphone": "aɪ"
    },
    {
        "name": "am",
        "trans": [
            "是（动词be的第一人称单数现在式）"
        ],
        "usphone": "æm",
        "ukphone": "æm"
    },
    {
        "name": "I'm = I am",
        "trans": [
            "我是"
        ],
        "usphone": "",
        "ukphone": ""
    },
    {
        "name": "Mr",
        "trans": [
            "先生"
        ],
        "usphone": "",
        "ukphone": ""
    },
    {
        "name": "what",
        "trans": [
            "什么"
        ],
        "usphone": "hwɒt; hwɑt",
        "ukphone": "wɒt"
    },
    {
        "name": "your",
        "trans": [
            "你的，你们的"
        ],
        "usphone": "jʊər; jʊr",
        "ukphone": "jɔ:(r)"
    },
    {
        "name": "please",
        "trans": [
            "请"
        ],
        "usphone": "pliz",
        "ukphone": "pliːz"
    },
    {
        "name": "sorry",
        "trans": [
            "对不起的，抱歉的"
        ],
        "usphone": "'sɔri",
        "ukphone": "'sɒrɪ"
    },
    {
        "name": "can",
        "trans": [
            "能，能够"
        ],
        "usphone": "kæn",
        "ukphone": "kæn"
    },
    {
        "name": "you",
        "trans": [
            "你，你们"
        ],
        "usphone": "ju",
        "ukphone": "juː"
    },
    {
        "name": "spell",
        "trans": [
            "拼写"
        ],
        "usphone": "spɛl",
        "ukphone": "spel"
    },
    {
        "name": "it",
        "trans": [
            "它"
        ],
        "usphone": "ɪt",
        "ukphone": "ɪt"
    },
    {
        "name": "yes",
        "trans": [
            "是，是的"
        ],
        "usphone": "jɛs",
        "ukphone": "jes"
    },
    {
        "name": "thank",
        "trans": [
            "谢谢"
        ],
        "usphone": "θæŋk",
        "ukphone": "θæŋk"
    },
    {
        "name": "how",
        "trans": [
            "怎样，如何"
        ],
        "usphone": "haʊ",
        "ukphone": "haʊ"
    },
    {
        "name": "are",
        "trans": [
            "是（动词be的复数和第二人称单数现在式）"
        ],
        "usphone": "ɑr",
        "ukphone": "ɑ:(r)"
    },
    {
        "name": "fine",
        "trans": [
            "很好的，不错的"
        ],
        "usphone": "faɪn",
        "ukphone": "faɪn"
    },
    {
        "name": "thanks",
        "trans": [
            "谢谢"
        ],
        "usphone": "θæŋks",
        "ukphone": "θæŋks"
    },
    {
        "name": "Mrs",
        "trans": [
            "夫人，太太"
        ],
        "usphone": "ˈmɪsɪz",
        "ukphone": ""
    },
    {
        "name": "too",
        "trans": [
            "也，还"
        ],
        "usphone": "tu",
        "ukphone": "tuː"
    },
    {
        "name": "this",
        "trans": [
            "这，这个（指较近的人或事物）"
        ],
        "usphone": "ðɪs",
        "ukphone": "ðɪs"
    },
    {
        "name": "she",
        "trans": [
            "她"
        ],
        "usphone": "ʃi",
        "ukphone": "ʃiː"
    },
    {
        "name": "teacher",
        "trans": [
            "老师"
        ],
        "usphone": "'titʃɚ",
        "ukphone": "'tiːtʃə"
    },
    {
        "name": "friend",
        "trans": [
            "朋友"
        ],
        "usphone": "frɛnd",
        "ukphone": "frend"
    },
    {
        "name": "her",
        "trans": [
            "她的"
        ],
        "usphone": "hɚ",
        "ukphone": "hɜː"
    },
    {
        "name": "his",
        "trans": [
            "他的"
        ],
        "usphone": "hɪz",
        "ukphone": "hɪz"
    },
    {
        "name": "nice",
        "trans": [
            "美好的，令人愉快的"
        ],
        "usphone": "naɪs",
        "ukphone": "naɪs"
    },
    {
        "name": "to",
        "trans": [
            "（与原形动词一起构成动词不定式）"
        ],
        "usphone": "tə;tu;tuː",
        "ukphone": "tə;tu;tuː"
    },
    {
        "name": "meet",
        "trans": [
            "遇见，结识"
        ],
        "usphone": "mit",
        "ukphone": "miːt"
    },
    {
        "name": "time",
        "trans": [
            "时间"
        ],
        "usphone": "taɪm",
        "ukphone": "taɪm"
    },
    {
        "name": "go",
        "trans": [
            "走；去"
        ],
        "usphone": "go",
        "ukphone": "gəʊ"
    },
    {
        "name": "now",
        "trans": [
            "现在，目前"
        ],
        "usphone": "naʊ",
        "ukphone": "naʊ"
    },
    {
        "name": "bye",
        "trans": [
            "再见"
        ],
        "usphone": "baɪ",
        "ukphone": "baɪ"
    },
    {
        "name": "see",
        "trans": [
            "看见"
        ],
        "usphone": "si",
        "ukphone": "siː"
    },
    {
        "name": "tomorrow",
        "trans": [
            "明天"
        ],
        "usphone": "tə'mɔro",
        "ukphone": "tə'mɒrəʊ"
    },
    {
        "name": "sit",
        "trans": [
            "坐"
        ],
        "usphone": "sɪt",
        "ukphone": "sɪt"
    },
    {
        "name": "down",
        "trans": [
            "向下地",
            "向下"
        ],
        "usphone": "daʊn",
        "ukphone": "daʊn"
    },
    {
        "name": "sit down",
        "trans": [
            "坐下"
        ],
        "usphone": "",
        "ukphone": ""
    },
    {
        "name": "open",
        "trans": [
            "（打）开"
        ],
        "usphone": "'opən",
        "ukphone": "'əʊp(ə)n"
    },
    {
        "name": "book",
        "trans": [
            "书"
        ],
        "usphone": "bʊk",
        "ukphone": "bʊk"
    },
    {
        "name": "listen",
        "trans": [
            "听，倾听"
        ],
        "usphone": "'lɪsn",
        "ukphone": "'lɪs(ə)n"
    },
    {
        "name": "draw",
        "trans": [
            "绘画，画"
        ],
        "usphone": "drɔ",
        "ukphone": "drɔː"
    },
    {
        "name": "put",
        "trans": [
            "放；置"
        ],
        "usphone": "pʊt",
        "ukphone": "pʊt"
    },
    {
        "name": "up",
        "trans": [
            "向上地",
            "朝上；向上"
        ],
        "usphone": "ʌp",
        "ukphone": "ʌp"
    },
    {
        "name": "hand",
        "trans": [
            "手"
        ],
        "usphone": "hænd",
        "ukphone": "hænd"
    },
    {
        "name": "stand",
        "trans": [
            "站立"
        ],
        "usphone": "stænd",
        "ukphone": "stænd"
    },
    {
        "name": "stand up",
        "trans": [
            "起立"
        ],
        "usphone": "",
        "ukphone": ""
    },
    {
        "name": "close",
        "trans": [
            "合上；关闭"
        ],
        "usphone": "kloz",
        "ukphone": "kləʊs"
    },
    {
        "name": "new",
        "trans": [
            "新的"
        ],
        "usphone": "nu",
        "ukphone": "njuː"
    },
    {
        "name": "student",
        "trans": [
            "学生"
        ],
        "usphone": "'studnt",
        "ukphone": "'stjuːd(ə)nt"
    },
    {
        "name": "here",
        "trans": [
            "这里，在这里"
        ],
        "usphone": "hɪr",
        "ukphone": "hɪə"
    },
    {
        "name": "in",
        "trans": [
            "在⋯⋯里面"
        ],
        "usphone": "ɪn",
        "ukphone": "ɪn"
    },
    {
        "name": "one",
        "trans": [
            "一"
        ],
        "usphone": "wʌn",
        "ukphone": "wʌn"
    },
    {
        "name": "two",
        "trans": [
            "二"
        ],
        "usphone": "tu",
        "ukphone": "tuː"
    },
    {
        "name": "three",
        "trans": [
            "三"
        ],
        "usphone": "θri",
        "ukphone": "θriː"
    },
    {
        "name": "four",
        "trans": [
            "四"
        ],
        "usphone": "fɔr",
        "ukphone": "fɔː"
    },
    {
        "name": "five",
        "trans": [
            "五"
        ],
        "usphone": "faɪv",
        "ukphone": "faɪv"
    },
    {
        "name": "six",
        "trans": [
            "六"
        ],
        "usphone": "sɪks",
        "ukphone": "sɪks"
    },
    {
        "name": "seven",
        "trans": [
            "七"
        ],
        "usphone": "'sɛvn",
        "ukphone": "'sev(ə)n"
    },
    {
        "name": "eight",
        "trans": [
            "八"
        ],
        "usphone": "et",
        "ukphone": "eɪt"
    },
    {
        "name": "nine",
        "trans": [
            "九"
        ],
        "usphone": "naɪn",
        "ukphone": "naɪn"
    },
    {
        "name": "ten",
        "trans": [
            "十"
        ],
        "usphone": "tɛn",
        "ukphone": "ten"
    },
    {
        "name": "telephone",
        "trans": [
            "电话"
        ],
        "usphone": "ˈtɛləfon",
        "ukphone": "'telɪfəʊn"
    },
    {
        "name": "number",
        "trans": [
            "号码"
        ],
        "usphone": "'nʌmbɚ",
        "ukphone": "'nʌmbə"
    },
    {
        "name": "old",
        "trans": [
            "⋯⋯年龄的，⋯⋯岁的"
        ],
        "usphone": "old",
        "ukphone": "əʊld"
    },
    {
        "name": "how old",
        "trans": [
            "多大，几岁"
        ],
        "usphone": "",
        "ukphone": ""
    },
    {
        "name": "twelve",
        "trans": [
            "十二"
        ],
        "usphone": "twɛlv",
        "ukphone": "twelv"
    },
    {
        "name": "eleven",
        "trans": [
            "十一"
        ],
        "usphone": "ɪ'lɛvn",
        "ukphone": "ɪ'lev(ə)n"
    },
    {
        "name": "thirteen",
        "trans": [
            "十三"
        ],
        "usphone": "'θɝ'tin",
        "ukphone": "θɜː'tiːn; 'θɜːtiːn"
    },
    {
        "name": "fourteen",
        "trans": [
            "十四"
        ],
        "usphone": ",fɔr'tin",
        "ukphone": "fɔː'tiːn; 'fɔːtiːn"
    },
    {
        "name": "fifteen",
        "trans": [
            "十五"
        ],
        "usphone": ",fɪf'tin",
        "ukphone": "fɪf'tiːn; 'fɪftiːn"
    },
    {
        "name": "sixteen",
        "trans": [
            "十六"
        ],
        "usphone": ",sɪks'tin",
        "ukphone": "sɪks'tiːn; 'sɪkstiːn"
    },
    {
        "name": "seventeen",
        "trans": [
            "十七"
        ],
        "usphone": ",sɛvn'tin",
        "ukphone": "sev(ə)n'tiːn; 'sev(ə)ntiːn"
    },
    {
        "name": "eighteen",
        "trans": [
            "十八"
        ],
        "usphone": ",e'tin",
        "ukphone": "eɪ'tiːn; 'eɪtiːn"
    },
    {
        "name": "nineteen",
        "trans": [
            "十九"
        ],
        "usphone": ",naɪn'tin",
        "ukphone": "naɪn'tiːn; 'naɪntiːn"
    },
    {
        "name": "twenty",
        "trans": [
            "二十"
        ],
        "usphone": "'twɛnti",
        "ukphone": "'twentɪ"
    },
    {
        "name": "boy",
        "trans": [
            "男孩"
        ],
        "usphone": "bɔɪ",
        "ukphone": "bɒɪ"
    },
    {
        "name": "girl",
        "trans": [
            "女孩"
        ],
        "usphone": "ɡɝl",
        "ukphone": "gɜːl"
    },
    {
        "name": "desk",
        "trans": [
            "桌子"
        ],
        "usphone": "dɛsk",
        "ukphone": "desk"
    },
    {
        "name": "chair",
        "trans": [
            "椅子"
        ],
        "usphone": "tʃɛr",
        "ukphone": "tʃeə"
    },
    {
        "name": "bag",
        "trans": [
            "包，书包"
        ],
        "usphone": "bæɡ",
        "ukphone": "bæg"
    },
    {
        "name": "In",
        "trans": [
            "使用（某种语言）"
        ],
        "usphone": "ɪn",
        "ukphone": "ɪn"
    },
    {
        "name": "English",
        "trans": [
            "英语",
            "来自英格兰的"
        ],
        "usphone": "'ɪŋɡlɪʃ",
        "ukphone": "'ɪŋɡlɪʃ"
    },
    {
        "name": "in English",
        "trans": [
            "用英语"
        ],
        "usphone": "",
        "ukphone": ""
    },
    {
        "name": "a",
        "trans": [
            "一（个，件⋯⋯）"
        ],
        "usphone": "ə; e",
        "ukphone": "ə; eɪ"
    },
    {
        "name": "write",
        "trans": [
            "写"
        ],
        "usphone": "raɪt",
        "ukphone": "raɪt"
    },
    {
        "name": "on",
        "trans": [
            "在⋯⋯上"
        ],
        "usphone": "ɑn",
        "ukphone": "ɒn"
    },
    {
        "name": "the",
        "trans": [
            "（指已经谈到或正在谈到的事物）"
        ],
        "usphone": "ðə; ði",
        "ukphone": "ðə;ði:"
    },
    {
        "name": "blackboard",
        "trans": [
            "黑板"
        ],
        "usphone": "'blækbɔrd",
        "ukphone": "'blækbɔːd"
    },
    {
        "name": "OK",
        "trans": [
            "行，好（用于表示同意、赞成或理解）"
        ],
        "usphone": "",
        "ukphone": ""
    },
    {
        "name": "pen",
        "trans": [
            "笔，钢笔"
        ],
        "usphone": "pɛn",
        "ukphone": "pen"
    },
    {
        "name": "no",
        "trans": [
            "不，不是；没有（用于表示否定的回答）"
        ],
        "usphone": "no",
        "ukphone": "nəʊ"
    },
    {
        "name": "pencil",
        "trans": [
            "铅笔"
        ],
        "usphone": "'pɛnsl",
        "ukphone": "'pens(ə)l; -sɪl"
    },
    {
        "name": "do",
        "trans": [
            "（用于构成疑问句和否定句）"
        ],
        "usphone": "du",
        "ukphone": "duː"
    },
    {
        "name": "bird",
        "trans": [
            "鸟"
        ],
        "usphone": "bɝd",
        "ukphone": "bɜːd"
    },
    {
        "name": "cat",
        "trans": [
            "猫"
        ],
        "usphone": "kæt",
        "ukphone": "kæt"
    },
    {
        "name": "dog",
        "trans": [
            "狗"
        ],
        "usphone": "dɔɡ",
        "ukphone": "dɒg"
    },
    {
        "name": "flower",
        "trans": [
            "花"
        ],
        "usphone": "'flaʊɚ",
        "ukphone": "'flaʊə"
    },
    {
        "name": "help",
        "trans": [
            "帮助"
        ],
        "usphone": "hɛlp",
        "ukphone": "help"
    },
    {
        "name": "me",
        "trans": [
            "（宾格）我"
        ],
        "usphone": "mi",
        "ukphone": "miː"
    },
    {
        "name": "of",
        "trans": [
            "⋯⋯的"
        ],
        "usphone": "ʌv; əv",
        "ukphone": "ɒv; (ə)v"
    },
    {
        "name": "course",
        "trans": [
            "当然"
        ],
        "usphone": "kɔrs",
        "ukphone": "kɔːs"
    },
    {
        "name": "of course",
        "trans": [
            "是的，当然"
        ],
        "usphone": "",
        "ukphone": ""
    },
    {
        "name": "classroom",
        "trans": [
            "教室"
        ],
        "usphone": "'klæsrʊm",
        "ukphone": "'klɑːsruːm; -rʊm"
    },
    {
        "name": "know",
        "trans": [
            "知道，懂得"
        ],
        "usphone": "no",
        "ukphone": "nəʊ"
    },
    {
        "name": "say",
        "trans": [
            "说；讲"
        ],
        "usphone": "se",
        "ukphone": "seɪ"
    },
    {
        "name": "that",
        "trans": [
            "那，那个（指较远的人或事物）"
        ],
        "usphone": "ðæt",
        "ukphone": "ðæt; ðət"
    },
    {
        "name": "again",
        "trans": [
            "再（次），又（一次）"
        ],
        "usphone": "əˈɡɛn, əˈɡen",
        "ukphone": "ə'gen; ə'geɪn"
    },
    {
        "name": "welcome",
        "trans": [
            "受欢迎的",
            "欢迎（迎接某人到某地时的用语）"
        ],
        "usphone": "ˈwɛlkəm",
        "ukphone": "ˈwelkəm"
    },
    {
        "name": "You're welcome.",
        "trans": [
            "不用谢，别客气。"
        ],
        "usphone": "",
        "ukphone": ""
    },
    {
        "name": "black",
        "trans": [
            "黑色的"
        ],
        "usphone": "blæk",
        "ukphone": "blæk"
    },
    {
        "name": "white",
        "trans": [
            "白色的"
        ],
        "usphone": "hwaɪt",
        "ukphone": "waɪt"
    },
    {
        "name": "blue",
        "trans": [
            "蓝色的"
        ],
        "usphone": "blu",
        "ukphone": "bluː"
    },
    {
        "name": "green",
        "trans": [
            "绿色的"
        ],
        "usphone": "ɡrin",
        "ukphone": "griːn"
    },
    {
        "name": "yellow",
        "trans": [
            "黄色的"
        ],
        "usphone": "ˈjɛlo",
        "ukphone": "'jeləʊ"
    },
    {
        "name": "red",
        "trans": [
            "红色的"
        ],
        "usphone": "rɛd",
        "ukphone": "red"
    },
    {
        "name": "brown",
        "trans": [
            "棕色的"
        ],
        "usphone": "braʊn",
        "ukphone": "braʊn"
    },
    {
        "name": "orange",
        "trans": [
            "橘黄色的",
            "柑橘；橙"
        ],
        "usphone": "'ɔrɪndʒ",
        "ukphone": "'ɒrɪn(d)ʒ"
    },
    {
        "name": "colour (AmE color)",
        "trans": [
            "颜色"
        ],
        "usphone": "",
        "ukphone": ""
    },
    {
        "name": "and",
        "trans": [
            "和，与"
        ],
        "usphone": "ənd, ən,ænd",
        "ukphone": "ənd; (ə)n; ænd"
    },
    {
        "name": "day",
        "trans": [
            "一天"
        ],
        "usphone": "de",
        "ukphone": "deɪ"
    },
    {
        "name": "today",
        "trans": [
            "今天"
        ],
        "usphone": "tə'de",
        "ukphone": "tə'deɪ"
    },
    {
        "name": "Monday",
        "trans": [
            "星期一"
        ],
        "usphone": "ˈmʌnde; ˈmʌndɪ",
        "ukphone": "ˈmʌndeɪ; ˈmʌndi"
    },
    {
        "name": "Tuesday",
        "trans": [
            "星期二"
        ],
        "usphone": "ˈtuzdɪ;-de",
        "ukphone": "'tjuːzdeɪ; -dɪ"
    },
    {
        "name": "Wednesday",
        "trans": [
            "星期三"
        ],
        "usphone": "ˈwɛnzdɪ",
        "ukphone": "ˈwenzdɪ"
    },
    {
        "name": "Thursday",
        "trans": [
            "星期四"
        ],
        "usphone": "ˈθɝzde; ˈθɝzdɪ",
        "ukphone": "'θɜːzdeɪ; -dɪ"
    },
    {
        "name": "Friday",
        "trans": [
            "星期五"
        ],
        "usphone": "",
        "ukphone": "ˈfraɪdeɪ"
    },
    {
        "name": "Saturday",
        "trans": [
            "星期六"
        ],
        "usphone": "sætɚdɪ; -de",
        "ukphone": "ˈsætədɪ; -deɪ"
    },
    {
        "name": "Sunday",
        "trans": [
            "星期天"
        ],
        "usphone": "ˈsʌnde; ˈsʌndi",
        "ukphone": "ˈsʌndeɪ; ˈsʌndi"
    },
    {
        "name": "birthday",
        "trans": [
            "生日"
        ],
        "usphone": "'bɝθde",
        "ukphone": "'bɜːθdeɪ"
    },
    {
        "name": "favourite (AmE favorite)",
        "trans": [
            "最喜爱的"
        ],
        "usphone": "",
        "ukphone": ""
    },
    {
        "name": "spring",
        "trans": [
            "春天"
        ],
        "usphone": "sprɪŋ",
        "ukphone": "sprɪŋ"
    },
    {
        "name": "summer",
        "trans": [
            "夏天"
        ],
        "usphone": "'sʌmɚ",
        "ukphone": "'sʌmə"
    },
    {
        "name": "autumn",
        "trans": [
            "秋天"
        ],
        "usphone": "'ɔtəm",
        "ukphone": "'ɔːtəm"
    },
    {
        "name": "winter",
        "trans": [
            "冬天"
        ],
        "usphone": "'wɪntɚ",
        "ukphone": "'wɪntə"
    },
    {
        "name": "warm",
        "trans": [
            "暖和的，温暖的"
        ],
        "usphone": "wɔrm",
        "ukphone": "wɔːm"
    },
    {
        "name": "hot",
        "trans": [
            "热的"
        ],
        "usphone": "hɑt",
        "ukphone": "hɒt"
    },
    {
        "name": "cool",
        "trans": [
            "凉快的"
        ],
        "usphone": "kul",
        "ukphone": "kuːl"
    },
    {
        "name": "cold",
        "trans": [
            "冷的"
        ],
        "usphone": "kold",
        "ukphone": "kəʊld"
    },
    {
        "name": "weather",
        "trans": [
            "天气"
        ],
        "usphone": "'wɛðɚ",
        "ukphone": "'weðə"
    },
    {
        "name": "like",
        "trans": [
            "如同，像"
        ],
        "usphone": "laɪk",
        "ukphone": "laɪk"
    },
    {
        "name": "London",
        "trans": [
            "伦敦"
        ],
        "usphone": "ˈlʌndən",
        "ukphone": "ˈlʌndən"
    },
    {
        "name": "basketball",
        "trans": [
            "篮球"
        ],
        "usphone": "'bæskɪtbɔl",
        "ukphone": "'bɑːskɪtbɔːl"
    },
    {
        "name": "football",
        "trans": [
            "足球"
        ],
        "usphone": "'fʊtbɔl",
        "ukphone": "'fʊtbɔːl"
    },
    {
        "name": "swimming",
        "trans": [
            "游泳"
        ],
        "usphone": "'swɪmɪŋ",
        "ukphone": "'swɪmɪŋ"
    },
    {
        "name": "table tennis",
        "trans": [
            "乒乓球"
        ],
        "usphone": "",
        "ukphone": "'teɪb(ə)l'tenɪs"
    },
    {
        "name": "sport",
        "trans": [
            "运动"
        ],
        "usphone": "spɔrt",
        "ukphone": "spɔːt"
    },
    {
        "name": "let",
        "trans": [
            "让，使"
        ],
        "usphone": "lɛt",
        "ukphone": "let"
    },
    {
        "name": "us",
        "trans": [
            "（宾格）我们"
        ],
        "usphone": "əs; ʌs",
        "ukphone": "əs; ʌs"
    },
    {
        "name": "let's = let us",
        "trans": [
            "让我们"
        ],
        "usphone": "",
        "ukphone": ""
    },
    {
        "name": "play",
        "trans": [
            "参加（体育运动或球赛）；玩耍"
        ],
        "usphone": "ple",
        "ukphone": "pleɪ"
    },
    {
        "name": "after",
        "trans": [
            "在⋯⋯后"
        ],
        "usphone": "'æftɚ",
        "ukphone": "'ɑːftə"
    },
    {
        "name": "school",
        "trans": [
            "学校"
        ],
        "usphone": "skul",
        "ukphone": "skuːl"
    },
    {
        "name": "idea",
        "trans": [
            "想法，主意"
        ],
        "usphone": "aɪ'diə",
        "ukphone": "aɪ'dɪə"
    },
    {
        "name": "Chinese",
        "trans": [
            "中国人；汉语",
            "中国的，中国人的"
        ],
        "usphone": "",
        "ukphone": "tʃaɪˈniːz"
    },
    {
        "name": "from",
        "trans": [
            "从⋯⋯来，来自"
        ],
        "usphone": "frʌm",
        "ukphone": "frɒm; frəm"
    },
    {
        "name": "where",
        "trans": [
            "在哪里，去哪里"
        ],
        "usphone": "hweə(r); hwɛr",
        "ukphone": "weə"
    },
    {
        "name": "year",
        "trans": [
            "年龄；年"
        ],
        "usphone": "jɪr; yir",
        "ukphone": "jɪə; jɜː"
    },
    {
        "name": "about",
        "trans": [
            "关于"
        ],
        "usphone": "ə'baʊt",
        "ukphone": "ə'baʊt"
    },
    {
        "name": "What about ⋯?",
        "trans": [
            "⋯⋯怎么样？"
        ],
        "usphone": "",
        "ukphone": ""
    },
    {
        "name": "Ms",
        "trans": [
            "女士"
        ],
        "usphone": "",
        "ukphone": ""
    },
    {
        "name": "America",
        "trans": [
            "美国；美洲"
        ],
        "usphone": "əˈmɛrɪkə",
        "ukphone": "ə'merɪkə"
    },
    {
        "name": "not",
        "trans": [
            "不，不是，没有"
        ],
        "usphone": "nɑt",
        "ukphone": "nɒt"
    },
    {
        "name": "England",
        "trans": [
            "英格兰"
        ],
        "usphone": "'iŋɡlənd",
        "ukphone": "ˈɪŋɡlənd"
    },
    {
        "name": "hi",
        "trans": [
            "嘿，喂"
        ],
        "usphone": "haɪ",
        "ukphone": "haɪ"
    },
    {
        "name": "American",
        "trans": [
            "美国人；美洲人"
        ],
        "usphone": "əˈmɛrɪkən",
        "ukphone": "əˈmerɪkən"
    },
    {
        "name": "adj.",
        "trans": [
            "美国的；美国人的；美洲的"
        ],
        "usphone": "",
        "ukphone": ""
    },
    {
        "name": "our",
        "trans": [
            "我们的"
        ],
        "usphone": "aʊr",
        "ukphone": "aʊə"
    },
    {
        "name": "grade",
        "trans": [
            "年级"
        ],
        "usphone": "ɡred",
        "ukphone": "greɪd"
    },
    {
        "name": "he",
        "trans": [
            "他"
        ],
        "usphone": "hi",
        "ukphone": "hiː"
    },
    {
        "name": "China",
        "trans": [
            "中国"
        ],
        "usphone": "",
        "ukphone": "ˈtʃaɪnə"
    },
    {
        "name": "everyone",
        "trans": [
            "大家；每人"
        ],
        "usphone": "'ɛvrɪwʌn",
        "ukphone": "'evrɪwʌn"
    },
    {
        "name": "capital",
        "trans": [
            "首都；省会"
        ],
        "usphone": "'kæpɪtl",
        "ukphone": "'kæpɪt(ə)l"
    },
    {
        "name": "but",
        "trans": [
            "但是，然而"
        ],
        "usphone": "bʌt",
        "ukphone": "bʌt; bət"
    },
    {
        "name": "very",
        "trans": [
            "很，非常"
        ],
        "usphone": "ˈvɛrɪ",
        "ukphone": "'verɪ"
    },
    {
        "name": "big",
        "trans": [
            "大的"
        ],
        "usphone": "bɪɡ",
        "ukphone": "bɪg"
    },
    {
        "name": "city",
        "trans": [
            "城市"
        ],
        "usphone": "'sɪti",
        "ukphone": "'sɪtɪ"
    },
    {
        "name": "small",
        "trans": [
            "小的"
        ],
        "usphone": "smɔl",
        "ukphone": "smɔːl"
    },
    {
        "name": "first",
        "trans": [
            "第一（位）的，首要的",
            "先；首先"
        ],
        "usphone": "fɝst",
        "ukphone": "fɜːst"
    },
    {
        "name": "first name",
        "trans": [
            "名字"
        ],
        "usphone": "",
        "ukphone": ""
    },
    {
        "name": "last",
        "trans": [
            "最后的，最末的",
            "最后，最末"
        ],
        "usphone": "læst",
        "ukphone": "lɑːst"
    },
    {
        "name": "last name",
        "trans": [
            "姓"
        ],
        "usphone": "",
        "ukphone": ""
    },
    {
        "name": "all",
        "trans": [
            "每个，全体"
        ],
        "usphone": "ɔl",
        "ukphone": "ɔːl"
    },
    {
        "name": "aunt",
        "trans": [
            "姨母；伯母；婶母；舅母；姑母"
        ],
        "usphone": "ænt",
        "ukphone": "ɑːnt"
    },
    {
        "name": "brother",
        "trans": [
            "兄弟"
        ],
        "usphone": "'brʌðɚ",
        "ukphone": "'brʌðə"
    },
    {
        "name": "cousin",
        "trans": [
            "堂兄弟；表兄弟；堂姐妹；表姐妹"
        ],
        "usphone": "'kʌzn",
        "ukphone": "'kʌz(ə)n"
    },
    {
        "name": "daughter",
        "trans": [
            "女儿"
        ],
        "usphone": "'dɔtɚ",
        "ukphone": "'dɔːtə"
    },
    {
        "name": "family",
        "trans": [
            "家，家庭"
        ],
        "usphone": "ˈfæməlɪ",
        "ukphone": "ˈfæməlɪ"
    },
    {
        "name": "father",
        "trans": [
            "父亲，爸爸"
        ],
        "usphone": "'fɑðɚ",
        "ukphone": "'fɑːðə"
    },
    {
        "name": "grandfather",
        "trans": [
            "（外）祖父"
        ],
        "usphone": "'græn'fɑðɚ",
        "ukphone": "'græn(d)fɑːðə"
    },
    {
        "name": "grandmother",
        "trans": [
            "（外）祖母"
        ],
        "usphone": "'ɡrænmʌðɚ",
        "ukphone": "'græn(d)mʌðə"
    },
    {
        "name": "grandparent",
        "trans": [
            "（外）祖父母"
        ],
        "usphone": "'græn'pɛrənt",
        "ukphone": "'græn(d)peər(ə)nt"
    },
    {
        "name": "mother",
        "trans": [
            "母亲，妈妈"
        ],
        "usphone": "'mʌðɚ",
        "ukphone": "'mʌðə"
    },
    {
        "name": "parent",
        "trans": [
            "母亲；父亲"
        ],
        "usphone": "'pɛrənt",
        "ukphone": "'peər(ə)nt"
    },
    {
        "name": "sister",
        "trans": [
            "姐；妹"
        ],
        "usphone": "'sɪstɚ",
        "ukphone": "'sɪstə"
    },
    {
        "name": "son",
        "trans": [
            "儿子"
        ],
        "usphone": "sʌn",
        "ukphone": "sʌn"
    },
    {
        "name": "uncle",
        "trans": [
            "叔叔；伯伯；舅舅；姑父；姨夫"
        ],
        "usphone": "'ʌŋkl",
        "ukphone": "'ʌŋk(ə)l"
    },
    {
        "name": "photo (= photograph)",
        "trans": [
            "照片，相片"
        ],
        "usphone": "",
        "ukphone": ""
    },
    {
        "name": "these",
        "trans": [
            "这些"
        ],
        "usphone": "ðiz",
        "ukphone": "ðiːz"
    },
    {
        "name": "they",
        "trans": [
            "他们，她们，它们"
        ],
        "usphone": "ðe",
        "ukphone": "ðeɪ"
    },
    {
        "name": "mum",
        "trans": [
            "妈妈"
        ],
        "usphone": "mʌm",
        "ukphone": "mʌm"
    },
    {
        "name": "left",
        "trans": [
            "左边，左侧",
            "左边的，左侧的"
        ],
        "usphone": "lɛft",
        "ukphone": "left"
    },
    {
        "name": "on the left",
        "trans": [
            "在左边，在左侧"
        ],
        "usphone": "",
        "ukphone": ""
    },
    {
        "name": "dad",
        "trans": [
            "爸爸"
        ],
        "usphone": "dæd",
        "ukphone": "dæd"
    },
    {
        "name": "right",
        "trans": [
            "右边，右侧",
            "右边的，右侧的"
        ],
        "usphone": "raɪt",
        "ukphone": "raɪt"
    },
    {
        "name": "on the right",
        "trans": [
            "在右边，在右侧"
        ],
        "usphone": "",
        "ukphone": ""
    },
    {
        "name": "who",
        "trans": [
            "谁"
        ],
        "usphone": "hu",
        "ukphone": "huː; hʊ"
    },
    {
        "name": "woman",
        "trans": [
            "成年女子；妇女 (pl. women)"
        ],
        "usphone": "'wʊmən",
        "ukphone": "'wʊmən"
    },
    {
        "name": "next",
        "trans": [
            "紧挨着，紧靠着",
            "紧接下来地，下一步"
        ],
        "usphone": "nɛkst",
        "ukphone": "nekst"
    },
    {
        "name": "next to",
        "trans": [
            "在⋯⋯旁边，紧挨着"
        ],
        "usphone": "",
        "ukphone": ""
    },
    {
        "name": "husband",
        "trans": [
            "丈夫"
        ],
        "usphone": "'hʌzbənd",
        "ukphone": "'hʌzbənd"
    },
    {
        "name": "front",
        "trans": [
            "前面；正面"
        ],
        "usphone": "frʌnt",
        "ukphone": "frʌnt"
    },
    {
        "name": "in front of",
        "trans": [
            "在⋯⋯的前面"
        ],
        "usphone": "ɪn frʌnt ʌv",
        "ukphone": "ɪn frʌnt əv"
    },
    {
        "name": "those",
        "trans": [
            "那些"
        ],
        "usphone": "ðoz",
        "ukphone": "ðəʊz"
    },
    {
        "name": "bus",
        "trans": [
            "公共汽车"
        ],
        "usphone": "bʌs",
        "ukphone": "bʌs"
    },
    {
        "name": "station",
        "trans": [
            "站；车站"
        ],
        "usphone": "ˈsteɪʃən",
        "ukphone": "'steɪʃ(ə)n"
    },
    {
        "name": "hospital",
        "trans": [
            "医院"
        ],
        "usphone": "'hɑspɪtl",
        "ukphone": "'hɒspɪt(ə)l"
    },
    {
        "name": "hotel",
        "trans": [
            "饭店；宾馆"
        ],
        "usphone": "ho'tɛl",
        "ukphone": "həʊˈtel"
    },
    {
        "name": "police",
        "trans": [
            "警察"
        ],
        "usphone": "pə'lis",
        "ukphone": "pə'liːs"
    },
    {
        "name": "theatre (AmE theater)",
        "trans": [
            "剧院"
        ],
        "usphone": "",
        "ukphone": ""
    },
    {
        "name": "actor",
        "trans": [
            "（男）演员"
        ],
        "usphone": "'æktɚ",
        "ukphone": "'æktə"
    },
    {
        "name": "driver",
        "trans": [
            "司机，驾驶员"
        ],
        "usphone": "'draɪvɚ",
        "ukphone": "'draɪvə"
    },
    {
        "name": "manager",
        "trans": [
            "经理"
        ],
        "usphone": "'mænɪdʒɚ",
        "ukphone": "'mænɪdʒə"
    },
    {
        "name": "nurse",
        "trans": [
            "护士"
        ],
        "usphone": "nɝs",
        "ukphone": "nɜːs"
    },
    {
        "name": "policeman",
        "trans": [
            "男警察 (pl. policemen)"
        ],
        "usphone": "pə'lismən",
        "ukphone": "pə'liːsmən"
    },
    {
        "name": "we",
        "trans": [
            "我们"
        ],
        "usphone": "wi",
        "ukphone": "wiː"
    },
    {
        "name": "an",
        "trans": [
            "一（个，件⋯⋯）"
        ],
        "usphone": "ən,æn",
        "ukphone": "æn; ən"
    },
    {
        "name": "job",
        "trans": [
            "工作"
        ],
        "usphone": "",
        "ukphone": "dʒɒb"
    },
    {
        "name": "at",
        "trans": [
            "在⋯⋯；在⋯⋯里"
        ],
        "usphone": "æt; ət",
        "ukphone": "æt; ət"
    },
    {
        "name": "same",
        "trans": [
            "相同的，同一的"
        ],
        "usphone": "sem",
        "ukphone": "seɪm"
    },
    {
        "name": "doctor",
        "trans": [
            "医生"
        ],
        "usphone": "'dɑktɚ",
        "ukphone": "'dɒktə"
    },
    {
        "name": "farm",
        "trans": [
            "农场"
        ],
        "usphone": "fɑrm",
        "ukphone": "fɑːm"
    },
    {
        "name": "worker",
        "trans": [
            "工人"
        ],
        "usphone": "'wɝkɚ",
        "ukphone": "'wɜːkə"
    },
    {
        "name": "man",
        "trans": [
            "男人 (pl. men)"
        ],
        "usphone": "mæn",
        "ukphone": "mæn"
    },
    {
        "name": "shop",
        "trans": [
            "商店"
        ],
        "usphone": "ʃɑp",
        "ukphone": "ʃɒp"
    },
    {
        "name": "its",
        "trans": [
            "它的"
        ],
        "usphone": "ɪts",
        "ukphone": "ɪts"
    },
    {
        "name": "their",
        "trans": [
            "他们的，她们的，它们的"
        ],
        "usphone": "ðɛr",
        "ukphone": "ðeə"
    },
    {
        "name": "computer",
        "trans": [
            "计算机；电脑"
        ],
        "usphone": "kəm'pjutɚ",
        "ukphone": "kəm'pjuːtə"
    },
    {
        "name": "furniture",
        "trans": [
            "家具（总称）"
        ],
        "usphone": "'fɝnɪtʃɚ",
        "ukphone": "'fɜːnɪtʃə"
    },
    {
        "name": "map",
        "trans": [
            "地图"
        ],
        "usphone": "mæp",
        "ukphone": "mæp"
    },
    {
        "name": "picture",
        "trans": [
            "图片；照片"
        ],
        "usphone": "'pɪktʃɚ",
        "ukphone": "'pɪktʃə"
    },
    {
        "name": "television (= TV)",
        "trans": [
            "电视；电视机"
        ],
        "usphone": "",
        "ukphone": ""
    },
    {
        "name": "wall",
        "trans": [
            "墙"
        ],
        "usphone": "wɔl",
        "ukphone": "wɔːl"
    },
    {
        "name": "thirty",
        "trans": [
            "三十"
        ],
        "usphone": "'θɝti",
        "ukphone": "'θɜːtɪ"
    },
    {
        "name": "forty",
        "trans": [
            "四十"
        ],
        "usphone": "'fɔrti",
        "ukphone": "'fɔːtɪ"
    },
    {
        "name": "fifty",
        "trans": [
            "五十"
        ],
        "usphone": "'fɪfti",
        "ukphone": "'fɪftɪ"
    },
    {
        "name": "sixty",
        "trans": [
            "六十"
        ],
        "usphone": "'sɪksti",
        "ukphone": "'sɪkstɪ"
    },
    {
        "name": "seventy",
        "trans": [
            "七十"
        ],
        "usphone": "'sɛvnti",
        "ukphone": "'sev(ə)ntɪ"
    },
    {
        "name": "eighty",
        "trans": [
            "八十"
        ],
        "usphone": "ˈeti",
        "ukphone": "'eɪtɪ"
    },
    {
        "name": "ninety",
        "trans": [
            "九十"
        ],
        "usphone": "'naɪnti",
        "ukphone": "'naɪntɪ"
    },
    {
        "name": "really",
        "trans": [
            "真正地；非常，很"
        ],
        "usphone": "ˈriəˌli, ˈrili",
        "ukphone": "'rɪəlɪ"
    },
    {
        "name": "many",
        "trans": [
            "许多，很多"
        ],
        "usphone": "'mɛni",
        "ukphone": "'menɪ"
    },
    {
        "name": "how many",
        "trans": [
            "多少"
        ],
        "usphone": "",
        "ukphone": ""
    },
    {
        "name": "there",
        "trans": [
            "（用于引导句子的主语）"
        ],
        "usphone": "ðɛr",
        "ukphone": "ðeə; ðə"
    },
    {
        "name": "lot",
        "trans": [
            "大量；许多"
        ],
        "usphone": "lɑt",
        "ukphone": "lɒt"
    },
    {
        "name": "a lot of",
        "trans": [
            "大量；许多"
        ],
        "usphone": "",
        "ukphone": ""
    },
    {
        "name": "oh",
        "trans": [
            "唉，噢"
        ],
        "usphone": "o",
        "ukphone": "əʊ"
    },
    {
        "name": "any",
        "trans": [
            "任何一个；一些",
            "任何一个；一些"
        ],
        "usphone": "'ɛni",
        "ukphone": "'enɪ"
    },
    {
        "name": "world",
        "trans": [
            "世界"
        ],
        "usphone": "wɝld",
        "ukphone": "wɜːld"
    },
    {
        "name": "tree",
        "trans": [
            "树（木）"
        ],
        "usphone": "tri",
        "ukphone": "triː"
    },
    {
        "name": "building",
        "trans": [
            "建筑物"
        ],
        "usphone": "'bɪldɪŋ",
        "ukphone": "'bɪldɪŋ"
    },
    {
        "name": "hall",
        "trans": [
            "大厅；会堂"
        ],
        "usphone": "hɔl",
        "ukphone": "hɔːl"
    },
    {
        "name": "dining hall",
        "trans": [
            "饭厅，饭堂"
        ],
        "usphone": "",
        "ukphone": ""
    },
    {
        "name": "gate",
        "trans": [
            "大门"
        ],
        "usphone": "ɡet",
        "ukphone": "geɪt"
    },
    {
        "name": "library",
        "trans": [
            "图书馆"
        ],
        "usphone": "laɪˌbrɛrɪ",
        "ukphone": "ˈlaɪbrərɪ"
    },
    {
        "name": "office",
        "trans": [
            "办公室"
        ],
        "usphone": "'ɔfɪs",
        "ukphone": "'ɒfɪs"
    },
    {
        "name": "playground",
        "trans": [
            "操场"
        ],
        "usphone": "'ple'graʊnd",
        "ukphone": "'pleɪgraʊnd"
    },
    {
        "name": "science",
        "trans": [
            "科学；科学课"
        ],
        "usphone": "'saɪəns",
        "ukphone": "'saɪəns"
    },
    {
        "name": "lab (= laboratory)",
        "trans": [
            "实验室"
        ],
        "usphone": "",
        "ukphone": ""
    },
    {
        "name": "behind",
        "trans": [
            "在⋯⋯后面"
        ],
        "usphone": "bɪ'haɪnd",
        "ukphone": "bɪ'haɪnd"
    },
    {
        "name": "between",
        "trans": [
            "在⋯⋯之间"
        ],
        "usphone": "bəˈtwin",
        "ukphone": "bɪ'twiːn"
    },
    {
        "name": "middle",
        "trans": [
            "中间；中央"
        ],
        "usphone": "'mɪdl",
        "ukphone": "'mɪd(ə)l"
    },
    {
        "name": "near",
        "trans": [
            "靠近；接近"
        ],
        "usphone": "nɪr",
        "ukphone": "nɪə"
    },
    {
        "name": "with",
        "trans": [
            "与⋯⋯在一起；和；具有（品质、特征）"
        ],
        "usphone": "wɪð; wɪθ",
        "ukphone": "wɪð"
    },
    {
        "name": "for",
        "trans": [
            "为，为了"
        ],
        "usphone": "fɚ; strong form fɔr",
        "ukphone": "fə(r); strong form fɔ:(r)"
    },
    {
        "name": "room",
        "trans": [
            "房间；室；屋子"
        ],
        "usphone": "rum",
        "ukphone": "ruːm; rʊm"
    },
    {
        "name": "food",
        "trans": [
            "食物，食品"
        ],
        "usphone": "fud",
        "ukphone": "fuːd"
    },
    {
        "name": "drink",
        "trans": [
            "饮料",
            "喝"
        ],
        "usphone": "drɪŋk",
        "ukphone": "drɪŋk"
    },
    {
        "name": "candy",
        "trans": [
            "糖果"
        ],
        "usphone": "ˈkændɪ",
        "ukphone": "'kændɪ"
    },
    {
        "name": "fruit",
        "trans": [
            "水果"
        ],
        "usphone": "frut",
        "ukphone": "fruːt"
    },
    {
        "name": "meat",
        "trans": [
            "肉"
        ],
        "usphone": "mit",
        "ukphone": "miːt"
    },
    {
        "name": "vegetable",
        "trans": [
            "蔬菜"
        ],
        "usphone": "ˈvɛdʒtəbl",
        "ukphone": "ˈvedʒtəbl"
    },
    {
        "name": "apple",
        "trans": [
            "苹果"
        ],
        "usphone": "'æpl",
        "ukphone": "'æp(ə)l"
    },
    {
        "name": "bean",
        "trans": [
            "豆"
        ],
        "usphone": "bin",
        "ukphone": "biːn"
    },
    {
        "name": "beef",
        "trans": [
            "牛肉"
        ],
        "usphone": "bif",
        "ukphone": "biːf"
    },
    {
        "name": "carrot",
        "trans": [
            "胡萝卜"
        ],
        "usphone": "'kærət",
        "ukphone": "'kærət"
    },
    {
        "name": "chicken",
        "trans": [
            "鸡肉"
        ],
        "usphone": "'tʃɪkən",
        "ukphone": "'tʃɪkɪn"
    },
    {
        "name": "chocolate",
        "trans": [
            "巧克力"
        ],
        "usphone": "ˈtʃɑkələt",
        "ukphone": "'tʃɒk(ə)lət"
    },
    {
        "name": "coffee",
        "trans": [
            "咖啡"
        ],
        "usphone": "'kɔfi",
        "ukphone": "'kɒfɪ"
    },
    {
        "name": "cola",
        "trans": [
            "可乐"
        ],
        "usphone": "'kolə",
        "ukphone": "'kəʊlə"
    },
    {
        "name": "juice",
        "trans": [
            "果汁"
        ],
        "usphone": "dʒus",
        "ukphone": "dʒuːs"
    },
    {
        "name": "milk",
        "trans": [
            "牛奶"
        ],
        "usphone": "mɪlk",
        "ukphone": "mɪlk"
    },
    {
        "name": "potato",
        "trans": [
            "马铃薯，土豆"
        ],
        "usphone": "pə'teto",
        "ukphone": "pə'teɪtəʊ"
    },
    {
        "name": "tea",
        "trans": [
            "茶"
        ],
        "usphone": "ti",
        "ukphone": "tiː"
    },
    {
        "name": "tomato",
        "trans": [
            "西红柿，番茄"
        ],
        "usphone": "tə'meto",
        "ukphone": "tə'mɑːtəʊ"
    },
    {
        "name": "water",
        "trans": [
            "水"
        ],
        "usphone": "ˈwɔtɚ",
        "ukphone": "'wɔːtə"
    },
    {
        "name": "Shop",
        "trans": [
            "逛商店；购物"
        ],
        "usphone": "ʃɑp",
        "ukphone": "ʃɒp"
    },
    {
        "name": "go shopping",
        "trans": [
            "去买东西，去购物"
        ],
        "usphone": "",
        "ukphone": ""
    },
    {
        "name": "have",
        "trans": [
            "（助动词）",
            "有；吃，喝"
        ],
        "usphone": "həv;hæv",
        "ukphone": "həv;hæv"
    },
    {
        "name": "get",
        "trans": [
            "得到"
        ],
        "usphone": "ɡɛt",
        "ukphone": "get"
    },
    {
        "name": "have got",
        "trans": [
            "有；拥有"
        ],
        "usphone": "",
        "ukphone": ""
    },
    {
        "name": "some",
        "trans": [
            "若干，一些；少量的",
            "一些，某些"
        ],
        "usphone": "sʌm;səm",
        "ukphone": "sʌm;səm"
    },
    {
        "name": "much",
        "trans": [
            "许多的，大量的"
        ],
        "usphone": "mʌtʃ",
        "ukphone": "mʌtʃ"
    },
    {
        "name": "too much",
        "trans": [
            "太多"
        ],
        "usphone": "",
        "ukphone": ""
    },
    {
        "name": "kind",
        "trans": [
            "种类"
        ],
        "usphone": "kaɪnd",
        "ukphone": "kaɪnd"
    },
    {
        "name": "lots of",
        "trans": [
            "大量；许多"
        ],
        "usphone": "",
        "ukphone": ""
    },
    {
        "name": "so",
        "trans": [
            "因此；所以"
        ],
        "usphone": "so",
        "ukphone": "səʊ"
    },
    {
        "name": "How about ⋯?",
        "trans": [
            "（征求意见）⋯⋯好吗？⋯⋯行吗？"
        ],
        "usphone": "",
        "ukphone": ""
    },
    {
        "name": "has",
        "trans": [
            "（have的第三人称单数现在式）"
        ],
        "usphone": "hæz",
        "ukphone": "hæz"
    },
    {
        "name": "bad",
        "trans": [
            "坏的；不好的"
        ],
        "usphone": "bæd",
        "ukphone": "bæd"
    },
    {
        "name": "healthy",
        "trans": [
            "健康的"
        ],
        "usphone": "'hɛlθi",
        "ukphone": "'helθɪ"
    },
    {
        "name": "delicious",
        "trans": [
            "美味的"
        ],
        "usphone": "dɪ'lɪʃəs",
        "ukphone": "dɪ'lɪʃəs"
    },
    {
        "name": "bread",
        "trans": [
            "面包"
        ],
        "usphone": "brɛd",
        "ukphone": "bred"
    },
    {
        "name": "fish",
        "trans": [
            "鱼肉；鱼"
        ],
        "usphone": "fɪʃ",
        "ukphone": "fɪʃ"
    },
    {
        "name": "hamburger",
        "trans": [
            "汉堡包"
        ],
        "usphone": "ˈhæmˌbɜrgər",
        "ukphone": "ˈhæmbɜ:gə"
    },
    {
        "name": "ice cream",
        "trans": [
            "冰激凌"
        ],
        "usphone": "aɪs krim",
        "ukphone": "aɪs kri:m"
    },
    {
        "name": "noodle",
        "trans": [
            "面条"
        ],
        "usphone": "'nudl",
        "ukphone": "'nuːd(ə)l"
    },
    {
        "name": "rice",
        "trans": [
            "米；米饭"
        ],
        "usphone": "raɪs",
        "ukphone": "raɪs"
    },
    {
        "name": "sugar",
        "trans": [
            "糖"
        ],
        "usphone": "'ʃʊgɚ",
        "ukphone": "'ʃʊgə"
    },
    {
        "name": "eat",
        "trans": [
            "吃"
        ],
        "usphone": "it",
        "ukphone": "iːt"
    },
    {
        "name": "child",
        "trans": [
            "（14岁以下的）小孩，儿童 (pl. children)"
        ],
        "usphone": "tʃaɪld",
        "ukphone": "tʃaɪld"
    },
    {
        "name": "be good for",
        "trans": [
            "对⋯⋯有帮助的"
        ],
        "usphone": "",
        "ukphone": ""
    },
    {
        "name": "sweet",
        "trans": [
            "甜的"
        ],
        "usphone": "swit",
        "ukphone": "swiːt"
    },
    {
        "name": "be bad for",
        "trans": [
            "对⋯⋯有害的"
        ],
        "usphone": "",
        "ukphone": ""
    },
    {
        "name": "Right",
        "trans": [
            "正确的，对的"
        ],
        "usphone": "raɪt",
        "ukphone": "raɪt"
    },
    {
        "name": "egg",
        "trans": [
            "蛋；鸡蛋"
        ],
        "usphone": "ɛɡ",
        "ukphone": "eg"
    },
    {
        "name": "eye",
        "trans": [
            "眼睛"
        ],
        "usphone": "aɪ",
        "ukphone": "aɪ"
    },
    {
        "name": "cheese",
        "trans": [
            "奶酪"
        ],
        "usphone": "tʃiz",
        "ukphone": "tʃiːz"
    },
    {
        "name": "tooth",
        "trans": [
            "牙齿 (pl. teeth)"
        ],
        "usphone": "tuθ",
        "ukphone": "tuːθ"
    },
    {
        "name": "bit",
        "trans": [
            "一点儿；少许"
        ],
        "usphone": "bɪt",
        "ukphone": "bɪt"
    },
    {
        "name": "a bit",
        "trans": [
            "稍微；有点儿"
        ],
        "usphone": "",
        "ukphone": ""
    },
    {
        "name": "tired",
        "trans": [
            "劳累的"
        ],
        "usphone": "ˈtaɪrd",
        "ukphone": "taɪəd"
    },
    {
        "name": "soup",
        "trans": [
            "汤"
        ],
        "usphone": "sup",
        "ukphone": "suːp"
    },
    {
        "name": "important",
        "trans": [
            "重要的"
        ],
        "usphone": "ɪm'pɔrtnt",
        "ukphone": "ɪm'pɔːt(ə)nt"
    },
    {
        "name": "remember",
        "trans": [
            "记住；想起"
        ],
        "usphone": "rɪ'mɛmbɚ",
        "ukphone": "rɪ'membə"
    },
    {
        "name": "well",
        "trans": [
            "好地"
        ],
        "usphone": "wɛl",
        "ukphone": "wel"
    },
    {
        "name": "stay",
        "trans": [
            "保持；停留"
        ],
        "usphone": "steɪ",
        "ukphone": "steɪ"
    },
    {
        "name": "fat",
        "trans": [
            "肥胖的"
        ],
        "usphone": "fæt",
        "ukphone": "fæt"
    },
    {
        "name": "get fat",
        "trans": [
            "发胖"
        ],
        "usphone": "",
        "ukphone": ""
    },
    {
        "name": "or",
        "trans": [
            "或者"
        ],
        "usphone": "ɔr",
        "ukphone": "ɔː"
    },
    {
        "name": "breakfast",
        "trans": [
            "早饭"
        ],
        "usphone": "'brɛkfəst",
        "ukphone": "'brekfəst"
    },
    {
        "name": "every",
        "trans": [
            "每个，每一"
        ],
        "usphone": "'ɛvri",
        "ukphone": "'evrɪ"
    },
    {
        "name": "lunch",
        "trans": [
            "午饭"
        ],
        "usphone": "lʌntʃ",
        "ukphone": "lʌn(t)ʃ"
    },
    {
        "name": "home",
        "trans": [
            "家；家庭"
        ],
        "usphone": "hom",
        "ukphone": "həʊm"
    },
    {
        "name": "dinner",
        "trans": [
            "晚饭；正餐"
        ],
        "usphone": "'dɪnɚ",
        "ukphone": "'dɪnə"
    },
    {
        "name": "banana",
        "trans": [
            "香蕉"
        ],
        "usphone": "bə'nænə",
        "ukphone": "bə'nɑːnə"
    },
    {
        "name": "buy",
        "trans": [
            "买"
        ],
        "usphone": "baɪ",
        "ukphone": "baɪ"
    },
    {
        "name": "half",
        "trans": [
            "一半"
        ],
        "usphone": "hæf",
        "ukphone": "hɑːf"
    },
    {
        "name": "past",
        "trans": [
            "晚于，过（几点）"
        ],
        "usphone": "pæst",
        "ukphone": "pɑːst"
    },
    {
        "name": "o'clock",
        "trans": [
            "⋯⋯点钟"
        ],
        "usphone": "ə'klɑk",
        "ukphone": "ə'klɒk"
    },
    {
        "name": "To",
        "trans": [
            "（距整点时间）差⋯⋯"
        ],
        "usphone": "tə;tu;tuː",
        "ukphone": "tə;tu;tuː"
    },
    {
        "name": "art",
        "trans": [
            "美术；艺术"
        ],
        "usphone": "ɑrt",
        "ukphone": "ɑːt"
    },
    {
        "name": "geography",
        "trans": [
            "地理"
        ],
        "usphone": "dʒiˈɑɡrəfɪ",
        "ukphone": "dʒɪ'ɒgrəfɪ"
    },
    {
        "name": "history",
        "trans": [
            "历史"
        ],
        "usphone": "ˈhɪstrɪ",
        "ukphone": "'hɪst(ə)rɪ"
    },
    {
        "name": "IT",
        "trans": [
            "信息技术"
        ],
        "usphone": "",
        "ukphone": ""
    },
    {
        "name": "maths (AmE math)",
        "trans": [
            "数学"
        ],
        "usphone": "",
        "ukphone": ""
    },
    {
        "name": "PE (= physical education)",
        "trans": [
            "体育；体育课"
        ],
        "usphone": "",
        "ukphone": ""
    },
    {
        "name": "lesson",
        "trans": [
            "（一节）课"
        ],
        "usphone": "'lɛsn",
        "ukphone": "'les(ə)n"
    },
    {
        "name": "then",
        "trans": [
            "接着，然后"
        ],
        "usphone": "ðɛn",
        "ukphone": "ðen"
    },
    {
        "name": "Like",
        "trans": [
            "喜欢；喜爱"
        ],
        "usphone": "laɪk",
        "ukphone": "laɪk"
    },
    {
        "name": "difficult",
        "trans": [
            "困难的，难懂的"
        ],
        "usphone": "ˈdɪfɪkəlt",
        "ukphone": "ˈdɪfɪkəlt"
    },
    {
        "name": "love",
        "trans": [
            "爱；热爱",
            "喜爱；关爱"
        ],
        "usphone": "lʌv",
        "ukphone": "lʌv"
    },
    {
        "name": "subject",
        "trans": [
            "科目"
        ],
        "usphone": "ˈsʌbdʒɪkt;(for adj.)ˈsʌbdʒɪkt;(for v.)səbˈdʒɛkt",
        "ukphone": "ˈsʌbdʒɪkt;(for adj.)ˈsʌbdʒɪkt;(for v.)səbˈdʒekt"
    },
    {
        "name": "because",
        "trans": [
            "因为"
        ],
        "usphone": "bɪ'kɔz",
        "ukphone": "bɪ'kɒz"
    },
    {
        "name": "interesting",
        "trans": [
            "有趣的"
        ],
        "usphone": "'ɪntrəstɪŋ",
        "ukphone": "ˈɪntrəstɪŋ"
    },
    {
        "name": "talk",
        "trans": [
            "谈论，说话"
        ],
        "usphone": "tɔk",
        "ukphone": "tɔːk"
    },
    {
        "name": "begin",
        "trans": [
            "开始"
        ],
        "usphone": "bɪ'ɡɪn",
        "ukphone": "bɪ'gɪn"
    },
    {
        "name": "when",
        "trans": [
            "什么时候，何时"
        ],
        "usphone": "hwen; hwɛn",
        "ukphone": "wen"
    },
    {
        "name": "go to school",
        "trans": [
            "上学"
        ],
        "usphone": "",
        "ukphone": ""
    },
    {
        "name": "weekday",
        "trans": [
            "工作日"
        ],
        "usphone": "'wikde",
        "ukphone": "'wiːkdeɪ"
    },
    {
        "name": "get up",
        "trans": [
            "起床"
        ],
        "usphone": "",
        "ukphone": ""
    },
    {
        "name": "have breakfast",
        "trans": [
            "吃早餐"
        ],
        "usphone": "hæv 'brɛkfəst",
        "ukphone": "hæv 'brekfəst"
    },
    {
        "name": "house",
        "trans": [
            "房子；住宅"
        ],
        "usphone": "haʊs",
        "ukphone": "haʊs"
    },
    {
        "name": "start",
        "trans": [
            "开始"
        ],
        "usphone": "stɑrt",
        "ukphone": "stɑːt"
    },
    {
        "name": "work",
        "trans": [
            "学习；工作",
            "学习；工作"
        ],
        "usphone": "wɝk",
        "ukphone": "wɜːk"
    },
    {
        "name": "break",
        "trans": [
            "（课间）休息"
        ],
        "usphone": "brek",
        "ukphone": "breɪk"
    },
    {
        "name": "have lunch",
        "trans": [
            "吃午餐"
        ],
        "usphone": "",
        "ukphone": ""
    },
    {
        "name": "go home",
        "trans": [
            "回家"
        ],
        "usphone": "",
        "ukphone": ""
    },
    {
        "name": "evening",
        "trans": [
            "晚上"
        ],
        "usphone": "'ivnɪŋ",
        "ukphone": "'iːv(ə)nɪŋ"
    },
    {
        "name": "watch",
        "trans": [
            "看，观看"
        ],
        "usphone": "wɑtʃ",
        "ukphone": "wɒtʃ"
    },
    {
        "name": "have dinner",
        "trans": [
            "吃饭；吃晚餐"
        ],
        "usphone": "",
        "ukphone": ""
    },
    {
        "name": "Do",
        "trans": [
            "做；干"
        ],
        "usphone": "du",
        "ukphone": "duː"
    },
    {
        "name": "homework",
        "trans": [
            "家庭作业"
        ],
        "usphone": "'hom'wɝk",
        "ukphone": "'həʊmwɜːk"
    },
    {
        "name": "bed",
        "trans": [
            "床"
        ],
        "usphone": "bɛd",
        "ukphone": "bed"
    },
    {
        "name": "go to bed",
        "trans": [
            "上床睡觉"
        ],
        "usphone": "",
        "ukphone": ""
    },
    {
        "name": "sleep",
        "trans": [
            "睡觉",
            "睡觉"
        ],
        "usphone": "slip",
        "ukphone": "sliːp"
    },
    {
        "name": "go to sleep",
        "trans": [
            "开始睡觉；入睡"
        ],
        "usphone": "",
        "ukphone": ""
    },
    {
        "name": "park",
        "trans": [
            "公园"
        ],
        "usphone": "pɑrk",
        "ukphone": "pɑːk"
    },
    {
        "name": "busy",
        "trans": [
            "忙的；繁忙的"
        ],
        "usphone": "ˈbɪzɪ",
        "ukphone": "'bɪzɪ"
    },
    {
        "name": "wash",
        "trans": [
            "洗；洗涤"
        ],
        "usphone": "wɔʃ",
        "ukphone": "wɒʃ"
    },
    {
        "name": "face",
        "trans": [
            "脸"
        ],
        "usphone": "fes",
        "ukphone": "feɪs"
    },
    {
        "name": "minute",
        "trans": [
            "分钟"
        ],
        "usphone": "'mɪnɪt",
        "ukphone": "'mɪnɪt"
    },
    {
        "name": "grandma",
        "trans": [
            "（外）祖母"
        ],
        "usphone": "ɡrænmɑ",
        "ukphone": "'græn(d)mɑː"
    },
    {
        "name": "grandpa",
        "trans": [
            "（外）祖父"
        ],
        "usphone": "ˈɡrænˌpɑ",
        "ukphone": "ˈgrænpɑ:"
    },
    {
        "name": "him",
        "trans": [
            "（宾格）他"
        ],
        "usphone": "hɪm",
        "ukphone": "hɪm"
    },
    {
        "name": "want",
        "trans": [
            "想要；需要"
        ],
        "usphone": "wɑnt",
        "ukphone": "wɒnt"
    },
    {
        "name": "make",
        "trans": [
            "做，制作"
        ],
        "usphone": "mek",
        "ukphone": "meɪk"
    },
    {
        "name": "kitchen",
        "trans": [
            "厨房"
        ],
        "usphone": "'kɪtʃɪn",
        "ukphone": "'kɪtʃɪn; -tʃ(ə)n"
    },
    {
        "name": "farmer",
        "trans": [
            "农民"
        ],
        "usphone": "'fɑmɚ",
        "ukphone": "'fɑːmə"
    },
    {
        "name": "week",
        "trans": [
            "星期"
        ],
        "usphone": "wik",
        "ukphone": "wiːk"
    },
    {
        "name": "read",
        "trans": [
            "阅读；看懂"
        ],
        "usphone": "rid; rɛd",
        "ukphone": "ri:d;red"
    },
    {
        "name": "story",
        "trans": [
            "故事"
        ],
        "usphone": "stɔrɪ",
        "ukphone": "'stɔːrɪ"
    },
    {
        "name": "live",
        "trans": [
            "生活；住"
        ],
        "usphone": "laɪv；lɪv",
        "ukphone": "laɪv；lɪv"
    },
    {
        "name": "bear",
        "trans": [
            "熊"
        ],
        "usphone": "bɛr",
        "ukphone": "beə"
    },
    {
        "name": "elephant",
        "trans": [
            "大象"
        ],
        "usphone": "ˈɛləfənt",
        "ukphone": "'elɪf(ə)nt"
    },
    {
        "name": "giraffe",
        "trans": [
            "长颈鹿"
        ],
        "usphone": "dʒəˈræf; dʒəˈræf",
        "ukphone": "dʒɪˈrɑ:f"
    },
    {
        "name": "lion",
        "trans": [
            "狮子"
        ],
        "usphone": "'laɪən",
        "ukphone": "'laɪən"
    },
    {
        "name": "monkey",
        "trans": [
            "猴子"
        ],
        "usphone": "'mʌŋki",
        "ukphone": "'mʌŋkɪ"
    },
    {
        "name": "panda",
        "trans": [
            "熊猫"
        ],
        "usphone": "'pændə",
        "ukphone": "'pændə"
    },
    {
        "name": "tiger",
        "trans": [
            "老虎"
        ],
        "usphone": "'taɪɡɚ",
        "ukphone": "'taɪgə"
    },
    {
        "name": "zebra",
        "trans": [
            "斑马"
        ],
        "usphone": "ˈzibrə",
        "ukphone": "'zebrə; 'ziːbrə"
    },
    {
        "name": "zoo",
        "trans": [
            "动物园"
        ],
        "usphone": "zu",
        "ukphone": "zuː"
    },
    {
        "name": "guide",
        "trans": [
            "导游"
        ],
        "usphone": "ɡaɪd",
        "ukphone": "gaɪd"
    },
    {
        "name": "animal",
        "trans": [
            "动物"
        ],
        "usphone": "'ænɪml",
        "ukphone": "'ænɪm(ə)l"
    },
    {
        "name": "such",
        "trans": [
            "这样的；如此的"
        ],
        "usphone": "sʌtʃ",
        "ukphone": "sʌtʃ"
    },
    {
        "name": "as",
        "trans": [
            "像⋯⋯一样"
        ],
        "usphone": "æz; əz",
        "ukphone": "æz; əz"
    },
    {
        "name": "such as",
        "trans": [
            "比如"
        ],
        "usphone": "",
        "ukphone": ""
    },
    {
        "name": "come",
        "trans": [
            "来"
        ],
        "usphone": "kʌm",
        "ukphone": "kʌm"
    },
    {
        "name": "come from",
        "trans": [
            "来自"
        ],
        "usphone": "",
        "ukphone": ""
    },
    {
        "name": "different",
        "trans": [
            "不同的"
        ],
        "usphone": "'dɪfrənt",
        "ukphone": "ˈdɪfrənt"
    },
    {
        "name": "country",
        "trans": [
            "国家"
        ],
        "usphone": "'kʌntri",
        "ukphone": "'kʌntrɪ"
    },
    {
        "name": "other",
        "trans": [
            "其他的"
        ],
        "usphone": "'ʌðɚ",
        "ukphone": "'ʌðə"
    },
    {
        "name": "dangerous",
        "trans": [
            "危险的"
        ],
        "usphone": "'dendʒərəs",
        "ukphone": "ˈdeɪndʒərəs"
    },
    {
        "name": "ugh",
        "trans": [
            "啊，哎呀"
        ],
        "usphone": "ɜ",
        "ukphone": "ɜ:"
    },
    {
        "name": "also",
        "trans": [
            "也；而且"
        ],
        "usphone": "'ɔlso",
        "ukphone": "'ɔːlsəʊ"
    },
    {
        "name": "plant",
        "trans": [
            "植物"
        ],
        "usphone": "plænt",
        "ukphone": "plɑːnt"
    },
    {
        "name": "look",
        "trans": [
            "看，瞧"
        ],
        "usphone": "lʊk",
        "ukphone": "lʊk"
    },
    {
        "name": "look at",
        "trans": [
            "看"
        ],
        "usphone": "lʊk æt",
        "ukphone": ""
    },
    {
        "name": "tall",
        "trans": [
            "高的"
        ],
        "usphone": "tɔl",
        "ukphone": "tɔːl"
    },
    {
        "name": "sure",
        "trans": [
            "的确，当然"
        ],
        "usphone": "ʃʊər; ʃʊr",
        "ukphone": "ʃɔ:(r)"
    },
    {
        "name": "bamboo",
        "trans": [
            "竹子"
        ],
        "usphone": ",bæm'bu",
        "ukphone": "bæm'buː"
    },
    {
        "name": "cute",
        "trans": [
            "可爱的"
        ],
        "usphone": "kjʊt",
        "ukphone": "kjuːt"
    },
    {
        "name": "shall",
        "trans": [
            "⋯⋯好吗？要不要⋯⋯？"
        ],
        "usphone": "ʃəl",
        "ukphone": "ʃæl; ʃ(ə)l"
    },
    {
        "name": "them",
        "trans": [
            "（宾格）他们，她们，它们"
        ],
        "usphone": "ðɛm; ðəm",
        "ukphone": "ðem; ðəm"
    },
    {
        "name": "which",
        "trans": [
            "哪一个"
        ],
        "usphone": "wɪtʃ",
        "ukphone": "wɪtʃ"
    },
    {
        "name": "over",
        "trans": [
            "在⋯⋯的上方"
        ],
        "usphone": "'ovɚ",
        "ukphone": "'əʊvə"
    },
    {
        "name": "There",
        "trans": [
            "在那里，往那里"
        ],
        "usphone": "ðɛr",
        "ukphone": "ðeə; ðə"
    },
    {
        "name": "over there",
        "trans": [
            "在那边，在那里"
        ],
        "usphone": "'ovɚ ðɛr",
        "ukphone": "'əʊvə ðeə"
    },
    {
        "name": "funny",
        "trans": [
            "有趣的"
        ],
        "usphone": "'fʌni",
        "ukphone": "'fʌnɪ"
    },
    {
        "name": "call",
        "trans": [
            "把⋯⋯叫做；称呼⋯⋯为"
        ],
        "usphone": "kɔl",
        "ukphone": "kɔːl"
    },
    {
        "name": "Africa",
        "trans": [
            "非洲"
        ],
        "usphone": "ˈæfrɪkə",
        "ukphone": "'æfrɪkə"
    },
    {
        "name": "Asia",
        "trans": [
            "亚洲"
        ],
        "usphone": "ˈeɪʒə",
        "ukphone": "ˈeɪʃə"
    },
    {
        "name": "Europe",
        "trans": [
            "欧洲"
        ],
        "usphone": "'jʊrəp",
        "ukphone": "'jʊrəp"
    },
    {
        "name": "little",
        "trans": [
            "极少量的"
        ],
        "usphone": "'lɪtl",
        "ukphone": "'lɪt(ə)l"
    },
    {
        "name": "a little",
        "trans": [
            "少量"
        ],
        "usphone": "",
        "ukphone": ""
    },
    {
        "name": "only",
        "trans": [
            "仅仅；只"
        ],
        "usphone": "onlɪ",
        "ukphone": "'əʊnlɪ"
    },
    {
        "name": "About",
        "trans": [
            "大约，大致"
        ],
        "usphone": "ə'baʊt",
        "ukphone": "ə'baʊt"
    },
    {
        "name": "kilo (= kilogram)",
        "trans": [
            "千克；公斤"
        ],
        "usphone": "",
        "ukphone": ""
    },
    {
        "name": "as well as",
        "trans": [
            "并且，还"
        ],
        "usphone": "",
        "ukphone": ""
    },
    {
        "name": "people",
        "trans": [
            "人，人们"
        ],
        "usphone": "'pipl",
        "ukphone": "'piːp(ə)l"
    },
    {
        "name": "all over the world",
        "trans": [
            "全世界"
        ],
        "usphone": "",
        "ukphone": ""
    },
    {
        "name": "African",
        "trans": [
            "非洲的",
            "非洲人"
        ],
        "usphone": "'æfrɪkən",
        "ukphone": "'æfrɪk(ə)n"
    },
    {
        "name": "leaf",
        "trans": [
            "叶子 (pl. leaves)"
        ],
        "usphone": "lif",
        "ukphone": "liːf"
    },
    {
        "name": "grass",
        "trans": [
            "草"
        ],
        "usphone": "ɡræs",
        "ukphone": "grɑːs"
    },
    {
        "name": "large",
        "trans": [
            "大的，巨大的"
        ],
        "usphone": "lɑrdʒ",
        "ukphone": "lɑːdʒ"
    },
    {
        "name": "usually",
        "trans": [
            "通常"
        ],
        "usphone": "juʒəlɪ",
        "ukphone": "ˈjuːʒʊəlɪ"
    },
    {
        "name": "alone",
        "trans": [
            "独自地"
        ],
        "usphone": "ə'lon",
        "ukphone": "ə'ləʊn"
    },
    {
        "name": "be good at",
        "trans": [
            "擅长"
        ],
        "usphone": "",
        "ukphone": ""
    },
    {
        "name": "strong",
        "trans": [
            "强壮的；强大的；强烈的"
        ],
        "usphone": "strɔŋ",
        "ukphone": "strɒŋ"
    },
    {
        "name": "catch",
        "trans": [
            "抓住；接住"
        ],
        "usphone": "kætʃ",
        "ukphone": "kætʃ"
    },
    {
        "name": "many kinds of",
        "trans": [
            "许多种类"
        ],
        "usphone": "",
        "ukphone": ""
    },
    {
        "name": "even",
        "trans": [
            "甚至"
        ],
        "usphone": "'ivən",
        "ukphone": "'iːv(ə)n"
    },
    {
        "name": "keyboard",
        "trans": [
            "键盘"
        ],
        "usphone": "'ki'bɔrd",
        "ukphone": "'kiːbɔːd"
    },
    {
        "name": "mouse",
        "trans": [
            "鼠标；老鼠 (pl. mice)"
        ],
        "usphone": "maʊs",
        "ukphone": "maʊs"
    },
    {
        "name": "screen",
        "trans": [
            "屏幕"
        ],
        "usphone": "skrin",
        "ukphone": "skriːn"
    },
    {
        "name": "connect",
        "trans": [
            "连接"
        ],
        "usphone": "kə'nɛkt",
        "ukphone": "kə'nekt"
    },
    {
        "name": "turn",
        "trans": [
            "转动"
        ],
        "usphone": "tɝn",
        "ukphone": "tɜːn"
    },
    {
        "name": "turn on",
        "trans": [
            "打开"
        ],
        "usphone": "tɝ​n ɑn",
        "ukphone": "tɜ:n ɒn"
    },
    {
        "name": "learn",
        "trans": [
            "学；学习"
        ],
        "usphone": "lɝn",
        "ukphone": "lɜːn"
    },
    {
        "name": "document",
        "trans": [
            "文件"
        ],
        "usphone": "dɑkjəmənt",
        "ukphone": "'dɒkjʊm(ə)nt"
    },
    {
        "name": "click",
        "trans": [
            "点击"
        ],
        "usphone": "klɪk",
        "ukphone": "klɪk"
    },
    {
        "name": "use",
        "trans": [
            "使用"
        ],
        "usphone": "juz",
        "ukphone": "juːz"
    },
    {
        "name": "save",
        "trans": [
            "保存；储存"
        ],
        "usphone": "sev",
        "ukphone": "seɪv"
    },
    {
        "name": "box",
        "trans": [
            "（计算机屏幕上的）框；盒子"
        ],
        "usphone": "bɑks",
        "ukphone": "bɒks"
    },
    {
        "name": "finally",
        "trans": [
            "最后"
        ],
        "usphone": "'faɪnlɪ",
        "ukphone": "'faɪnəlɪ"
    },
    {
        "name": "print",
        "trans": [
            "打印"
        ],
        "usphone": "prɪnt",
        "ukphone": "prɪnt"
    },
    {
        "name": "paper",
        "trans": [
            "纸"
        ],
        "usphone": "'pepɚ",
        "ukphone": "'peɪpə"
    },
    {
        "name": "share",
        "trans": [
            "共用；分享"
        ],
        "usphone": "ʃɛr",
        "ukphone": "ʃeə"
    },
    {
        "name": "Australia",
        "trans": [
            "澳大利亚"
        ],
        "usphone": "ɔ'streljə",
        "ukphone": "ɒ'streɪlɪə"
    },
    {
        "name": "company",
        "trans": [
            "公司；剧团"
        ],
        "usphone": "'kʌmpəni",
        "ukphone": "'kʌmp(ə)nɪ"
    },
    {
        "name": "often",
        "trans": [
            "经常"
        ],
        "usphone": "ˈɔ:fn; ɔfən",
        "ukphone": "'ɒf(tə)n"
    },
    {
        "name": "customer",
        "trans": [
            "顾客"
        ],
        "usphone": "'kʌstəmɚ",
        "ukphone": "'kʌstəmə"
    },
    {
        "name": "Internet",
        "trans": [
            "因特网"
        ],
        "usphone": "'ɪntɚnɛt",
        "ukphone": "'ɪntənet"
    },
    {
        "name": "check",
        "trans": [
            "检查；查看"
        ],
        "usphone": "tʃɛk",
        "ukphone": "tʃek"
    },
    {
        "name": "train",
        "trans": [
            "火车"
        ],
        "usphone": "tren",
        "ukphone": "treɪn"
    },
    {
        "name": "travel",
        "trans": [
            "旅行"
        ],
        "usphone": "'trævl",
        "ukphone": "'træv(ə)l"
    },
    {
        "name": "plan",
        "trans": [
            "计划",
            "计划；打算"
        ],
        "usphone": "plæn",
        "ukphone": "plæn"
    },
    {
        "name": "ticket",
        "trans": [
            "票"
        ],
        "usphone": "'tɪkɪt",
        "ukphone": "'tɪkɪt"
    },
    {
        "name": "music",
        "trans": [
            "音乐"
        ],
        "usphone": "'mjuzɪk",
        "ukphone": "'mjuːzɪk"
    },
    {
        "name": "movie",
        "trans": [
            "电影"
        ],
        "usphone": "'muvi",
        "ukphone": "'muːvɪ"
    },
    {
        "name": "night",
        "trans": [
            "夜晚"
        ],
        "usphone": "naɪt",
        "ukphone": "naɪt"
    },
    {
        "name": "search",
        "trans": [
            "搜寻；搜索；查找"
        ],
        "usphone": "sɝtʃ",
        "ukphone": "sɜːtʃ"
    },
    {
        "name": "search for",
        "trans": [
            "搜寻；查找"
        ],
        "usphone": "",
        "ukphone": ""
    },
    {
        "name": "information",
        "trans": [
            "信息"
        ],
        "usphone": "'ɪnfɚ'meʃən",
        "ukphone": "ɪnfə'meɪʃ(ə)n"
    },
    {
        "name": "email",
        "trans": [
            "电子邮件"
        ],
        "usphone": "'imel",
        "ukphone": "'iːmeɪl"
    },
    {
        "name": "send",
        "trans": [
            "发送"
        ],
        "usphone": "sɛnd",
        "ukphone": "send"
    },
    {
        "name": "game",
        "trans": [
            "游戏"
        ],
        "usphone": "ɡem",
        "ukphone": "geɪm"
    },
    {
        "name": "sometimes",
        "trans": [
            "有时候；不时"
        ],
        "usphone": "'sʌmtaɪmz",
        "ukphone": "'sʌmtaɪmz"
    },
    {
        "name": "cinema",
        "trans": [
            "电影院"
        ],
        "usphone": "'sɪnəmə",
        "ukphone": "ˈsɪnəmə；ˈsɪnɪmə"
    },
    {
        "name": "clothes",
        "trans": [
            "衣服（总称）"
        ],
        "usphone": "kloz",
        "ukphone": "kləʊ(ð)z"
    },
    {
        "name": "visit",
        "trans": [
            "探望；参观"
        ],
        "usphone": "'vɪzɪt",
        "ukphone": "'vɪzɪt"
    },
    {
        "name": "holiday",
        "trans": [
            "假日；节日"
        ],
        "usphone": "'hɑləde",
        "ukphone": "'hɒlɪdeɪ; -dɪ"
    },
    {
        "name": "card",
        "trans": [
            "卡片"
        ],
        "usphone": "kɑrd",
        "ukphone": "kɑːd"
    },
    {
        "name": "party",
        "trans": [
            "晚会；聚会"
        ],
        "usphone": "'pɑrti",
        "ukphone": "'pɑːtɪ"
    },
    {
        "name": "present",
        "trans": [
            "礼物"
        ],
        "usphone": "prɪˈzɛnt;(for n.)ˈprɛznt",
        "ukphone": "prɪˈzent;(for n.)ˈpreznt"
    },
    {
        "name": "would",
        "trans": [
            "肯，会；愿意"
        ],
        "usphone": "wʊd; wəd",
        "ukphone": "wʊd; wəd"
    },
    {
        "name": "always",
        "trans": [
            "总是；一直"
        ],
        "usphone": "'ɔlwez",
        "ukphone": "ˈɔ:lweɪz"
    },
    {
        "name": "great",
        "trans": [
            "太好了；巨大的；超乎寻常的"
        ],
        "usphone": "ɡret",
        "ukphone": "greɪt"
    },
    {
        "name": "cake",
        "trans": [
            "蛋糕"
        ],
        "usphone": "kek",
        "ukphone": "keɪk"
    },
    {
        "name": "never",
        "trans": [
            "从不"
        ],
        "usphone": "'nɛvɚ",
        "ukphone": "'nevə"
    },
    {
        "name": "special",
        "trans": [
            "特别的，特殊的"
        ],
        "usphone": "ˈspɛʃəl",
        "ukphone": "'speʃ(ə)l"
    },
    {
        "name": "cut",
        "trans": [
            "切；剪"
        ],
        "usphone": "kʌt",
        "ukphone": "kʌt"
    },
    {
        "name": "give",
        "trans": [
            "给，送"
        ],
        "usphone": "ɡɪv",
        "ukphone": "gɪv"
    },
    {
        "name": "sing",
        "trans": [
            "唱，唱歌"
        ],
        "usphone": "sɪŋ",
        "ukphone": "sɪŋ"
    },
    {
        "name": "happy",
        "trans": [
            "高兴的；幸福的"
        ],
        "usphone": "'hæpɪ",
        "ukphone": "'hæpɪ"
    },
    {
        "name": "secret",
        "trans": [
            "秘密"
        ],
        "usphone": "'sikrɪt",
        "ukphone": "'siːkrɪt"
    },
    {
        "name": "ha ha",
        "trans": [
            "哈哈（表笑声）"
        ],
        "usphone": "",
        "ukphone": ""
    },
    {
        "name": "CD",
        "trans": [
            "激光唱片；光盘"
        ],
        "usphone": "",
        "ukphone": ""
    },
    {
        "name": "concert",
        "trans": [
            "音乐会"
        ],
        "usphone": "'kɑnsɚt",
        "ukphone": "'kɒnsət"
    },
    {
        "name": "magazine",
        "trans": [
            "杂志"
        ],
        "usphone": "'mæɡəzin",
        "ukphone": "mægə'ziːn"
    },
    {
        "name": "scarf",
        "trans": [
            "围巾"
        ],
        "usphone": "skɑrf",
        "ukphone": "skɑːf"
    },
    {
        "name": "silk",
        "trans": [
            "丝绸"
        ],
        "usphone": "sɪlk",
        "ukphone": "sɪlk"
    },
    {
        "name": "dress",
        "trans": [
            "连衣裙；礼服"
        ],
        "usphone": "drɛs",
        "ukphone": "dres"
    },
    {
        "name": "T-shirt",
        "trans": [
            "T恤衫"
        ],
        "usphone": "'ti,ʃɝt",
        "ukphone": "'ti, ʃɜ:t"
    },
    {
        "name": "choose",
        "trans": [
            "选择；挑选"
        ],
        "usphone": "tʃuz",
        "ukphone": "tʃuːz"
    },
    {
        "name": "exercise",
        "trans": [
            "锻炼；练习"
        ],
        "usphone": "'ɛksɚsaɪz",
        "ukphone": "'eksəsaɪz"
    },
    {
        "name": "wear",
        "trans": [
            "穿；戴"
        ],
        "usphone": "wɛr",
        "ukphone": "weə"
    },
    {
        "name": "expensive",
        "trans": [
            "昂贵的"
        ],
        "usphone": "ɪk'spɛnsɪv",
        "ukphone": "ɪkˈspensɪv"
    },
    {
        "name": "shoe",
        "trans": [
            "鞋，鞋子"
        ],
        "usphone": "ʃu",
        "ukphone": "ʃuː"
    },
    {
        "name": "spend",
        "trans": [
            "花（钱）；花费"
        ],
        "usphone": "spɛnd",
        "ukphone": "spend"
    },
    {
        "name": "money",
        "trans": [
            "钱，金钱"
        ],
        "usphone": "'mʌni",
        "ukphone": "'mʌnɪ"
    },
    {
        "name": "film",
        "trans": [
            "电影"
        ],
        "usphone": "fɪlm",
        "ukphone": "fɪlm"
    },
    {
        "name": "song",
        "trans": [
            "歌曲"
        ],
        "usphone": "sɔŋ",
        "ukphone": "sɒŋ"
    },
    {
        "name": "match",
        "trans": [
            "（尤指体育方面的）比赛，竞赛"
        ],
        "usphone": "mætʃ",
        "ukphone": "mætʃ"
    },
    {
        "name": "weekend",
        "trans": [
            "周末"
        ],
        "usphone": "ˈwikend",
        "ukphone": "wiːkˈɛnd"
    },
    {
        "name": "at weekends",
        "trans": [
            "在周末"
        ],
        "usphone": "",
        "ukphone": ""
    },
    {
        "name": "dear",
        "trans": [
            "（用于信开头某人的名字前）亲爱的"
        ],
        "usphone": "dɪr",
        "ukphone": "dɪə"
    },
    {
        "name": "hear",
        "trans": [
            "听见"
        ],
        "usphone": "hɪr",
        "ukphone": "hɪə"
    },
    {
        "name": "hear from",
        "trans": [
            "收到⋯⋯的来信"
        ],
        "usphone": "",
        "ukphone": ""
    },
    {
        "name": "afraid",
        "trans": [
            "担心的；害怕的"
        ],
        "usphone": "ə'fred",
        "ukphone": "ə'freɪd"
    },
    {
        "name": "I'm afraid",
        "trans": [
            "[口] 恐怕（用于礼貌地拒绝）"
        ],
        "usphone": "",
        "ukphone": ""
    },
    {
        "name": "can't = cannot",
        "trans": [
            "不能"
        ],
        "usphone": "",
        "ukphone": ""
    },
    {
        "name": "postcard",
        "trans": [
            "明信片"
        ],
        "usphone": "'post'kɑrd",
        "ukphone": "'pəʊs(t)kɑːd"
    },
    {
        "name": "Call",
        "trans": [
            "（给⋯⋯）打电话"
        ],
        "usphone": "kɔl",
        "ukphone": "kɔːl"
    },
    {
        "name": "lie",
        "trans": [
            "躺；平躺"
        ],
        "usphone": "",
        "ukphone": "laɪ"
    },
    {
        "name": "sun",
        "trans": [
            "太阳"
        ],
        "usphone": "sʌn",
        "ukphone": "sʌn"
    },
    {
        "name": "line",
        "trans": [
            "行，排，列"
        ],
        "usphone": "laɪn",
        "ukphone": "laɪn"
    },
    {
        "name": "take",
        "trans": [
            "拿，取；花费（时间）"
        ],
        "usphone": "tek",
        "ukphone": "teɪk"
    },
    {
        "name": "take photos",
        "trans": [
            "拍照"
        ],
        "usphone": "",
        "ukphone": ""
    },
    {
        "name": "wait",
        "trans": [
            "等待，等候"
        ],
        "usphone": "wet",
        "ukphone": "weɪt"
    },
    {
        "name": "wait for",
        "trans": [
            "等待，等候"
        ],
        "usphone": "",
        "ukphone": ""
    },
    {
        "name": "walk",
        "trans": [
            "行走；步行"
        ],
        "usphone": "wɔk",
        "ukphone": "wɔːk"
    },
    {
        "name": "trip",
        "trans": [
            "旅行"
        ],
        "usphone": "trɪp",
        "ukphone": "trɪp"
    },
    {
        "name": "few",
        "trans": [
            "一些；几个；很少（的）"
        ],
        "usphone": "fju",
        "ukphone": "fjuː"
    },
    {
        "name": "a few",
        "trans": [
            "一些；几个"
        ],
        "usphone": "",
        "ukphone": ""
    },
    {
        "name": "sale",
        "trans": [
            "卖；出售"
        ],
        "usphone": "sel",
        "ukphone": "seɪl"
    },
    {
        "name": "on sale",
        "trans": [
            "正在出售"
        ],
        "usphone": "",
        "ukphone": ""
    },
    {
        "name": "enjoy",
        "trans": [
            "享受⋯⋯的乐趣；喜爱"
        ],
        "usphone": "ɪn'dʒɔɪ",
        "ukphone": "ɪnˈdʒɔɪ"
    },
    {
        "name": "anyway",
        "trans": [
            "尽管如此；无论如何"
        ],
        "usphone": "'ɛnɪ'we",
        "ukphone": "'enɪweɪ"
    },
    {
        "name": "back",
        "trans": [
            "向后；回到；返回"
        ],
        "usphone": "bæk",
        "ukphone": "bæk"
    },
    {
        "name": "go back",
        "trans": [
            "回去"
        ],
        "usphone": "",
        "ukphone": ""
    },
    {
        "name": "drive",
        "trans": [
            "驾驶；驾车"
        ],
        "usphone": "draɪv",
        "ukphone": "draɪv"
    },
    {
        "name": "off",
        "trans": [
            "下（飞机、火车、公共汽车等）"
        ],
        "usphone": "ɔf",
        "ukphone": "ɒf"
    },
    {
        "name": "get off",
        "trans": [
            "下（飞机、火车、公共汽车等）"
        ],
        "usphone": "",
        "ukphone": ""
    },
    {
        "name": "hot dog",
        "trans": [
            "热狗（一种中间夹香肠的三明治）"
        ],
        "usphone": "",
        "ukphone": ""
    },
    {
        "name": "leave",
        "trans": [
            "离开"
        ],
        "usphone": "liv",
        "ukphone": "liːv"
    },
    {
        "name": "restaurant",
        "trans": [
            "饭店；餐馆"
        ],
        "usphone": "ˈrestərənt; rɛstərənt",
        "ukphone": "ˈrestrɒnt"
    },
    {
        "name": "moment",
        "trans": [
            "（某事发生的）时刻，时候"
        ],
        "usphone": "'momənt",
        "ukphone": "'məʊm(ə)nt"
    },
    {
        "name": "place",
        "trans": [
            "地点"
        ],
        "usphone": "ples",
        "ukphone": "pleɪs"
    },
    {
        "name": "thing",
        "trans": [
            "事情；东西"
        ],
        "usphone": "θɪŋ",
        "ukphone": "θɪŋ"
    },
    {
        "name": "most",
        "trans": [
            "大部分（的）；大多数（的）"
        ],
        "usphone": "most",
        "ukphone": "məʊst"
    },
    {
        "name": "still",
        "trans": [
            "仍然，依旧"
        ],
        "usphone": "stɪl",
        "ukphone": "stɪl"
    },
    {
        "name": "star",
        "trans": [
            "明星；星；星状物"
        ],
        "usphone": "stɑr",
        "ukphone": "stɑː"
    },
    {
        "name": "run",
        "trans": [
            "跑，奔跑"
        ],
        "usphone": "rʌn",
        "ukphone": "rʌn"
    },
    {
        "name": "study",
        "trans": [
            "学习；研究"
        ],
        "usphone": "'stʌdi",
        "ukphone": "'stʌdɪ"
    },
    {
        "name": "lantern",
        "trans": [
            "灯笼"
        ],
        "usphone": "'læntɚn",
        "ukphone": "'læntən"
    },
    {
        "name": "dragon",
        "trans": [
            "龙"
        ],
        "usphone": "'dræɡən",
        "ukphone": "'dræg(ə)n"
    },
    {
        "name": "dance",
        "trans": [
            "舞蹈",
            "跳舞"
        ],
        "usphone": "dæns",
        "ukphone": "dɑːns"
    },
    {
        "name": "clean",
        "trans": [
            "打扫",
            "清洁的；干净的"
        ],
        "usphone": "klin",
        "ukphone": "kliːn"
    },
    {
        "name": "sweep",
        "trans": [
            "打扫；清扫"
        ],
        "usphone": "swip",
        "ukphone": "swiːp"
    },
    {
        "name": "floor",
        "trans": [
            "地板"
        ],
        "usphone": "flɔr",
        "ukphone": "flɔː"
    },
    {
        "name": "cook",
        "trans": [
            "烹调；煮；烧"
        ],
        "usphone": "kʊk",
        "ukphone": "kʊk"
    },
    {
        "name": "meal",
        "trans": [
            "一餐；一顿饭"
        ],
        "usphone": "mil",
        "ukphone": "miːl"
    },
    {
        "name": "speak",
        "trans": [
            "说话，讲话"
        ],
        "usphone": "spik",
        "ukphone": "spiːk"
    },
    {
        "name": "happen",
        "trans": [
            "发生"
        ],
        "usphone": "'hæpən",
        "ukphone": "'hæp(ə)n"
    },
    {
        "name": "ready",
        "trans": [
            "有准备的；准备好的"
        ],
        "usphone": "'rɛdi",
        "ukphone": "'redɪ"
    },
    {
        "name": "get ready for",
        "trans": [
            "为⋯⋯做好准备"
        ],
        "usphone": "",
        "ukphone": ""
    },
    {
        "name": "festival",
        "trans": [
            "节日"
        ],
        "usphone": "ˈfɛstəvl",
        "ukphone": "ˈfestəvl"
    },
    {
        "name": "quite",
        "trans": [
            "十分；相当"
        ],
        "usphone": "kwaɪt",
        "ukphone": "kwaɪt"
    },
    {
        "name": "at the moment",
        "trans": [
            "此刻，目前"
        ],
        "usphone": "",
        "ukphone": ""
    },
    {
        "name": "beautiful",
        "trans": [
            "漂亮的，美丽的"
        ],
        "usphone": "'bjʊtəfəl",
        "ukphone": "ˈbju:tɪfl"
    },
    {
        "name": "at work",
        "trans": [
            "在工作"
        ],
        "usphone": "",
        "ukphone": ""
    },
    {
        "name": "away",
        "trans": [
            "在安全的地方；在通常存放的地方"
        ],
        "usphone": "əˈwe",
        "ukphone": "ə'weɪ"
    },
    {
        "name": "put away",
        "trans": [
            "收起；收拾好"
        ],
        "usphone": "",
        "ukphone": ""
    },
    {
        "name": "hard",
        "trans": [
            "努力地",
            "艰难的；困难的"
        ],
        "usphone": "hɑrd",
        "ukphone": "hɑːd"
    },
    {
        "name": "join",
        "trans": [
            "参加；加入"
        ],
        "usphone": "dʒɔɪn",
        "ukphone": "dʒɒɪn"
    },
    {
        "name": "hurry",
        "trans": [
            "赶快；匆忙"
        ],
        "usphone": "'hɝrɪ",
        "ukphone": "'hʌrɪ"
    },
    {
        "name": "hurry up",
        "trans": [
            "赶快"
        ],
        "usphone": "'hɝrɪ ʌp",
        "ukphone": "'hʌrɪ ʌp"
    },
    {
        "name": "Christmas",
        "trans": [
            "圣诞节"
        ],
        "usphone": "",
        "ukphone": "ˈkrɪsməs"
    },
    {
        "name": "February",
        "trans": [
            "二月"
        ],
        "usphone": "ˈfebrʊerɪ;'fɛbrʊɛrɪ",
        "ukphone": "ˈfebrʊərɪ"
    },
    {
        "name": "January",
        "trans": [
            "一月"
        ],
        "usphone": "'dʒænjʊ'ɛri",
        "ukphone": "'dʒænjʊ(ə)rɪ"
    },
    {
        "name": "before",
        "trans": [
            "在⋯⋯之前"
        ],
        "usphone": "bɪ'fɔr",
        "ukphone": "bɪ'fɔː"
    },
    {
        "name": "sweep away",
        "trans": [
            "扫去"
        ],
        "usphone": "",
        "ukphone": ""
    },
    {
        "name": "luck",
        "trans": [
            "运气"
        ],
        "usphone": "lʌk",
        "ukphone": "lʌk"
    },
    {
        "name": "table",
        "trans": [
            "桌子"
        ],
        "usphone": "'tebl",
        "ukphone": "'teɪb(ə)l"
    },
    {
        "name": "celebrate",
        "trans": [
            "庆祝"
        ],
        "usphone": "sɛləˌbret",
        "ukphone": "'selɪbreɪt"
    },
    {
        "name": "traditional",
        "trans": [
            "传统的"
        ],
        "usphone": "trə'dɪʃənl",
        "ukphone": "trə'dɪʃ(ə)n(ə)l"
    },
    {
        "name": "dumpling",
        "trans": [
            "饺子；团子"
        ],
        "usphone": "'dʌmplɪŋ",
        "ukphone": "'dʌmplɪŋ"
    },
    {
        "name": "programme (AmE program)",
        "trans": [
            "（电视）节目"
        ],
        "usphone": "",
        "ukphone": ""
    },
    {
        "name": "sweater",
        "trans": [
            "厚运动衫；毛线衣"
        ],
        "usphone": "'swɛtɚ",
        "ukphone": "'swetə"
    },
    {
        "name": "coat",
        "trans": [
            "外套"
        ],
        "usphone": "kot",
        "ukphone": "kəʊt"
    },
    {
        "name": "mean",
        "trans": [
            "意思是；意味着"
        ],
        "usphone": "min",
        "ukphone": "miːn"
    },
    {
        "name": "lucky",
        "trans": [
            "幸运的"
        ],
        "usphone": "'lʌki",
        "ukphone": "'lʌkɪ"
    },
    {
        "name": "merry",
        "trans": [
            "愉快的，高兴的"
        ],
        "usphone": "'mɛri",
        "ukphone": "'merɪ"
    },
    {
        "name": "Merry Christmas",
        "trans": [
            "圣诞快乐"
        ],
        "usphone": "mɛrɪ krɪsməs",
        "ukphone": ""
    },
    {
        "name": "tell",
        "trans": [
            "讲；告诉"
        ],
        "usphone": "",
        "ukphone": "tel"
    },
    {
        "name": "think",
        "trans": [
            "想，认为"
        ],
        "usphone": "θɪŋk",
        "ukphone": "θɪŋk"
    }
]