[
    {
        "name": "crayon",
        "trans": [
            "蜡笔"
        ],
        "usphone": "kreən",
        "ukphone": "ˈkreɪən"
    },
    {
        "name": "eraser",
        "trans": [
            "橡皮擦"
        ],
        "usphone": "ɪ'resɚ",
        "ukphone": "ɪ'reɪzə"
    },
    {
        "name": "glove",
        "trans": [
            "手套"
        ],
        "usphone": "ɡlʌv",
        "ukphone": "glʌv"
    },
    {
        "name": "wallet",
        "trans": [
            "钱包"
        ],
        "usphone": "'wɑlɪt",
        "ukphone": "'wɒlɪt"
    },
    {
        "name": "watch",
        "trans": [
            "表；（通常指）手表"
        ],
        "usphone": "wɑtʃ",
        "ukphone": "wɒtʃ"
    },
    {
        "name": "whose",
        "trans": [
            "谁的"
        ],
        "usphone": "huz",
        "ukphone": "huːz"
    },
    {
        "name": "first of all",
        "trans": [
            "首先；第一"
        ],
        "usphone": "",
        "ukphone": ""
    },
    {
        "name": "lose",
        "trans": [
            "(lost) 失去"
        ],
        "usphone": "luz",
        "ukphone": "luːz"
    },
    {
        "name": "find",
        "trans": [
            "(found) 发现；找到"
        ],
        "usphone": "faɪnd",
        "ukphone": "faɪnd"
    },
    {
        "name": "lost and found box",
        "trans": [
            "失物招领箱"
        ],
        "usphone": "",
        "ukphone": ""
    },
    {
        "name": "mine",
        "trans": [
            "我的"
        ],
        "usphone": "maɪn",
        "ukphone": "maɪn"
    },
    {
        "name": "yours",
        "trans": [
            "你（们）的"
        ],
        "usphone": "jʊrz",
        "ukphone": "jɔːz; jʊəz"
    },
    {
        "name": "tape",
        "trans": [
            "录音带；录像带"
        ],
        "usphone": "tep",
        "ukphone": "teɪp"
    },
    {
        "name": "purple",
        "trans": [
            "紫色的；紫红色的",
            "紫色；紫红色"
        ],
        "usphone": "'pɝpl",
        "ukphone": "'pɜːp(ə)l"
    },
    {
        "name": "hers",
        "trans": [
            "她的"
        ],
        "usphone": "hɝz",
        "ukphone": "hɜːz"
    },
    {
        "name": "careful",
        "trans": [
            "仔细的；认真的；小心的"
        ],
        "usphone": "ˈkɛrfəl",
        "ukphone": "ˈkeəfl"
    },
    {
        "name": "be careful with",
        "trans": [
            "小心（对待）⋯⋯"
        ],
        "usphone": "",
        "ukphone": ""
    },
    {
        "name": "on",
        "trans": [
            "从某时刻起；在使用中；开着的",
            "在⋯⋯时候",
            "在⋯⋯河边"
        ],
        "usphone": "ɑn",
        "ukphone": "ɒn"
    },
    {
        "name": "from now on",
        "trans": [
            "从现在开始"
        ],
        "usphone": "",
        "ukphone": ""
    },
    {
        "name": "here is/are ⋯",
        "trans": [
            "（用于刚找到某人或某物时）在这儿"
        ],
        "usphone": "",
        "ukphone": ""
    },
    {
        "name": "camera",
        "trans": [
            "照相机"
        ],
        "usphone": "'kæmərə",
        "ukphone": "'kæm(ə)rə"
    },
    {
        "name": "phone",
        "trans": [
            "电话；电话机"
        ],
        "usphone": "fon",
        "ukphone": "fəʊn"
    },
    {
        "name": "mobile phone",
        "trans": [
            "移动电话；手机"
        ],
        "usphone": "",
        "ukphone": ""
    },
    {
        "name": "lost and found office",
        "trans": [
            "失物招领处"
        ],
        "usphone": "",
        "ukphone": ""
    },
    {
        "name": "in a hurry",
        "trans": [
            "匆匆忙忙"
        ],
        "usphone": "",
        "ukphone": ""
    },
    {
        "name": "leave",
        "trans": [
            "(left) 丢下；遗忘"
        ],
        "usphone": "liv",
        "ukphone": "liːv"
    },
    {
        "name": "plane",
        "trans": [
            "飞机"
        ],
        "usphone": "plen",
        "ukphone": "pleɪn"
    },
    {
        "name": "taxi",
        "trans": [
            "出租车"
        ],
        "usphone": "'tæksi",
        "ukphone": "'tæksɪ"
    },
    {
        "name": "why",
        "trans": [
            "为什么"
        ],
        "usphone": "hwaɪ",
        "ukphone": "waɪ"
    },
    {
        "name": "airport",
        "trans": [
            "机场；航空港"
        ],
        "usphone": "'ɛrpɔrt",
        "ukphone": "'eəpɔːt"
    },
    {
        "name": "hundred",
        "trans": [
            "百"
        ],
        "usphone": "ˈhʌndrɪd",
        "ukphone": "'hʌndrəd"
    },
    {
        "name": "hundreds of",
        "trans": [
            "几百；成百上千"
        ],
        "usphone": "",
        "ukphone": ""
    },
    {
        "name": "look for",
        "trans": [
            "寻找"
        ],
        "usphone": "",
        "ukphone": ""
    },
    {
        "name": "thousand",
        "trans": [
            "千"
        ],
        "usphone": "'θaʊznd",
        "ukphone": "'θaʊz(ə)nd"
    },
    {
        "name": "strange",
        "trans": [
            "奇怪的"
        ],
        "usphone": "strendʒ",
        "ukphone": "streɪndʒ"
    },
    {
        "name": "boat",
        "trans": [
            "船"
        ],
        "usphone": "bot",
        "ukphone": "bəʊt"
    },
    {
        "name": "duck",
        "trans": [
            "鸭"
        ],
        "usphone": "dʌk",
        "ukphone": "dʌk"
    },
    {
        "name": "pig",
        "trans": [
            "猪"
        ],
        "usphone": "pɪɡ",
        "ukphone": "pɪg"
    },
    {
        "name": "sausage",
        "trans": [
            "香肠；腊肠"
        ],
        "usphone": "'sɔsɪdʒ",
        "ukphone": "'sɒsɪdʒ"
    },
    {
        "name": "play",
        "trans": [
            "演奏；弹奏"
        ],
        "usphone": "ple",
        "ukphone": "pleɪ"
    },
    {
        "name": "tennis",
        "trans": [
            "网球"
        ],
        "usphone": "ˈtɛnɪs",
        "ukphone": "'tenɪs"
    },
    {
        "name": "piano",
        "trans": [
            "钢琴"
        ],
        "usphone": "pɪ'æno",
        "ukphone": "pɪ'ænəʊ"
    },
    {
        "name": "ride",
        "trans": [
            "(rode) 骑；乘"
        ],
        "usphone": "raɪd",
        "ukphone": "raɪd"
    },
    {
        "name": "club",
        "trans": [
            "俱乐部"
        ],
        "usphone": "klʌb",
        "ukphone": "klʌb"
    },
    {
        "name": "term",
        "trans": [
            "学期"
        ],
        "usphone": "tɝm",
        "ukphone": "tɜːm"
    },
    {
        "name": "board",
        "trans": [
            "布告板"
        ],
        "usphone": "bɔrd",
        "ukphone": "bɔːd"
    },
    {
        "name": "would like",
        "trans": [
            "想要；希望"
        ],
        "usphone": "",
        "ukphone": ""
    },
    {
        "name": "well",
        "trans": [
            "噢；喔"
        ],
        "usphone": "wɛl",
        "ukphone": "wel"
    },
    {
        "name": "all",
        "trans": [
            "所有的；全部的"
        ],
        "usphone": "ɔl",
        "ukphone": "ɔːl"
    },
    {
        "name": "that's all",
        "trans": [
            "仅此而已"
        ],
        "usphone": "",
        "ukphone": ""
    },
    {
        "name": "worry",
        "trans": [
            "焦虑；担心"
        ],
        "usphone": "ˈwʌrɪ",
        "ukphone": "'wʌrɪ"
    },
    {
        "name": "worry about",
        "trans": [
            "担心⋯⋯"
        ],
        "usphone": "",
        "ukphone": ""
    },
    {
        "name": "teach",
        "trans": [
            "(taught) 教；讲授"
        ],
        "usphone": "titʃ",
        "ukphone": "tiːtʃ"
    },
    {
        "name": "then",
        "trans": [
            "那么；就"
        ],
        "usphone": "ðɛn",
        "ukphone": "ðen"
    },
    {
        "name": "monitor",
        "trans": [
            "班长；监督员"
        ],
        "usphone": "'mɔnɪtɚ",
        "ukphone": "'mɒnɪtə"
    },
    {
        "name": "start",
        "trans": [
            "开始；开端"
        ],
        "usphone": "stɑrt",
        "ukphone": "stɑːt"
    },
    {
        "name": "get on well with sb.",
        "trans": [
            "与某人相处融洽"
        ],
        "usphone": "",
        "ukphone": ""
    },
    {
        "name": "ready",
        "trans": [
            "乐意的"
        ],
        "usphone": "'rɛdi",
        "ukphone": "'redɪ"
    },
    {
        "name": "ready to do sth.",
        "trans": [
            "乐于做某事"
        ],
        "usphone": "",
        "ukphone": ""
    },
    {
        "name": "promise",
        "trans": [
            "承诺；保证"
        ],
        "usphone": "'prɑmɪs",
        "ukphone": "'prɒmɪs"
    },
    {
        "name": "fast",
        "trans": [
            "快地；快速地",
            "快的；快速的"
        ],
        "usphone": "fæst",
        "ukphone": "fɑːst"
    },
    {
        "name": "fit",
        "trans": [
            "健康的；强健的"
        ],
        "usphone": "fɪt",
        "ukphone": "fɪt"
    },
    {
        "name": "just",
        "trans": [
            "就；正好"
        ],
        "usphone": "dʒʌst",
        "ukphone": "dʒʌst"
    },
    {
        "name": "ball",
        "trans": [
            "球；球类游戏"
        ],
        "usphone": "bɔl",
        "ukphone": "bɔːl"
    },
    {
        "name": "game",
        "trans": [
            "运动项目"
        ],
        "usphone": "ɡem",
        "ukphone": "geɪm"
    },
    {
        "name": "team",
        "trans": [
            "队伍；球队"
        ],
        "usphone": "tim",
        "ukphone": "tiːm"
    },
    {
        "name": "best",
        "trans": [
            "最好的"
        ],
        "usphone": "bɛst",
        "ukphone": "best"
    },
    {
        "name": "score",
        "trans": [
            "得分；成绩"
        ],
        "usphone": "skɔ",
        "ukphone": "skɔː"
    },
    {
        "name": "tidy",
        "trans": [
            "整齐的；整洁的；爱整洁的；爱整齐的",
            "收拾；整理"
        ],
        "usphone": "'taɪdi",
        "ukphone": "'taɪdɪ"
    },
    {
        "name": "sure",
        "trans": [
            "确信的；有把握的"
        ],
        "usphone": "ʃʊər; ʃʊr",
        "ukphone": "ʃɔ:(r)"
    },
    {
        "name": "everybody",
        "trans": [
            "每个人"
        ],
        "usphone": "'ɛvrɪbɑdi",
        "ukphone": "'evrɪbɒdɪ"
    },
    {
        "name": "just like",
        "trans": [
            "正如；正像"
        ],
        "usphone": "",
        "ukphone": ""
    },
    {
        "name": "beautiful",
        "trans": [
            "美的；美丽的"
        ],
        "usphone": "'bjʊtəfəl",
        "ukphone": "ˈbju:tɪfl"
    },
    {
        "name": "fly",
        "trans": [
            "(flew) 放飞（风筝）；飞行；乘飞机"
        ],
        "usphone": "flaɪ",
        "ukphone": "flaɪ"
    },
    {
        "name": "kite",
        "trans": [
            "风筝"
        ],
        "usphone": "kaɪt",
        "ukphone": "kaɪt"
    },
    {
        "name": "swim",
        "trans": [
            "(swam) 游泳"
        ],
        "usphone": "swɪm",
        "ukphone": "swɪm"
    },
    {
        "name": "go over",
        "trans": [
            "复习；练习"
        ],
        "usphone": "",
        "ukphone": ""
    },
    {
        "name": "picnic",
        "trans": [
            "野餐"
        ],
        "usphone": "'pɪknɪk",
        "ukphone": "'pɪknɪk"
    },
    {
        "name": "housework",
        "trans": [
            "家务劳动"
        ],
        "usphone": "'haʊs'wɝk",
        "ukphone": "'haʊswɜːk"
    },
    {
        "name": "else",
        "trans": [
            "其他；另外"
        ],
        "usphone": "ɛls",
        "ukphone": "els"
    },
    {
        "name": "nobody",
        "trans": [
            "没有人"
        ],
        "usphone": "'nəubədi, -bɔdi",
        "ukphone": "'nəʊbədɪ"
    },
    {
        "name": "at",
        "trans": [
            "在⋯⋯点钟"
        ],
        "usphone": "æt; ət",
        "ukphone": "æt; ət"
    },
    {
        "name": "nothing",
        "trans": [
            "没有什么；没有东西"
        ],
        "usphone": "'nʌθɪŋ",
        "ukphone": "'nʌθɪŋ"
    },
    {
        "name": "silly",
        "trans": [
            "愚蠢的；傻气的"
        ],
        "usphone": "'sɪli",
        "ukphone": "'sɪlɪ"
    },
    {
        "name": "fantastic",
        "trans": [
            "极好的"
        ],
        "usphone": "fæn'tæstɪk",
        "ukphone": "fæn'tæstɪk"
    },
    {
        "name": "forward",
        "trans": [
            "面向未来的；向前"
        ],
        "usphone": "'fɔrwɚd",
        "ukphone": "'fɔːwəd"
    },
    {
        "name": "look forward to",
        "trans": [
            "盼望"
        ],
        "usphone": "",
        "ukphone": ""
    },
    {
        "name": "fan",
        "trans": [
            "迷；支持者"
        ],
        "usphone": "fæn",
        "ukphone": "fæn"
    },
    {
        "name": "make friends",
        "trans": [
            "交朋友"
        ],
        "usphone": "",
        "ukphone": ""
    },
    {
        "name": "shirt",
        "trans": [
            "球衣；（男式）衬衫"
        ],
        "usphone": "ʃɝt",
        "ukphone": "ʃɜːt"
    },
    {
        "name": "cheer",
        "trans": [
            "为⋯⋯喝彩"
        ],
        "usphone": "tʃɪr",
        "ukphone": "tʃɪə"
    },
    {
        "name": "player",
        "trans": [
            "运动员；选手"
        ],
        "usphone": "'pleɚ",
        "ukphone": "'pleɪə"
    },
    {
        "name": "hope",
        "trans": [
            "希望"
        ],
        "usphone": "hop",
        "ukphone": "həʊp"
    },
    {
        "name": "win",
        "trans": [
            "(won) 赢；获胜"
        ],
        "usphone": "wɪn",
        "ukphone": "wɪn"
    },
    {
        "name": "enjoy oneself",
        "trans": [
            "过的愉快"
        ],
        "usphone": "",
        "ukphone": ""
    },
    {
        "name": "myself",
        "trans": [
            "我自己"
        ],
        "usphone": "maɪ'sɛlf",
        "ukphone": "maɪ'self"
    },
    {
        "name": "during",
        "trans": [
            "在⋯⋯期间"
        ],
        "usphone": "'dʊrɪŋ",
        "ukphone": "'djʊərɪŋ"
    },
    {
        "name": "May",
        "trans": [
            "5月"
        ],
        "usphone": "me",
        "ukphone": "meɪ"
    },
    {
        "name": "May Day",
        "trans": [
            "五一劳动节"
        ],
        "usphone": "",
        "ukphone": ""
    },
    {
        "name": "late",
        "trans": [
            "迟；晚",
            "迟的；晚的"
        ],
        "usphone": "let",
        "ukphone": "leɪt"
    },
    {
        "name": "walk",
        "trans": [
            "步行；走"
        ],
        "usphone": "wɔk",
        "ukphone": "wɔːk"
    },
    {
        "name": "take a walk",
        "trans": [
            "散步"
        ],
        "usphone": "",
        "ukphone": ""
    },
    {
        "name": "country",
        "trans": [
            "乡下；乡村"
        ],
        "usphone": "'kʌntri",
        "ukphone": "'kʌntrɪ"
    },
    {
        "name": "second",
        "trans": [
            "第二"
        ],
        "usphone": "'sɛkənd",
        "ukphone": "'sek(ə)nd"
    },
    {
        "name": "collect",
        "trans": [
            "收集"
        ],
        "usphone": "kə'lɛkt",
        "ukphone": "kə'lekt"
    },
    {
        "name": "litter",
        "trans": [
            "垃圾"
        ],
        "usphone": "'lɪtɚ",
        "ukphone": "'lɪtə"
    },
    {
        "name": "fun",
        "trans": [
            "娱乐；乐趣"
        ],
        "usphone": "fʌn",
        "ukphone": "fʌn"
    },
    {
        "name": "summer holiday",
        "trans": [
            "暑假"
        ],
        "usphone": "",
        "ukphone": ""
    },
    {
        "name": "camp",
        "trans": [
            "营地；帐篷"
        ],
        "usphone": "kæmp",
        "ukphone": "kæmp"
    },
    {
        "name": "Australian",
        "trans": [
            "澳大利亚的"
        ],
        "usphone": "ɑ'strelɪən",
        "ukphone": ""
    },
    {
        "name": "sightseeing",
        "trans": [
            "观光；游览"
        ],
        "usphone": "'saɪtsiɪŋ",
        "ukphone": "'saɪtsiːɪŋ"
    },
    {
        "name": "go sightseeing",
        "trans": [
            "观光"
        ],
        "usphone": "",
        "ukphone": ""
    },
    {
        "name": "beach",
        "trans": [
            "海滨；海滩"
        ],
        "usphone": "bitʃ",
        "ukphone": "biːtʃ"
    },
    {
        "name": "early",
        "trans": [
            "早；提前",
            "早的"
        ],
        "usphone": "'ɝli",
        "ukphone": "'ɜːlɪ"
    },
    {
        "name": "chalk",
        "trans": [
            "粉笔"
        ],
        "usphone": "tʃɔk",
        "ukphone": "tʃɔːk"
    },
    {
        "name": "ruler",
        "trans": [
            "直尺"
        ],
        "usphone": "'rulɚ",
        "ukphone": "'ruːlə"
    },
    {
        "name": "carry",
        "trans": [
            "拿；带"
        ],
        "usphone": "ˈkærɪ",
        "ukphone": "'kærɪ"
    },
    {
        "name": "change",
        "trans": [
            "改变；变化"
        ],
        "usphone": "tʃendʒ",
        "ukphone": "tʃeɪn(d)ʒ"
    },
    {
        "name": "everything",
        "trans": [
            "每样事物；每件事；所有事物"
        ],
        "usphone": "'ɛvrɪ'θɪŋ",
        "ukphone": "'evrɪθɪŋ"
    },
    {
        "name": "future",
        "trans": [
            "将来；未来"
        ],
        "usphone": "ˈfjutʃɚ",
        "ukphone": "'fjuːtʃə"
    },
    {
        "name": "in the future",
        "trans": [
            "将来"
        ],
        "usphone": "",
        "ukphone": ""
    },
    {
        "name": "life",
        "trans": [
            "生活；生命"
        ],
        "usphone": "laɪf",
        "ukphone": "laɪf"
    },
    {
        "name": "need",
        "trans": [
            "需要"
        ],
        "usphone": "nid",
        "ukphone": "niːd"
    },
    {
        "name": "will",
        "trans": [
            "(would) 将；将要；将会"
        ],
        "usphone": "wɪl",
        "ukphone": "wɪl"
    },
    {
        "name": "maybe",
        "trans": [
            "也许"
        ],
        "usphone": "'mebi",
        "ukphone": "'meɪbiː; -bɪ"
    },
    {
        "name": "ask",
        "trans": [
            "询问；问"
        ],
        "usphone": "æsk",
        "ukphone": "ɑːsk"
    },
    {
        "name": "question",
        "trans": [
            "问题"
        ],
        "usphone": "'kwɛstʃən",
        "ukphone": "'kwestʃ(ə)n"
    },
    {
        "name": "by",
        "trans": [
            "用；靠；乘（交通工具）"
        ],
        "usphone": "baɪ",
        "ukphone": "baɪ"
    },
    {
        "name": "level",
        "trans": [
            "水平"
        ],
        "usphone": "'lɛvl",
        "ukphone": "'lev(ə)l"
    },
    {
        "name": "able",
        "trans": [
            "能够⋯⋯的"
        ],
        "usphone": "'ebl",
        "ukphone": "'eɪb(ə)l"
    },
    {
        "name": "be able to",
        "trans": [
            "能够做⋯⋯"
        ],
        "usphone": "",
        "ukphone": ""
    },
    {
        "name": "more",
        "trans": [
            "更加；更",
            "更多的"
        ],
        "usphone": "mɔr",
        "ukphone": "mɔː"
    },
    {
        "name": "not ⋯ any more",
        "trans": [
            "不再⋯⋯"
        ],
        "usphone": "",
        "ukphone": ""
    },
    {
        "name": "free",
        "trans": [
            "（时间）空闲的；空余的"
        ],
        "usphone": "fri",
        "ukphone": "friː"
    },
    {
        "name": "air",
        "trans": [
            "天空；空中；空气"
        ],
        "usphone": "ɛr",
        "ukphone": "eə"
    },
    {
        "name": "land",
        "trans": [
            "陆地"
        ],
        "usphone": "lænd",
        "ukphone": "lænd"
    },
    {
        "name": "machine",
        "trans": [
            "机器"
        ],
        "usphone": "mə'ʃin",
        "ukphone": "mə'ʃiːn"
    },
    {
        "name": "rain",
        "trans": [
            "雨；雨水",
            "下雨"
        ],
        "usphone": "ren",
        "ukphone": "reɪn"
    },
    {
        "name": "robot",
        "trans": [
            "机器人"
        ],
        "usphone": "'robɑt",
        "ukphone": "'rəʊbɒt"
    },
    {
        "name": "sea",
        "trans": [
            "海；海洋"
        ],
        "usphone": "si",
        "ukphone": "siː"
    },
    {
        "name": "space",
        "trans": [
            "太空；空间"
        ],
        "usphone": "spes",
        "ukphone": "speɪs"
    },
    {
        "name": "traffic",
        "trans": [
            "交通"
        ],
        "usphone": "'træfɪk",
        "ukphone": "'træfɪk"
    },
    {
        "name": "jam",
        "trans": [
            "堵塞；拥挤"
        ],
        "usphone": "dʒæm",
        "ukphone": "dʒæm"
    },
    {
        "name": "traffic jam",
        "trans": [
            "交通堵塞"
        ],
        "usphone": "",
        "ukphone": ""
    },
    {
        "name": "wind",
        "trans": [
            "风"
        ],
        "usphone": "wɪnd; (for v.) waɪnd",
        "ukphone": "wɪnd; (for v.) waɪnd"
    },
    {
        "name": "true",
        "trans": [
            "真的；真实的"
        ],
        "usphone": "tru",
        "ukphone": "truː"
    },
    {
        "name": "come true",
        "trans": [
            "（希望、梦想等）实现，成真"
        ],
        "usphone": "",
        "ukphone": ""
    },
    {
        "name": "here is/are",
        "trans": [
            "（用于介绍某人或某物）下面"
        ],
        "usphone": "",
        "ukphone": ""
    },
    {
        "name": "bike (=bicycle)",
        "trans": [
            "自行车"
        ],
        "usphone": "",
        "ukphone": ""
    },
    {
        "name": "car",
        "trans": [
            "汽车；轿车"
        ],
        "usphone": "kɑr",
        "ukphone": "kɑː"
    },
    {
        "name": "cheap",
        "trans": [
            "便宜的"
        ],
        "usphone": "tʃip",
        "ukphone": "tʃiːp"
    },
    {
        "name": "everywhere",
        "trans": [
            "到处；处处"
        ],
        "usphone": "'ɛvrɪwɛr",
        "ukphone": "'evrɪweə"
    },
    {
        "name": "not only ⋯ but also ⋯",
        "trans": [
            "不仅⋯⋯而且⋯⋯"
        ],
        "usphone": "",
        "ukphone": ""
    },
    {
        "name": "into",
        "trans": [
            "进入⋯⋯里面"
        ],
        "usphone": "ˈɪntu",
        "ukphone": "'ɪntʊ; 'ɪntə"
    },
    {
        "name": "long",
        "trans": [
            "长的；长时间的"
        ],
        "usphone": "lɔŋ",
        "ukphone": "lɒŋ"
    },
    {
        "name": "heavy",
        "trans": [
            "繁重的；沉的"
        ],
        "usphone": "'hɛvi",
        "ukphone": "'hevɪ"
    },
    {
        "name": "light",
        "trans": [
            "轻的；轻松的；少量的"
        ],
        "usphone": "laɪt",
        "ukphone": "laɪt"
    },
    {
        "name": "easy",
        "trans": [
            "容易的"
        ],
        "usphone": "'izi",
        "ukphone": "'iːzɪ"
    },
    {
        "name": "working",
        "trans": [
            "（有关）工作的"
        ],
        "usphone": "'wɝkɪŋ",
        "ukphone": "'wɜːkɪŋ"
    },
    {
        "name": "hour",
        "trans": [
            "小时"
        ],
        "usphone": "'aʊr",
        "ukphone": "'aʊə"
    },
    {
        "name": "short",
        "trans": [
            "短的；短暂的；矮的"
        ],
        "usphone": "ʃɔrt",
        "ukphone": "ʃɔːt"
    },
    {
        "name": "rise",
        "trans": [
            "升起；上升"
        ],
        "usphone": "raɪz",
        "ukphone": "raɪz"
    },
    {
        "name": "as well",
        "trans": [
            "和；又；也"
        ],
        "usphone": "",
        "ukphone": ""
    },
    {
        "name": "market",
        "trans": [
            "市场"
        ],
        "usphone": "'mɑrkɪt",
        "ukphone": "'mɑːkɪt"
    },
    {
        "name": "supermarket",
        "trans": [
            "超市"
        ],
        "usphone": "'sʊpɚ'mɑrkɪt",
        "ukphone": "'suːpəmɑːkɪt; 'sjuː-"
    },
    {
        "name": "biscuit",
        "trans": [
            "饼干"
        ],
        "usphone": "'bɪskɪt",
        "ukphone": "'bɪskɪt"
    },
    {
        "name": "lemon",
        "trans": [
            "柠檬"
        ],
        "usphone": "'lɛmən",
        "ukphone": "'lemən"
    },
    {
        "name": "strawberry",
        "trans": [
            "草莓"
        ],
        "usphone": "'strɔbɛri",
        "ukphone": "'strɔːb(ə)rɪ"
    },
    {
        "name": "Mother's Day",
        "trans": [
            "母亲节"
        ],
        "usphone": "",
        "ukphone": ""
    },
    {
        "name": "size",
        "trans": [
            "尺码；号"
        ],
        "usphone": "saɪz",
        "ukphone": "saɪz"
    },
    {
        "name": "take",
        "trans": [
            "(took) 穿（某尺寸的衣服或鞋子）"
        ],
        "usphone": "tek",
        "ukphone": "teɪk"
    },
    {
        "name": "may",
        "trans": [
            "(might) 可以；可能"
        ],
        "usphone": "me",
        "ukphone": "meɪ"
    },
    {
        "name": "try",
        "trans": [
            "尝试；试穿；品尝"
        ],
        "usphone": "traɪ",
        "ukphone": "traɪ"
    },
    {
        "name": "try on",
        "trans": [
            "试穿"
        ],
        "usphone": "",
        "ukphone": ""
    },
    {
        "name": "certainly",
        "trans": [
            "当然；行"
        ],
        "usphone": "'sɝtnli",
        "ukphone": "ˈsəːt(ə)nli"
    },
    {
        "name": "wait a minute",
        "trans": [
            "别急；稍等一会"
        ],
        "usphone": "",
        "ukphone": ""
    },
    {
        "name": "sale",
        "trans": [
            "降价出售"
        ],
        "usphone": "sel",
        "ukphone": "seɪl"
    },
    {
        "name": "price",
        "trans": [
            "价格"
        ],
        "usphone": "praɪs",
        "ukphone": "praɪs"
    },
    {
        "name": "look",
        "trans": [
            "看起来；显得"
        ],
        "usphone": "lʊk",
        "ukphone": "lʊk"
    },
    {
        "name": "fresh",
        "trans": [
            "新鲜的"
        ],
        "usphone": "frɛʃ",
        "ukphone": "freʃ"
    },
    {
        "name": "advantage",
        "trans": [
            "有利条件；优势"
        ],
        "usphone": "əd'væntɪdʒ",
        "ukphone": "əd'vɑːntɪdʒ"
    },
    {
        "name": "anyone",
        "trans": [
            "任何人"
        ],
        "usphone": "'ɛnɪ'wʌn",
        "ukphone": "'enɪwʌn"
    },
    {
        "name": "anything",
        "trans": [
            "任何东西；任何事情"
        ],
        "usphone": "'ɛnɪ'θɪŋ",
        "ukphone": "'enɪθɪŋ"
    },
    {
        "name": "anywhere",
        "trans": [
            "在任何地方；往任何地方"
        ],
        "usphone": "'ɛnɪwɛr",
        "ukphone": "'enɪweə"
    },
    {
        "name": "compare",
        "trans": [
            "比较"
        ],
        "usphone": "kəm'pɛr",
        "ukphone": "kəm'peə"
    },
    {
        "name": "pay",
        "trans": [
            "支付；付钱"
        ],
        "usphone": "pe",
        "ukphone": "peɪ"
    },
    {
        "name": "post",
        "trans": [
            "邮寄"
        ],
        "usphone": "post",
        "ukphone": "pəʊst"
    },
    {
        "name": "product",
        "trans": [
            "产品"
        ],
        "usphone": "'prɑdʌkt",
        "ukphone": "'prɒdʌkt"
    },
    {
        "name": "receive",
        "trans": [
            "收到；接到"
        ],
        "usphone": "rɪ'siv",
        "ukphone": "rɪ'siːv"
    },
    {
        "name": "safe",
        "trans": [
            "安全的"
        ],
        "usphone": "sef",
        "ukphone": "seɪf"
    },
    {
        "name": "several",
        "trans": [
            "几个；一些"
        ],
        "usphone": "ˈsɛvrəl",
        "ukphone": "ˈsevrəl"
    },
    {
        "name": "online",
        "trans": [
            "在线的"
        ],
        "usphone": "'ɑn'laɪn",
        "ukphone": "ɒn'laɪn"
    },
    {
        "name": "shopping",
        "trans": [
            "购物"
        ],
        "usphone": "'ʃɑpɪŋ",
        "ukphone": "'ʃɒpɪŋ"
    },
    {
        "name": "way",
        "trans": [
            "方式；道路"
        ],
        "usphone": "we",
        "ukphone": "weɪ"
    },
    {
        "name": "one of ⋯⋯",
        "trans": [
            "之一"
        ],
        "usphone": "",
        "ukphone": ""
    },
    {
        "name": "almost",
        "trans": [
            "几乎；差不多"
        ],
        "usphone": "'ɔlmost",
        "ukphone": "'ɔːlməʊst"
    },
    {
        "name": "something",
        "trans": [
            "某事物；某种东西"
        ],
        "usphone": "'sʌmθɪŋ",
        "ukphone": "'sʌmθɪŋ"
    },
    {
        "name": "later",
        "trans": [
            "后来；以后"
        ],
        "usphone": "'letɚ",
        "ukphone": "'leɪtə"
    },
    {
        "name": "open",
        "trans": [
            "营业的；开放的"
        ],
        "usphone": "'opən",
        "ukphone": "'əʊp(ə)n"
    },
    {
        "name": "out",
        "trans": [
            "外出；离开"
        ],
        "usphone": "aʊt",
        "ukphone": "aʊt"
    },
    {
        "name": "go out",
        "trans": [
            "外出；游玩"
        ],
        "usphone": "",
        "ukphone": ""
    },
    {
        "name": "over",
        "trans": [
            "通过；超过"
        ],
        "usphone": "'ovɚ",
        "ukphone": "'əʊvə"
    },
    {
        "name": "one day",
        "trans": [
            "总有一天"
        ],
        "usphone": "",
        "ukphone": ""
    },
    {
        "name": "one",
        "trans": [
            "（同一群人或物中）一个"
        ],
        "usphone": "wʌn",
        "ukphone": "wʌn"
    },
    {
        "name": "bank",
        "trans": [
            "银行"
        ],
        "usphone": "bæŋk",
        "ukphone": "bæŋk"
    },
    {
        "name": "museum",
        "trans": [
            "博物馆"
        ],
        "usphone": "mjuˈzɪəm",
        "ukphone": "mjuː'zɪəm"
    },
    {
        "name": "along",
        "trans": [
            "沿着"
        ],
        "usphone": "ə'lɔŋ",
        "ukphone": "ə'lɒŋ"
    },
    {
        "name": "across",
        "trans": [
            "越过"
        ],
        "usphone": "ə'krɔs",
        "ukphone": "ə'krɒs"
    },
    {
        "name": "cross",
        "trans": [
            "穿过"
        ],
        "usphone": "krɔs",
        "ukphone": "krɒs"
    },
    {
        "name": "opposite",
        "trans": [
            "在⋯⋯的对面"
        ],
        "usphone": "ˈɑpəzɪt; ˈɑpəsɪt",
        "ukphone": "'ɒpəzɪt; -sɪt"
    },
    {
        "name": "tourist",
        "trans": [
            "游客"
        ],
        "usphone": "'tʊrɪst",
        "ukphone": "'tʊərɪst"
    },
    {
        "name": "excuse",
        "trans": [
            "原谅；谅解"
        ],
        "usphone": "ɪkˈskjus; ɪkˈskjuz",
        "ukphone": "ɪkˈskju:s; ɪkˈskju:z"
    },
    {
        "name": "excuse me",
        "trans": [
            "劳驾，对不起（用于礼貌地引起某人的注意）"
        ],
        "usphone": "",
        "ukphone": ""
    },
    {
        "name": "street",
        "trans": [
            "街道"
        ],
        "usphone": "strit",
        "ukphone": "striːt"
    },
    {
        "name": "turn",
        "trans": [
            "换方向"
        ],
        "usphone": "tɝn",
        "ukphone": "tɜːn"
    },
    {
        "name": "third",
        "trans": [
            "第三"
        ],
        "usphone": "θɝd",
        "ukphone": "θɜːd"
    },
    {
        "name": "guidebook",
        "trans": [
            "导游手册；旅行指南"
        ],
        "usphone": "'ɡaɪdbʊk",
        "ukphone": "'gaɪdbʊk"
    },
    {
        "name": "bookshop",
        "trans": [
            "书店"
        ],
        "usphone": "'bʊkʃɑp",
        "ukphone": "'bʊkʃɒp"
    },
    {
        "name": "right",
        "trans": [
            "好了（用于变换话题或活动）；是的；好"
        ],
        "usphone": "raɪt",
        "ukphone": "raɪt"
    },
    {
        "name": "Why not ⋯?",
        "trans": [
            "为什么不⋯⋯呢？"
        ],
        "usphone": "",
        "ukphone": ""
    },
    {
        "name": "could",
        "trans": [
            "可以；能"
        ],
        "usphone": "kəd; kʊd",
        "ukphone": "kəd; kʊd"
    },
    {
        "name": "underground",
        "trans": [
            "地铁"
        ],
        "usphone": "ʌndɚˈɡraʊnd",
        "ukphone": "ʌndə'graʊnd"
    },
    {
        "name": "Take",
        "trans": [
            "搭乘；乘坐；固定使用；把（某人）带往；使（某人）到"
        ],
        "usphone": "tek",
        "ukphone": "teɪk"
    },
    {
        "name": "tour",
        "trans": [
            "（短期的）参观，游览；旅行"
        ],
        "usphone": "tʊr",
        "ukphone": "tʊə"
    },
    {
        "name": "square",
        "trans": [
            "广场"
        ],
        "usphone": "skwɛr",
        "ukphone": "skweə"
    },
    {
        "name": "middle",
        "trans": [
            "中部；中间",
            "中等的；中部的"
        ],
        "usphone": "'mɪdl",
        "ukphone": "'mɪd(ə)l"
    },
    {
        "name": "famous",
        "trans": [
            "著名的"
        ],
        "usphone": "'feməs",
        "ukphone": "'feɪməs"
    },
    {
        "name": "painting",
        "trans": [
            "油画；绘画"
        ],
        "usphone": "'pentɪŋ",
        "ukphone": "'peɪntɪŋ"
    },
    {
        "name": "from",
        "trans": [
            "从⋯⋯出发"
        ],
        "usphone": "frʌm",
        "ukphone": "frɒm; frəm"
    },
    {
        "name": "metre (AmE meter)",
        "trans": [
            "米"
        ],
        "usphone": "",
        "ukphone": ""
    },
    {
        "name": "above",
        "trans": [
            "在⋯⋯上方；在⋯⋯之上"
        ],
        "usphone": "ə'bʌv",
        "ukphone": "ə'bʌv"
    },
    {
        "name": "river",
        "trans": [
            "河；江"
        ],
        "usphone": "'rɪvɚ",
        "ukphone": "'rɪvə"
    },
    {
        "name": "clear",
        "trans": [
            "（天气）晴朗的"
        ],
        "usphone": "klɪr",
        "ukphone": "klɪə"
    },
    {
        "name": "bridge",
        "trans": [
            "桥"
        ],
        "usphone": "brɪdʒ",
        "ukphone": "brɪdʒ"
    },
    {
        "name": "railway",
        "trans": [
            "铁路"
        ],
        "usphone": "'relwe",
        "ukphone": "'reɪlweɪ"
    },
    {
        "name": "past",
        "trans": [
            "路过（某物或某地）；越过"
        ],
        "usphone": "pæst",
        "ukphone": "pɑːst"
    },
    {
        "name": "church",
        "trans": [
            "教堂"
        ],
        "usphone": "tʃɝtʃ",
        "ukphone": "tʃɜːtʃ"
    },
    {
        "name": "finish",
        "trans": [
            "结束；完成"
        ],
        "usphone": "'fɪnɪʃ",
        "ukphone": "'fɪnɪʃ"
    },
    {
        "name": "high",
        "trans": [
            "高的"
        ],
        "usphone": "haɪ",
        "ukphone": "haɪ"
    },
    {
        "name": "post office",
        "trans": [
            "邮政局"
        ],
        "usphone": "ˈpost ɔfɪs",
        "ukphone": "ˈpəust ɔfis"
    },
    {
        "name": "up",
        "trans": [
            "沿着⋯⋯而去"
        ],
        "usphone": "ʌp",
        "ukphone": "ʌp"
    },
    {
        "name": "down",
        "trans": [
            "沿着"
        ],
        "usphone": "daʊn",
        "ukphone": "daʊn"
    },
    {
        "name": "stop",
        "trans": [
            "车站"
        ],
        "usphone": "stɑp",
        "ukphone": "stɒp"
    },
    {
        "name": "horse",
        "trans": [
            "马"
        ],
        "usphone": "hɔrs",
        "ukphone": "hɔːs"
    },
    {
        "name": "born",
        "trans": [
            "（动词bear的过去分词）出生"
        ],
        "usphone": "bɔrn",
        "ukphone": "bɔːn"
    },
    {
        "name": "strict",
        "trans": [
            "严格的；严厉的"
        ],
        "usphone": "strɪkt",
        "ukphone": "strɪkt"
    },
    {
        "name": "friendly",
        "trans": [
            "友好的"
        ],
        "usphone": "ˈfrɛndlɪ",
        "ukphone": "ˈfrendlɪ"
    },
    {
        "name": "primary",
        "trans": [
            "初等的；初级的"
        ],
        "usphone": "'praɪmɛri",
        "ukphone": "'praɪm(ə)rɪ"
    },
    {
        "name": "primary school",
        "trans": [
            "小学"
        ],
        "usphone": "",
        "ukphone": ""
    },
    {
        "name": "town",
        "trans": [
            "城镇；市镇"
        ],
        "usphone": "taʊn",
        "ukphone": "taʊn"
    },
    {
        "name": "US",
        "trans": [
            "美国"
        ],
        "usphone": "",
        "ukphone": ""
    },
    {
        "name": "hey",
        "trans": [
            "嘿；喂"
        ],
        "usphone": "he",
        "ukphone": "heɪ"
    },
    {
        "name": "village",
        "trans": [
            "村庄"
        ],
        "usphone": "'vɪlɪdʒ",
        "ukphone": "'vɪlɪdʒ"
    },
    {
        "name": "nice",
        "trans": [
            "友好的；亲切的"
        ],
        "usphone": "naɪs",
        "ukphone": "naɪs"
    },
    {
        "name": "good",
        "trans": [
            "乖的；守规矩的"
        ],
        "usphone": "ɡʊd",
        "ukphone": "gʊd"
    },
    {
        "name": "difficult",
        "trans": [
            "难对付的"
        ],
        "usphone": "ˈdɪfɪkəlt",
        "ukphone": "ˈdɪfɪkəlt"
    },
    {
        "name": "bathroom",
        "trans": [
            "浴室"
        ],
        "usphone": "'bæθrum",
        "ukphone": "'bɑːθruːm; -rʊm"
    },
    {
        "name": "bedroom",
        "trans": [
            "卧室"
        ],
        "usphone": "'bɛdrum",
        "ukphone": "'bedruːm; -rʊm"
    },
    {
        "name": "garden",
        "trans": [
            "花园"
        ],
        "usphone": "'ɡɑrdn",
        "ukphone": "'gɑːd(ə)n"
    },
    {
        "name": "living room",
        "trans": [
            "起居室；客厅"
        ],
        "usphone": "'lɪvɪŋ rum",
        "ukphone": "'lɪvɪŋ ru:m"
    },
    {
        "name": "east",
        "trans": [
            "东面的；东部的",
            "东方"
        ],
        "usphone": "ist",
        "ukphone": "iːst"
    },
    {
        "name": "coast",
        "trans": [
            "海岸"
        ],
        "usphone": "kost",
        "ukphone": "kəʊst"
    },
    {
        "name": "ago",
        "trans": [
            "以前"
        ],
        "usphone": "ə'ɡo",
        "ukphone": "ə'gəʊ"
    },
    {
        "name": "store",
        "trans": [
            "商店"
        ],
        "usphone": "stɔr",
        "ukphone": "stɔː"
    },
    {
        "name": "movie theater (BrE theatre)",
        "trans": [
            "电影院"
        ],
        "usphone": "",
        "ukphone": ""
    },
    {
        "name": "bored",
        "trans": [
            "厌烦的；厌倦的"
        ],
        "usphone": "bɔrd",
        "ukphone": "bɔːd"
    },
    {
        "name": "president",
        "trans": [
            "总统"
        ],
        "usphone": "'prɛzɪdənt",
        "ukphone": "'prezɪd(ə)nt"
    },
    {
        "name": "comfortable",
        "trans": [
            "舒适的；舒服的"
        ],
        "usphone": "ˈkʌmfɚtəbl",
        "ukphone": "ˈkʌmftəbl"
    },
    {
        "name": "lake",
        "trans": [
            "湖"
        ],
        "usphone": "lek",
        "ukphone": "leɪk"
    },
    {
        "name": "last",
        "trans": [
            "（星期、月份等）最近过去的，紧接现在前面的"
        ],
        "usphone": "læst",
        "ukphone": "lɑːst"
    },
    {
        "name": "yesterday",
        "trans": [
            "（在）昨天"
        ],
        "usphone": "ˈjɛstɚdɪ;-de",
        "ukphone": "ˈjestədɪ;-deɪ"
    },
    {
        "name": "hair",
        "trans": [
            "头发"
        ],
        "usphone": "hɛr",
        "ukphone": "heə"
    },
    {
        "name": "gold",
        "trans": [
            "金色；黄金；金牌"
        ],
        "usphone": "ɡold",
        "ukphone": "gəʊld"
    },
    {
        "name": "forest",
        "trans": [
            "森林"
        ],
        "usphone": "'fɔrɪst",
        "ukphone": "'fɒrɪst"
    },
    {
        "name": "once",
        "trans": [
            "一次；一回"
        ],
        "usphone": "wʌns",
        "ukphone": "wʌns"
    },
    {
        "name": "upon",
        "trans": [
            "在⋯⋯上；到⋯⋯上"
        ],
        "usphone": "ə'pɑn",
        "ukphone": "ə'pɒn"
    },
    {
        "name": "once upon a time",
        "trans": [
            "从前"
        ],
        "usphone": "",
        "ukphone": ""
    },
    {
        "name": "decide",
        "trans": [
            "决定"
        ],
        "usphone": "dɪ'saɪd",
        "ukphone": "dɪ'saɪd"
    },
    {
        "name": "go for a walk",
        "trans": [
            "散步"
        ],
        "usphone": "",
        "ukphone": ""
    },
    {
        "name": "basket",
        "trans": [
            "篮子"
        ],
        "usphone": "'bæskɪt",
        "ukphone": "'bɑːskɪt"
    },
    {
        "name": "notice",
        "trans": [
            "注意到"
        ],
        "usphone": "'notɪs",
        "ukphone": "'nəʊtɪs"
    },
    {
        "name": "all alone",
        "trans": [
            "独自一人的"
        ],
        "usphone": "",
        "ukphone": ""
    },
    {
        "name": "dark",
        "trans": [
            "黑暗的"
        ],
        "usphone": "dɑrk",
        "ukphone": "dɑːk"
    },
    {
        "name": "pick",
        "trans": [
            "采；摘"
        ],
        "usphone": "pɪk",
        "ukphone": "pɪk"
    },
    {
        "name": "pick up",
        "trans": [
            "拿起；举起"
        ],
        "usphone": "",
        "ukphone": ""
    },
    {
        "name": "soon",
        "trans": [
            "立刻；不久"
        ],
        "usphone": "sun",
        "ukphone": "suːn"
    },
    {
        "name": "lost",
        "trans": [
            "迷路的"
        ],
        "usphone": "lɔst",
        "ukphone": "lɒst"
    },
    {
        "name": "around",
        "trans": [
            "环绕着；围绕"
        ],
        "usphone": "ə'raʊnd",
        "ukphone": "ə'raʊnd"
    },
    {
        "name": "little",
        "trans": [
            "小的"
        ],
        "usphone": "'lɪtl",
        "ukphone": "'lɪt(ə)l"
    },
    {
        "name": "towards",
        "trans": [
            "往；向；朝⋯⋯方向"
        ],
        "usphone": "tɔrdz",
        "ukphone": "tə'wɔːdz; twɔːdz; 'tɔːdz"
    },
    {
        "name": "knock",
        "trans": [
            "敲"
        ],
        "usphone": "nɑk",
        "ukphone": "nɒk"
    },
    {
        "name": "door",
        "trans": [
            "门"
        ],
        "usphone": "dɔr",
        "ukphone": "dɔː"
    },
    {
        "name": "answer",
        "trans": [
            "应门；回答"
        ],
        "usphone": "'ænsɚ",
        "ukphone": "'ɑːnsə"
    },
    {
        "name": "push",
        "trans": [
            "推"
        ],
        "usphone": "pʊʃ",
        "ukphone": "pʊʃ"
    },
    {
        "name": "enter",
        "trans": [
            "进入"
        ],
        "usphone": "'ɛntɚ",
        "ukphone": "'entə"
    },
    {
        "name": "bowl",
        "trans": [
            "碗"
        ],
        "usphone": "bol",
        "ukphone": "bəʊl"
    },
    {
        "name": "hungry",
        "trans": [
            "感到饿的；饥饿的"
        ],
        "usphone": "ˈhʌŋgrɪ",
        "ukphone": "'hʌŋgrɪ"
    },
    {
        "name": "Right",
        "trans": [
            "合适的；恰当的"
        ],
        "usphone": "raɪt",
        "ukphone": "raɪt"
    },
    {
        "name": "Finish",
        "trans": [
            "吃完；喝完；用尽"
        ],
        "usphone": "'fɪnɪʃ",
        "ukphone": "'fɪnɪʃ"
    },
    {
        "name": "either",
        "trans": [
            "也（不）"
        ],
        "usphone": "'iðɚ",
        "ukphone": "'aɪðə; 'iː-"
    },
    {
        "name": "piece",
        "trans": [
            "部分；碎片；一件/个/张"
        ],
        "usphone": "pis",
        "ukphone": "piːs"
    },
    {
        "name": "in pieces",
        "trans": [
            "破碎"
        ],
        "usphone": "",
        "ukphone": ""
    },
    {
        "name": "asleep",
        "trans": [
            "睡着的"
        ],
        "usphone": "ə'slip",
        "ukphone": "ə'sliːp"
    },
    {
        "name": "return",
        "trans": [
            "返回；归还"
        ],
        "usphone": "rɪ'tɝn",
        "ukphone": "rɪ'tɜːn"
    },
    {
        "name": "cry",
        "trans": [
            "哭；喊叫"
        ],
        "usphone": "kraɪ",
        "ukphone": "kraɪ"
    },
    {
        "name": "at first",
        "trans": [
            "起初；首先"
        ],
        "usphone": "",
        "ukphone": ""
    },
    {
        "name": "point",
        "trans": [
            "指向；指"
        ],
        "usphone": "pɔɪnt",
        "ukphone": "pɒɪnt"
    },
    {
        "name": "point at",
        "trans": [
            "指着⋯⋯"
        ],
        "usphone": "",
        "ukphone": ""
    },
    {
        "name": "shout",
        "trans": [
            "高声说；大声喊"
        ],
        "usphone": "ʃaʊt",
        "ukphone": "ʃaʊt"
    },
    {
        "name": "jump",
        "trans": [
            "跳"
        ],
        "usphone": "dʒʌmp",
        "ukphone": "dʒʌmp"
    },
    {
        "name": "without",
        "trans": [
            "无；没有"
        ],
        "usphone": "wɪðˈaʊt",
        "ukphone": "wɪˈðaʊt"
    },
    {
        "name": "part",
        "trans": [
            "部分；地区；地方"
        ],
        "usphone": "pɑrt",
        "ukphone": "pɑːt"
    },
    {
        "name": "March",
        "trans": [
            "3月"
        ],
        "usphone": "mɑrtʃ",
        "ukphone": "mɑːtʃ"
    },
    {
        "name": "April",
        "trans": [
            "4月"
        ],
        "usphone": "'eprəl",
        "ukphone": "'eɪprəl"
    },
    {
        "name": "June",
        "trans": [
            "6月"
        ],
        "usphone": "dʒun",
        "ukphone": "dʒu:n"
    },
    {
        "name": "Women's Day",
        "trans": [
            "妇女节"
        ],
        "usphone": "",
        "ukphone": ""
    },
    {
        "name": "National Day",
        "trans": [
            "国庆节"
        ],
        "usphone": "ˈnæʃənəl de",
        "ukphone": ""
    },
    {
        "name": "Children's Day",
        "trans": [
            "儿童节"
        ],
        "usphone": "",
        "ukphone": ""
    },
    {
        "name": "July",
        "trans": [
            "7月"
        ],
        "usphone": "dʒʊˈlaɪ",
        "ukphone": "dʒʊˈlaɪ"
    },
    {
        "name": "August",
        "trans": [
            "8月"
        ],
        "usphone": "ɔˈgʌst",
        "ukphone": "ˈɔːɡəst"
    },
    {
        "name": "September",
        "trans": [
            "9月"
        ],
        "usphone": "sɛp'tɛmbɚ",
        "ukphone": "sep'tembə"
    },
    {
        "name": "October",
        "trans": [
            "10月"
        ],
        "usphone": "ɑk'tobɚ",
        "ukphone": "ɒk'təʊbə"
    },
    {
        "name": "November",
        "trans": [
            "11月"
        ],
        "usphone": "no'vɛmbɚ",
        "ukphone": "nə(ʊ)'vembə"
    },
    {
        "name": "December",
        "trans": [
            "12月"
        ],
        "usphone": "dɪ'sɛmbɚ",
        "ukphone": "dɪ'sembə"
    },
    {
        "name": "writer",
        "trans": [
            "作家"
        ],
        "usphone": "'raɪtɚ",
        "ukphone": "'raɪtə"
    },
    {
        "name": "find out",
        "trans": [
            "发现；查明；弄清"
        ],
        "usphone": "",
        "ukphone": ""
    },
    {
        "name": "real",
        "trans": [
            "真实的；真正的"
        ],
        "usphone": "'riəl",
        "ukphone": "riːl"
    },
    {
        "name": "at the age of",
        "trans": [
            "在⋯⋯岁时"
        ],
        "usphone": "",
        "ukphone": ""
    },
    {
        "name": "newspaper",
        "trans": [
            "报纸"
        ],
        "usphone": "'nuzpepɚ",
        "ukphone": "'njuːzpeɪpə; 'njuːs-"
    },
    {
        "name": "exact",
        "trans": [
            "准确的；确切的"
        ],
        "usphone": "ɪɡ'zækt",
        "ukphone": "ɪg'zækt; eg-"
    },
    {
        "name": "date",
        "trans": [
            "日期"
        ],
        "usphone": "det",
        "ukphone": "deɪt"
    },
    {
        "name": "become",
        "trans": [
            "(became) 成为"
        ],
        "usphone": "bɪ'kʌm",
        "ukphone": "bɪ'kʌm"
    },
    {
        "name": "in the 1860s",
        "trans": [
            "在19世纪60年代"
        ],
        "usphone": "",
        "ukphone": ""
    },
    {
        "name": "Play",
        "trans": [
            "剧本；戏剧"
        ],
        "usphone": "ple",
        "ukphone": "pleɪ"
    },
    {
        "name": "poem",
        "trans": [
            "诗歌"
        ],
        "usphone": "'poəm",
        "ukphone": "'pəʊɪm"
    },
    {
        "name": "marry",
        "trans": [
            "结婚"
        ],
        "usphone": "'mæri",
        "ukphone": "'mærɪ"
    },
    {
        "name": "successful",
        "trans": [
            "成功的"
        ],
        "usphone": "sək'sɛsfl",
        "ukphone": "sək'sesfʊl; -f(ə)l"
    },
    {
        "name": "work",
        "trans": [
            "作品；著作"
        ],
        "usphone": "wɝk",
        "ukphone": "wɜːk"
    },
    {
        "name": "build",
        "trans": [
            "(built) 建造"
        ],
        "usphone": "bɪld",
        "ukphone": "bɪld"
    },
    {
        "name": "fire",
        "trans": [
            "火；火灾"
        ],
        "usphone": "'faɪr",
        "ukphone": "'faɪə"
    },
    {
        "name": "die",
        "trans": [
            "死；去世"
        ],
        "usphone": "daɪ",
        "ukphone": "daɪ"
    },
    {
        "name": "rich",
        "trans": [
            "富有的"
        ],
        "usphone": "rɪtʃ",
        "ukphone": "rɪtʃ"
    },
    {
        "name": "language",
        "trans": [
            "语言"
        ],
        "usphone": "'læŋɡwɪdʒ",
        "ukphone": "'læŋgwɪdʒ"
    },
    {
        "name": "around the world",
        "trans": [
            "世界各地"
        ],
        "usphone": "",
        "ukphone": ""
    },
    {
        "name": "young",
        "trans": [
            "年轻的"
        ],
        "usphone": "jʌŋ",
        "ukphone": "jʌŋ"
    },
    {
        "name": "Pacific",
        "trans": [
            "太平洋的"
        ],
        "usphone": "",
        "ukphone": "pə'sɪfɪk"
    },
    {
        "name": "so",
        "trans": [
            "那么（尤指用于引出新话题）；这么；那么（用于强调质量、感觉或数量）"
        ],
        "usphone": "so",
        "ukphone": "səʊ"
    },
    {
        "name": "guess",
        "trans": [
            "猜；猜测"
        ],
        "usphone": "ɡɛs",
        "ukphone": "ges"
    },
    {
        "name": "excited",
        "trans": [
            "激动的；兴奋的"
        ],
        "usphone": "ɪk'saɪtɪd",
        "ukphone": "ɪk'saɪtɪd"
    },
    {
        "name": "wow",
        "trans": [
            "哇；噢"
        ],
        "usphone": "wou",
        "ukphone": "waʊ"
    },
    {
        "name": "arrive",
        "trans": [
            "到达"
        ],
        "usphone": "ə'raɪv",
        "ukphone": "ə'raɪv"
    },
    {
        "name": "relax",
        "trans": [
            "放松"
        ],
        "usphone": "rɪ'læks",
        "ukphone": "rɪ'læks"
    },
    {
        "name": "world-famous",
        "trans": [
            "举世闻名的"
        ],
        "usphone": "'wə:ld'feiməs",
        "ukphone": "'wə:ld'feiməs"
    },
    {
        "name": "French",
        "trans": [
            "法国的；法语的",
            "法国人；法语"
        ],
        "usphone": "",
        "ukphone": "frentʃ"
    },
    {
        "name": "sell",
        "trans": [
            "(sold) 卖；出售"
        ],
        "usphone": "sɛl",
        "ukphone": "sel"
    },
    {
        "name": "top",
        "trans": [
            "顶端"
        ],
        "usphone": "tɑp",
        "ukphone": "tɒp"
    },
    {
        "name": "till",
        "trans": [
            "直到⋯⋯为止"
        ],
        "usphone": "tɪl",
        "ukphone": "tɪl"
    },
    {
        "name": "Light",
        "trans": [
            "电灯"
        ],
        "usphone": "laɪt",
        "ukphone": "laɪt"
    },
    {
        "name": "wonderful",
        "trans": [
            "绝妙的；了不起的"
        ],
        "usphone": "ˈwʌndɚfəl",
        "ukphone": "ˈwʌndə(r)fl"
    },
    {
        "name": "palace",
        "trans": [
            "宫殿"
        ],
        "usphone": "ˈpælɪs",
        "ukphone": "'pælɪs"
    },
    {
        "name": "bow",
        "trans": [
            "鞠躬；弯腰"
        ],
        "usphone": "baʊ",
        "ukphone": "baʊ"
    },
    {
        "name": "kiss",
        "trans": [
            "吻；亲吻"
        ],
        "usphone": "kɪs",
        "ukphone": "kɪs"
    },
    {
        "name": "shake",
        "trans": [
            "(shook) 摇晃"
        ],
        "usphone": "ʃek",
        "ukphone": "ʃeɪk"
    },
    {
        "name": "shake hands",
        "trans": [
            "握手"
        ],
        "usphone": "",
        "ukphone": ""
    },
    {
        "name": "smile",
        "trans": [
            "微笑"
        ],
        "usphone": "smaɪl",
        "ukphone": "smaɪl"
    },
    {
        "name": "British",
        "trans": [
            "英国的；英国人的"
        ],
        "usphone": "'brɪtɪʃ",
        "ukphone": "'brɪtɪʃ"
    },
    {
        "name": "German",
        "trans": [
            "德国人；德语",
            "德国的；德国人的；德语的"
        ],
        "usphone": "",
        "ukphone": "'dʒɜːmən"
    },
    {
        "name": "Japanese",
        "trans": [
            "日本人；日语",
            "日本的；日语的；日本人的"
        ],
        "usphone": ",dʒæpə'niz",
        "ukphone": "ˌdʒæpə'ni:z"
    },
    {
        "name": "Russian",
        "trans": [
            "俄罗斯人；俄语",
            "俄罗斯的；俄罗斯人的；俄语的"
        ],
        "usphone": "'rʌʃən",
        "ukphone": "'rʌʃ(ə)n"
    },
    {
        "name": "visitor",
        "trans": [
            "游客；观光者"
        ],
        "usphone": "'vɪzɪtɚ",
        "ukphone": "'vɪzɪtə"
    },
    {
        "name": "2ussian",
        "trans": [
            "俄罗斯"
        ],
        "usphone": "",
        "ukphone": ""
    },
    {
        "name": "what",
        "trans": [
            "什么（表示惊奇）"
        ],
        "usphone": "hwɒt; hwɑt",
        "ukphone": "wɒt"
    },
    {
        "name": "nod",
        "trans": [
            "点（头）"
        ],
        "usphone": "nɑd",
        "ukphone": "nɒd"
    },
    {
        "name": "head",
        "trans": [
            "头；头部"
        ],
        "usphone": "hɛd",
        "ukphone": "hed"
    },
    {
        "name": "hug",
        "trans": [
            "拥抱；紧抱"
        ],
        "usphone": "hʌɡ",
        "ukphone": "hʌg"
    },
    {
        "name": "each",
        "trans": [
            "各个；每个"
        ],
        "usphone": "itʃ",
        "ukphone": "iːtʃ"
    },
    {
        "name": "each other",
        "trans": [
            "互相；彼此"
        ],
        "usphone": "",
        "ukphone": ""
    },
    {
        "name": "India",
        "trans": [
            "印度"
        ],
        "usphone": "'ɪndɪə",
        "ukphone": "'ɪndɪə"
    },
    {
        "name": "together",
        "trans": [
            "一起；共同"
        ],
        "usphone": "tə'ɡɛðɚ",
        "ukphone": "tə'geðə"
    },
    {
        "name": "Maori",
        "trans": [
            "毛利人的"
        ],
        "usphone": "'mauri",
        "ukphone": "'mauri"
    },
    {
        "name": "touch",
        "trans": [
            "触摸；接触"
        ],
        "usphone": "tʌtʃ",
        "ukphone": "tʌtʃ"
    },
    {
        "name": "nose",
        "trans": [
            "鼻子"
        ],
        "usphone": "noz",
        "ukphone": "nəʊz"
    },
    {
        "name": "finger",
        "trans": [
            "手指"
        ],
        "usphone": "'fɪŋɡɚ",
        "ukphone": "'fɪŋgə"
    },
    {
        "name": "foot",
        "trans": [
            "脚；足 (pl. feet)"
        ],
        "usphone": "fʊt",
        "ukphone": "fʊt"
    },
    {
        "name": "knee",
        "trans": [
            "膝盖"
        ],
        "usphone": "ni",
        "ukphone": "niː"
    },
    {
        "name": "leg",
        "trans": [
            "腿"
        ],
        "usphone": "lɛɡ",
        "ukphone": "leg"
    },
    {
        "name": "mouth",
        "trans": [
            "嘴；口"
        ],
        "usphone": "maʊθ",
        "ukphone": "maʊθ"
    },
    {
        "name": "body",
        "trans": [
            "身体；躯干"
        ],
        "usphone": "'bɑdi",
        "ukphone": "'bɒdɪ"
    },
    {
        "name": "foreign",
        "trans": [
            "外国的"
        ],
        "usphone": "'fɔrən",
        "ukphone": "'fɒrɪn"
    },
    {
        "name": "North American",
        "trans": [
            "北美人"
        ],
        "usphone": "",
        "ukphone": ""
    },
    {
        "name": "personal",
        "trans": [
            "个人的"
        ],
        "usphone": "'pɝsənl",
        "ukphone": "'pɜːs(ə)n(ə)l"
    },
    {
        "name": "arm",
        "trans": [
            "臂；手臂"
        ],
        "usphone": "ɑrm",
        "ukphone": "ɑːm"
    },
    {
        "name": "arm in arm",
        "trans": [
            "臂挽臂地"
        ],
        "usphone": "",
        "ukphone": ""
    },
    {
        "name": "South American",
        "trans": [
            "南美人"
        ],
        "usphone": "",
        "ukphone": ""
    },
    {
        "name": "hold",
        "trans": [
            "(held) 握着；使不动"
        ],
        "usphone": "hold",
        "ukphone": "həʊld"
    },
    {
        "name": "move",
        "trans": [
            "移动"
        ],
        "usphone": "muv",
        "ukphone": "muːv"
    },
    {
        "name": "Britain",
        "trans": [
            "不列颠；英国"
        ],
        "usphone": "'brɪtn",
        "ukphone": "'brɪt(ə)n"
    },
    {
        "name": "not at all",
        "trans": [
            "一点也不"
        ],
        "usphone": "",
        "ukphone": ""
    },
    {
        "name": "polite",
        "trans": [
            "礼貌的"
        ],
        "usphone": "pə'laɪt",
        "ukphone": "pə'laɪt"
    },
    {
        "name": "somewhere",
        "trans": [
            "某处；某个地方"
        ],
        "usphone": "'sʌmwɛr",
        "ukphone": "'sʌmweə"
    },
    {
        "name": "wave",
        "trans": [
            "挥（手）；招（手）；摆（手）"
        ],
        "usphone": "wev",
        "ukphone": "weɪv"
    },
    {
        "name": "fact",
        "trans": [
            "事实；细节"
        ],
        "usphone": "fækt",
        "ukphone": "fækt"
    },
    {
        "name": "in fact",
        "trans": [
            "事实上"
        ],
        "usphone": "",
        "ukphone": ""
    },
    {
        "name": "rude",
        "trans": [
            "粗鲁的；无礼的"
        ],
        "usphone": "rud",
        "ukphone": "ruːd"
    },
    {
        "name": "bring",
        "trans": [
            "(brought) 带来"
        ],
        "usphone": "brɪŋ",
        "ukphone": "brɪŋ"
    },
    {
        "name": "lively",
        "trans": [
            "活泼的；轻快的"
        ],
        "usphone": "'laɪvli",
        "ukphone": "'laɪvlɪ"
    },
    {
        "name": "modern",
        "trans": [
            "现代的"
        ],
        "usphone": "'mɑdɚn",
        "ukphone": "'mɒd(ə)n"
    },
    {
        "name": "noisy",
        "trans": [
            "吵闹的"
        ],
        "usphone": "ˈnɔɪzɪ",
        "ukphone": "ˈnɔɪzɪ"
    },
    {
        "name": "pop (=popular)",
        "trans": [
            "流行的；受欢迎的"
        ],
        "usphone": "",
        "ukphone": ""
    },
    {
        "name": "rock",
        "trans": [
            "摇滚乐"
        ],
        "usphone": "rɑk",
        "ukphone": "rɒk"
    },
    {
        "name": "sound",
        "trans": [
            "声音"
        ],
        "usphone": "saʊnd",
        "ukphone": "saʊnd"
    },
    {
        "name": "violin",
        "trans": [
            "小提琴"
        ],
        "usphone": ",vaɪə'lɪn",
        "ukphone": "ˌvaɪəˈlɪn"
    },
    {
        "name": "Western",
        "trans": [
            "西方的"
        ],
        "usphone": "'wɛstɚn",
        "ukphone": "'west(ə)n"
    },
    {
        "name": "hmm",
        "trans": [
            "嗯"
        ],
        "usphone": "",
        "ukphone": "(h)m"
    },
    {
        "name": "By",
        "trans": [
            "由⋯⋯创作；被；由"
        ],
        "usphone": "baɪ",
        "ukphone": "baɪ"
    },
    {
        "name": "through",
        "trans": [
            "穿过"
        ],
        "usphone": "θru",
        "ukphone": "θruː"
    },
    {
        "name": "both",
        "trans": [
            "两个；两者"
        ],
        "usphone": "boθ",
        "ukphone": "bəʊθ"
    },
    {
        "name": "opera",
        "trans": [
            "歌剧"
        ],
        "usphone": "'ɑprə",
        "ukphone": "'ɒp(ə)rə"
    },
    {
        "name": "voice",
        "trans": [
            "声音"
        ],
        "usphone": "vɔɪs",
        "ukphone": "vɒɪs"
    },
    {
        "name": "drum",
        "trans": [
            "鼓"
        ],
        "usphone": "drʌm",
        "ukphone": "drʌm"
    },
    {
        "name": "believe",
        "trans": [
            "相信"
        ],
        "usphone": "bɪ'liv",
        "ukphone": "bɪ'liːv"
    },
    {
        "name": "musician",
        "trans": [
            "乐手；音乐家"
        ],
        "usphone": "mjʊ'zɪʃən",
        "ukphone": "mjuː'zɪʃ(ə)n"
    },
    {
        "name": "centre (AmE center)",
        "trans": [
            "中心"
        ],
        "usphone": "",
        "ukphone": ""
    },
    {
        "name": "European",
        "trans": [
            "欧洲的"
        ],
        "usphone": "'jʊrə'piən",
        "ukphone": "ˌjʊərəˈpɪən"
    },
    {
        "name": "classical",
        "trans": [
            "经典的；古典的"
        ],
        "usphone": "'klæsɪkl",
        "ukphone": "'klæsɪk(ə)l"
    },
    {
        "name": "century",
        "trans": [
            "世纪"
        ],
        "usphone": "ˈsɛntʃərɪ",
        "ukphone": "ˈsentʃərɪ"
    },
    {
        "name": "composer",
        "trans": [
            "作曲家"
        ],
        "usphone": "kəm'pozɚ",
        "ukphone": "kəm'pəʊzə"
    },
    {
        "name": "elder",
        "trans": [
            "年长的"
        ],
        "usphone": "'ɛldɚ",
        "ukphone": "'eldə"
    },
    {
        "name": "waltz",
        "trans": [
            "华尔兹舞（曲）"
        ],
        "usphone": "wɔlts",
        "ukphone": "wɔːl(t)s; wɒl-"
    },
    {
        "name": "dance music",
        "trans": [
            "舞曲"
        ],
        "usphone": "",
        "ukphone": ""
    },
    {
        "name": "another",
        "trans": [
            "又一个；再一个"
        ],
        "usphone": "ə'nʌðɚ",
        "ukphone": "ə'nʌðə"
    },
    {
        "name": "Piece",
        "trans": [
            "（写作，音乐或艺术的）作品"
        ],
        "usphone": "pis",
        "ukphone": "piːs"
    },
    {
        "name": "poor",
        "trans": [
            "贫穷的"
        ],
        "usphone": "pʊr",
        "ukphone": "pɔ:(r)"
    },
    {
        "name": "perfect",
        "trans": [
            "完美的"
        ],
        "usphone": "ˈpɝfɪkt; (for v.) pɝˈfɛkt",
        "ukphone": "ˈpɜ:fɪkt; (for v.) pəˈfekt"
    },
    {
        "name": "sad",
        "trans": [
            "令人悲伤的；令人难过的"
        ],
        "usphone": "sæd",
        "ukphone": "sæd"
    },
    {
        "name": "slow",
        "trans": [
            "慢的"
        ],
        "usphone": "sloʊ",
        "ukphone": "sləʊ"
    },
    {
        "name": "feel",
        "trans": [
            "(felt) 感觉；觉得"
        ],
        "usphone": "fil",
        "ukphone": "fiːl"
    },
    {
        "name": "ship",
        "trans": [
            "船"
        ],
        "usphone": "ʃɪp",
        "ukphone": "ʃɪp"
    }
]