[
    {
        "name": "flight",
        "trans": [
            "航班；飞行"
        ],
        "usphone": "flaɪt",
        "ukphone": "flaɪt"
    },
    {
        "name": "because of",
        "trans": [
            "因为；由于"
        ],
        "usphone": "",
        "ukphone": ""
    },
    {
        "name": "direct",
        "trans": [
            "径直地；直接地"
        ],
        "usphone": "dəˈrekt; daɪˈrekt",
        "ukphone": "dɪˈrekt ; daɪ-"
    },
    {
        "name": "pilot",
        "trans": [
            "飞行员"
        ],
        "usphone": "'paɪlət",
        "ukphone": "'paɪlət"
    },
    {
        "name": "succeed",
        "trans": [
            "成功；做成"
        ],
        "usphone": "sək'sid",
        "ukphone": "sək'siːd"
    },
    {
        "name": "as long as",
        "trans": [
            "只要"
        ],
        "usphone": "",
        "ukphone": ""
    },
    {
        "name": "school-leaver",
        "trans": [
            "[英] 毕业生"
        ],
        "usphone": "'sku:l,li:və",
        "ukphone": "'sku:l,li:və"
    },
    {
        "name": "exactly",
        "trans": [
            "确切地；完全；[口]（表示赞同）确实如此"
        ],
        "usphone": "ɪɡ'zæktli",
        "ukphone": "ɪg'zæk(t)lɪ"
    },
    {
        "name": "take care",
        "trans": [
            "（告别用语）多保重"
        ],
        "usphone": "",
        "ukphone": ""
    },
    {
        "name": "sir",
        "trans": [
            "先生；长官"
        ],
        "usphone": "sɝ",
        "ukphone": "sɜː"
    },
    {
        "name": "officer",
        "trans": [
            "军官；官员；警察"
        ],
        "usphone": "'ɔfɪsɚ",
        "ukphone": "'ɒfɪsə"
    },
    {
        "name": "stupid",
        "trans": [
            "笨的；糊涂的"
        ],
        "usphone": "'stupɪd",
        "ukphone": "'stjuːpɪd"
    },
    {
        "name": "take off",
        "trans": [
            "脱去"
        ],
        "usphone": "",
        "ukphone": ""
    },
    {
        "name": "jacket",
        "trans": [
            "短上衣；夹克"
        ],
        "usphone": "'dʒækɪt",
        "ukphone": "'dʒækɪt"
    },
    {
        "name": "ours",
        "trans": [
            "我们的"
        ],
        "usphone": "ɑrz",
        "ukphone": "aʊəz"
    },
    {
        "name": "tie",
        "trans": [
            "领带"
        ],
        "usphone": "taɪ",
        "ukphone": "taɪ"
    },
    {
        "name": "row",
        "trans": [
            "一排；一行；一列"
        ],
        "usphone": "ro",
        "ukphone": "rəʊ"
    },
    {
        "name": "pool",
        "trans": [
            "水池；游泳池"
        ],
        "usphone": "pul",
        "ukphone": "puːl"
    },
    {
        "name": "pass",
        "trans": [
            "及格；通过（考试或检查）"
        ],
        "usphone": "pæs",
        "ukphone": "pɑːs"
    },
    {
        "name": "secondary",
        "trans": [
            "（教育）中等的；次要的；间接的"
        ],
        "usphone": "'sɛkəndɛri",
        "ukphone": "'sek(ə)nd(ə)rɪ"
    },
    {
        "name": "secondary school",
        "trans": [
            "中学"
        ],
        "usphone": "",
        "ukphone": ""
    },
    {
        "name": "absent",
        "trans": [
            "缺席的；不在的"
        ],
        "usphone": "ˈæbsnt;(for v.)əbˈsɛnt",
        "ukphone": "ˈæbsənt;(for v.)əbˈsent"
    },
    {
        "name": "bell",
        "trans": [
            "钟；铃"
        ],
        "usphone": "bɛl",
        "ukphone": "bel"
    },
    {
        "name": "wealthy",
        "trans": [
            "富有的；富裕的"
        ],
        "usphone": "'wɛlθi",
        "ukphone": "'welθɪ"
    },
    {
        "name": "fear",
        "trans": [
            "担心；害怕"
        ],
        "usphone": "fɪr",
        "ukphone": "fɪə"
    },
    {
        "name": "used to",
        "trans": [
            "（用于表示过去真实或经常性的行为，特别强调现在不那样了）过去"
        ],
        "usphone": "",
        "ukphone": ""
    },
    {
        "name": "wealth",
        "trans": [
            "财富；财产"
        ],
        "usphone": "wɛlθ",
        "ukphone": "welθ"
    },
    {
        "name": "double",
        "trans": [
            "使加倍；把⋯⋯增加一倍",
            "（成）双的；两个⋯⋯"
        ],
        "usphone": "'dʌbl",
        "ukphone": "'dʌb(ə)l"
    },
    {
        "name": "seldom",
        "trans": [
            "很少地；不常"
        ],
        "usphone": "'sɛldəm",
        "ukphone": "'seldəm"
    },
    {
        "name": "spare",
        "trans": [
            "空余的；备用的"
        ],
        "usphone": "spɛr",
        "ukphone": "speə"
    },
    {
        "name": "spare time",
        "trans": [
            "业余时间；闲暇"
        ],
        "usphone": "",
        "ukphone": ""
    },
    {
        "name": "speak up",
        "trans": [
            "大声说"
        ],
        "usphone": "",
        "ukphone": ""
    },
    {
        "name": "deaf",
        "trans": [
            "聋的"
        ],
        "usphone": "dɛf",
        "ukphone": "def"
    },
    {
        "name": "tiny",
        "trans": [
            "微小的；极小的"
        ],
        "usphone": "'taɪni",
        "ukphone": "'taɪnɪ"
    },
    {
        "name": "electric",
        "trans": [
            "用电的；电动的"
        ],
        "usphone": "ɪ'lɛktrɪk",
        "ukphone": "ɪ'lektrɪk"
    },
    {
        "name": "light",
        "trans": [
            "电灯"
        ],
        "usphone": "laɪt",
        "ukphone": "laɪt"
    },
    {
        "name": "candle",
        "trans": [
            "蜡烛"
        ],
        "usphone": "'kændl",
        "ukphone": "'kænd(ə)l"
    },
    {
        "name": "postman",
        "trans": [
            "邮递员"
        ],
        "usphone": "'postmən",
        "ukphone": "'pəʊs(t)mən"
    },
    {
        "name": "cold",
        "trans": [
            "寒冷；冷空气"
        ],
        "usphone": "kold",
        "ukphone": "kəʊld"
    },
    {
        "name": "heat",
        "trans": [
            "高温；热度"
        ],
        "usphone": "hit",
        "ukphone": "hiːt"
    },
    {
        "name": "full-time",
        "trans": [
            "专职的；全日制的"
        ],
        "usphone": ",ful'taɪm",
        "ukphone": ",fʊl'taɪm"
    },
    {
        "name": "role",
        "trans": [
            "作用；职责；角色"
        ],
        "usphone": "rol",
        "ukphone": "rəʊl"
    },
    {
        "name": "education",
        "trans": [
            "（个人的）教育；学业"
        ],
        "usphone": ",ɛdʒu'keʃən",
        "ukphone": "ˌedʒʊˈkeɪʃn"
    },
    {
        "name": "transport",
        "trans": [
            "运输业；交通"
        ],
        "usphone": "'trænspɔrt",
        "ukphone": "træn'spɔːt; trɑːn-"
    },
    {
        "name": "set off",
        "trans": [
            "动身；出发"
        ],
        "usphone": ",set 'ɔf",
        "ukphone": ",set 'ɔf"
    },
    {
        "name": "sock",
        "trans": [
            "短袜"
        ],
        "usphone": "sɑk",
        "ukphone": "sɒk"
    },
    {
        "name": "whenever",
        "trans": [
            "每当；无论什么时候"
        ],
        "usphone": "wɛn'ɛvɚ",
        "ukphone": "wen'evə"
    },
    {
        "name": "proper",
        "trans": [
            "合适的；恰当的"
        ],
        "usphone": "'prɑpɚ",
        "ukphone": "'prɒpə"
    },
    {
        "name": "edge",
        "trans": [
            "边；边缘"
        ],
        "usphone": "ɛdʒ",
        "ukphone": "edʒ"
    },
    {
        "name": "yourself",
        "trans": [
            "(pl. yourselves) 你自己"
        ],
        "usphone": "jɔr'sɛlf",
        "ukphone": "jɔː'self; jʊə-; jə-"
    },
    {
        "name": "go off",
        "trans": [
            "离开"
        ],
        "usphone": "",
        "ukphone": ""
    },
    {
        "name": "starve",
        "trans": [
            "挨饿；饿死"
        ],
        "usphone": "stɑrv",
        "ukphone": "stɑːv"
    },
    {
        "name": "go",
        "trans": [
            "尝试；努力"
        ],
        "usphone": "go",
        "ukphone": "gəʊ"
    },
    {
        "name": "in one go",
        "trans": [
            "一口气；一下子"
        ],
        "usphone": "",
        "ukphone": ""
    },
    {
        "name": "rock",
        "trans": [
            "岩；岩石"
        ],
        "usphone": "rɑk",
        "ukphone": "rɒk"
    },
    {
        "name": "rock climbing",
        "trans": [
            "攀岩"
        ],
        "usphone": "",
        "ukphone": ""
    },
    {
        "name": "stone",
        "trans": [
            "石头"
        ],
        "usphone": "ston",
        "ukphone": "stəʊn"
    },
    {
        "name": "fairly",
        "trans": [
            "相当；还算"
        ],
        "usphone": "'fɛrli",
        "ukphone": "'feəlɪ"
    },
    {
        "name": "smooth",
        "trans": [
            "无困难的；顺利的；光滑的；平坦的"
        ],
        "usphone": "smʊð",
        "ukphone": "smuːð"
    },
    {
        "name": "straight",
        "trans": [
            "直的；笔直的"
        ],
        "usphone": "stret",
        "ukphone": "streɪt"
    },
    {
        "name": "tent",
        "trans": [
            "帐篷"
        ],
        "usphone": "tɛnt",
        "ukphone": "tent"
    },
    {
        "name": "fall",
        "trans": [
            "变成，进入（某种状态）"
        ],
        "usphone": "fɔl",
        "ukphone": "fɔːl"
    },
    {
        "name": "fall asleep",
        "trans": [
            "入睡；睡着"
        ],
        "usphone": "",
        "ukphone": ""
    },
    {
        "name": "hang",
        "trans": [
            "(hung, hung) 悬挂；吊"
        ],
        "usphone": "hæŋ",
        "ukphone": "hæŋ"
    },
    {
        "name": "sudden",
        "trans": [
            "突然的；急剧的"
        ],
        "usphone": "'sʌdn",
        "ukphone": "'sʌd(ə)n"
    },
    {
        "name": "gun",
        "trans": [
            "枪"
        ],
        "usphone": "ɡʌn",
        "ukphone": "gʌn"
    },
    {
        "name": "soft",
        "trans": [
            "软的；柔软的"
        ],
        "usphone": "sɔft",
        "ukphone": "sɒft"
    },
    {
        "name": "still",
        "trans": [
            "静止的；不动的"
        ],
        "usphone": "stɪl",
        "ukphone": "stɪl"
    },
    {
        "name": "wood",
        "trans": [
            "（小）树林；林地"
        ],
        "usphone": "wʊd",
        "ukphone": "wʊd"
    },
    {
        "name": "blood",
        "trans": [
            "血；血液"
        ],
        "usphone": "blʌd",
        "ukphone": "blʌd"
    },
    {
        "name": "catch up",
        "trans": [
            "赶上"
        ],
        "usphone": "'kætʃʌp",
        "ukphone": "'kætʃʌp"
    },
    {
        "name": "agreement",
        "trans": [
            "协议；协定"
        ],
        "usphone": "ə'grimənt",
        "ukphone": "ə'griːm(ə)nt"
    },
    {
        "name": "blind",
        "trans": [
            "失明的；瞎的"
        ],
        "usphone": "blaɪnd",
        "ukphone": "blaɪnd"
    },
    {
        "name": "ouch",
        "trans": [
            "哎哟（用于表示突然的疼痛）"
        ],
        "usphone": "aʊtʃ",
        "ukphone": "aʊtʃ"
    },
    {
        "name": "call off",
        "trans": [
            "取消；决定终止"
        ],
        "usphone": "",
        "ukphone": ""
    },
    {
        "name": "thanks to",
        "trans": [
            "多亏；归功于"
        ],
        "usphone": "",
        "ukphone": ""
    },
    {
        "name": "health care",
        "trans": [
            "医疗保健（服务）"
        ],
        "usphone": "",
        "ukphone": ""
    },
    {
        "name": "expect",
        "trans": [
            "预料；预计"
        ],
        "usphone": "ɪk'spɛkt",
        "ukphone": "ɪkˈspekt"
    },
    {
        "name": "require",
        "trans": [
            "需要"
        ],
        "usphone": "rɪ'kwaɪr",
        "ukphone": "rɪ'kwaɪə"
    },
    {
        "name": "physical",
        "trans": [
            "身体的；体力的"
        ],
        "usphone": "'fɪzɪkl",
        "ukphone": "'fɪzɪk(ə)l"
    },
    {
        "name": "effort",
        "trans": [
            "力气；精力"
        ],
        "usphone": "'ɛfɚt",
        "ukphone": "'efət"
    },
    {
        "name": "once in a while",
        "trans": [
            "偶尔；有时；间或"
        ],
        "usphone": "",
        "ukphone": ""
    },
    {
        "name": "harm",
        "trans": [
            "损害；伤害"
        ],
        "usphone": "hɑrm",
        "ukphone": "hɑːm"
    },
    {
        "name": "invitation",
        "trans": [
            "邀请；请柬"
        ],
        "usphone": "ˌɪnvɪˈteɪʃn",
        "ukphone": "ɪnvɪ'teɪʃ(ə)n"
    },
    {
        "name": "calendar",
        "trans": [
            "日历；历书"
        ],
        "usphone": "'kæləndɚ",
        "ukphone": "'kælɪndə"
    },
    {
        "name": "balloon",
        "trans": [
            "气球"
        ],
        "usphone": "bə'lun",
        "ukphone": "bə'luːn"
    },
    {
        "name": "paint",
        "trans": [
            "绘画"
        ],
        "usphone": "pent",
        "ukphone": "peɪnt"
    },
    {
        "name": "Heat",
        "trans": [
            "使变热；给⋯⋯加热"
        ],
        "usphone": "hit",
        "ukphone": "hiːt"
    },
    {
        "name": "heat up",
        "trans": [
            "使变热；给⋯⋯加热"
        ],
        "usphone": "",
        "ukphone": ""
    },
    {
        "name": "knife",
        "trans": [
            "(pl knives) 餐刀；刀具"
        ],
        "usphone": "naɪf",
        "ukphone": "naɪf"
    },
    {
        "name": "fork",
        "trans": [
            "餐叉"
        ],
        "usphone": "fɔrk",
        "ukphone": "fɔːk"
    },
    {
        "name": "spoon",
        "trans": [
            "匙；勺子"
        ],
        "usphone": "spun",
        "ukphone": "spuːn"
    },
    {
        "name": "cheeseburger",
        "trans": [
            "干酪汉堡包"
        ],
        "usphone": "'tʃizbɝɡɚ",
        "ukphone": "'tʃiːzbɜːgə"
    },
    {
        "name": "Italian",
        "trans": [
            "意大利的；意大利语的；意大利人的",
            "意大利语；意大利人"
        ],
        "usphone": "ɪˈtæljən",
        "ukphone": "ɪˈtælɪən"
    },
    {
        "name": "Westerner",
        "trans": [
            "西方人"
        ],
        "usphone": "",
        "ukphone": ""
    },
    {
        "name": "West",
        "trans": [
            "西方（尤指西欧和北美）"
        ],
        "usphone": "wɛst",
        "ukphone": "west"
    },
    {
        "name": "serve",
        "trans": [
            "端上（食物和饮料）；服侍⋯⋯进餐"
        ],
        "usphone": "sɝv",
        "ukphone": "sɜːv"
    },
    {
        "name": "similar",
        "trans": [
            "相似的"
        ],
        "usphone": "'sɪməlɚ",
        "ukphone": "'sɪmɪlə"
    },
    {
        "name": "wing",
        "trans": [
            "翅膀；翼"
        ],
        "usphone": "wɪŋ",
        "ukphone": "wɪŋ"
    },
    {
        "name": "lady",
        "trans": [
            "女士；夫人；小姐"
        ],
        "usphone": "'ledi",
        "ukphone": "'leɪdɪ"
    },
    {
        "name": "gentleman",
        "trans": [
            "先生；男士"
        ],
        "usphone": "'dʒɛntlmən",
        "ukphone": "'dʒent(ə)lmən"
    },
    {
        "name": "help yourself",
        "trans": [
            "随便做（或用）吧；请自便"
        ],
        "usphone": "",
        "ukphone": ""
    },
    {
        "name": "cross",
        "trans": [
            "生气的"
        ],
        "usphone": "krɔs",
        "ukphone": "krɒs"
    },
    {
        "name": "achieve",
        "trans": [
            "成功；实现"
        ],
        "usphone": "ə'tʃiv",
        "ukphone": "ə'tʃiːv"
    },
    {
        "name": "including",
        "trans": [
            "包括；包含"
        ],
        "usphone": "ɪn'klʊdɪŋ",
        "ukphone": "ɪn'kluːdɪŋ"
    },
    {
        "name": "speaker",
        "trans": [
            "说某种语言的人"
        ],
        "usphone": "'spikɚ",
        "ukphone": "'spiːkə"
    },
    {
        "name": "boss",
        "trans": [
            "老板；上司"
        ],
        "usphone": "bɔs",
        "ukphone": "bɒs"
    },
    {
        "name": "secretary",
        "trans": [
            "秘书"
        ],
        "usphone": "'sɛkrətɛrɪ",
        "ukphone": "ˈsekrətrɪ"
    },
    {
        "name": "quarter",
        "trans": [
            "四分之一"
        ],
        "usphone": "'kwɔrtɚ",
        "ukphone": "'kwɔːtə"
    },
    {
        "name": "industry",
        "trans": [
            "制造业；工业"
        ],
        "usphone": "'ɪndəstri",
        "ukphone": "'ɪndəstrɪ"
    },
    {
        "name": "zero",
        "trans": [
            "（数字）零"
        ],
        "usphone": "ˈzɪro",
        "ukphone": "'zɪərəʊ"
    },
    {
        "name": "Indian",
        "trans": [
            "印度人",
            "印度的；印度文化的"
        ],
        "usphone": "'ɪndɪən",
        "ukphone": "'ɪndɪən"
    },
    {
        "name": "type",
        "trans": [
            "种；类；类型"
        ],
        "usphone": "taɪp",
        "ukphone": "taɪp"
    },
    {
        "name": "handbag",
        "trans": [
            "（女用）小提包"
        ],
        "usphone": "ˈhændˌbæg",
        "ukphone": "'hæn(d)bæg"
    },
    {
        "name": "beat",
        "trans": [
            "节拍；拍子"
        ],
        "usphone": "bit",
        "ukphone": "biːt"
    },
    {
        "name": "pardon",
        "trans": [
            "[口] 对不起，请原谅（用于礼貌地请求别人重复自己没听清或不理解的话）"
        ],
        "usphone": "'pɑrdn",
        "ukphone": "ˈpɑːdn"
    },
    {
        "name": "intend",
        "trans": [
            "计划；打算"
        ],
        "usphone": "ɪn'tɛnd",
        "ukphone": "ɪn'tend"
    },
    {
        "name": "fetch",
        "trans": [
            "（去）取来；拿来"
        ],
        "usphone": "fɛtʃ",
        "ukphone": "fetʃ"
    },
    {
        "name": "pancake",
        "trans": [
            "薄烤饼；薄煎饼"
        ],
        "usphone": "'pænkek",
        "ukphone": "'pænkeɪk"
    },
    {
        "name": "rose",
        "trans": [
            "玫瑰；蔷薇"
        ],
        "usphone": "roz",
        "ukphone": "rəʊz"
    },
    {
        "name": "laugh at",
        "trans": [
            "嘲笑；对⋯⋯一笑置之"
        ],
        "usphone": "",
        "ukphone": ""
    },
    {
        "name": "kindness",
        "trans": [
            "善举；好意"
        ],
        "usphone": "'kaɪndnəs",
        "ukphone": "'kaɪn(d)nɪs"
    },
    {
        "name": "give up",
        "trans": [
            "放弃（努力）"
        ],
        "usphone": "",
        "ukphone": ""
    },
    {
        "name": "try one's best",
        "trans": [
            "尽某人最大的努力"
        ],
        "usphone": "",
        "ukphone": ""
    },
    {
        "name": "disappointed",
        "trans": [
            "失望的；沮丧的"
        ],
        "usphone": "'dɪsə'pɔɪntɪd",
        "ukphone": "dɪsə'pɒɪntɪd"
    },
    {
        "name": "bedside",
        "trans": [
            "床边；床头"
        ],
        "usphone": "'bɛd'saɪd",
        "ukphone": "'bedsaɪd"
    },
    {
        "name": "note",
        "trans": [
            "短笺；便条"
        ],
        "usphone": "not",
        "ukphone": "nəʊt"
    },
    {
        "name": "whom",
        "trans": [
            "⋯⋯的人，那个人，那些人（用于提供关于正在谈论的某人的信息或补充信息）"
        ],
        "usphone": "hum",
        "ukphone": "huːm"
    }
]