[
    {
        "name": "pair",
        "trans": [
            "（相关的）两个人，一对"
        ],
        "usphone": "pɛr",
        "ukphone": "peə"
    },
    {
        "name": "correct",
        "trans": [
            "改正；纠正",
            "正确的；对的"
        ],
        "usphone": "kə'rɛkt",
        "ukphone": "kə'rekt"
    },
    {
        "name": "spelling",
        "trans": [
            "拼写"
        ],
        "usphone": "'spɛlɪŋ",
        "ukphone": "'spelɪŋ"
    },
    {
        "name": "word",
        "trans": [
            "词；单词；字"
        ],
        "usphone": "wɝd",
        "ukphone": "wɜːd"
    },
    {
        "name": "practise",
        "trans": [
            "练习"
        ],
        "usphone": "'præktɪs",
        "ukphone": "'præktɪs"
    },
    {
        "name": "match",
        "trans": [
            "找到与⋯⋯相配之物，使相配；使成对"
        ],
        "usphone": "mætʃ",
        "ukphone": "mætʃ"
    },
    {
        "name": "meaning",
        "trans": [
            "意义；意思"
        ],
        "usphone": "'minɪŋ",
        "ukphone": "'miːnɪŋ"
    },
    {
        "name": "complete",
        "trans": [
            "把⋯⋯填完整；使完全"
        ],
        "usphone": "kəm'plit",
        "ukphone": "kəm'pliːt"
    },
    {
        "name": "sentence",
        "trans": [
            "句子"
        ],
        "usphone": "'sɛntəns",
        "ukphone": "'sent(ə)ns"
    },
    {
        "name": "dictionary",
        "trans": [
            "词典；字典"
        ],
        "usphone": "'dɪkʃə'nɛri",
        "ukphone": "'dɪkʃ(ə)n(ə)rɪ"
    },
    {
        "name": "grammar",
        "trans": [
            "语法"
        ],
        "usphone": "'græmɚ",
        "ukphone": "'græmə"
    },
    {
        "name": "letter",
        "trans": [
            "字母"
        ],
        "usphone": "'lɛtɚ",
        "ukphone": "'letə"
    },
    {
        "name": "look up",
        "trans": [
            "查；查找"
        ],
        "usphone": "",
        "ukphone": ""
    },
    {
        "name": "mistake",
        "trans": [
            "错误；过错"
        ],
        "usphone": "mɪ'stek",
        "ukphone": "mɪ'steɪk"
    },
    {
        "name": "make a mistake",
        "trans": [
            "犯错误"
        ],
        "usphone": "",
        "ukphone": ""
    },
    {
        "name": "understand",
        "trans": [
            "(understood) 理解；明白"
        ],
        "usphone": "'ʌndɚ'stænd",
        "ukphone": "ʌndə'stænd"
    },
    {
        "name": "advice",
        "trans": [
            "意见；建议"
        ],
        "usphone": "ədˈvaɪs",
        "ukphone": "əd'vaɪs"
    },
    {
        "name": "should",
        "trans": [
            "应该"
        ],
        "usphone": "ʃəd; strong form ʃʊd",
        "ukphone": "ʃəd; strong form ʃʊd"
    },
    {
        "name": "possible",
        "trans": [
            "可能的"
        ],
        "usphone": "'pɑsəbl",
        "ukphone": "'pɒsɪb(ə)l"
    },
    {
        "name": "write down",
        "trans": [
            "写下；记下"
        ],
        "usphone": "",
        "ukphone": ""
    },
    {
        "name": "notebook",
        "trans": [
            "笔记本"
        ],
        "usphone": "'notbʊk",
        "ukphone": "'nəʊtbʊk"
    },
    {
        "name": "forget",
        "trans": [
            "(forgot) 忘；忘记"
        ],
        "usphone": "fɚ'ɡɛt",
        "ukphone": "fə'get"
    },
    {
        "name": "pronounce",
        "trans": [
            "发⋯⋯的音"
        ],
        "usphone": "prə'naʊns",
        "ukphone": "prə'naʊns"
    },
    {
        "name": "aloud",
        "trans": [
            "大声地；出声地"
        ],
        "usphone": "ə'laʊd",
        "ukphone": "ə'laʊd"
    },
    {
        "name": "radio",
        "trans": [
            "电台；广播"
        ],
        "usphone": "'redɪo",
        "ukphone": "'reɪdɪəʊ"
    },
    {
        "name": "pronunciation",
        "trans": [
            "发音"
        ],
        "usphone": "prə,nʌnsɪ'eʃən",
        "ukphone": "prə,nʌnsɪ'eɪʃ(ə)n"
    },
    {
        "name": "key",
        "trans": [
            "关键性的，非常重要的"
        ],
        "usphone": "",
        "ukphone": "kiː"
    },
    {
        "name": "main",
        "trans": [
            "主要的；最大的"
        ],
        "usphone": "",
        "ukphone": "meɪn"
    },
    {
        "name": "excellent",
        "trans": [
            "极好的；优秀的"
        ],
        "usphone": "'ɛksələnt",
        "ukphone": "ˈeksələnt"
    },
    {
        "name": "agree",
        "trans": [
            "赞同"
        ],
        "usphone": "ə'ɡri",
        "ukphone": "ə'griː"
    },
    {
        "name": "agree with sb.",
        "trans": [
            "同意某人"
        ],
        "usphone": "",
        "ukphone": ""
    },
    {
        "name": "vocabulary",
        "trans": [
            "词汇；词汇量"
        ],
        "usphone": "və'kæbjəlɛri",
        "ukphone": "və(ʊ)'kæbjʊlərɪ"
    },
    {
        "name": "ask for",
        "trans": [
            "请求（给予）"
        ],
        "usphone": "",
        "ukphone": ""
    },
    {
        "name": "improve",
        "trans": [
            "改进；改善"
        ],
        "usphone": "ɪm'pruv",
        "ukphone": "ɪm'pruːv"
    },
    {
        "name": "basic",
        "trans": [
            "主要的；基础的"
        ],
        "usphone": "'beɪsɪk",
        "ukphone": "'beɪsɪk"
    },
    {
        "name": "time",
        "trans": [
            "次；回"
        ],
        "usphone": "taɪm",
        "ukphone": "taɪm"
    },
    {
        "name": "advise",
        "trans": [
            "向⋯⋯提出意见；忠告；建议"
        ],
        "usphone": "əd'vaɪz",
        "ukphone": "əd'vaɪz"
    },
    {
        "name": "shy",
        "trans": [
            "羞怯的；腼腆的"
        ],
        "usphone": "ʃaɪ",
        "ukphone": "ʃaɪ"
    },
    {
        "name": "conversation",
        "trans": [
            "谈话；交谈"
        ],
        "usphone": ",kɑnvɚ'seʃən",
        "ukphone": "kɒnvə'seɪʃ(ə)n"
    },
    {
        "name": "quickly",
        "trans": [
            "快地；迅速地"
        ],
        "usphone": "'kwɪkli",
        "ukphone": "'kwɪklɪ"
    },
    {
        "name": "natural",
        "trans": [
            "合理的；合乎常情的"
        ],
        "usphone": "'nætʃrəl",
        "ukphone": "ˈnætʃrəl"
    },
    {
        "name": "suggest",
        "trans": [
            "建议；提议"
        ],
        "usphone": "sə'dʒɛst",
        "ukphone": "sə'dʒest"
    },
    {
        "name": "place",
        "trans": [
            "放置"
        ],
        "usphone": "ples",
        "ukphone": "pleɪs"
    },
    {
        "name": "hill",
        "trans": [
            "小山；小丘"
        ],
        "usphone": "hɪl",
        "ukphone": "hɪl"
    },
    {
        "name": "population",
        "trans": [
            "（某一地区的）人口，全体居民"
        ],
        "usphone": "ˌpɑpjuˈleɪʃn",
        "ukphone": "pɒpjʊ'leɪʃ(ə)n"
    },
    {
        "name": "wide",
        "trans": [
            "宽的；宽阔的"
        ],
        "usphone": "waɪd",
        "ukphone": "waɪd"
    },
    {
        "name": "million",
        "trans": [
            "百万"
        ],
        "usphone": "'mɪljən",
        "ukphone": "'mɪljən"
    },
    {
        "name": "pretty",
        "trans": [
            "[主口]相当地；非常；很"
        ],
        "usphone": "ˈprɪtɪ",
        "ukphone": "'prɪtɪ"
    },
    {
        "name": "pretty good",
        "trans": [
            "相当好；很好"
        ],
        "usphone": "",
        "ukphone": ""
    },
    {
        "name": "than",
        "trans": [
            "比"
        ],
        "usphone": "ðæn",
        "ukphone": "ðæn; ð(ə)n"
    },
    {
        "name": "get",
        "trans": [
            "成为；变成"
        ],
        "usphone": "ɡɛt",
        "ukphone": "get"
    },
    {
        "name": "north",
        "trans": [
            "北；北方",
            "在北方的；朝北的"
        ],
        "usphone": "nɔrθ",
        "ukphone": "nɔːθ"
    },
    {
        "name": "south",
        "trans": [
            "南；南方",
            "在南方的；朝南的"
        ],
        "usphone": "saʊθ",
        "ukphone": "saʊθ"
    },
    {
        "name": "west",
        "trans": [
            "西；西方",
            "在西方的；朝西的"
        ],
        "usphone": "wɛst",
        "ukphone": "west"
    },
    {
        "name": "home town",
        "trans": [
            "故乡；家乡"
        ],
        "usphone": "",
        "ukphone": ""
    },
    {
        "name": "especially",
        "trans": [
            "尤其"
        ],
        "usphone": "ɪˈspɛʃlɪ",
        "ukphone": "ɪˈspeʃəlɪ"
    },
    {
        "name": "be famous for",
        "trans": [
            "因⋯⋯而闻名"
        ],
        "usphone": "",
        "ukphone": ""
    },
    {
        "name": "university",
        "trans": [
            "大学"
        ],
        "usphone": ",junɪ'vɝsəti",
        "ukphone": "juːnɪ'vɜːsɪtɪ"
    },
    {
        "name": "island",
        "trans": [
            "岛；岛屿"
        ],
        "usphone": "'aɪlənd",
        "ukphone": "'aɪlənd"
    },
    {
        "name": "area",
        "trans": [
            "地区；区域"
        ],
        "usphone": "ˈeriə",
        "ukphone": "'eərɪə"
    },
    {
        "name": "low",
        "trans": [
            "矮的；低的"
        ],
        "usphone": "",
        "ukphone": "ləʊ"
    },
    {
        "name": "mountain",
        "trans": [
            "山；山岳"
        ],
        "usphone": "ˈmaʊntn",
        "ukphone": "ˈmaʊntən"
    },
    {
        "name": "countryside",
        "trans": [
            "农村地区；乡下"
        ],
        "usphone": "'kʌntrɪsaɪd",
        "ukphone": "'kʌntrɪsaɪd"
    },
    {
        "name": "umbrella",
        "trans": [
            "雨伞"
        ],
        "usphone": "ʌm'brɛlə",
        "ukphone": "ʌm'brelə"
    },
    {
        "name": "baseball",
        "trans": [
            "棒球"
        ],
        "usphone": "'besbɔl",
        "ukphone": "'beɪsbɔːl"
    },
    {
        "name": "volleyball",
        "trans": [
            "排球"
        ],
        "usphone": "'vɑlɪbɔl",
        "ukphone": "'vɒlɪbɔːl"
    },
    {
        "name": "boring",
        "trans": [
            "烦人的；无聊的"
        ],
        "usphone": "'bɔrɪŋ",
        "ukphone": "'bɔːrɪŋ"
    },
    {
        "name": "exciting",
        "trans": [
            "令人激动的；使人兴奋的"
        ],
        "usphone": "ɪk'saɪtɪŋ",
        "ukphone": "ɪk'saɪtɪŋ; ek-"
    },
    {
        "name": "relaxing",
        "trans": [
            "令人愉悦的；使人放松的"
        ],
        "usphone": "rɪ'læksɪŋ",
        "ukphone": "rɪ'læksɪŋ"
    },
    {
        "name": "score",
        "trans": [
            "（体育比赛中）得（分）"
        ],
        "usphone": "skɔ",
        "ukphone": "skɔː"
    },
    {
        "name": "already",
        "trans": [
            "已经；早已"
        ],
        "usphone": "ɔl'rɛdi",
        "ukphone": "ɔːl'redɪ"
    },
    {
        "name": "matter",
        "trans": [
            "问题；麻烦"
        ],
        "usphone": "'mætɚ",
        "ukphone": "'mætə"
    },
    {
        "name": "What's the matter?",
        "trans": [
            "怎么了？"
        ],
        "usphone": "",
        "ukphone": ""
    },
    {
        "name": "hurt",
        "trans": [
            "(hurt) （使）疼痛；（使）受伤"
        ],
        "usphone": "hɝ​t",
        "ukphone": "hɜːt"
    },
    {
        "name": "enjoyable",
        "trans": [
            "令人愉快的；有乐趣的"
        ],
        "usphone": "ɪn'dʒɔɪəbl",
        "ukphone": "ɪn'dʒɒɪəb(ə)l; en-"
    },
    {
        "name": "Olympics",
        "trans": [
            "奥林匹克运动会"
        ],
        "usphone": "",
        "ukphone": ""
    },
    {
        "name": "stadium",
        "trans": [
            "体育场"
        ],
        "usphone": "'stedɪəm",
        "ukphone": "'steɪdɪəm"
    },
    {
        "name": "miss",
        "trans": [
            "未击中；未达到"
        ],
        "usphone": "mɪs",
        "ukphone": "mɪs"
    },
    {
        "name": "mind",
        "trans": [
            "介意；讨厌；反对"
        ],
        "usphone": "maɪnd",
        "ukphone": "maɪnd"
    },
    {
        "name": "plenty",
        "trans": [
            "大量；众多"
        ],
        "usphone": "'plɛnti",
        "ukphone": "'plentɪ"
    },
    {
        "name": "plenty of",
        "trans": [
            "大量；众多"
        ],
        "usphone": "",
        "ukphone": ""
    },
    {
        "name": "beat",
        "trans": [
            "(beat) 打败；战胜"
        ],
        "usphone": "bit",
        "ukphone": "biːt"
    },
    {
        "name": "careless",
        "trans": [
            "粗心的；疏忽的"
        ],
        "usphone": "'kɛrləs",
        "ukphone": "'keələs"
    },
    {
        "name": "cheer ⋯ on",
        "trans": [
            "用欢呼声激励；为⋯⋯加油"
        ],
        "usphone": "",
        "ukphone": ""
    },
    {
        "name": "coach",
        "trans": [
            "教练"
        ],
        "usphone": "kotʃ",
        "ukphone": "kəʊtʃ"
    },
    {
        "name": "fan club",
        "trans": [
            "球迷（或影迷、歌迷）俱乐部"
        ],
        "usphone": "",
        "ukphone": ""
    },
    {
        "name": "against",
        "trans": [
            "（在比赛或战斗中）对（某人或某事物）"
        ],
        "usphone": "əˈɡɛnst;əˈɡenst",
        "ukphone": "ə'genst; ə'geɪnst"
    },
    {
        "name": "train",
        "trans": [
            "（体育）训练，操练"
        ],
        "usphone": "tren",
        "ukphone": "treɪn"
    },
    {
        "name": "practice",
        "trans": [
            "练习"
        ],
        "usphone": "'præktɪs",
        "ukphone": "'præktɪs"
    },
    {
        "name": "warm",
        "trans": [
            "使暖和；使温暖"
        ],
        "usphone": "wɔrm",
        "ukphone": "wɔːm"
    },
    {
        "name": "warm up",
        "trans": [
            "热身；做准备活动"
        ],
        "usphone": "",
        "ukphone": ""
    },
    {
        "name": "usual",
        "trans": [
            "通常的；平常的"
        ],
        "usphone": "'juʒuəl",
        "ukphone": "'juːʒʊəl"
    },
    {
        "name": "better",
        "trans": [
            "更好地",
            "更好的"
        ],
        "usphone": "'bɛtɚ",
        "ukphone": "'betə"
    },
    {
        "name": "after-school",
        "trans": [
            "下午放学后的；课外的"
        ],
        "usphone": "'æftəskʊl",
        "ukphone": ""
    },
    {
        "name": "pleased",
        "trans": [
            "开心的；满足的"
        ],
        "usphone": "plizd",
        "ukphone": "pliːzd"
    },
    {
        "name": "pass",
        "trans": [
            "传递；传送"
        ],
        "usphone": "pæs",
        "ukphone": "pɑːs"
    },
    {
        "name": "pity",
        "trans": [
            "可惜；遗憾"
        ],
        "usphone": "'pɪtɪ",
        "ukphone": "'pɪtɪ"
    },
    {
        "name": "chance",
        "trans": [
            "可能性；机会"
        ],
        "usphone": "tʃæns",
        "ukphone": "tʃɑːns"
    },
    {
        "name": "loudly",
        "trans": [
            "响亮地；大声地"
        ],
        "usphone": "'laʊdli",
        "ukphone": "'laʊdlɪ"
    },
    {
        "name": "confident",
        "trans": [
            "自信的"
        ],
        "usphone": "'kɑnfɪdənt",
        "ukphone": "'kɒnfɪd(ə)nt"
    },
    {
        "name": "road",
        "trans": [
            "路；（尤指）公路"
        ],
        "usphone": "rod",
        "ukphone": "rəʊd"
    },
    {
        "name": "accident",
        "trans": [
            "交通事故；意外事件"
        ],
        "usphone": "'æksədənt",
        "ukphone": "'æksɪdənt"
    },
    {
        "name": "except",
        "trans": [
            "除⋯⋯之外"
        ],
        "usphone": "ɪk'sɛpt",
        "ukphone": "ɪkˈsept"
    },
    {
        "name": "choice",
        "trans": [
            "选择"
        ],
        "usphone": "tʃɔɪs",
        "ukphone": "tʃɒɪs"
    },
    {
        "name": "classmate",
        "trans": [
            "同班同学"
        ],
        "usphone": "'klæsmet",
        "ukphone": "'klɑːsmeɪt"
    },
    {
        "name": "far",
        "trans": [
            "远；遥远",
            "远的；遥远的"
        ],
        "usphone": "fɑr",
        "ukphone": "fɑː"
    },
    {
        "name": "far from",
        "trans": [
            "远离"
        ],
        "usphone": "",
        "ukphone": ""
    },
    {
        "name": "close",
        "trans": [
            "（距离上）近的，接近的",
            "（距离上）接近地"
        ],
        "usphone": "kloz",
        "ukphone": "kləʊs"
    },
    {
        "name": "crowded",
        "trans": [
            "拥挤的；人数过多的"
        ],
        "usphone": "'kraʊdɪd",
        "ukphone": "'kraʊdɪd"
    },
    {
        "name": "all the time",
        "trans": [
            "一直；不断地"
        ],
        "usphone": "",
        "ukphone": ""
    },
    {
        "name": "journey",
        "trans": [
            "旅行；旅程"
        ],
        "usphone": "ˈdʒɝ​nɪ",
        "ukphone": "'dʒɜːnɪ"
    },
    {
        "name": "book",
        "trans": [
            "预订"
        ],
        "usphone": "bʊk",
        "ukphone": "bʊk"
    },
    {
        "name": "park",
        "trans": [
            "停放（车）；泊（车）"
        ],
        "usphone": "pɑrk",
        "ukphone": "pɑːk"
    },
    {
        "name": "outside",
        "trans": [
            "在⋯⋯之外",
            "在外面；朝户外",
            "外面；外部",
            "外部的；外表的"
        ],
        "usphone": ",aʊt'saɪd",
        "ukphone": "aʊt'saɪd; 'aʊtsaɪd"
    },
    {
        "name": "however",
        "trans": [
            "然而；但是"
        ],
        "usphone": "haʊ'ɛvɚ",
        "ukphone": "haʊ'evə"
    },
    {
        "name": "cost",
        "trans": [
            "(cost) 价钱为；花费",
            "价钱；成本；代价"
        ],
        "usphone": "kɔst",
        "ukphone": "kɒst"
    },
    {
        "name": "actress",
        "trans": [
            "女演员"
        ],
        "usphone": "'æktrɪs",
        "ukphone": "'æktrɪs"
    },
    {
        "name": "teahouse",
        "trans": [
            "（尤指亚洲的）茶馆"
        ],
        "usphone": "",
        "ukphone": "'tiːhaʊs"
    },
    {
        "name": "offer",
        "trans": [
            "提议；提出"
        ],
        "usphone": "'ɔfɚ",
        "ukphone": "'ɒfə"
    },
    {
        "name": "end",
        "trans": [
            "（时间的）最后一段，末尾",
            "结束"
        ],
        "usphone": "ɛnd",
        "ukphone": "end"
    },
    {
        "name": "in the end",
        "trans": [
            "最后；终于"
        ],
        "usphone": "",
        "ukphone": ""
    },
    {
        "name": "no idea",
        "trans": [
            "不知道"
        ],
        "usphone": "",
        "ukphone": ""
    },
    {
        "name": "act",
        "trans": [
            "（戏剧、歌剧或芭蕾舞的）一幕"
        ],
        "usphone": "ækt",
        "ukphone": "ækt"
    },
    {
        "name": "show",
        "trans": [
            "展示；显示",
            "演出；表演"
        ],
        "usphone": "ʃo",
        "ukphone": "ʃəʊ"
    },
    {
        "name": "common",
        "trans": [
            "普通的；一般的"
        ],
        "usphone": "'kɑmən",
        "ukphone": "'kɒmən"
    },
    {
        "name": "twentieth",
        "trans": [
            "第二十"
        ],
        "usphone": "ˈtwɛntɪɪθ",
        "ukphone": "ˈtwentɪəθ"
    },
    {
        "name": "describe",
        "trans": [
            "描写；描述"
        ],
        "usphone": "dɪ'skraɪb",
        "ukphone": "dɪ'skraɪb"
    },
    {
        "name": "society",
        "trans": [
            "社会"
        ],
        "usphone": "səˈsaɪətɪ",
        "ukphone": "sə'saɪətɪ"
    },
    {
        "name": "head teacher",
        "trans": [
            "校长"
        ],
        "usphone": "",
        "ukphone": ""
    },
    {
        "name": "college",
        "trans": [
            "大学；学院"
        ],
        "usphone": "'kɑlɪdʒ",
        "ukphone": "'kɒlɪdʒ"
    },
    {
        "name": "novel",
        "trans": [
            "（长篇）小说"
        ],
        "usphone": "ˈnɑːvl",
        "ukphone": "'nɒv(ə)l"
    },
    {
        "name": "name",
        "trans": [
            "给⋯⋯取名；给⋯⋯命名"
        ],
        "usphone": "nem",
        "ukphone": "neɪm"
    },
    {
        "name": "if",
        "trans": [
            "如果；若"
        ],
        "usphone": "ɪf",
        "ukphone": "ɪf"
    },
    {
        "name": "magic",
        "trans": [
            "魔术的；戏法的"
        ],
        "usphone": "'mædʒɪk",
        "ukphone": "'mædʒɪk"
    },
    {
        "name": "snake",
        "trans": [
            "蛇"
        ],
        "usphone": "snek",
        "ukphone": "sneɪk"
    },
    {
        "name": "neck",
        "trans": [
            "颈；脖子"
        ],
        "usphone": "nɛk",
        "ukphone": "nek"
    },
    {
        "name": "thin",
        "trans": [
            "薄的；细长的"
        ],
        "usphone": "θɪn",
        "ukphone": "θɪn"
    },
    {
        "name": "danger",
        "trans": [
            "危险；危害"
        ],
        "usphone": "'dendʒɚ",
        "ukphone": "ˈdeɪndʒə(r)"
    },
    {
        "name": "in danger",
        "trans": [
            "处于危险中"
        ],
        "usphone": "",
        "ukphone": ""
    },
    {
        "name": "at last",
        "trans": [
            "终于；最后"
        ],
        "usphone": "",
        "ukphone": ""
    },
    {
        "name": "interested",
        "trans": [
            "关心的；感兴趣的"
        ],
        "usphone": "'ɪntrəstɪd",
        "ukphone": "'ɪntrəstɪd"
    },
    {
        "name": "allow",
        "trans": [
            "允许；准许"
        ],
        "usphone": "ə'laʊ",
        "ukphone": "ə'laʊ"
    },
    {
        "name": "think of",
        "trans": [
            "想到；想出"
        ],
        "usphone": "",
        "ukphone": ""
    },
    {
        "name": "protect",
        "trans": [
            "保护；保卫"
        ],
        "usphone": "prə'tɛkt",
        "ukphone": "prə'tekt"
    },
    {
        "name": "wild",
        "trans": [
            "野生的",
            "野生环境"
        ],
        "usphone": "waɪld",
        "ukphone": "waɪld"
    },
    {
        "name": "grow",
        "trans": [
            "(grew) （逐渐）变得；生长"
        ],
        "usphone": "ɡro",
        "ukphone": "grəʊ"
    },
    {
        "name": "take away",
        "trans": [
            "夺去；拿走"
        ],
        "usphone": "",
        "ukphone": ""
    },
    {
        "name": "enough",
        "trans": [
            "足够的；充分的"
        ],
        "usphone": "ɪ'nʌf",
        "ukphone": "ɪ'nʌf"
    },
    {
        "name": "peace",
        "trans": [
            "和平；太平"
        ],
        "usphone": "pis",
        "ukphone": "piːs"
    },
    {
        "name": "in peace",
        "trans": [
            "和平地；平静地"
        ],
        "usphone": "",
        "ukphone": ""
    },
    {
        "name": "notice",
        "trans": [
            "布告；告示"
        ],
        "usphone": "'notɪs",
        "ukphone": "'nəʊtɪs"
    },
    {
        "name": "look after",
        "trans": [
            "照顾；照管"
        ],
        "usphone": "",
        "ukphone": ""
    },
    {
        "name": "raise",
        "trans": [
            "筹集（钱款）；抚养；养育"
        ],
        "usphone": "rez",
        "ukphone": "reɪz"
    },
    {
        "name": "research",
        "trans": [
            "研究；探讨"
        ],
        "usphone": "'risɝtʃ",
        "ukphone": "rɪ'sɜːtʃ; 'riːsɜːtʃ"
    },
    {
        "name": "baby",
        "trans": [
            "婴儿；婴孩"
        ],
        "usphone": "bebɪ",
        "ukphone": "'beɪbɪ"
    },
    {
        "name": "situation",
        "trans": [
            "形势；情况"
        ],
        "usphone": "ˌsɪtʃʊˈeʃən",
        "ukphone": "sɪtjʊ'eɪʃ(ə)n"
    },
    {
        "name": "scientist",
        "trans": [
            "科学家"
        ],
        "usphone": "'saɪəntɪst",
        "ukphone": "'saɪəntɪst"
    },
    {
        "name": "produce",
        "trans": [
            "生育；繁殖"
        ],
        "usphone": "prəˈdus;(for n.)ˈprɒdus; prɑdus",
        "ukphone": "prəˈdju:s;(for n.)ˈprɒdju:s"
    },
    {
        "name": "southwest",
        "trans": [
            "西南",
            "西南的；朝西南的"
        ],
        "usphone": ",saʊθ'wɛst",
        "ukphone": ",saʊθ'west"
    },
    {
        "name": "in order to",
        "trans": [
            "为了"
        ],
        "usphone": "",
        "ukphone": ""
    },
    {
        "name": "government",
        "trans": [
            "政府"
        ],
        "usphone": "'ɡʌvɚnmənt",
        "ukphone": "ˈgʌvənmənt"
    },
    {
        "name": "set",
        "trans": [
            "设置；设定"
        ],
        "usphone": "sɛt",
        "ukphone": "set"
    },
    {
        "name": "set up",
        "trans": [
            "开办；设立；创办；建立"
        ],
        "usphone": "",
        "ukphone": ""
    },
    {
        "name": "nature",
        "trans": [
            "大自然；自然界"
        ],
        "usphone": "'netʃɚ",
        "ukphone": "'neɪtʃə"
    },
    {
        "name": "nature park",
        "trans": [
            "自然公园"
        ],
        "usphone": "",
        "ukphone": ""
    },
    {
        "name": "develop",
        "trans": [
            "研制；制定"
        ],
        "usphone": "dɪ'vɛləp",
        "ukphone": "dɪ'veləp"
    },
    {
        "name": "feed",
        "trans": [
            "(fed) 喂养；饲养"
        ],
        "usphone": "fid",
        "ukphone": "fiːd"
    },
    {
        "name": "symbol",
        "trans": [
            "象征；标志"
        ],
        "usphone": "'sɪmbl",
        "ukphone": "'sɪmb(ə)l"
    },
    {
        "name": "fall",
        "trans": [
            "(fell) 下落；跌落"
        ],
        "usphone": "fɔl",
        "ukphone": "fɔːl"
    },
    {
        "name": "follow",
        "trans": [
            "跟随；紧跟"
        ],
        "usphone": "'fɑlo",
        "ukphone": "'fɒləʊ"
    },
    {
        "name": "hole",
        "trans": [
            "洞，孔；穴"
        ],
        "usphone": "hol",
        "ukphone": "həʊl"
    },
    {
        "name": "rabbit",
        "trans": [
            "兔；家兔"
        ],
        "usphone": "'ræbɪt",
        "ukphone": "'ræbɪt"
    },
    {
        "name": "ssh",
        "trans": [
            "嘘（示意某人不要说话）"
        ],
        "usphone": "",
        "ukphone": ""
    },
    {
        "name": "ground",
        "trans": [
            "地面"
        ],
        "usphone": "ɡraʊnd",
        "ukphone": "graʊnd"
    },
    {
        "name": "tea party",
        "trans": [
            "茶会"
        ],
        "usphone": "",
        "ukphone": ""
    },
    {
        "name": "twice",
        "trans": [
            "两次；两倍"
        ],
        "usphone": "twaɪs",
        "ukphone": "twaɪs"
    },
    {
        "name": "once or twice",
        "trans": [
            "偶尔；一两次"
        ],
        "usphone": "",
        "ukphone": ""
    },
    {
        "name": "suddenly",
        "trans": [
            "突然地；出乎意料地"
        ],
        "usphone": "'sʌdnlɪ",
        "ukphone": "ˈsʌdnlɪ"
    },
    {
        "name": "pink",
        "trans": [
            "粉红色的",
            "粉红色"
        ],
        "usphone": "pɪŋk",
        "ukphone": "pɪŋk"
    },
    {
        "name": "pocket",
        "trans": [
            "衣袋；口袋"
        ],
        "usphone": "'pɑkɪt",
        "ukphone": "'pɒkɪt"
    },
    {
        "name": "field",
        "trans": [
            "牧场；田地"
        ],
        "usphone": "fild",
        "ukphone": "fiːld"
    },
    {
        "name": "think about",
        "trans": [
            "考虑"
        ],
        "usphone": "",
        "ukphone": ""
    },
    {
        "name": "deep",
        "trans": [
            "（从顶部向下）深的"
        ],
        "usphone": "dip",
        "ukphone": "diːp"
    },
    {
        "name": "while",
        "trans": [
            "当⋯⋯的时候"
        ],
        "usphone": "hwaɪl",
        "ukphone": "waɪl"
    },
    {
        "name": "land",
        "trans": [
            "降落（或跳落、跌落）到地面（或水面上）"
        ],
        "usphone": "lænd",
        "ukphone": "lænd"
    },
    {
        "name": "dry",
        "trans": [
            "干的；干燥的"
        ],
        "usphone": "draɪ",
        "ukphone": "draɪ"
    },
    {
        "name": "pale",
        "trans": [
            "（肤色）苍白的"
        ],
        "usphone": "pel",
        "ukphone": "peɪl"
    },
    {
        "name": "appear",
        "trans": [
            "出现；显露"
        ],
        "usphone": "ə'pɪr",
        "ukphone": "ə'pɪə"
    },
    {
        "name": "round",
        "trans": [
            "转到（某物的）另一边"
        ],
        "usphone": "raʊnd",
        "ukphone": "raʊnd"
    },
    {
        "name": "corner",
        "trans": [
            "拐角；街角"
        ],
        "usphone": "'kɔrnɚ",
        "ukphone": "'kɔːnə"
    },
    {
        "name": "hit",
        "trans": [
            "(hit) （使）碰撞"
        ],
        "usphone": "hɪt",
        "ukphone": "hɪt"
    },
    {
        "name": "glad",
        "trans": [
            "高兴的；欢喜的"
        ],
        "usphone": "ɡlæd",
        "ukphone": "glæd"
    },
    {
        "name": "in time",
        "trans": [
            "及时"
        ],
        "usphone": "",
        "ukphone": ""
    },
    {
        "name": "fall off",
        "trans": [
            "从⋯⋯跌落"
        ],
        "usphone": "",
        "ukphone": ""
    },
    {
        "name": "risk",
        "trans": [
            "危险；风险"
        ],
        "usphone": "rɪsk",
        "ukphone": "rɪsk"
    },
    {
        "name": "attention",
        "trans": [
            "注意力"
        ],
        "usphone": "ə'tɛnʃən",
        "ukphone": "ə'tenʃ(ə)n"
    },
    {
        "name": "pay attention",
        "trans": [
            "注意；留心"
        ],
        "usphone": "",
        "ukphone": ""
    },
    {
        "name": "side",
        "trans": [
            "（物体或形状的）侧面"
        ],
        "usphone": "saɪd",
        "ukphone": "saɪd"
    },
    {
        "name": "side by side",
        "trans": [
            "并排地；肩并肩地"
        ],
        "usphone": "",
        "ukphone": ""
    },
    {
        "name": "bite",
        "trans": [
            "(bit) 咬；叮"
        ],
        "usphone": "baɪt",
        "ukphone": "baɪt"
    },
    {
        "name": "climb",
        "trans": [
            "爬；攀爬"
        ],
        "usphone": "klaɪm",
        "ukphone": "klaɪm"
    },
    {
        "name": "hide",
        "trans": [
            "(hid) 躲；躲藏"
        ],
        "usphone": "haɪd",
        "ukphone": "haɪd"
    },
    {
        "name": "throw",
        "trans": [
            "(threw) 扔；掷"
        ],
        "usphone": "θro",
        "ukphone": "θrəʊ"
    },
    {
        "name": "fridge",
        "trans": [
            "冰箱"
        ],
        "usphone": "frɪdʒ",
        "ukphone": "frɪdʒ"
    },
    {
        "name": "pain",
        "trans": [
            "痛；疼痛"
        ],
        "usphone": "pen",
        "ukphone": "peɪn"
    },
    {
        "name": "worse",
        "trans": [
            "更糟的；更坏的",
            "更糟；更严重"
        ],
        "usphone": "wɜrs",
        "ukphone": "wəːs"
    },
    {
        "name": "medicine",
        "trans": [
            "药；药物"
        ],
        "usphone": "ˈmedɪsn; mɛdəsn",
        "ukphone": "ˈmedsn"
    },
    {
        "name": "noise",
        "trans": [
            "噪声；杂音"
        ],
        "usphone": "nɔɪz",
        "ukphone": "nɔɪz"
    },
    {
        "name": "prepare",
        "trans": [
            "准备；预备"
        ],
        "usphone": "prɪ'pɛr",
        "ukphone": "prɪ'peə"
    },
    {
        "name": "notes",
        "trans": [
            "笔记；随笔 (pl.)"
        ],
        "usphone": "nots",
        "ukphone": "nəʊts"
    },
    {
        "name": "report",
        "trans": [
            "报告；汇报"
        ],
        "usphone": "rɪ'pɔrt",
        "ukphone": "rɪ'pɔːt"
    },
    {
        "name": "Grow",
        "trans": [
            "(grew) 增长；增大"
        ],
        "usphone": "ɡro",
        "ukphone": "grəʊ"
    },
    {
        "name": "huge",
        "trans": [
            "巨大的；庞大的"
        ],
        "usphone": "hjudʒ",
        "ukphone": "hjuːdʒ"
    },
    {
        "name": "cause",
        "trans": [
            "造成；引起"
        ],
        "usphone": "kɔz",
        "ukphone": "kɔːz"
    },
    {
        "name": "problem",
        "trans": [
            "麻烦；问题"
        ],
        "usphone": "'prɑbləm",
        "ukphone": "'prɒbləm"
    },
    {
        "name": "increase",
        "trans": [
            "增大；增长"
        ],
        "usphone": "ɪnˈkris; ˈɪnˌkris",
        "ukphone": "ɪn'kriːs"
    },
    {
        "name": "birth",
        "trans": [
            "出生"
        ],
        "usphone": "bɝθ",
        "ukphone": "bɜːθ"
    },
    {
        "name": "billion",
        "trans": [
            "十亿"
        ],
        "usphone": "'bɪljən",
        "ukphone": "'bɪljən"
    },
    {
        "name": "fifth",
        "trans": [
            "第五；五分之一"
        ],
        "usphone": "fɪfθ",
        "ukphone": "fɪfθ"
    },
    {
        "name": "hang on",
        "trans": [
            "[口]稍等"
        ],
        "usphone": "",
        "ukphone": ""
    },
    {
        "name": "flat",
        "trans": [
            "套房；公寓"
        ],
        "usphone": "flæt",
        "ukphone": "flæt"
    },
    {
        "name": "rubbish",
        "trans": [
            "垃圾；废弃物"
        ],
        "usphone": "'rʌbɪʃ",
        "ukphone": "'rʌbɪʃ"
    },
    {
        "name": "quiet",
        "trans": [
            "寂静的；安静的"
        ],
        "usphone": "'kwaɪət",
        "ukphone": "'kwaɪət"
    },
    {
        "name": "local",
        "trans": [
            "当地的；本地的"
        ],
        "usphone": "ˈloʊkl",
        "ukphone": "'ləʊk(ə)l"
    },
    {
        "name": "close down",
        "trans": [
            "（永久）关闭，关停"
        ],
        "usphone": "",
        "ukphone": ""
    },
    {
        "name": "pupil",
        "trans": [
            "学生；（尤指）小学生"
        ],
        "usphone": "pjupl",
        "ukphone": "'pjuːpɪl; -p(ə)l"
    },
    {
        "name": "pollution",
        "trans": [
            "污染"
        ],
        "usphone": "pə'luʃən",
        "ukphone": "pə'luːʃ(ə)n"
    },
    {
        "name": "public",
        "trans": [
            "公共的；公众的"
        ],
        "usphone": "'pʌblɪk",
        "ukphone": "'pʌblɪk"
    },
    {
        "name": "service",
        "trans": [
            "公共服务；服务"
        ],
        "usphone": "'sɝvɪs",
        "ukphone": "'sɜːvɪs"
    },
    {
        "name": "solve",
        "trans": [
            "解决问题"
        ],
        "usphone": "sɑlv",
        "ukphone": "sɒlv"
    },
    {
        "name": "cloud",
        "trans": [
            "云；云雾"
        ],
        "usphone": "klaʊd",
        "ukphone": "klaʊd"
    },
    {
        "name": "shower",
        "trans": [
            "阵雨"
        ],
        "usphone": "'ʃaʊɚ",
        "ukphone": "'ʃaʊə"
    },
    {
        "name": "snow",
        "trans": [
            "雪",
            "下雪"
        ],
        "usphone": "sno",
        "ukphone": "snəʊ"
    },
    {
        "name": "storm",
        "trans": [
            "暴风雨"
        ],
        "usphone": "stɔrm",
        "ukphone": "stɔːm"
    },
    {
        "name": "cloudy",
        "trans": [
            "多云的"
        ],
        "usphone": "'klaʊdi",
        "ukphone": "'klaʊdɪ"
    },
    {
        "name": "rainy",
        "trans": [
            "多雨的；下雨的"
        ],
        "usphone": "'reni",
        "ukphone": "'reɪnɪ"
    },
    {
        "name": "snowy",
        "trans": [
            "多雪的；下雪的"
        ],
        "usphone": "'snoɪ",
        "ukphone": "'snəʊɪ"
    },
    {
        "name": "sunny",
        "trans": [
            "晴朗的"
        ],
        "usphone": "'sʌni",
        "ukphone": "'sʌnɪ"
    },
    {
        "name": "windy",
        "trans": [
            "多风的；刮大风的"
        ],
        "usphone": "'wɪndi",
        "ukphone": "'wɪndɪ"
    },
    {
        "name": "skate",
        "trans": [
            "滑冰"
        ],
        "usphone": "sket",
        "ukphone": "skeɪt"
    },
    {
        "name": "thick",
        "trans": [
            "厚的"
        ],
        "usphone": "θɪk",
        "ukphone": "θɪk"
    },
    {
        "name": "ice",
        "trans": [
            "冰"
        ],
        "usphone": "aɪs",
        "ukphone": "aɪs"
    },
    {
        "name": "joke",
        "trans": [
            "说笑话；开玩笑",
            "笑话；玩笑"
        ],
        "usphone": "dʒok",
        "ukphone": "dʒəʊk"
    },
    {
        "name": "might",
        "trans": [
            "可能；也许"
        ],
        "usphone": "maɪt",
        "ukphone": "maɪt"
    },
    {
        "name": "temperature",
        "trans": [
            "温度"
        ],
        "usphone": "ˈtemprətʃʊər; tɛmpɚ-ˌtʃʊr",
        "ukphone": "temprətʃə(r)"
    },
    {
        "name": "minus",
        "trans": [
            "负的；零下的"
        ],
        "usphone": "'maɪnəs",
        "ukphone": "'maɪnəs"
    },
    {
        "name": "degree",
        "trans": [
            "度；度数"
        ],
        "usphone": "dɪ'ɡri",
        "ukphone": "dɪ'griː"
    },
    {
        "name": "although",
        "trans": [
            "然而；尽管"
        ],
        "usphone": "ɔl'ðo",
        "ukphone": "ɔːl'ðəʊ; ɒl-"
    },
    {
        "name": "wet",
        "trans": [
            "下雨的；湿的"
        ],
        "usphone": "wɛt",
        "ukphone": "wet"
    },
    {
        "name": "neither",
        "trans": [
            "（某人或某事物）也不"
        ],
        "usphone": "ˈniðɚ",
        "ukphone": "ˈnaɪðə; ˈniːðə"
    },
    {
        "name": "terrible",
        "trans": [
            "使人烦恼的；可怕的"
        ],
        "usphone": "'tɛrəbl",
        "ukphone": "ˈterəbl"
    },
    {
        "name": "wish",
        "trans": [
            "但愿；希望"
        ],
        "usphone": "wɪʃ",
        "ukphone": "wɪʃ"
    },
    {
        "name": "probably",
        "trans": [
            "或许；可能"
        ],
        "usphone": "'prɑbəbli",
        "ukphone": "'prɒbəblɪ"
    },
    {
        "name": "come on",
        "trans": [
            "快点"
        ],
        "usphone": "",
        "ukphone": ""
    },
    {
        "name": "mile",
        "trans": [
            "英里"
        ],
        "usphone": "maɪl",
        "ukphone": "maɪl"
    },
    {
        "name": "Round",
        "trans": [
            "围绕地"
        ],
        "usphone": "raʊnd",
        "ukphone": "raʊnd"
    },
    {
        "name": "northwest",
        "trans": [
            "西北",
            "西北的；朝西北的"
        ],
        "usphone": "'nɔrθ'wɛst",
        "ukphone": ",nɔ:θ'west"
    },
    {
        "name": "southeast",
        "trans": [
            "东南",
            "东南的；朝东南的"
        ],
        "usphone": ",saʊθ'ist",
        "ukphone": ",saʊθ'iːst"
    },
    {
        "name": "from time to time",
        "trans": [
            "有时；间或"
        ],
        "usphone": "",
        "ukphone": ""
    },
    {
        "name": "cap",
        "trans": [
            "（有檐的）帽子"
        ],
        "usphone": "kæp",
        "ukphone": "kæp"
    },
    {
        "name": "chess",
        "trans": [
            "国际象棋"
        ],
        "usphone": "tʃɛs",
        "ukphone": "tʃes"
    },
    {
        "name": "Set",
        "trans": [
            "（同类事物的）（一）套，（一）副，（一）组"
        ],
        "usphone": "sɛt",
        "ukphone": "set"
    },
    {
        "name": "a chess set",
        "trans": [
            "一副国际象棋"
        ],
        "usphone": "",
        "ukphone": ""
    },
    {
        "name": "chopstick",
        "trans": [
            "筷子"
        ],
        "usphone": "'tʃɑpstɪk",
        "ukphone": "'tʃɒpstɪk"
    },
    {
        "name": "toy",
        "trans": [
            "玩具"
        ],
        "usphone": "tɔɪ",
        "ukphone": "tɒɪ"
    },
    {
        "name": "video",
        "trans": [
            "（电子）视频的"
        ],
        "usphone": "'vɪdɪo",
        "ukphone": "'vɪdɪəʊ"
    },
    {
        "name": "video game",
        "trans": [
            "电子游戏"
        ],
        "usphone": "",
        "ukphone": ""
    },
    {
        "name": "gift",
        "trans": [
            "礼物"
        ],
        "usphone": "ɡɪft",
        "ukphone": "gɪft"
    },
    {
        "name": "surprise",
        "trans": [
            "惊奇；意外之事",
            "使（某人）吃惊"
        ],
        "usphone": "sɚ'praɪz",
        "ukphone": "sə'praɪz"
    },
    {
        "name": "immediately",
        "trans": [
            "立刻；当即"
        ],
        "usphone": "ɪ'midɪətli",
        "ukphone": "ɪ'miːdɪətlɪ"
    },
    {
        "name": "difference",
        "trans": [
            "差别；差异"
        ],
        "usphone": "'dɪfrəns",
        "ukphone": "'dɪf(ə)r(ə)ns"
    },
    {
        "name": "accept",
        "trans": [
            "收受；接受"
        ],
        "usphone": "əkˈsɛpt",
        "ukphone": "əkˈsept"
    },
    {
        "name": "tradition",
        "trans": [
            "传统习俗"
        ],
        "usphone": "trə'dɪʃən",
        "ukphone": "trə'dɪʃ(ə)n"
    },
    {
        "name": "example",
        "trans": [
            "例子；实例"
        ],
        "usphone": "ɪg'zæmpl",
        "ukphone": "ɪg'zɑːmp(ə)l; eg-"
    },
    {
        "name": "for example",
        "trans": [
            "例如"
        ],
        "usphone": "fɔr ɪɡˈzæmpəl",
        "ukphone": "fɔ: iɡˈzɑ:mpl"
    },
    {
        "name": "must",
        "trans": [
            "必须；应该"
        ],
        "usphone": "mʌst",
        "ukphone": "mʌst"
    },
    {
        "name": "month",
        "trans": [
            "月；月份"
        ],
        "usphone": "mʌnθ",
        "ukphone": "mʌnθ"
    },
    {
        "name": "serious",
        "trans": [
            "认真严肃的；不开玩笑的"
        ],
        "usphone": "'sɪrɪəs",
        "ukphone": "'sɪərɪəs"
    },
    {
        "name": "taste",
        "trans": [
            "有⋯⋯的味道",
            "味道；滋味"
        ],
        "usphone": "test",
        "ukphone": "teɪst"
    },
    {
        "name": "experience",
        "trans": [
            "经历；经验"
        ],
        "usphone": "ɪk'spɪrɪəns",
        "ukphone": "ɪkˈspɪərɪəns"
    },
    {
        "name": "stay",
        "trans": [
            "逗留；停留"
        ],
        "usphone": "steɪ",
        "ukphone": "steɪ"
    },
    {
        "name": "someone",
        "trans": [
            "某人；有人"
        ],
        "usphone": "'sʌmwʌn",
        "ukphone": "'sʌmwʌn"
    },
    {
        "name": "for the first time",
        "trans": [
            "首次；初次"
        ],
        "usphone": "",
        "ukphone": ""
    },
    {
        "name": "sandwich",
        "trans": [
            "三明治；夹心面包片"
        ],
        "usphone": "'sænwɪtʃ",
        "ukphone": "'sæn(d)wɪdʒ; -wɪtʃ"
    },
    {
        "name": "chip",
        "trans": [
            "炸土豆条；炸薯条"
        ],
        "usphone": "tʃɪp",
        "ukphone": "tʃɪp"
    },
    {
        "name": "fish and chips",
        "trans": [
            "炸鱼加炸薯条"
        ],
        "usphone": "",
        "ukphone": ""
    },
    {
        "name": "onto",
        "trans": [
            "到⋯⋯之上；向⋯⋯之上"
        ],
        "usphone": "ˈɑnˌtu, -tə, ˈɔn-",
        "ukphone": "'ɒntuː"
    },
    {
        "name": "gentleman",
        "trans": [
            "先生；男士"
        ],
        "usphone": "'dʒɛntlmən",
        "ukphone": "'dʒent(ə)lmən"
    },
    {
        "name": "shoulder",
        "trans": [
            "肩；肩膀"
        ],
        "usphone": "'ʃoldɚ",
        "ukphone": "'ʃəʊldə"
    },
    {
        "name": "broken",
        "trans": [
            "破碎的"
        ],
        "usphone": "'brokən",
        "ukphone": "'brəʊk(ə)n"
    },
    {
        "name": "glass",
        "trans": [
            "玻璃"
        ],
        "usphone": "ɡlæs",
        "ukphone": "glɑːs"
    },
    {
        "name": "stairs",
        "trans": [
            "楼梯 (pl.)"
        ],
        "usphone": "stɛrz",
        "ukphone": "stɛəz"
    },
    {
        "name": "aid",
        "trans": [
            "救助；帮助"
        ],
        "usphone": "ed",
        "ukphone": "eɪd"
    },
    {
        "name": "first aid",
        "trans": [
            "急救"
        ],
        "usphone": "",
        "ukphone": ""
    },
    {
        "name": "medical",
        "trans": [
            "医学的；医疗的"
        ],
        "usphone": "'mɛdɪkl",
        "ukphone": "'medɪk(ə)l"
    },
    {
        "name": "imagine",
        "trans": [
            "想像，设想"
        ],
        "usphone": "ɪ'mædʒɪn",
        "ukphone": "ɪ'mædʒɪn"
    },
    {
        "name": "bottom",
        "trans": [
            "底部；下端"
        ],
        "usphone": "'bɑtəm",
        "ukphone": "'bɒtəm"
    },
    {
        "name": "at the bottom of",
        "trans": [
            "在⋯⋯的底部"
        ],
        "usphone": "",
        "ukphone": ""
    },
    {
        "name": "wrong",
        "trans": [
            "有毛病的；错误的",
            "不正确地；错误地"
        ],
        "usphone": "rɔŋ",
        "ukphone": "rɒŋ"
    },
    {
        "name": "What's wrong with ⋯?",
        "trans": [
            "⋯⋯怎么了？"
        ],
        "usphone": "",
        "ukphone": ""
    },
    {
        "name": "trouble",
        "trans": [
            "问题；烦恼；困难"
        ],
        "usphone": "'trʌbl",
        "ukphone": "'trʌb(ə)l"
    },
    {
        "name": "lift",
        "trans": [
            "举起；抬起；提起",
            "电梯"
        ],
        "usphone": "lɪft",
        "ukphone": "lɪft"
    },
    {
        "name": "lift up",
        "trans": [
            "抬起；提起"
        ],
        "usphone": "",
        "ukphone": ""
    },
    {
        "name": "harmful",
        "trans": [
            "有害的"
        ],
        "usphone": "'hɑrmfəl",
        "ukphone": "'hɑːmfʊl; -f(ə)l"
    },
    {
        "name": "drop",
        "trans": [
            "使落下；投下"
        ],
        "usphone": "drɑp",
        "ukphone": "drɒp"
    },
    {
        "name": "training",
        "trans": [
            "训练；培训"
        ],
        "usphone": "'trenɪŋ",
        "ukphone": "'treɪnɪŋ"
    },
    {
        "name": "make sure",
        "trans": [
            "确保；确认"
        ],
        "usphone": "mek ʃʊər",
        "ukphone": ""
    },
    {
        "name": "cover",
        "trans": [
            "盖；盖上"
        ],
        "usphone": "'kʌvɚ",
        "ukphone": "'kʌvə"
    },
    {
        "name": "earthquake",
        "trans": [
            "地震"
        ],
        "usphone": "'ɝθ'kwek",
        "ukphone": "'ɜːθkweɪk"
    },
    {
        "name": "warn",
        "trans": [
            "警告；告诫"
        ],
        "usphone": "wɔrn",
        "ukphone": "wɔːn"
    },
    {
        "name": "inside",
        "trans": [
            "内部；里面",
            "在里面；向室内",
            "在⋯⋯里面",
            "在⋯⋯里面",
            "里面的；内部的"
        ],
        "usphone": "'ɪn'saɪd",
        "ukphone": "ɪn'saɪd"
    },
    {
        "name": "under",
        "trans": [
            "在⋯⋯正下方；在⋯⋯下面"
        ],
        "usphone": "'ʌndɚ",
        "ukphone": "'ʌndə"
    },
    {
        "name": "window",
        "trans": [
            "窗；窗户"
        ],
        "usphone": "'wɪndo",
        "ukphone": "'wɪndəʊ"
    },
    {
        "name": "keep",
        "trans": [
            "(kept) 保持；留在"
        ],
        "usphone": "kip",
        "ukphone": "kiːp"
    },
    {
        "name": "clear",
        "trans": [
            "不和⋯⋯接触的；不挨⋯⋯太近的",
            "清除；清理；移走"
        ],
        "usphone": "klɪr",
        "ukphone": "klɪə"
    },
    {
        "name": "keep clear of ⋯",
        "trans": [
            "不和⋯⋯接触"
        ],
        "usphone": "",
        "ukphone": ""
    },
    {
        "name": "calm",
        "trans": [
            "镇静的；沉着的"
        ],
        "usphone": "kɑm",
        "ukphone": "kɑːm"
    },
    {
        "name": "brave",
        "trans": [
            "勇敢的；无畏的"
        ],
        "usphone": "brev",
        "ukphone": "breɪv"
    },
    {
        "name": "helpful",
        "trans": [
            "有用的；提供帮助的"
        ],
        "usphone": "'hɛlpfl",
        "ukphone": "'helpfʊl; -f(ə)l"
    },
    {
        "name": "power",
        "trans": [
            "电；电力"
        ],
        "usphone": "'paʊɚ",
        "ukphone": "'paʊə"
    }
]