[
    {
        "name": "smell",
        "trans": [
            "(smelled, smelled; smelt, smelt) 有……的气味；闻；闻出",
            "气味"
        ],
        "usphone": "smɛl",
        "ukphone": "smel"
    },
    {
        "name": "soft",
        "trans": [
            "软的；柔软的"
        ],
        "usphone": "sɔft",
        "ukphone": "sɒft"
    },
    {
        "name": "sour",
        "trans": [
            "酸的；馊的"
        ],
        "usphone": "'saʊɚ",
        "ukphone": "saʊə"
    },
    {
        "name": "cookie",
        "trans": [
            "小甜饼；曲奇饼"
        ],
        "usphone": "'kʊki",
        "ukphone": "'kʊkɪ"
    },
    {
        "name": "mm",
        "trans": [
            "呣（用于表示食物味道好）"
        ],
        "usphone": "əm",
        "ukphone": "əm"
    },
    {
        "name": "pizza",
        "trans": [
            "比萨饼"
        ],
        "usphone": "'pitsə",
        "ukphone": "'piːtsə; 'pɪtsə"
    },
    {
        "name": "lovely",
        "trans": [
            "令人愉快的；可爱的"
        ],
        "usphone": "'lʌvli",
        "ukphone": "'lʌvlɪ"
    },
    {
        "name": "done",
        "trans": [
            "做完的"
        ],
        "usphone": "dʌn",
        "ukphone": "dʌn"
    },
    {
        "name": "try",
        "trans": [
            "尝试；努力"
        ],
        "usphone": "traɪ",
        "ukphone": "traɪ"
    },
    {
        "name": "have a try",
        "trans": [
            "尝一尝；试试看"
        ],
        "usphone": "",
        "ukphone": ""
    },
    {
        "name": "pie",
        "trans": [
            "馅饼；派"
        ],
        "usphone": "paɪ",
        "ukphone": "paɪ"
    },
    {
        "name": "sound",
        "trans": [
            "听起来；令人觉得"
        ],
        "usphone": "saʊnd",
        "ukphone": "saʊnd"
    },
    {
        "name": "sweet tooth",
        "trans": [
            "对甜食的爱好"
        ],
        "usphone": "",
        "ukphone": ""
    },
    {
        "name": "salt",
        "trans": [
            "盐；食盐"
        ],
        "usphone": "sɔlt",
        "ukphone": "sɔːlt; sɒlt"
    },
    {
        "name": "jam",
        "trans": [
            "果酱"
        ],
        "usphone": "dʒæm",
        "ukphone": "dʒæm"
    },
    {
        "name": "for",
        "trans": [
            "用于；（表示持续的时间）达，计"
        ],
        "usphone": "fɚ; strong form fɔr",
        "ukphone": "fə(r); strong form fɔ:(r)"
    },
    {
        "name": "favourite",
        "trans": [
            "最喜欢的人或者事"
        ],
        "usphone": "'fevərɪt",
        "ukphone": "'feɪv(ə)rɪt"
    },
    {
        "name": "ear",
        "trans": [
            "耳朵"
        ],
        "usphone": "ɪr",
        "ukphone": "ɪə"
    },
    {
        "name": "glasses",
        "trans": [
            "[用复数] 眼镜"
        ],
        "usphone": "'glæsɪz",
        "ukphone": "'glɑːsɪz"
    },
    {
        "name": "jeans",
        "trans": [
            "[用复数] 牛仔裤"
        ],
        "usphone": "",
        "ukphone": ""
    },
    {
        "name": "nervous",
        "trans": [
            "情绪不安的；紧张的"
        ],
        "usphone": "'nɝvəs",
        "ukphone": "'nɜːvəs"
    },
    {
        "name": "fair",
        "trans": [
            "（头发）金色的，浅褐色的"
        ],
        "usphone": "fɛr",
        "ukphone": "feə"
    },
    {
        "name": "pretty",
        "trans": [
            "秀丽的；标致的"
        ],
        "usphone": "ˈprɪtɪ",
        "ukphone": "'prɪtɪ"
    },
    {
        "name": "proud",
        "trans": [
            "感到自豪的；感到骄傲的"
        ],
        "usphone": "praʊd",
        "ukphone": "praʊd"
    },
    {
        "name": "be proud of ...",
        "trans": [
            "为……而感到到骄傲"
        ],
        "usphone": "",
        "ukphone": ""
    },
    {
        "name": "stranger",
        "trans": [
            "陌生人"
        ],
        "usphone": "'strendʒɚ",
        "ukphone": "'streɪn(d)ʒə"
    },
    {
        "name": "message",
        "trans": [
            "电子邮件；口信；信息"
        ],
        "usphone": "'mɛsɪdʒ",
        "ukphone": "'mesɪdʒ"
    },
    {
        "name": "sb. can't wait",
        "trans": [
            "某人等不及了"
        ],
        "usphone": "",
        "ukphone": ""
    },
    {
        "name": "hobby",
        "trans": [
            "业余爱好"
        ],
        "usphone": "'hɑbi",
        "ukphone": "'hɒbɪ"
    },
    {
        "name": "at school",
        "trans": [
            "在学校；上学"
        ],
        "usphone": "",
        "ukphone": ""
    },
    {
        "name": "in",
        "trans": [
            "参加；加入,在……期间,用，按照，以（某方式或风格）"
        ],
        "usphone": "ɪn",
        "ukphone": "ɪn"
    },
    {
        "name": "mark",
        "trans": [
            "分数"
        ],
        "usphone": "",
        "ukphone": "mɑːk"
    },
    {
        "name": "love",
        "trans": [
            "（用于信尾）爱你的……"
        ],
        "usphone": "lʌv",
        "ukphone": "lʌv"
    },
    {
        "name": "ever",
        "trans": [
            "曾经；从来；在任何时候"
        ],
        "usphone": "'ɛvɚ",
        "ukphone": "'evə"
    },
    {
        "name": "enter",
        "trans": [
            "（使）参加；（使）报名"
        ],
        "usphone": "'ɛntɚ",
        "ukphone": "'entə"
    },
    {
        "name": "competition",
        "trans": [
            "比赛；竞争"
        ],
        "usphone": ",kɑmpə'tɪʃən",
        "ukphone": "ˌkɒmpəˈtɪʃn"
    },
    {
        "name": "prize",
        "trans": [
            "奖品；奖项"
        ],
        "usphone": "praɪz",
        "ukphone": "praɪz"
    },
    {
        "name": "first prize",
        "trans": [
            "一等奖"
        ],
        "usphone": "",
        "ukphone": ""
    },
    {
        "name": "dream",
        "trans": [
            "梦；梦想；[只用于名词前] 梦寐以求的",
            "(dreamed, dreamed; dreamt, dreamt) 做梦；梦到；梦想"
        ],
        "usphone": "drim",
        "ukphone": "driːm"
    },
    {
        "name": "afford",
        "trans": [
            "（有财力）买得起，付得起"
        ],
        "usphone": "ə'fɔrd",
        "ukphone": "ə'fɔːd"
    },
    {
        "name": "write about",
        "trans": [
            "编写；写作"
        ],
        "usphone": "",
        "ukphone": ""
    },
    {
        "name": "make up",
        "trans": [
            "编写；创作"
        ],
        "usphone": "",
        "ukphone": ""
    },
    {
        "name": "invite",
        "trans": [
            "邀请"
        ],
        "usphone": "ɪn'vaɪt",
        "ukphone": "ɪn'vaɪt"
    },
    {
        "name": "move",
        "trans": [
            "搬家；改变……的位置"
        ],
        "usphone": "muv",
        "ukphone": "muːv"
    },
    {
        "name": "send",
        "trans": [
            "(sent, sent) 派遣去；命令……去"
        ],
        "usphone": "sɛnd",
        "ukphone": "send"
    },
    {
        "name": "Germany",
        "trans": [
            "德国"
        ],
        "usphone": "'dʒɝməni",
        "ukphone": "'dʒɜːmənɪ"
    },
    {
        "name": "France",
        "trans": [
            "法国"
        ],
        "usphone": "",
        "ukphone": "frɑːns"
    },
    {
        "name": "tower",
        "trans": [
            "塔"
        ],
        "usphone": "'taʊɚ",
        "ukphone": "'taʊə"
    },
    {
        "name": "ancient",
        "trans": [
            "古老的；古代的"
        ],
        "usphone": "ˈenʃənt",
        "ukphone": "ˈeɪnʃənt"
    },
    {
        "name": "king",
        "trans": [
            "国王；君王"
        ],
        "usphone": "kɪŋ",
        "ukphone": "kɪŋ"
    },
    {
        "name": "queen",
        "trans": [
            "女王；王后"
        ],
        "usphone": "kwin",
        "ukphone": "kwiːn"
    },
    {
        "name": "Arabic",
        "trans": [
            "阿拉伯语"
        ],
        "usphone": "ˈærəbɪk",
        "ukphone": "'ærəbik"
    },
    {
        "name": "way",
        "trans": [
            "方面；态度"
        ],
        "usphone": "we",
        "ukphone": "weɪ"
    },
    {
        "name": "mix",
        "trans": [
            "相混合；融合"
        ],
        "usphone": "mɪks",
        "ukphone": "mɪks"
    },
    {
        "name": "miss",
        "trans": [
            "惦念；怀念；想念"
        ],
        "usphone": "mɪs",
        "ukphone": "mɪs"
    },
    {
        "name": "count",
        "trans": [
            "数；清点"
        ],
        "usphone": "kaʊnt",
        "ukphone": "kaʊnt"
    },
    {
        "name": "count down",
        "trans": [
            "倒数；倒计时"
        ],
        "usphone": "",
        "ukphone": ""
    },
    {
        "name": "earth",
        "trans": [
            "地球"
        ],
        "usphone": "ɝθ",
        "ukphone": "ɜːθ"
    },
    {
        "name": "moon",
        "trans": [
            "月亮；月球"
        ],
        "usphone": "mun",
        "ukphone": "muːn"
    },
    {
        "name": "news",
        "trans": [
            "新闻；消息"
        ],
        "usphone": "nuz",
        "ukphone": "njuːz"
    },
    {
        "name": "planet",
        "trans": [
            "行星"
        ],
        "usphone": "'plænɪt",
        "ukphone": "'plænɪt"
    },
    {
        "name": "reach",
        "trans": [
            "到达；抵达"
        ],
        "usphone": "ritʃ",
        "ukphone": "riːtʃ"
    },
    {
        "name": "yet",
        "trans": [
            "还，尚（用于表示某事在某一时间尚未发生，但未来也许会发生）"
        ],
        "usphone": "jɛt",
        "ukphone": "jet"
    },
    {
        "name": "just",
        "trans": [
            "刚才；刚刚"
        ],
        "usphone": "dʒʌst",
        "ukphone": "dʒʌst"
    },
    {
        "name": "model",
        "trans": [
            "模型"
        ],
        "usphone": "'mɑdl",
        "ukphone": "'mɒdl"
    },
    {
        "name": "spaceship",
        "trans": [
            "航天器；宇宙飞船"
        ],
        "usphone": "'spesʃɪp",
        "ukphone": "'speɪsʃɪp"
    },
    {
        "name": "project",
        "trans": [
            "计划；工程；项目"
        ],
        "usphone": "prəˈdʒɛkt; prɑdʒɛkt",
        "ukphone": "prəˈdʒekt; ˈprɒdʒekt"
    },
    {
        "name": "no problem",
        "trans": [
            "没问题（用于表示乐于做某人要求做的事）"
        ],
        "usphone": "",
        "ukphone": ""
    },
    {
        "name": "latest",
        "trans": [
            "最近的；最新的"
        ],
        "usphone": "'letɪst",
        "ukphone": "'leɪtɪst"
    },
    {
        "name": "on",
        "trans": [
            "在（播放）中；关于……"
        ],
        "usphone": "ɑn",
        "ukphone": "ɒn"
    },
    {
        "name": "discover",
        "trans": [
            "发现；找到"
        ],
        "usphone": "dɪ'skʌvɚ",
        "ukphone": "dɪ'skʌvə"
    },
    {
        "name": "astronaut",
        "trans": [
            "宇航员"
        ],
        "usphone": "'æstrəˌnɔt",
        "ukphone": "'æstrənɔːt"
    },
    {
        "name": "space travel",
        "trans": [
            "航天旅行"
        ],
        "usphone": "",
        "ukphone": ""
    },
    {
        "name": "none",
        "trans": [
            "没有一人；没有一个；一点儿也没有"
        ],
        "usphone": "nʌn",
        "ukphone": "nʌn"
    },
    {
        "name": "environment",
        "trans": [
            "环境"
        ],
        "usphone": "ɪn'vaɪrənmənt",
        "ukphone": "ɪnˈvaɪrənmənt"
    },
    {
        "name": "that",
        "trans": [
            "那；那个（指代已被提及的事物）"
        ],
        "usphone": "ðæt",
        "ukphone": "ðæt; ðət"
    },
    {
        "name": "solar",
        "trans": [
            "太阳的；与太阳有关的"
        ],
        "usphone": "'solɚ",
        "ukphone": "'səʊlə"
    },
    {
        "name": "system",
        "trans": [
            "系统；体系"
        ],
        "usphone": "'sɪstəm",
        "ukphone": "'sɪstəm"
    },
    {
        "name": "solar system",
        "trans": [
            "星系；（尤指）太阳系"
        ],
        "usphone": "",
        "ukphone": ""
    },
    {
        "name": "group",
        "trans": [
            "群；组"
        ],
        "usphone": "ɡrup",
        "ukphone": "gruːp"
    },
    {
        "name": "galaxy",
        "trans": [
            "星系"
        ],
        "usphone": "'ɡæləksi",
        "ukphone": "'gæləksɪ"
    },
    {
        "name": "universe",
        "trans": [
            "宇宙"
        ],
        "usphone": "'junɪvɝs",
        "ukphone": "'juːnɪvɜːs"
    },
    {
        "name": "light",
        "trans": [
            "光；光线；光亮"
        ],
        "usphone": "laɪt",
        "ukphone": "laɪt"
    },
    {
        "name": "impossible",
        "trans": [
            "（事情）办不到的，不可能的"
        ],
        "usphone": "ɪm'pɑsəbl",
        "ukphone": "ɪm'pɒsɪb(ə)l"
    },
    {
        "name": "out",
        "trans": [
            "在远方"
        ],
        "usphone": "aʊt",
        "ukphone": "aʊt"
    },
    {
        "name": "communicate",
        "trans": [
            "联系；交流"
        ],
        "usphone": "kə'mjunɪket",
        "ukphone": "kə'mjuːnɪkeɪt"
    },
    {
        "name": "cough",
        "trans": [
            "咳嗽",
            "咳嗽"
        ],
        "usphone": "kɔf",
        "ukphone": "kɒf"
    },
    {
        "name": "fever",
        "trans": [
            "发烧；发热"
        ],
        "usphone": "'fivɚ",
        "ukphone": "'fiːvə"
    },
    {
        "name": "headache",
        "trans": [
            "头痛"
        ],
        "usphone": "ˈhɛdˌek",
        "ukphone": "'hedeɪk"
    },
    {
        "name": "stomach",
        "trans": [
            "腹部；肚子"
        ],
        "usphone": "'stʌmək",
        "ukphone": "'stʌmək"
    },
    {
        "name": "ache",
        "trans": [
            "痛；疼痛"
        ],
        "usphone": "ek",
        "ukphone": "eɪk"
    },
    {
        "name": "stomach ache",
        "trans": [
            "胃痛；腹痛"
        ],
        "usphone": "ˈstʌmək eɪk",
        "ukphone": "ˈstʌmək eɪk"
    },
    {
        "name": "toothache",
        "trans": [
            "牙痛"
        ],
        "usphone": "'tuθek",
        "ukphone": "'tuːθeɪk"
    },
    {
        "name": "ill",
        "trans": [
            "不健康的；有病的"
        ],
        "usphone": "ɪl",
        "ukphone": "ɪl"
    },
    {
        "name": "this",
        "trans": [
            "这，这个（指刚提到的或显而易见的人、物或事实等）"
        ],
        "usphone": "ðɪs",
        "ukphone": "ðɪs"
    },
    {
        "name": "since",
        "trans": [
            "自……以来",
            "自……以来"
        ],
        "usphone": "sɪns",
        "ukphone": "sɪns"
    },
    {
        "name": "cold",
        "trans": [
            "感冒；伤风"
        ],
        "usphone": "kold",
        "ukphone": "kəʊld"
    },
    {
        "name": "catch a cold",
        "trans": [
            "感冒"
        ],
        "usphone": "",
        "ukphone": ""
    },
    {
        "name": "take",
        "trans": [
            "(took, taken) （用机器）测定，量取，拍摄",
            "（尤指有规律地）吃，喝"
        ],
        "usphone": "tek",
        "ukphone": "teɪk"
    },
    {
        "name": "take sb.'s temperature",
        "trans": [
            "量某人的体温"
        ],
        "usphone": "",
        "ukphone": ""
    },
    {
        "name": "fast food",
        "trans": [
            "快餐食品"
        ],
        "usphone": "",
        "ukphone": ""
    },
    {
        "name": "health",
        "trans": [
            "健康（状况）"
        ],
        "usphone": "hɛlθ",
        "ukphone": "helθ"
    },
    {
        "name": "well",
        "trans": [
            "健康的"
        ],
        "usphone": "wɛl",
        "ukphone": "wel"
    },
    {
        "name": "heart",
        "trans": [
            "心；心脏"
        ],
        "usphone": "hɑrt",
        "ukphone": "hɑːt"
    },
    {
        "name": "active",
        "trans": [
            "积极的；活跃的"
        ],
        "usphone": "'æktɪv",
        "ukphone": "'æktɪv"
    },
    {
        "name": "pet",
        "trans": [
            "宠物；宠畜"
        ],
        "usphone": "pɛt",
        "ukphone": "pet"
    },
    {
        "name": "member",
        "trans": [
            "成员；会员"
        ],
        "usphone": "'mɛmbɚ",
        "ukphone": "'membə"
    },
    {
        "name": "take part (in sth.)",
        "trans": [
            "参加，参与（某事）"
        ],
        "usphone": "",
        "ukphone": ""
    },
    {
        "name": "condition",
        "trans": [
            "状况；身体状况"
        ],
        "usphone": "kən'dɪʃən",
        "ukphone": "kən'dɪʃ(ə)n"
    },
    {
        "name": "in excellent condition",
        "trans": [
            "健康状况很好"
        ],
        "usphone": "",
        "ukphone": ""
    },
    {
        "name": "sleepy",
        "trans": [
            "困的；想睡的"
        ],
        "usphone": "'slipi",
        "ukphone": "'sliːpɪ"
    },
    {
        "name": "then",
        "trans": [
            "当时；那时"
        ],
        "usphone": "ðɛn",
        "ukphone": "ðen"
    },
    {
        "name": "daily",
        "trans": [
            "每天的；天天的"
        ],
        "usphone": "'delɪ",
        "ukphone": "'deɪlɪ"
    },
    {
        "name": "weak",
        "trans": [
            "弱的；虚弱的"
        ],
        "usphone": "wik",
        "ukphone": "wiːk"
    },
    {
        "name": "illness",
        "trans": [
            "病；疾病"
        ],
        "usphone": "'ɪlnəs",
        "ukphone": "ˈɪlnəs"
    },
    {
        "name": "exercise",
        "trans": [
            "运动；锻炼"
        ],
        "usphone": "'ɛksɚsaɪz",
        "ukphone": "'eksəsaɪz"
    },
    {
        "name": "awful",
        "trans": [
            "极讨厌的；极坏的"
        ],
        "usphone": "'ɔfl",
        "ukphone": "'ɔːfʊl"
    },
    {
        "name": "feel awful",
        "trans": [
            "感到不舒服"
        ],
        "usphone": "",
        "ukphone": ""
    },
    {
        "name": "all over",
        "trans": [
            "浑身；到处"
        ],
        "usphone": "",
        "ukphone": ""
    },
    {
        "name": "perhaps",
        "trans": [
            "可能；也许"
        ],
        "usphone": "pərˈhæps",
        "ukphone": "pəˈhæps"
    },
    {
        "name": "cartoon",
        "trans": [
            "漫画；动画片"
        ],
        "usphone": "kɑr'tun",
        "ukphone": "kɑː'tuːn"
    },
    {
        "name": "handsome",
        "trans": [
            "漂亮的；英俊的"
        ],
        "usphone": "'hænsəm",
        "ukphone": "'hæns(ə)m"
    },
    {
        "name": "smart",
        "trans": [
            "聪明的；机灵的"
        ],
        "usphone": "smɑrt",
        "ukphone": "smɑːt"
    },
    {
        "name": "sky",
        "trans": [
            "天；天空"
        ],
        "usphone": "skaɪ",
        "ukphone": "skaɪ"
    },
    {
        "name": "fight",
        "trans": [
            "(fought, fought) 与……战斗",
            "战斗；斗争"
        ],
        "usphone": "faɪt",
        "ukphone": "faɪt"
    },
    {
        "name": "cool",
        "trans": [
            "时髦的；酷的"
        ],
        "usphone": "kul",
        "ukphone": "kuːl"
    },
    {
        "name": "hero",
        "trans": [
            "英雄；男主角"
        ],
        "usphone": "'hɪro",
        "ukphone": "'hɪərəʊ"
    },
    {
        "name": "humorous",
        "trans": [
            "幽默的；滑稽的"
        ],
        "usphone": "'hjumərəs",
        "ukphone": "'hjuːm(ə)rəs"
    },
    {
        "name": "can't help doing sth.",
        "trans": [
            "忍不住做某事"
        ],
        "usphone": "",
        "ukphone": ""
    },
    {
        "name": "laugh",
        "trans": [
            "笑；发笑"
        ],
        "usphone": "læf",
        "ukphone": "lɑːf"
    },
    {
        "name": "lesson",
        "trans": [
            "经验；教训"
        ],
        "usphone": "'lɛsn",
        "ukphone": "'les(ə)n"
    },
    {
        "name": "orange-and-white",
        "trans": [
            "橙白相间的"
        ],
        "usphone": "",
        "ukphone": ""
    },
    {
        "name": "ugly",
        "trans": [
            "难看的；丑陋的"
        ],
        "usphone": "'ʌɡli",
        "ukphone": "'ʌglɪ"
    },
    {
        "name": "win the heart of sb.",
        "trans": [
            "赢得某人的心"
        ],
        "usphone": "",
        "ukphone": ""
    },
    {
        "name": "schoolbag",
        "trans": [
            "书包"
        ],
        "usphone": "ˈskulˌbæɡ",
        "ukphone": "'skuːlbæɡ"
    },
    {
        "name": "lead",
        "trans": [
            "(led, led) 领导；率领"
        ],
        "usphone": "lid; lɛd",
        "ukphone": "li:d;led"
    },
    {
        "name": "clever",
        "trans": [
            "聪明的；机灵的"
        ],
        "usphone": "'klɛvɚ",
        "ukphone": "'klevə"
    },
    {
        "name": "as",
        "trans": [
            "当……时"
        ],
        "usphone": "æz; əz",
        "ukphone": "æz; əz"
    },
    {
        "name": "mess",
        "trans": [
            "脏乱；凌乱"
        ],
        "usphone": "mɛs",
        "ukphone": "mes"
    },
    {
        "name": "heaven",
        "trans": [
            "天国；天堂"
        ],
        "usphone": "ˈhɛvən",
        "ukphone": "'hev(ə)n"
    },
    {
        "name": "expect",
        "trans": [
            "期盼；等待"
        ],
        "usphone": "ɪk'spɛkt",
        "ukphone": "ɪkˈspekt"
    },
    {
        "name": "artist",
        "trans": [
            "艺术节；画家"
        ],
        "usphone": "'ɑrtɪst",
        "ukphone": "'ɑːtɪst"
    },
    {
        "name": "invent",
        "trans": [
            "发明；创造"
        ],
        "usphone": "ɪn'vɛnt",
        "ukphone": "ɪn'vent"
    },
    {
        "name": "copy",
        "trans": [
            "（一）本；（一）份"
        ],
        "usphone": "'kɑpi",
        "ukphone": "'kɒpɪ"
    },
    {
        "name": "black-and-white",
        "trans": [
            "黑白的"
        ],
        "usphone": "'blækən'hwait",
        "ukphone": "'blækən'hwait"
    },
    {
        "name": "own",
        "trans": [
            "自己的"
        ],
        "usphone": "on",
        "ukphone": "əʊn"
    },
    {
        "name": "private",
        "trans": [
            "私人的；个人的"
        ],
        "usphone": "ˈpraɪvɪt",
        "ukphone": "ˈpraɪvɪt"
    },
    {
        "name": "create",
        "trans": [
            "创造"
        ],
        "usphone": "krɪ'et",
        "ukphone": "kriː'eɪt"
    },
    {
        "name": "satisfy",
        "trans": [
            "满足；使满意"
        ],
        "usphone": "'sætɪsfaɪ",
        "ukphone": "'sætɪsfaɪ"
    },
    {
        "name": "fan",
        "trans": [
            "扇子"
        ],
        "usphone": "fæn",
        "ukphone": "fæn"
    },
    {
        "name": "stamp",
        "trans": [
            "邮票"
        ],
        "usphone": "stæmp",
        "ukphone": "stæmp"
    },
    {
        "name": "tidy up",
        "trans": [
            "使整齐；使整洁"
        ],
        "usphone": "",
        "ukphone": ""
    },
    {
        "name": "shelf",
        "trans": [
            "隔板；架子"
        ],
        "usphone": "ʃɛlf",
        "ukphone": "ʃelf"
    },
    {
        "name": "have a look",
        "trans": [
            "看一看"
        ],
        "usphone": "",
        "ukphone": ""
    },
    {
        "name": "As",
        "trans": [
            "作为；当"
        ],
        "usphone": "",
        "ukphone": ""
    },
    {
        "name": "coin",
        "trans": [
            "硬币"
        ],
        "usphone": "kɔɪn",
        "ukphone": "kɒɪn"
    },
    {
        "name": "note",
        "trans": [
            "纸币"
        ],
        "usphone": "not",
        "ukphone": "nəʊt"
    },
    {
        "name": "pound",
        "trans": [
            "英镑"
        ],
        "usphone": "paʊnd",
        "ukphone": "paʊnd"
    },
    {
        "name": "dollar",
        "trans": [
            "（美国、加拿大、澳大利亚等国的货币单位）元"
        ],
        "usphone": "'dɑlɚ",
        "ukphone": "'dɒlə"
    },
    {
        "name": "must",
        "trans": [
            "一定，肯定（用于表示某事可能是真实的）"
        ],
        "usphone": "mʌst",
        "ukphone": "mʌst"
    },
    {
        "name": "valuable",
        "trans": [
            "值钱的；有价值的"
        ],
        "usphone": "ˈvæljuəbəl; ˈvæljə-",
        "ukphone": "'væljʊəb(ə)l"
    },
    {
        "name": "with",
        "trans": [
            "用……"
        ],
        "usphone": "wɪð; wɪθ",
        "ukphone": "wɪð"
    },
    {
        "name": "value",
        "trans": [
            "价值；有用性"
        ],
        "usphone": "'vælju",
        "ukphone": "'væljuː"
    },
    {
        "name": "Just",
        "trans": [
            "只是；仅仅"
        ],
        "usphone": "dʒʌst",
        "ukphone": "dʒʌst"
    },
    {
        "name": "person",
        "trans": [
            "人（通常指成年人）"
        ],
        "usphone": "'pɝsn",
        "ukphone": "'pɜːs(ə)n"
    },
    {
        "name": "interest",
        "trans": [
            "兴趣；爱好"
        ],
        "usphone": "'ɪntrəst",
        "ukphone": "'ɪnt(ə)rɪst"
    },
    {
        "name": "skill",
        "trans": [
            "技能；技艺"
        ],
        "usphone": "skɪl",
        "ukphone": "skɪl"
    },
    {
        "name": "activity",
        "trans": [
            "活动"
        ],
        "usphone": "ækˈtɪvətɪ",
        "ukphone": "ækˈtɪvətɪ"
    },
    {
        "name": "sailing",
        "trans": [
            "航海；航行"
        ],
        "usphone": "'selɪŋ",
        "ukphone": "'seɪlɪŋ"
    },
    {
        "name": "come out",
        "trans": [
            "出版；问世"
        ],
        "usphone": "",
        "ukphone": ""
    },
    {
        "name": "result",
        "trans": [
            "结果；后果"
        ],
        "usphone": "rɪ'zʌlt",
        "ukphone": "rɪ'zʌlt"
    },
    {
        "name": "as a result",
        "trans": [
            "结果；因此"
        ],
        "usphone": "",
        "ukphone": ""
    },
    {
        "name": "pleasure",
        "trans": [
            "愉悦；快乐"
        ],
        "usphone": "ˈplɛʒɚ",
        "ukphone": "'pleʒə"
    },
    {
        "name": "success",
        "trans": [
            "成功；成就"
        ],
        "usphone": "sək'sɛs",
        "ukphone": "sək'ses"
    },
    {
        "name": "list",
        "trans": [
            "名单；清单"
        ],
        "usphone": "lɪst",
        "ukphone": "lɪst"
    },
    {
        "name": "make a list",
        "trans": [
            "列清单"
        ],
        "usphone": "",
        "ukphone": ""
    },
    {
        "name": "crazy",
        "trans": [
            "发疯的；荒唐的"
        ],
        "usphone": "'krezi",
        "ukphone": "'kreɪzɪ"
    },
    {
        "name": "at the end of",
        "trans": [
            "在……的结尾；在……的末端"
        ],
        "usphone": "",
        "ukphone": ""
    },
    {
        "name": "shorts",
        "trans": [
            "[用复数] 短裤"
        ],
        "usphone": "ʃɔrts",
        "ukphone": "ʃɔːts"
    },
    {
        "name": "trousers",
        "trans": [
            "[用复数] 裤子"
        ],
        "usphone": "'traʊzɚz",
        "ukphone": "'traʊzəz"
    },
    {
        "name": "sunglasses",
        "trans": [
            "[用复数] 太阳镜；墨镜"
        ],
        "usphone": "'sʌnɡlæsɪz",
        "ukphone": "'sʌnglɑːsɪz"
    },
    {
        "name": "homestay",
        "trans": [
            "家庭寄宿"
        ],
        "usphone": "'homste",
        "ukphone": "'həʊmsteɪ"
    },
    {
        "name": "weigh",
        "trans": [
            "重量有……；重……"
        ],
        "usphone": "weɪ",
        "ukphone": "weɪ"
    },
    {
        "name": "total",
        "trans": [
            "总的；全部的"
        ],
        "usphone": "'totl",
        "ukphone": "'təʊt(ə)l"
    },
    {
        "name": "weight",
        "trans": [
            "重量"
        ],
        "usphone": "wet",
        "ukphone": "weɪt"
    },
    {
        "name": "passport",
        "trans": [
            "护照"
        ],
        "usphone": "'pæspɔrt",
        "ukphone": "'pɑːspɔːt"
    },
    {
        "name": "culture",
        "trans": [
            "文化"
        ],
        "usphone": "'kʌltʃɚ",
        "ukphone": "'kʌltʃə"
    },
    {
        "name": "at the same time",
        "trans": [
            "同时"
        ],
        "usphone": "",
        "ukphone": ""
    },
    {
        "name": "last",
        "trans": [
            "持续；延续"
        ],
        "usphone": "læst",
        "ukphone": "lɑːst"
    },
    {
        "name": "depend",
        "trans": [
            "视……而定；决定（于）"
        ],
        "usphone": "dɪ'pɛnd",
        "ukphone": "dɪ'pend"
    },
    {
        "name": "depend on",
        "trans": [
            "取决于；决定于"
        ],
        "usphone": "",
        "ukphone": ""
    },
    {
        "name": "provide",
        "trans": [
            "提供；供应"
        ],
        "usphone": "prə'vaɪd",
        "ukphone": "prə'vaɪd"
    },
    {
        "name": "test",
        "trans": [
            "测验；考试",
            "测验；考察"
        ],
        "usphone": "tɛst",
        "ukphone": "test"
    },
    {
        "name": "progress",
        "trans": [
            "进步；进展",
            "（继续）发展，推进"
        ],
        "usphone": "'prɑɡrɛs",
        "ukphone": "'prəʊgres"
    },
    {
        "name": "guest",
        "trans": [
            "客人；宾客"
        ],
        "usphone": "ɡɛst",
        "ukphone": "gest"
    },
    {
        "name": "daily life",
        "trans": [
            "日常生活"
        ],
        "usphone": "",
        "ukphone": ""
    },
    {
        "name": "form",
        "trans": [
            "形成",
            "表格"
        ],
        "usphone": "fɔrm",
        "ukphone": "fɔːm"
    },
    {
        "name": "friendship",
        "trans": [
            "友谊；友好"
        ],
        "usphone": "'frɛndʃɪp",
        "ukphone": "'fren(d)ʃɪp"
    },
    {
        "name": "stay in touch (with sb.)",
        "trans": [
            "（与某人）保持联系"
        ],
        "usphone": "",
        "ukphone": ""
    },
    {
        "name": "prefer",
        "trans": [
            "更喜爱；钟爱"
        ],
        "usphone": "prɪ'fɝ",
        "ukphone": "prɪ'fɜː"
    },
    {
        "name": "certain",
        "trans": [
            "确定的；无疑的"
        ],
        "usphone": "'sɝtn",
        "ukphone": "'sɜːt(ə)n; -tɪn"
    },
    {
        "name": "fill",
        "trans": [
            "填满；填充"
        ],
        "usphone": "fɪl",
        "ukphone": "fɪl"
    },
    {
        "name": "fill out",
        "trans": [
            "填写；填充"
        ],
        "usphone": "",
        "ukphone": ""
    },
    {
        "name": "hardly",
        "trans": [
            "几乎不；几乎没"
        ],
        "usphone": "'hɑrdli",
        "ukphone": "'hɑːdlɪ"
    },
    {
        "name": "take up",
        "trans": [
            "占去（时间或空间）"
        ],
        "usphone": "",
        "ukphone": ""
    },
    {
        "name": "point out",
        "trans": [
            "指出；指明"
        ],
        "usphone": "",
        "ukphone": ""
    },
    {
        "name": "sights",
        "trans": [
            "[用复数] 风景；名胜"
        ],
        "usphone": "saits",
        "ukphone": "saits"
    },
    {
        "name": "thirsty",
        "trans": [
            "渴的"
        ],
        "usphone": "'θɝsti",
        "ukphone": "'θɜːstɪ"
    },
    {
        "name": "at the top of",
        "trans": [
            "在……的顶端"
        ],
        "usphone": "",
        "ukphone": ""
    },
    {
        "name": "waste",
        "trans": [
            "浪费；滥用",
            "浪费；滥用"
        ],
        "usphone": "west",
        "ukphone": "weɪst"
    },
    {
        "name": "square",
        "trans": [
            "（表示面积单位）平方的"
        ],
        "usphone": "skwɛr",
        "ukphone": "skweə"
    },
    {
        "name": "kilometre",
        "trans": [
            "千米；公里"
        ],
        "usphone": "kɪ'lɔmɪtɚ",
        "ukphone": "'kɪlə,miːtə; kɪ'lɒmɪtə"
    },
    {
        "name": "shape",
        "trans": [
            "外形；形状"
        ],
        "usphone": "ʃep",
        "ukphone": "ʃeɪp"
    },
    {
        "name": "human",
        "trans": [
            "人"
        ],
        "usphone": "'hjumən",
        "ukphone": "'hjuːmən"
    },
    {
        "name": "wake",
        "trans": [
            "(woke, woken) 唤醒；醒来"
        ],
        "usphone": "wek",
        "ukphone": "weɪk"
    },
    {
        "name": "wake sb. up",
        "trans": [
            "唤醒某人"
        ],
        "usphone": "",
        "ukphone": ""
    },
    {
        "name": "somebody",
        "trans": [
            "某人；有人"
        ],
        "usphone": "'sʌmbədi",
        "ukphone": "'sʌmbədɪ"
    },
    {
        "name": "about",
        "trans": [
            "向四周；向各处"
        ],
        "usphone": "ə'baʊt",
        "ukphone": "ə'baʊt"
    },
    {
        "name": "path",
        "trans": [
            "小路；路径"
        ],
        "usphone": "pæθ",
        "ukphone": "pɑːθ"
    },
    {
        "name": "pull",
        "trans": [
            "（用手）拉，牵，扯"
        ],
        "usphone": "pʊl",
        "ukphone": "pʊl"
    },
    {
        "name": "freshwater",
        "trans": [
            "淡水的"
        ],
        "usphone": "'frɛʃwɔtɚ",
        "ukphone": "'freʃwɔːtə"
    },
    {
        "name": "helpline",
        "trans": [
            "服务热线"
        ],
        "usphone": "'hɛlplaɪn",
        "ukphone": ""
    },
    {
        "name": "separate",
        "trans": [
            "使分开；分隔",
            "分开的；单独的"
        ],
        "usphone": "(for v.) sɛpəˌret; (for adj.) sɛprɪt",
        "ukphone": "(for v.) ˈsepəreɪt; (for adj.) ˈseprət"
    },
    {
        "name": "explain",
        "trans": [
            "解释；说明"
        ],
        "usphone": "ɪk'splen",
        "ukphone": "ɪk'spleɪn"
    },
    {
        "name": "mention",
        "trans": [
            "提及；谈到"
        ],
        "usphone": "'mɛnʃən",
        "ukphone": "'menʃ(ə)n"
    },
    {
        "name": "refuse",
        "trans": [
            "拒绝"
        ],
        "usphone": "ri'fjʊz",
        "ukphone": "rɪ'fjuːz"
    },
    {
        "name": "treat",
        "trans": [
            "对待；看待"
        ],
        "usphone": "trit",
        "ukphone": "triːt"
    },
    {
        "name": "herself",
        "trans": [
            "她自己"
        ],
        "usphone": "hɝ'sɛlf",
        "ukphone": "hɜː'self"
    },
    {
        "name": "whether",
        "trans": [
            "是否"
        ],
        "usphone": "'wɛðɚ",
        "ukphone": "'weðə"
    },
    {
        "name": "lonely",
        "trans": [
            "孤独的；寂寞的"
        ],
        "usphone": "'lonli",
        "ukphone": "'ləʊnlɪ"
    },
    {
        "name": "regret",
        "trans": [
            "懊悔；遗憾"
        ],
        "usphone": "rɪ'ɡrɛt",
        "ukphone": "rɪ'gret"
    },
    {
        "name": "patient",
        "trans": [
            "有耐心的；能忍耐的"
        ],
        "usphone": "ˈpeʃənt",
        "ukphone": "'peɪʃ(ə)nt"
    },
    {
        "name": "introduce",
        "trans": [
            "介绍；引见"
        ],
        "usphone": "ˌɪntrə'dus",
        "ukphone": "ɪntrə'djuːs"
    },
    {
        "name": "encourage",
        "trans": [
            "鼓励；激励"
        ],
        "usphone": "ɪn'kɝrɪdʒ",
        "ukphone": "ɪn'kʌrɪdʒ; en-"
    },
    {
        "name": "join in",
        "trans": [
            "参加"
        ],
        "usphone": "",
        "ukphone": ""
    },
    {
        "name": "No problem",
        "trans": [
            "没什么，没关系（用于礼貌地回答某人的感谢或道歉）"
        ],
        "usphone": "",
        "ukphone": ""
    },
    {
        "name": "silence",
        "trans": [
            "寂静；无声"
        ],
        "usphone": "'saɪləns",
        "ukphone": "'saɪləns"
    },
    {
        "name": "in silence",
        "trans": [
            "安静地；沉默地"
        ],
        "usphone": "",
        "ukphone": ""
    },
    {
        "name": "pass",
        "trans": [
            "经过；通过"
        ],
        "usphone": "pæs",
        "ukphone": "pɑːs"
    },
    {
        "name": "bright",
        "trans": [
            "欢快的；明亮的"
        ],
        "usphone": "braɪt",
        "ukphone": "braɪt"
    },
    {
        "name": "treasure",
        "trans": [
            "珍宝；珍贵之物"
        ],
        "usphone": "'trɛʒɚ",
        "ukphone": "'treʒə"
    },
    {
        "name": "day by day",
        "trans": [
            "一天天地；渐渐地"
        ],
        "usphone": "",
        "ukphone": ""
    },
    {
        "name": "trust",
        "trans": [
            "信任；信赖",
            "信任；信赖"
        ],
        "usphone": "trʌst",
        "ukphone": "trʌst"
    },
    {
        "name": "include",
        "trans": [
            "包括；把……列为一部分"
        ],
        "usphone": "ɪn'klud",
        "ukphone": "ɪn'kluːd"
    },
    {
        "name": "circle",
        "trans": [
            "（熟悉的、相关的人形成的）圈子"
        ],
        "usphone": "'sɝkl",
        "ukphone": "'sɜːk(ə)l"
    },
    {
        "name": "stick",
        "trans": [
            "(stuck, stuck) 粘；粘贴"
        ],
        "usphone": "stɪk",
        "ukphone": "stɪk"
    },
    {
        "name": "glue",
        "trans": [
            "胶水"
        ],
        "usphone": "ɡlu",
        "ukphone": "gluː"
    },
    {
        "name": "suggestion",
        "trans": [
            "提议；建议"
        ],
        "usphone": "sə'dʒɛstʃən",
        "ukphone": "sə'dʒestʃ(ə)n"
    },
    {
        "name": "director",
        "trans": [
            "导演；主管；经理"
        ],
        "usphone": "dɪˈrɛktɚ, daɪ-",
        "ukphone": "dɪ'rektə; daɪ-"
    },
    {
        "name": "show",
        "trans": [
            "引领；带领"
        ],
        "usphone": "ʃo",
        "ukphone": "ʃəʊ"
    },
    {
        "name": "around",
        "trans": [
            "到处；向各处"
        ],
        "usphone": "ə'raʊnd",
        "ukphone": "ə'raʊnd"
    },
    {
        "name": "show sb. around",
        "trans": [
            "带某人参观；给某人做向导"
        ],
        "usphone": "",
        "ukphone": ""
    },
    {
        "name": "on air",
        "trans": [
            "（广播或电视）播出"
        ],
        "usphone": "",
        "ukphone": ""
    },
    {
        "name": "avoid",
        "trans": [
            "避免；防止"
        ],
        "usphone": "ə'vɔɪd",
        "ukphone": "ə'vɒɪd"
    },
    {
        "name": "background",
        "trans": [
            "背景；后景"
        ],
        "usphone": "'bækɡraʊnd",
        "ukphone": "'bækgraʊnd"
    },
    {
        "name": "national",
        "trans": [
            "国家的；国内的"
        ],
        "usphone": "'næʃnəl",
        "ukphone": "'næʃ(ə)n(ə)l"
    },
    {
        "name": "international",
        "trans": [
            "国际的；世界的"
        ],
        "usphone": ",ɪntɚ'næʃnəl",
        "ukphone": "ɪntə'næʃ(ə)n(ə)l"
    },
    {
        "name": "presenter",
        "trans": [
            "主持人"
        ],
        "usphone": "prɪ'zɛntɚ",
        "ukphone": "prɪ'zentə"
    },
    {
        "name": "interview",
        "trans": [
            "采访；访谈",
            "采访；访问"
        ],
        "usphone": "'ɪntɚvju",
        "ukphone": "'ɪntəvjuː"
    },
    {
        "name": "seem",
        "trans": [
            "看来；似乎"
        ],
        "usphone": "sim",
        "ukphone": "siːm"
    },
    {
        "name": "listener",
        "trans": [
            "听众；听者"
        ],
        "usphone": "'lɪsənɚ",
        "ukphone": "'lɪs(ə)nə"
    },
    {
        "name": "in person",
        "trans": [
            "亲自；本人"
        ],
        "usphone": "",
        "ukphone": ""
    },
    {
        "name": "part-time",
        "trans": [
            "兼职的"
        ],
        "usphone": ",pɑrt'taɪm",
        "ukphone": ",pɑ:t'taɪm"
    },
    {
        "name": "article",
        "trans": [
            "文章；报道"
        ],
        "usphone": "'ɑrtɪkl",
        "ukphone": "'ɑːtɪk(ə)l"
    },
    {
        "name": "studio",
        "trans": [
            "录制室；录音室"
        ],
        "usphone": "'studɪo",
        "ukphone": "'stjuːdɪəʊ"
    },
    {
        "name": "purpose",
        "trans": [
            "意图；目的"
        ],
        "usphone": "'pɝpəs",
        "ukphone": "'pɜːpəs"
    }
]