[
  {
    "name": "abyss achromatic anhydrous",
    "trans": ["a/n-not, without; abyss - without bottom; achromatic - without color; anhydrous - without water"]
  },
  {
    "name": "afire ashore aside",
    "trans": ["a-on; afire - on fire; ashore - on the shore; aside - on the side"]
  },
  {
    "name": "abduct abnormal absent aversion abbreviate",
    "trans": ["a, ab/s-from, away, off; abduct - carry away by force; abnormal - away from normal, not normal; absent - away, not present; aversion - the act of turning away from; abbreviate: to shorten"]
  },
  {
    "name": "accelerate accessible admittance",
    "trans": ["a/c/d -to, toward, near; accelerate - to increase the speed of; accessible - easily entered, approached, or obtained; admittance - allowing into"]
  },
  {
    "name": "acrobat acronym acrophobia",
    "trans": ["acro-top, height, tip, beginning; acrobat - a high walker; acronym - a word formed from the first (capital) letters of a word; acrophobia - fear of height"]
  },
  {
    "name": "activity react interaction",
    "trans": ["act-do; activity - something that a person does; react - to do something in response; interaction - communication between two or more things"]
  },
  {
    "name": "aerate aerial aerospace",
    "trans": ["aer/o-air; aerate - to let air reach something; aerial - relating to the air; aerospace - the air space"]
  },
  {
    "name": "agriculture agrarian",
    "trans": ["agr/i/o-farming; agriculture - management of the land, agribusiness - making money by utilizing land; agrarian - relating to the management of land"]
  },
  {
    "name": "neuralgia analgesic nostalgia",
    "trans": ["alg/o-pain; neuralgia - pain caused by a nerve; analgesic - a drug that makes one pain free; nostalgia - aching for the familiar"]
  },
  {
    "name": "ambidextrous ambiguous ambivalence",
    "trans": ["ambi, amphi-both, on both sides, around; ambidextrous - able to use both hands equally; ambiguous - having more than one meaning; ambivalence - conflicting or opposite feelings toward a person or thing"]
  },
  {
    "name": "amble ambulant ambulance",
    "trans": ["ambul-walk, move; amble - to walk in a slow, relaxed way; ambulant - walking or moving around; ambulance - a vehicle that moves a patient"]
  },
  {
    "name": "amiable amity amorous",
    "trans": ["ami/o-love; amiable - friendly, pleasant, lovable; amity - friendly and peaceful relations; amorous - showing romantic love"]
  },
  {
    "name": "analysis anatomy anachronism",
    "trans": ["ana-up, back, against, ; analysis - a close examination of something; anatomy - the structure of something as visible when cut up for analysis; anachronism - not being in the right place in time"]
  },
  {
    "name": "androgynous android misandry",
    "trans": ["andr/o-man, male; androgynous - being both male and female; android - resembling a human; misandry - hatred towards men"]
  },
  {
    "name": "animal animate equanimity",
    "trans": ["anim-life, spirit; animal - a living organism; animate - to make alive; equanimity - of balanced spirit"]
  },
  {
    "name": "anniversary annual millennium",
    "trans": ["ann/enn-year; anniversary - a date observed once a year; annual - happening once a year; millennium - 1,000 years"]
  },
  {
    "name": "antecede antemeridian anteroom",
    "trans": ["ante-before, in front; antecede - to come before something in time; antemeridian - before noon; anteroom- a small room before the main room"]
  },
  {
    "name": "chrysanthemum and amaranth anthology anthozoan",
    "trans": ["anth/o-flower; chrysanthemum and amaranth - names of flowers; anthology - a collection of treasured writings; anthozoan - half plant, half animal, like anemones and corals."]
  },
  {
    "name": "anthropology anthropomorphism philanthropy",
    "trans": ["anthrop/o-human; anthropology - the study of mankind; anthropomorphism - giving human form to non-human things; philanthropy - the love to mankind (expressed through good deeds)"]
  },
  {
    "name": "antibody antiseptic antisocial",
    "trans": ["anti-against, opposite of; antibody - a substance that destroys micro-organisms; antiseptic - preventing infection; antisocial - opposing social norm"]
  },
  {
    "name": "aphorism apology",
    "trans": ["apo, apho-away, off, separate; aphorism - a short expression of a general truth; apology - an explicit expression of regret, apostrophe - a small dash used in place of an omitted letter"]
  },
  {
    "name": "aquarium aquatic aqueduct",
    "trans": ["aqu/a-water; aquarium - a water container for fish; aquatic- relating to water; aqueduct - a pipeline for water"]
  },
  {
    "name": "arborist arbor arborous",
    "trans": ["arbor-tree; arborist - someone working with trees; arbor - a shady area formed by trees; arborous - having many trees"]
  },
  {
    "name": "archbishop archenemy matriarch monarch",
    "trans": ["arch/i-chief, most important, rule; archbishop - the highest ranking bishop; archenemy - chief or worst enemy; matriarch - a female who rules a group; monarch - a king or queen"]
  },
  {
    "name": "archaeology archaic archive",
    "trans": ["arch/a/i-primitive, ancient; archaeology - the study of ancient cultures; archaic - belonging to an earlier period; archive - a collection of historical materials"]
  },
  {
    "name": "arthroscope arthritis arthropod",
    "trans": ["arthr/o-joint; arthroscope - a tool to see inside a joint; arthritis - inflammation of a joint; arthropod - invertebrates with jointed legs, like spiders, crustaceans, insects"]
  },
  {
    "name": "artifact artisan artist",
    "trans": ["art-skill; artifact - object made by a person's skill; artisan - a person skilled in a craft; artist - a person who creates skillfully"]
  },
  {
    "name": "astronaut astronomer asterisk",
    "trans": ["astro,-star, stars, outer space; astronaut - a person traveling to the stars; astronomer - someone who studies the stars; asterisk - a star-shaped sign used as a reference tool"]
  },
  {
    "name": "audible audience audiovisual",
    "trans": ["aud/i/io-hear; audible - loud enough to be heard; audience - people who listen to a program; audiovisual - relating to sound and vision"]
  },
  {
    "name": "autocrat autograph automatic",
    "trans": ["auto-self, same, one; autocrat - a person who governs with absolute power; autograph - a person's own signature; automatic - moving by itself"]
  },
  {
    "name": "aviary aviatrix aviation",
    "trans": ["avi/a-bird; aviary - a large enclosure for birds; aviatrix - a female airplane pilot; aviation - the art of designing or operating aircraft"]
  },
  {
    "name": "baric milliard baryon",
    "trans": ["bar/o-pressure, weight; baric - pertaining to pressure, esp. of the atmosphere; milliard - metric unit, equal to 1/1000th of a bar; baryon - heavy elementary particle"]
  },
  {
    "name": "bellicose belligerent rebel",
    "trans": ["bell/i-war; bellicose - warlike; belligerent - hostile, ready to fight; rebel - person who opposes and fights"]
  },
  {
    "name": "benefactor beneficial benevolent",
    "trans": ["bene-good, well; benefactor - person who gives money to a cause; beneficial - producing a good effect; benevolent - showing kindness or goodwill"]
  },
  {
    "name": "biannual binoculars bilateral",
    "trans": ["bi/n-two, twice, once in every two; biannual - happening twice a year; binoculars - optical device with two lenses; bilateral - of or involving two sides"]
  },
  {
    "name": "bibliography bibliomania bibliophile",
    "trans": ["bibli/o-book; bibliography - a list of books used as sources; bibliomania - an extreme love of books; bibliophile - a person who loves books"]
  },
  {
    "name": "biography biology biosphere",
    "trans": ["bio-life, living matter; biography- a life story written by another person; biology - the science of life; biosphere - Earth's surface inhabited by living things"]
  },
  {
    "name": "blastula fibroblast blastoderm",
    "trans": ["blast/o-cell, primitive, immature cell; blastula - an early stage of embryonic development; fibroblast - a cell that forms connective tissue; blastoderm - the layer surrounding the inside of an egg"]
  },
  {
    "name": "bursar bursary disburse",
    "trans": ["burs-pouch, purse; bursar- an administrative officer in charge of funds; bursary- the treasury of a college or monastery; disburse- to expend especially from a public fund"]
  },
  {
    "name": "calcite; calcium  calcification",
    "trans": ["calc-stone; calcite; calcium- the flame of acetylene gas generated by reaction of calcium carbide with water; calcification- impregnation with calcareous matter"]
  },
  {
    "name": "candid candle incandescent",
    "trans": ["cand-glowing, iridescent; candid- free from bias, prejudice, or malice; candle- something that gives light; incandescent- white, glowing, or luminous with intense heat"]
  },
  {
    "name": "intercept",
    "trans": ["capt, cept, ceive-take, hold; intercept - to stop or interrupt;"]
  },
  {
    "name": "perceive captivating",
    "trans": ["-; perceive - to take notice of something; captivating - taking hold of"]
  },
  {
    "name": "cardiac cardiogenic cardiologist",
    "trans": ["cardi/o-heart; cardiac - relating to the heart; cardiogenic - resulting from heart disease; cardiologist - a heart doctor"]
  },
  {
    "name": "carnivorous carnal incarnate",
    "trans": ["carn/i-flesh, meat; carnivorous - flesh-eating; carnal - pertaining to the body or flesh; incarnate - given bodily form"]
  },
  {
    "name": "cataclysm catastrophe",
    "trans": ["cata-down, against ; cataclysm - a flood or other disaster, catalog - a complete listing; catastrophe - turning for the worst, a substantial disaster"]
  },
  {
    "name": "cauterize caustic holocaust",
    "trans": ["caust,-to burn; cauterize - to burn with a hot instrument; caustic - capable of burning or eating away; holocaust - total devastation, especially by fire"]
  },
  {
    "name": "exceed recede accessible",
    "trans": ["cede,-go, yield; exceed - to go beyond the limits; recede - to go back; accessible - easily entered, approached, or obtained;"]
  },
  {
    "name": "accelerate decelerate",
    "trans": ["celer-fast; accelerate - to increase the speed of; decelerate - to reduce the speed of"]
  },
  {
    "name": "centennial centimeter century",
    "trans": ["cent/i-hundred, hundredth; centennial- the 100th anniversary; centimeter - 1/100 of a meter; century - 100 years"]
  },
  {
    "name": "egocentric eccentric centrifugal",
    "trans": ["centr/o/i-center; egocentric - self-centered; eccentric - not having a common center, not according to norm; centrifugal - moving outward from a center"]
  },
  {
    "name": "encephalitis cephalic cephalopod",
    "trans": ["cephal/o-head; encephalitis - inflammation of the brain; cephalic - pertaining to the head; cephalopod - marine mollusks like octopus and squid who have tentacles growing from their head"]
  },
  {
    "name": "cerebral cerebrate cerebrospinal",
    "trans": ["cerebr/o-brain; cerebral - pertaining to the brain; cerebrate - to use the brain; cerebrospinal - pertaining to the brain and the spinal cord"]
  },
  {
    "name": "ascertain certain certify",
    "trans": ["cert-sure; ascertain- to find out something with certainty; certain - being absolutely sure; certify - to state that something is true"]
  },
  {
    "name": "achromatic chromium",
    "trans": ["chrom/o chromat/o, chros-color, pigment; achromatic - without color; chromium - a blue-white metallic chemical element, chromatics - the study of color"]
  },
  {
    "name": "chronic chronological",
    "trans": ["chron/o-time; chronic - lasting for a long time; chronological - arranging events in time order, synchronize - happening at the same time"]
  },
  {
    "name": "chrysanthemum and helichrysum chrysolite",
    "trans": ["chrys/o-gold, yellow; chrysanthemum and helichrysum - golden/yellow flowers; chrysolite - a yellowish gem"]
  },
  {
    "name": "homicide incisor insecticide",
    "trans": ["cide, cise-cut, kill; homicide - murder; incisor - a sharp tooth for cutting food; insecticide - a chemical used to kill insects"]
  },
  {
    "name": "circumnavigate circumscribe circumspect",
    "trans": ["circum,-around, about; circumnavigate - to sail around; circumscribe - to draw around; circumspect - looking around"]
  },
  {
    "name": "clamor exclaim proclamation",
    "trans": ["claim, clam-shout, speak out; clamor - to shout and make noise; exclaim - to cry out loudly and suddenly; proclamation - something announced officially in public"]
  },
  {
    "name": "clarification clarify declare",
    "trans": ["clar-clear; clarification - an explanation; clarify - to make something clear; declare - to state something clearly"]
  },
  {
    "name": "conclusion exclusion seclude to isolate",
    "trans": ["clud, clus-close; conclusion - the end or last part; exclusion - shutting out, rejecting; seclude - to keep away from; to isolate"]
  },
  {
    "name": "inclination incline recline",
    "trans": ["cline-lean; inclination - a leaning toward; incline - a surface that slopes or leans; recline - to lean back and relax"]
  },
  {
    "name": "coauthor coeducation cohousing",
    "trans": ["co-with, together, joint; coauthor - writer who collaborates with another author; coeducation - educating males and females together; cohousing - planning your neighborhood in an intentional neighborly fashion"]
  },
  {
    "name": "Collaborate collision colloquial",
    "trans": ["col-together, jointly; Collaborate - to work together; collision - smashing together; colloquial - words formed by everday interaction"]
  },
  {
    "name": "commemorate composition commune",
    "trans": ["com-together, common; commemorate - to memorize together; composition - an arrangement or putting together of parts; commune - living together while owning things in common"]
  },
  {
    "name": "cognition incognito recognize",
    "trans": ["cogn/i-know; cognition - process of acquiring knowledge; incognito - disguised so no one knows you; recognize - to discover that one knows"]
  },
  {
    "name": "concur contemporary convention",
    "trans": ["con-with, jointly; concur - to agree with someone; contemporary - of the same time period as others; convention - a gathering of people with a common interest"]
  },
  {
    "name": "contradict Contraflow contraception controversy",
    "trans": ["contra/o-against, opposite; contradict to argue against, Contraflow, contraception, contrary not in agreement, controversy disagreement"]
  },
  {
    "name": "corporation corpse corporal",
    "trans": ["corp/o-body; corporation - a company recognized by law as a single body; corpse - a dead body; corporal - pertaining to the body"]
  },
  {
    "name": "cosmonaut cosmos microcosm",
    "trans": ["cosm/o-universe; cosmonaut - a Russian astronaut; cosmos - the universe; microcosm - a miniature universe"]
  },
  {
    "name": "counteract countermand counteroffensive",
    "trans": ["counter-opposite, contrary, opposing; counteract - to oppose the effects of an action; countermand - to cancel a previous order; counteroffensive - attack against an attack"]
  },
  {
    "name": "craniology cranium cranial",
    "trans": ["cranio-skull; craniology - the study of skull characteristics; cranium - skull of vertebrates; cranial - pertaining to the skull"]
  },
  {
    "name": "credence credulous incredible",
    "trans": ["cred-believe; credence - belief that something is true or valid; credulous - believing things too easily, gullible; incredible - unbelievable"]
  },
  {
    "name": "crucial crucifix excruciating",
    "trans": ["cruc-cross; crucial-characteristic of or having the form of a cross ; crucifix- the cross itself as a Christian emblem; excruciating-  so intense as to cause great pain or anguish"]
  },
  {
    "name": "cryptic cryptography encrypt",
    "trans": ["crypto-hidden, secret; cryptic - of hidden meaning; cryptography - science of secret codes; encrypt - encode into secret code"]
  },
  {
    "name": "accumulate cumulative",
    "trans": ["cumul-mass, heap; accumulate - to gather or pile up; cumulative - gradually building up"]
  },
  {
    "name": "concurrent  current  cursive",
    "trans": ["curr, curs-run; concurrent- running parallel; current- flowing easily and smoothly; cursive- having a flowing, easy, impromptu character"]
  },
  {
    "name": "bicycle cycle cyclone",
    "trans": ["cycl-circle, ring; bicycle - a vehicle with two wheels; cycle - a sequence that is repeated; cyclone - a storm with circling winds"]
  },
  {
    "name": "decelerate dethrone debug",
    "trans": ["de-reduce, away, down, remove; decelerate - to slow down, reduce speed; dethrone - to remove from power; debug - to remove bugs"]
  },
  {
    "name": "decade decathlon December",
    "trans": ["dec/a,-ten; decade - 10 years; decathlon - athletic contest that includes 10 disciplines in which each participant competes; December - formerly the 10th month of the Roman calendar"]
  },
  {
    "name": "deciliter decimate decibel",
    "trans": ["deci-one tenth; deciliter - a tenth of a liter; decimate - reduce dramatically; decibel - one tenth of the sound volume unit bel"]
  },
  {
    "name": "democracy demographic epidemic",
    "trans": ["dem/o-people; democracy - government of the people; demographic - the study of people; epidemic - spreading among people in a region"]
  },
  {
    "name": "demitasse demimonde",
    "trans": ["demi-half, less than; demitasse - a small cup of coffee; demimonde - someone of little respected life style"]
  },
  {
    "name": "philodendron dendrochronology dendriform",
    "trans": ["dendr/o/i-tree; philodendron - a climbing plant that grows on trees; dendrochronology - dating events by studying growth rings in trees; dendriform - in the shape of a tree"]
  },
  {
    "name": "dental dentist dentures",
    "trans": ["dent, dont-tooth; dental - relating to teeth; dentist - a doctor for the teeth; dentures - a set of false teeth"]
  },
  {
    "name": "dermatologist pachyderm dermatitis",
    "trans": ["derm/a-skin; dermatologist - a doctor for the skin; pachyderm - a class of animals with very thick skin (elephant, rhinoceros); dermatitis - inflammation of the skin"]
  },
  {
    "name": "dichromatic diploma dilemma",
    "trans": ["di/plo-two, twice; dichromatic - displaying two colors; diploma - a certificate, literally \"a letter folded double\"; dilemma - a situation that requires a choice between two alternatives."]
  },
  {
    "name": "digression disappear dissect",
    "trans": ["di/s-apart, away, ; digression - a departure from the main issue, subject; disappear - to move out of sight; dissect - to cut apart piece by piece."]
  },
  {
    "name": "diabetes diagnosis dialog",
    "trans": ["dia-through, between, ; diabetes - disease characterized by excessive thirst and discharge of urine; diagnosis - understanding a condition by going through a detailed review of symptoms; dialog - conversation between two people."]
  },
  {
    "name": "contradict prediction dictate",
    "trans": ["dict-speak; contradict - to express the opposite of; prediction - a statement foretelling the future; dictate - to speak out loud for another person to write down."]
  },
  {
    "name": "dominate domineering predominate",
    "trans": ["domin-master; dominate - to be the master of; domineering - excessively controlling; predominate - to have more power than others"]
  },
  {
    "name": "donation donor pardon",
    "trans": ["don/at-give; donation - a contribution or gift; donor - someone who gives something; pardon - to give forgiveness for an offense"]
  },
  {
    "name": "conduct educate deduction",
    "trans": ["duc/t-lead; conduct - to lead musicians in playing music; educate - to lead to knowledge; deduction - a subtraction of an amount."]
  },
  {
    "name": "duplicate duet duo",
    "trans": ["du/o-two, twice; duplicate - make an identical copy; duet - a musical composition for two voices or instruments; duo - a pair normally thought of as being together."]
  },
  {
    "name": "durable duration enduring",
    "trans": ["dur-harden, to last, lasting; durable - having the quality of lasting; duration - the length of time something lasts; enduring - able to last."]
  },
  {
    "name": "dynamo dynamic dynamite",
    "trans": ["dyn/a/am-power, energy, strength; dynamo - a generator of energy; dynamic - having physical energy/power; dynamite - a powerful explosive."]
  },
  {
    "name": "dyspepsia dystopia dyslexia",
    "trans": ["dys-abnormal, bad; dyspepsia - abnormal digestion; dystopia - an imaginary place of total misery; dyslexia - impairment of the ability to handle words."]
  },
  {
    "name": "eloquent emissary eject",
    "trans": ["e -out, away; eloquent - speaking beautifully and forcefully; emissary - a representative of a country or group sent on a mission; eject - throw out forcefully."]
  },
  {
    "name": "egoistic alter ego egomania",
    "trans": ["ego-self; egoistic - self-centered; alter ego - a higher aspect of oneself; egomania - excessive preoccupation with oneself."]
  },
  {
    "name": "empathy empower engorge",
    "trans": ["em, en-into, cover with, cause; empathy - intention to feel like another person; empower - put into power; engorge - make larger."]
  },
  {
    "name": "endotherm endocrine endogamy",
    "trans": ["endo-within, inside; endotherm - a creature that can keep its inside temperature fairly constant; endocrine - relating to glands that secrete directly into the blood or lymph; endogamy - the custom to marry within one's clan, tribe etc."]
  },
  {
    "name": "bicentennial centennial perennial",
    "trans": ["enn/i, anni-years; bicentennial - of or relating to an age or period of 200 years; centennial - of or relating to an age or period of 100 years; perennial -lasting through many years."]
  },
  {
    "name": "envision enclose inwards",
    "trans": ["en, in-inside, inwards; envision - to picture in the mind; enclose - lock inside; inwards - towards the inside."]
  },
  {
    "name": "epidemic epilogue epicenter",
    "trans": ["ep/i-on, upon, over, ; epidemic - the rapid spread of something negative; epilogue - a short speech delivered after a play; epicenter - the center of an earthquake."]
  },
  {
    "name": "equidistant equanimity equation",
    "trans": ["equ/i-equal, equally; equidistant - an equal distance from two points; equanimity - calm temperament, evenness of temper; equation - a statement of equality."]
  },
  {
    "name": "ergonomics energy energetics",
    "trans": ["erg/o-work; ergonomics - study of the working environment; energy - the power to accomplish work; energetics - science that looks at energy and its transformation."]
  },
  {
    "name": "esthetician aesthetic kinesthesia",
    "trans": ["esth/aesth-feeling, sensation, beauty; esthetician - someone who beautifies; aesthetic - pertaining to a sense of beauty; kinesthesia - the sensation of bodily movement."]
  },
  {
    "name": "ethnic ethnocentric ethnology",
    "trans": ["ethno-race, people; ethnic - pertaining to a defined group of people; ethnocentric - focusing on the ethnicity of people; ethnology - the science of people and races."]
  },
  {
    "name": "euphemism euphonious euphoria",
    "trans": ["eu-good, well; euphemism - replacing an offensive word with an inoffensive one; euphonious - having a pleasant sound; euphoria - feeling of well-being."]
  },
  {
    "name": "excavate exhale extract",
    "trans": ["ex-from, out,; excavate - to dig out; exhale - to breathe out; extract - to pull out."]
  },
  {
    "name": "extraordinary extraterrestrial extrovert",
    "trans": ["extra, extro-outside, beyond; extraordinary - beyond ordinary; extraterrestrial - outside the Earth; extrovert - an outgoing person."]
  },
  {
    "name": "artifact factory malefact",
    "trans": ["fac/t-make, do; artifact - an object made by a person; factory - a place where things are made; malefact - a person who does wrong."]
  },
  {
    "name": "confer ferry transfer",
    "trans": ["fer-bear, bring, carry; confer - to bring an honor to someone; ferry - a boat that carries passengers; transfer - to move to another place."]
  },
  {
    "name": "confide fiduciary",
    "trans": ["fid-faith; confide - place trust in someone, fidelity - faithfulness; fiduciary - a trustee;"]
  },
  {
    "name": "deflect inflection flexible",
    "trans": ["flect-bend; deflect - to bend course because of hitting something; inflection - a bending in the voice's tone or pitch; flexible - easily bending."]
  },
  {
    "name": "florist floral flora",
    "trans": ["flor/a,-flower; florist - someone working with flowers; floral - flowerlike; flora - the plant life of a particular time or area"]
  },
  {
    "name": "forsaken or forfeited forgiven",
    "trans": ["for-completely (used to intensify ; forsaken or forfeited - completely lost; forgiven - completely given (a release of debt)."]
  },
  {
    "name": "forebear forebode forecast",
    "trans": ["fore-in front of, previous, earlier; forebear - ancestor; forebode - to give an advance warning of something bad; forecast - a preview of events to be."]
  },
  {
    "name": "conformity  formation  reformatory",
    "trans": ["form-shape; conformity- correspondence in form, manner, or character; formation- something that is formed; reformatory- intended for reformation"]
  },
  {
    "name": "fracture fragile fragment fraction",
    "trans": ["fract, frag-break; fracture - a break; fragile - easy to break; fragment or fraction - a part or element of a larger whole;"]
  },
  {
    "name": "fugitive refuge refugee",
    "trans": ["fug-flee, run away, escape; fugitive - a person who is running away; refuge - a sheltered place to flee to; refugee - a person seeking protection"]
  },
  {
    "name": "defunct function malfunction",
    "trans": ["funct-perform, work; defunct - no longer working or alive; function - to work or perform a role normally; malfunction - to fail to work correctly."]
  },
  {
    "name": "confusion fuse infuse",
    "trans": ["fus-pour; confusion - being flooded with too much information that is hard to make sense of; fuse - to melt by heating; infuse - to put into."]
  },
  {
    "name": "gastric gastronomy gastritis",
    "trans": ["gastr/o-stomach; gastric - pertaining to the stomach; gastronomy - serving the stomach by providing good food; gastritis - inflammation of the stomach."]
  },
  {
    "name": "genealogy generation genetic",
    "trans": ["gen/o/e/-birth, production, ; genealogy - the study of the history of a family; generation - all the people born at approximately the same time; genetic -relating to heredity encoded in the genes."]
  },
  {
    "name": "geography geology geoponics",
    "trans": ["geo-earth, soil, global; geography - study of the earth's surface; geology - study of the structure of the earth; geoponics - soil based agriculture."]
  },
  {
    "name": "geriatrics gerontocracy gerontology",
    "trans": ["ger-old age; geriatrics - medicine pertaining to the elderly; gerontocracy - the rule of the elders; gerontology - the science of aging."]
  },
  {
    "name": "gigabyte gigahertz gigawatt",
    "trans": ["giga-a billion; gigabyte - unit of computer storage space; gigahertz - unit of frequency (one billion Hz/sec); gigawatt unit of electric power (one billion watts)."]
  },
  {
    "name": "decagon diagonal octagon",
    "trans": ["gon-angle; decagon - a polygon with 10 angles; diagonal - a slanting line running across a space; octagon - a geometrical figure with 8 angles."]
  },
  {
    "name": "diagram grammar telegram",
    "trans": ["gram-letter, written; diagram - a simple drawing; grammar - rules of how to write words in sentences; telegram - a message sent by telegraph."]
  },
  {
    "name": "granary  granola  granule",
    "trans": ["gran-grain; granary- a storehouse or repository for grain especially after it is threshed or husked; granola- a mixture of rolled oats and other ingredients; granule- a little grain (as of sugar)"]
  },
  {
    "name": "Graphology autograph seismograph",
    "trans": ["graph/y-writing, recording, written; Graphology - the study of handwritings; autograph - written with one's own hand; seismograph - a machine noting strength and duration of earthquakes."]
  },
  {
    "name": "gratify grateful gratuity",
    "trans": ["grat-pleasing; gratify - to please someone; grateful - feeling thankful; gratuity - a tip, token of appreciation."]
  },
  {
    "name": "gynecology gynephobia gynecoid",
    "trans": ["gyn/o/e-woman, female; gynecology - the science of female reproductive health; gynephobia - fear of women; gynecoid - resembling a woman."]
  },
  {
    "name": "digression progress gradual",
    "trans": ["gress, grad/e/i-to step, to go; digression - a departure from the main issue, subject, etc.; progress - movement forward or onward; gradual - step by step."]
  },
  {
    "name": "hectoliter hectare hectometer",
    "trans": ["hect/o, hecat-hundred; hectoliter - 100 liters; hectare - metric unit equaling 100 ares or 10,000 square meters; hectometer - 100 meters."]
  },
  {
    "name": "helicopter helix helicon",
    "trans": ["helic/o-spiral, circular; helicopter - an aircraft with horizontal rotating wing; helix - a spiral form; helicon - a circular tuba."]
  },
  {
    "name": "heliotropism heliograph helianthus",
    "trans": ["heli/o-sun; heliotropism - movement or growth in relating to the sun; heliograph - apparatus used to send message with the help of sunlight; helianthus - genus of plants including sunflowers."]
  },
  {
    "name": "hemicycle hemisphere hemistich",
    "trans": ["hemi-half, partial; hemicycle - a semicircular structure; hemisphere - one half of the earth; hemistich - half a line of poetry."]
  },
  {
    "name": "hemorrhage hemorrhoids hemoglobin",
    "trans": ["hem/o/a-blood; hemorrhage - clotting of the blood; hemorrhoids - swelling of the blood vessels; hemoglobin - red blood particle."]
  },
  {
    "name": "hepatitis hepatoma hepatotoxic",
    "trans": ["hepa-liver; hepatitis - inflammation of the liver; hepatoma - a tumor of the liver; hepatotoxic - toxic and damaging to the liver."]
  },
  {
    "name": "heptagon Heptateuch heptameter",
    "trans": ["hept/a-seven; heptagon - a shape with seven angles and seven sides; Heptateuch - the first seven books of the Old Testament; heptameter - a line of verse consisting of seven metrical feet."]
  },
  {
    "name": "herbicide herbivorous herbal",
    "trans": ["herbi-grass, plant; herbicide - any chemical used to kill unwanted plants, etc.; herbivorous - plant-eating; herbal - relating to plants."]
  },
  {
    "name": "heterogeneous heteronyms heterodox",
    "trans": ["hetero-different, other; heterogeneous - made up of unrelated parts; heteronyms - words with same spelling but different meanings; heterodox - not conforming to traditional beliefs."]
  },
  {
    "name": "hexagon hexameter hexapod",
    "trans": ["hex/a-six; hexagon - a shape with six angles/sides; hexameter - a verse measured in six; hexapod - having six legs."]
  },
  {
    "name": "histology histochemistry",
    "trans": ["histo-tissue; histology - study of the microscopic structure of tissues; histochemistry - study of the chemical constitution of cells and tissues."]
  },
  {
    "name": "homogeneous homonym homeopath",
    "trans": ["homo,-like, alike, same; homogeneous - of the same nature or kind; homonym - sounding alike; homeopath - a therapy that is based on treating \"same with same\""]
  },
  {
    "name": "hydrate hydrophobia hydroponics hydraulic",
    "trans": ["hydr/o-liquid, water; hydrate - to add water to; hydrophobia - intense fear of water; hydroponics - growing plants in liquid nutrient solution; hydraulic - operated by force created by a liquid."]
  },
  {
    "name": "hygrometer hygrograph",
    "trans": ["hygr/o-moisture, humidity; hygrometer - tool used to measure humidity; hygrograph - instrument for recording variations in atmospheric humidity."]
  },
  {
    "name": "hyperactive hypercritical hypertension",
    "trans": ["hyper-too much, over, ; hyperactive - very restless; hypercritical - too critical; hypertension - above normal pressure."]
  },
  {
    "name": "hypoglycemia hypothermia hypothesis",
    "trans": ["hyp/o-under; hypoglycemia - an abnormally low level of sugar in the blood; hypothermia - abnormally low body temperature; hypothesis - a theory that is unproven but used under the assumption that it is true."]
  },
  {
    "name": "geriatrics pediatrician podiatry",
    "trans": ["iatr/o-medical care; geriatrics - medical care of the elderly; pediatrician - a doctor who treats children; podiatry - medical care for feet."]
  },
  {
    "name": "icon iconology iconoclast",
    "trans": ["icon/o-image; icon - an (often religious) image, in modern usage a simplified graphic of high symbolic content; iconology - science of symbols and icons; iconoclast - someone who destroys religious images and traditional beliefs."]
  },
  {
    "name": "idiomatic idiosyncracy idiot",
    "trans": ["idio-peculiar, personal, distinct; idiomatic - Peculiar to a particular language; idiosyncracy - a physical or mental characteristic typical or a particular person; idiot - someone who is distinctly foolish or stupid."]
  },
  {
    "name": "illuminate innovation inspection",
    "trans": ["il, in -in, into; illuminate - to give light to; innovation - a new idea, method, or device; inspection - the act of examining or reviewing."]
  },
  {
    "name": "illegal impossible inappropriate irresponsible",
    "trans": ["ig, il, im,-not, without; illegal - not legal; impossible - not possible; inappropriate - not appropriate; irresponsible - not responsible."]
  },
  {
    "name": "image imaginative imagine",
    "trans": ["imag-likeness; image - a likeness of someone; imaginative - able to think up new ideas or images; imagine - to form a picture or likeness in the mind."]
  },
  {
    "name": "infrastructure infrared",
    "trans": ["infra-beneath, below; infrastructure - underlying framework of a system; infrared - below the regular light spectrum."]
  },
  {
    "name": "international intersection intercept",
    "trans": ["inter-between, among, jointly; international - involving two or more countries; intersection - place where roads come together; intercept - to stop or interrupt the course of."]
  },
  {
    "name": "intrastate intravenous introvert",
    "trans": ["intra,-within, inside; intrastate - existing in one state; intravenous - inside or into a vein; introvert - shy person who keeps within him/herself."]
  },
  {
    "name": "irredeemable irreformable irrational",
    "trans": ["ir-not; irredeemable - not redeemable; irreformable - not reformable; irrational - not rational."]
  },
  {
    "name": "isobar isometric isothermal",
    "trans": ["iso-equal; isobar - a line on a map connecting points of equal barometric pressure; isometric - having equality of measure; isothermal - having equal or constant temperature."]
  },
  {
    "name": "eject interject project",
    "trans": ["ject-throw; eject - to throw someone/something out; interject - to throw a remark into a discussion; project - to cast or throw something."]
  },
  {
    "name": "judgment judicial judiciary",
    "trans": ["jud-law; judgment - a decision of a court of law; judicial - having to do with judges or courts of law; judiciary - a system of courts of law."]
  },
  {
    "name": "conjunction disjunction junction",
    "trans": ["junct-join; conjunction - a word that joins parts of sentences; disjunction - a disconnection; junction - a place where two things join."]
  },
  {
    "name": "juvenile rejuvenate",
    "trans": ["juven-young; juvenile - youthful or childish; rejuvenate - to bring back to youthful strength or appearance."]
  },
  {
    "name": "kilobyte kilometer kilograms",
    "trans": ["kilo-thousand; kilobyte - 1,000 bytes; kilometer - 1,000 meter; kilograms - 1,000 grams."]
  },
  {
    "name": "kinetics psychokinesis or telekinesis cinematography",
    "trans": ["kine/t-motion, division; kinetics - study of the force of motion; psychokinesis or telekinesis - the ability to move objects with your mind; cinematography - motion picture making."]
  },
  {
    "name": "collaborate elaborate laborious",
    "trans": ["lab-work; collaborate - to work with a person; elaborate - to work out the details; laborious - requiring a lot of hard work."]
  },
  {
    "name": "lactate lactose lactic acid.",
    "trans": ["lact/o-milk; lactate - to give milk, nurse; lactose - the sugar contained in milk; lactic acid."]
  },
  {
    "name": "bilateral unilateral",
    "trans": ["later-side; bilateral - of or involving two sides; unilateral - affecting one side of something."]
  },
  {
    "name": "leukemia leukocyte leucine",
    "trans": ["leuk/o,-white, colorless; leukemia - abnormal increase of white blood cells in the blood; leukocyte - a mature white blood cell; leucine - a white, crystalline amino acid."]
  },
  {
    "name": "lexicology alexia illegal",
    "trans": ["lex-word, law, reading; lexicology - the study and history of words; alexia -loss of the ability to read; illegal - not authorized by the official rules or laws."]
  },
  {
    "name": "liberate libertine liberty",
    "trans": ["liber-free; liberate - to set free; libertine - a person with a free, wild lifestyle; liberty - freedom."]
  },
  {
    "name": "linguist multilingual linguine",
    "trans": ["lingu-language, tongue; linguist - one who studies languages; multilingual - able to communicate in multiple languages; linguine - long, flat \"tongue-shaped\" pasta."]
  },
  {
    "name": "liposuction lipase lipoid",
    "trans": ["lip/o-fat; liposuction - the mechanical removal of fat reserves in the tissue; lipase - enzyme that breaks down fat; lipoid - resembling fat."]
  },
  {
    "name": "apatite granite monolith",
    "trans": ["lite, ite,-mineral, rock, fossil; apatite - a group of common minerals; granite - a hard, granular rock; monolith - a remarkable, unique stone."]
  },
  {
    "name": "dislocate location relocate",
    "trans": ["loc-place; dislocate - to put something out of its usual place; location - a place; relocate - to move to a new place."]
  },
  {
    "name": "logic monologue analogy",
    "trans": ["log/o-word, doctrine, discourse; logic - correct reasoning; monologue - a long speech by one speaker;analogy - similarity, especially between things otherwise dissimilar."]
  },
  {
    "name": "eloquent loquacious elocution",
    "trans": ["loqu, locu-speak; eloquent - speaking beautifully and forcefully ; loquacious - very talkative; elocution - art of public speaking."]
  },
  {
    "name": "elucidate lucid translucent",
    "trans": ["luc-light; elucidate - to explain, to throw light on; lucid - easily understood, giving off light; translucent - allowing light through."]
  },
  {
    "name": "prelude illusion delude",
    "trans": ["lud, lus-to play; prelude - introduction to the major performance; illusion - misleading optical image or impression; delude - to mislead, deceive."]
  },
  {
    "name": "illuminate lumen",
    "trans": ["lumin-light; illuminate - to fill with light; lumen - unit measuring light."]
  },
  {
    "name": "lunar lunarscape lunatic",
    "trans": ["lun/a/i-moon; lunar - relating to the moon; lunarscape - the surface of the moon; lunatic - insane (as if driven mad by the moon)."]
  },
  {
    "name": "macroevolution macromolecule macroeconomics",
    "trans": ["macro-large, great; macroevolution - large scale evolution; macromolecule - a large molecule; macroeconomics - study of the overall forces of economy."]
  },
  {
    "name": "magnify magnificent magnate",
    "trans": ["magn/a/i-great, large; magnify - make larger; magnificent - grand; magnate - a powerful person, especially in business or industry."]
  },
  {
    "name": "malcontent malaria malicious",
    "trans": ["mal/e-bad, ill, wrong; malcontent - wrong content; malaria - \"bad air\", infectious disease thought to originate from the \"bad air\" of the swamps, but caused by the bite of an infected mosquito; malicious - showing strong ill will."]
  },
  {
    "name": "maneuver manual manuscript",
    "trans": ["man/i/u-hand; maneuver - to move by hand; manual - done with the hands; manuscript - a book written by hand."]
  },
  {
    "name": "command demand mandate",
    "trans": ["mand-to order; command - an order or instruction; demand - a hard-to-ignore order; mandate - an official order."]
  },
  {
    "name": "bibliomania egomania maniac an insane person.",
    "trans": ["mania-madness, insanity, ; bibliomania - a crazy love of books; egomania - a mad love of oneself; maniac an insane person."]
  },
  {
    "name": "marina maritime submarine aquamarine",
    "trans": ["mar/i-sea; marina - a harbor for pleasure boats; maritime - relating to the sea; submarine - an undersea boat; aquamarine - color of sea water."]
  },
  {
    "name": "maternal maternity matriarch",
    "trans": ["mater,-mother; maternal - relating to motherhood; maternity - the state of being a mother; matriarch - a woman head of a household."]
  },
  {
    "name": "maximal maximize maximum",
    "trans": ["max-greatest; maximal - the best or greatest possible; maximize - to make as great as possible; maximum - the greatest amount."]
  },
  {
    "name": "medieval medium mediocre",
    "trans": ["medi-middle; medieval - pertaining to the Middle Ages; medium - in the middle; mediocre - only of medium (inferior) quality."]
  },
  {
    "name": "megalopolis megaphone megastructure",
    "trans": ["mega-great, large, million; megalopolis - an area with many nearby cities; megaphone - a device that projects a loud voice; megastructure - huge building or other structure."]
  },
  {
    "name": "melancholy melanoma melodrama",
    "trans": ["melan/o-black; melancholy - a state of dark emotions; melanoma - malignant dark tumor of the skin; melodrama - a dark, pathetic drama."]
  },
  {
    "name": "commemorate memorial memory: an ability to retain knowledge or an individual's stock of retained knowledge.",
    "trans": ["memor/i-remember; commemorate - to honor the memory of, as by a ceremony; memorial - related to remembering a person or event; memory: an ability to retain knowledge or an individual's stock of retained knowledge."]
  },
  {
    "name": "immerge or immerse submerge to dip something completely into wate.r",
    "trans": ["merge,-dip, dive; immerge or immerse - to put or dip something into a liquid; submerge to dip something completely into wate.r"]
  },
  {
    "name": "Mesoamerica meson",
    "trans": ["meso-middle; Mesoamerica - Middle America; meson - elementary particle with a mass between an electron and a proton."]
  },
  {
    "name": "metaphysics metamorphosis metastasis",
    "trans": ["meta-change, after, beyond, between; metaphysics - study of nature and reality; metamorphosis - a complete change of form; metastasis - the transmission of disease to other parts of the body."]
  },
  {
    "name": "audiometer chronometer metric",
    "trans": ["meter,-measure; audiometer- an instrument that measures hearing acuteness; chronometer- an instrument that measures time; metric - measured."]
  },
  {
    "name": "microbe microchip microscope",
    "trans": ["micro-very small, short, minute; microbe - a very small living thing; microchip - a tiny wafer with an integrated circuit; microscope - a device to see very small things."]
  },
  {
    "name": "midriff midterm midway",
    "trans": ["mid-middle; midriff - the area between the chest and the waist; midterm - middle of a term in school; midway - halfway between."]
  },
  {
    "name": "immigrant migrant migration",
    "trans": ["migr-move; immigrant - a person who moves to a new country to settle; migrant - person who moves from place to place; migration - the process of moving."]
  },
  {
    "name": "millimeter millibar milliliter",
    "trans": ["milli-onethousandth; millimeter - one thousandth of a meter; millibar - one thousandth of a bar; milliliter - one thousandth of a liter."]
  },
  {
    "name": "mini minuscule minutiae",
    "trans": ["min/i-small, less; mini - something that is very small; minuscule - extremely tiny; minutiae - very small or trivial details."]
  },
  {
    "name": "misbehave misprint misnomer",
    "trans": ["mis/o-bad, badly, wrong, wrongly, ; misbehave - to behave badly; misprint - an error in printing; misnomer - an error in naming a person or thing."]
  },
  {
    "name": "dismiss missile emit admittance",
    "trans": ["miss, mit-send, let go; dismiss - to send someone away; missile - a weapon sent into the air; emit - to send something out; admittance - entry."]
  },
  {
    "name": "immobilize mobile mobility",
    "trans": ["mob-move; immobilize - to stop from moving; mobile - able to move freely; mobility - the quality of being able to move."]
  },
  {
    "name": "monochromat monologue monotheism",
    "trans": ["mon/o-one, single, alone; monochromat - having one color; monologue - a speech spoken by one person; monotheism - belief in one god."]
  },
  {
    "name": "motion motivate promote to move someone forward; removable",
    "trans": ["mot, mov-move; motion - the act of moving; motivate - to move someone to action; promote to move someone forward; removable - able to be taken or carried away."]
  },
  {
    "name": "metamorphosis endorphins amorphous",
    "trans": ["morph/o-form; metamorphosis - complete change of form; endorphins - chemical in the brain able to transform pain; amorphous - without distinct shape or form."]
  },
  {
    "name": "immortal mortal mortician",
    "trans": ["mort-death; immortal - living forever, unable to die; mortal - certain to die; mortician - an undertaker."]
  },
  {
    "name": "multicolored multimedia multitasking",
    "trans": ["multi-many, more than one or two; multicolored - having many colors; multimedia - using a range of media; multitasking - doing many things at once."]
  },
  {
    "name": "immutable mutant mutate",
    "trans": ["mut-change; immutable - not changing; mutant - an organism that has undergone change; mutate - to undergo a change."]
  },
  {
    "name": "myocardium myasthenia myosin",
    "trans": ["my/o-muscle; myocardium - the middle muscle of the heart; myasthenia - muscle fatigue or weakness; myosin - common protein in muscle tissue."]
  },
  {
    "name": "narrate narrative narrator",
    "trans": ["narr-tell; narrate - to tell a story; narrative - a story; narrator - a person who tells a story."]
  },
  {
    "name": "innate natal natural",
    "trans": ["nat-born; innate - included since birth; natal - relating to birth; natural - gotten at birth, not afterward."]
  },
  {
    "name": "circumnavigate naval navigate",
    "trans": ["nav-ship; circumnavigate - to sail around a place; naval - relating to a navy or warships; navigate - to sail a ship through a place."]
  },
  {
    "name": "necrophil necrosis necrology",
    "trans": ["necr/o-dead, death; necrophil - loving death; necrosis - the death of tissue due to disease or injury; necrology - a list of persons who have recently died."]
  },
  {
    "name": "negate negative renege",
    "trans": ["neg-no; negate - to say it didn't happen; negative - meaning \"no\"; renege - to go back on a promise."]
  },
  {
    "name": "neoclassic neonatal",
    "trans": ["neo-new, recent; neoclassic - a revival of classic form, neocolonialism - the indirect (\"new\") economical and political control of a region by a more powerful foreign power; neonatal - a newborn child, especially the first few weeks."]
  },
  {
    "name": "nephritis nephrotomy nephron",
    "trans": ["nephr/o-kidney; nephritis - inflammation of the kidneys; nephrotomy - surgical incision of a kidney; nephron - a single, excretory unit in the kidney."]
  },
  {
    "name": "neuralgia neurologist neurotic",
    "trans": ["neur/o-nerve; neuralgia - pain along a nerve; neurologist - doctor specializing in the nerves; neurotic - mental disorder that usually does not include an impaired perception of reality."]
  },
  {
    "name": "misnomer nominal nominate",
    "trans": ["nom/in-name; misnomer - an error in naming a person or thing; nominal - being something in name only but not in reality; nominate - to name for election or appointment, to designate."]
  },
  {
    "name": "nondescript nonfiction nonsense",
    "trans": ["non-no, not, without; nondescript - with no special characteristics; nonfiction - true, real, not made-up; nonsense - without sense."]
  },
  {
    "name": "notable notarize annotate",
    "trans": ["not-mark; notable - marked as worthy of attention; notarize - to certify a signature on a legal document; annotate - to add remarks."]
  },
  {
    "name": "announce denounce enunciate",
    "trans": ["noun,-declare; announce - to declare in public; denounce - to proclaim harsh criticism; enunciate - to speak or declare something clearly."]
  },
  {
    "name": "innovate novelty novice renovate",
    "trans": ["nov-new; innovate - to introduce a new way; novelty - something new; novice - a person who is new at a job; renovate - to make something like new again."]
  },
  {
    "name": "enumerate numerology numerous",
    "trans": ["numer-number; enumerate - to name a number of items on a list; numerology - the study of magical uses of numbers; numerous - a large number."]
  },
  {
    "name": "object obscure opposition",
    "trans": ["ob, op-in the way, against; object - to be against something; obscure - hard to understand; opposition - the act of resistance or action against."]
  },
  {
    "name": "octagon octogenarian octopus",
    "trans": ["oct/a/o-eight; octagon - a figure with 8 sides and 8 angles; octogenarian - person in his or her 80s; octopus - sea animal with 8 arms."]
  },
  {
    "name": "binoculars monocula oculist",
    "trans": ["ocu-eye; binoculars - lens device for seeing distances; monocula - relating to one eye; oculist - an eye doctor."]
  },
  {
    "name": "diode  odometer  triode",
    "trans": ["od-path, way; diode -  an electron tube having two electrodes, a cathode and an anode; odometer -  an instrument attached to a vehicle to measure the distance traversed; triode - an electron tube with an anode, a cathode, and a control grid"]
  },
  {
    "name": "deodorant  malodorous  odoriferous",
    "trans": ["odor -smell, scent; deodorant - a substance that helps prevent body odor; malodorous - having a terribly bad smell; odoriferous- something that bears or diffuses a scent"]
  },
  {
    "name": "omnipotent omniscient omnivorous eating all foods.",
    "trans": ["omni-all; omnipotent - with all the power; omniscient - knowing all things; omnivorous eating all foods."]
  },
  {
    "name": "optic optician autopsy",
    "trans": ["op/t/s-eye, visual condition, sight; optic - relating to the eyes; optician - a person who fits eyeglasses; autopsy - the examination of a dead body."]
  },
  {
    "name": "optimal optimize optimum",
    "trans": ["opt-best; optimal - the best, the most desirable; optimize - to make the best of; optimum - the best something could be."]
  },
  {
    "name": "orthodontist orthopedic orthography",
    "trans": ["ortho-straight; orthodontist - a dentist that straightens teeth; orthopedic - a doctor concerned with the proper alignment of the bones; orthography - the correct way of writing."]
  },
  {
    "name": "osteoarthritis osteopathy osteology",
    "trans": ["osteo-bone; osteoarthritis - inflammation caused by degeneration of the joints; osteopathy - therapy that uses among others manipulation of the skeleton to restore health; osteology - the study of bones."]
  },
  {
    "name": "Outgoing outdoing outdoor",
    "trans": ["out-goes beyond, ; Outgoing - being of lively, sharing nature; outdoing - doing better than; outdoor - outside."]
  },
  {
    "name": "overconfident overstock overexcited",
    "trans": ["over-excessive; overconfident - more confident than is appropriate; overstock - more supplies than is desirable; overexcited - ,more excited than one should be."]
  },
  {
    "name": "oxymoron oxidize",
    "trans": ["oxi/oxy-sharp; oxymoron - combining two ideas that sharply contradict each other; oxidize - corrode a surface."]
  },
  {
    "name": "paleontology paleography Paleolithic",
    "trans": ["pale/o-ancient; paleontology - study of ancient fossils; paleography - the study of ancient forms of writing; Paleolithic - period of the Stone Age."]
  },
  {
    "name": "panacea panorama pantheism pandemic",
    "trans": ["pan-all, any, everyone; panacea - a cure for all diseases or problems; panorama - an all-around view; pantheism - the worship of all gods; pandemic - affecting all."]
  },
  {
    "name": "parasite parallel paragraph",
    "trans": ["para-beside, beyond, abnormal, ; parasite - an organism that lives on and off another living being; parallel - alongside and always an equal distance apart; paragraph - a portion of a writtenn document that presents a distinct idea."]
  },
  {
    "name": "parachute parasol",
    "trans": ["para-protection from; parachute - protection from falling; parasol - an umbrella used to protect from the sun;"]
  },
  {
    "name": "paternal paternity patriarch",
    "trans": ["pater,-father; paternal - relating to fathers; paternity - fatherhood; patriarch - a man who rules a group."]
  },
  {
    "name": "antipathy apathy empathy",
    "trans": ["path-feeling, emotion; antipathy - a feeling of great dislike; apathy - a lack of feeling or interest; empathy - ability to understand another's feelings."]
  },
  {
    "name": "pedal pedestrian pedicure",
    "trans": ["ped/i/e-foot, feet; pedal - a lever pushed by the foot; pedestrian - one who walks; pedicure - cosmetic treatment of feet and toes."]
  },
  {
    "name": "compel expel repel",
    "trans": ["pel-drive, force; compel - to force someone to act; expel - to drive someone out of a place; repel - to force back."]
  },
  {
    "name": "pentagon pentathlon",
    "trans": ["pent/a-five; pentagon - shape having 5 angles and 5 sides, pentagram - a five-pointed star formerly used as a symbolic figure in magic; pentathlon - an athletic contest that includes five events."]
  },
  {
    "name": "dyspepsia peptic pepsin",
    "trans": ["pept,-digestion; dyspepsia - abnormal digestion; peptic - aiding digestion; pepsin - a digestive enzyme."]
  },
  {
    "name": "permanent permeate persist perennial",
    "trans": ["per-through, throughout; permanent - lasting throughout all time; permeate - to spread throughout; persist - to continue for a long time; perennial - lasting through many years."]
  },
  {
    "name": "periodontal peripheral perimeter",
    "trans": ["peri-around, enclosing; periodontal - pertaining to bone and tissue around a tooth; peripheral - lying outside of the center; perimeter - the outer boundary of an area."]
  },
  {
    "name": "esophagus anthropophagy or sarcophagy xylophagous",
    "trans": ["phag/e-to eat; esophagus - muscular tube that carries food to the stomach; anthropophagy or sarcophagy - cannibalism; xylophagous - feeding on wood."]
  },
  {
    "name": "philanthropist philology philosophy bibliophil",
    "trans": ["phil/o-love, friend; philanthropist - one who loves humanity; philology - the love of words; philosophy - the love of wisdom; bibliophil - loving books."]
  },
  {
    "name": "cacophony microphone phonetic",
    "trans": ["phon/o-sound; cacophony - loud, unpleasant sounds; microphone - a device that records and amplifies sound; phonetic - relating to human speech sounds."]
  },
  {
    "name": "photogenic photograph photon",
    "trans": ["phot/o-light; photogenic - caused by light; photograph - image made on light-sensitive film; photon - the smallest possible unit of light."]
  },
  {
    "name": "chlorophyll phyllotaxis phyllite",
    "trans": ["phyll/o-leaf; chlorophyll - a group of green pigments found in leaves; phyllotaxis - the arrangement of leaves on a stem; phyllite - a rock that forms sheets, similar to slate."]
  },
  {
    "name": "physical physician physique",
    "trans": ["phys-nature, medicine, the body; physical - relating to the body; physician - a doctor; physique - nature and shape of one's body."]
  },
  {
    "name": "epiphyte hydrophyte neophyte",
    "trans": ["phyt/o/e-plant, to grow; epiphyte - a plant growing independently on the surface of another; hydrophyte - a plant that grows only in water; neophyte - a beginner, especially a person recently converted to a new belief."]
  },
  {
    "name": "protoplasm plastic plaster",
    "trans": ["plas/t/m-to form, development, ; protoplasm - something that is the first made or formed, also the living portion of a cell; plastic - able to be formed, especially when warm; plaster - a mixture of lime, sand and water that forms a smooth solid covering for walls."]
  },
  {
    "name": "applaud  explosion  plausible",
    "trans": ["plaud, plod, plaus, plos-approve, clap; applaud- to show approval of especially by clapping the hands; explosion- an act of exposing something as invalid or baseless; plausible- worthy of being applauded"]
  },
  {
    "name": "pneumonia pneumatic dyspnea",
    "trans": ["pneum/o-breathing, lung, air, spirit; pneumonia - inflammation of the lungs; pneumatic - using the force of air; dyspnea - difficulty breathing."]
  },
  {
    "name": "podiatrist podium tripod",
    "trans": ["pod/e-foot; podiatrist - a doctor for the feet; podium - a small platform to stand on; tripod - a stand or frame with 3 legs."]
  },
  {
    "name": "metropolis police politics",
    "trans": ["poli-city; metropolis - a large city; police - people who work for the government to maintain order in a city; politics - actions of a government or political party."]
  },
  {
    "name": "polychrome polyglot polygon",
    "trans": ["poly-many, more than one; polychrome - with many colors; polyglot - a person fluent in many languages; polygon - shape with 3 or more straight sides."]
  },
  {
    "name": "opponent postpone",
    "trans": ["pon-place, put; opponent - a person who places him/herself against an action, idea, etc.; postpone - to put off doing something."]
  },
  {
    "name": "popular population populist",
    "trans": ["pop-people; popular - appealing to a lot of people; population - all of the people who live in a particular area; populist - a supporter of the rights of people."]
  },
  {
    "name": "export portable porter",
    "trans": ["port-carry; export - to carry goods out of a place to another; portable - able to be carried; porter - a person who carries luggage."]
  },
  {
    "name": "deposit expose position",
    "trans": ["pos-place, put; deposit - to place or drop something; expose to place out into the open for all to see; position - the place where someone is."]
  },
  {
    "name": "posthumous postpone postscript",
    "trans": ["post-after, behind; posthumous - after someone's death; postpone - to delay something; postscript - an addition to an already completed document."]
  },
  {
    "name": "preamble prepare prediction",
    "trans": ["pre-earlier, before, in front of; preamble - a part in front of a formal document; prepare - to get ready in advance; prediction - a statement foretelling the future."]
  },
  {
    "name": "prognosis prologue prophet",
    "trans": ["pro-before, in front of, ; prognosis - a prediction of what will happen; prologue - a passage before the main part; prophet - a person who foretells the future."]
  },
  {
    "name": "prototype proton protocol",
    "trans": ["prot/o-primitive, first, chief; prototype - the first of a kind; proton - on of the very basic parts of an atom; protocol - a first draft from which a document is prepared."]
  },
  {
    "name": "pseudonym pseudoscience pseudopregnancy",
    "trans": ["pseud/o-wrong,false; pseudonym - a fictitious name; pseudoscience - theories presumed without proof of a scientific nature; pseudopregnancy - a false pregnancy."]
  },
  {
    "name": "psyche psychic psychology",
    "trans": ["psych/o-mind, mental; psyche - the human spirit or soul; psychic - relating to the human mind or someone who has supernatural mental abilities; psychology - the study of the mind."]
  },
  {
    "name": "pugnacious repugnant pungent",
    "trans": ["pugn/a,-to fight; pugnacious - having a quarrelsome or aggressive nature; repugnant - distasteful, offensive or revolting; pungent - piercing."]
  },
  {
    "name": "compulsion expulsion impulsive",
    "trans": ["pul-urge; compulsion - a very strong urge; expulsion - to someone out; impulsive - having a spontaneous urge to do something."]
  },
  {
    "name": "purge purgatory expurgate",
    "trans": ["purg-clean; purge - remove anything undesirable; purgatory - according to Roman Catholics a place where souls must clean themselves of sin; expurgate - remove objectionable passages from a publication."]
  },
  {
    "name": "computer dispute input",
    "trans": ["put-think; computer - an electronic thinking device; dispute - to disagree with what another person thinks; input - contribution of one's thinking."]
  },
  {
    "name": "pyrotechnics pyrometer pyretic",
    "trans": ["pyr/o-fire, heat; pyrotechnics - the art of making fireworks; pyrometer - a thermometer for measuring high temperature; pyretic - relating to or producing fever."]
  },
  {
    "name": "quadrant quadrennium quadruped",
    "trans": ["quad/r/ri-four; quadrant - open space with buildings on 4 sides; quadrennium - period of 4 years; quadruped - a 4-footed animal."]
  },
  {
    "name": "quarter quart quartet",
    "trans": ["quart-fourth; quarter - one fourth; quart - a fourth of a gallon; quartet - a musical composition or group involving 4 voices or instruments."]
  },
  {
    "name": "quintett quintessence quintuple",
    "trans": ["quin/t-five, fifth; quintett - a composition for 5 voices or instruments; quintessence - pure essence, based on the ancient philosophy that there was a fifth element that was present in all things; quintuple - fivefold."]
  },
  {
    "name": "eradicate radical radish",
    "trans": ["radic,-root; eradicate - pull out at the roots; radical - fundamental, looking at things from a drastic point of view; radish - an edible root of the mustard family."]
  },
  {
    "name": "radioactive radiologist",
    "trans": ["radio-radiation, ray; radioactive - emitting radiation; radiologist - someone diagnosing or treating via radiation."]
  },
  {
    "name": "ramification ramify ramus",
    "trans": ["ram/i-branch; ramification - the resulting consequence of a decision; ramify - to spread or branch out; ramus - a branchlike part."]
  },
  {
    "name": "rebound rewind reaction: a response; recognize: to identify someone or something seen before.",
    "trans": ["re-again, back, backward; rebound -to spring back again; rewind - to wind something backward; reaction: a response; recognize: to identify someone or something seen before."]
  },
  {
    "name": "regent regime regulate",
    "trans": ["reg-guide, rule; regent - a person who rules on behalf of a king or queen; regime - a government that rules; regulate - to apply a rule."]
  },
  {
    "name": "retroactive retrogress retrospect",
    "trans": ["retro-backward, back; retroactive - relating to something in the past; retrogress - to go back to an earlier condition; retrospect - the remembering of past events."]
  },
  {
    "name": "rhinoceros rhinoplasty rhinovirus",
    "trans": ["rhin/o-nose; rhinoceros - a species of animals with a big horn on the snout; rhinoplasty - surgery of the nose; rhinovirus - viruses that are causing the common cold."]
  },
  {
    "name": "rhododendron rhodium rhodopsin",
    "trans": ["rhod/o-red; rhododendron - a flower with red/pink flowers; rhodium - an element which produces a red solution; rhodopsin - a purple pigment in the retina that is needed for vision."]
  },
  {
    "name": "deride ridicule ridiculous",
    "trans": ["rid-laugh; deride - to make fun of someone; ridicule - to make fun or mock; ridiculous - silly, causing laughter."]
  },
  {
    "name": "diarrhea hemorrhage catarrh",
    "trans": ["rrh/ea-flow, discharge; diarrhea - abnormally excessive bowl movement; hemorrhage - heavy blood flow; catarrh - inflammation of a mucous membrane, especially the nose and throat."]
  },
  {
    "name": "ruby rubella bilirubin",
    "trans": ["rub-red; ruby - deep red color and a precious stone of the same color; rubella - measles; bilirubin - reddish pigment in bile."]
  },
  {
    "name": "bankrupt interrupt rupture",
    "trans": ["rupt-break, burst; bankrupt - unable to pay because you're \"broke\"; interrupt - to break into a conversation or event, to disturb; rupture - a break in something."]
  },
  {
    "name": "sane sanitary sanitation",
    "trans": ["san-health; sane - mentally healthy; sanitary - relating to cleanliness and health; sanitation - maintenance of public health and cleanliness."]
  },
  {
    "name": "ascend crescendo descend",
    "trans": ["scend-climb, go; ascend - to climb upward; crescendo - a climbing up of the volume of music; descend - to go or climb down."]
  },
  {
    "name": "conscience conscious omniscient",
    "trans": ["sci-know; conscience - sense of knowing right from wrong; conscious - knowing what is happening; omniscient - knowing everything."]
  },
  {
    "name": "arteriosclerosis multiple sclerosis sclerometer",
    "trans": ["scler/o-hard; arteriosclerosis - hardening of the arterial walls; multiple sclerosis - disease which causes the tissue of the brain and spinal cord to harden; sclerometer - instrument for measuring hardness."]
  },
  {
    "name": "microscope periscope telescope",
    "trans": ["scop/e/y-see, examine, observe; microscope - a device used to see tiny things; periscope - a seeing instrument on a submarine; telescope - a device used to see over a distance."]
  },
  {
    "name": "inscribe scribe describe",
    "trans": ["scrib,-write, written; inscribe - to write letters or words on a surface; scribe - a person who writes out documents; describe - to represent with words or pictures."]
  },
  {
    "name": "secede seclude serum",
    "trans": ["se-apart; secede - to formally break away from; seclude - to keep away from; serum - a liquid isolated out of another."]
  },
  {
    "name": "dissect intersection bisect",
    "trans": ["sect-cut; dissect - to cut apart piece by piece; intersection - the place or point where two things cross each other; bisect - to cut into two equal parts."]
  },
  {
    "name": "reside  sediment  session",
    "trans": ["sed, sid, sess-sit; reside- be stationed; sediment- the matter that settles to the bottom of a liquid; session- an actual or constructive sitting of a body"]
  },
  {
    "name": "self self selfish concerned only with your own interests.",
    "trans": ["self-of, for, or by itself; self-discipline - the ability to discipline yourself; self-respect - respect for yourself; selfish concerned only with your own interests."]
  },
  {
    "name": "semiannual semicircle semiconscious semiannual",
    "trans": ["semi-half, partial; semiannual - every half year; semicircle - half a circle; semiconscious - partly conscious; semiannual - every half of a year."]
  },
  {
    "name": "September septet septuagenarian",
    "trans": ["sept/i-seven; September - this used to be the seventh month in the Roman calendar; septet - a group of seven musicians; septuagenarian - a person in his/her seventies."]
  },
  {
    "name": "conserve preserve reservation",
    "trans": ["serv-save, keep; conserve - to save or keep something safe; preserve - to save something; reservation - a place kept for a person."]
  },
  {
    "name": "sextet or sextette sexagenarian",
    "trans": ["sex-six; sextet or sextette - a composition or group of six, sextuple - sixfold; sexagenarian - person in his/her sixties."]
  },
  {
    "name": "desolate solitary solo",
    "trans": ["sol-alone; desolate - lonely, dismal, gloomy; solitary - done alone, by yourself; solo - a performance done by one person alone."]
  },
  {
    "name": "solar parasol solarium",
    "trans": ["sol-sun; solar - involving the sun; parasol - umbrella protecting from the sun; solarium - a room where one is exposed to sun light."]
  },
  {
    "name": "insomnia somniloquy somnolent",
    "trans": ["somn/I-sleep; insomnia - inability to fall asleep; somniloquy - talking in your sleep; somnolent - feeling sleepy."]
  },
  {
    "name": "consonant sonorous supersonic unison",
    "trans": ["son-sound; consonant - a speech sound; sonorous - producing loud, full, rich sounds; supersonic - faster than sound; unison - as one voice."]
  },
  {
    "name": "philosopher sophisticated sophism",
    "trans": ["soph-wise; philosopher - a wise person; sophisticated - wise about the ways of the world; sophism - a clever but misleading argument."]
  },
  {
    "name": "circumspect retrospective spectator",
    "trans": ["spec/t,-see, look; circumspect - cautious, looking all around; retrospective - a looking back at past things; spectator - a person who sees an event."]
  },
  {
    "name": "biosphere hemisphere",
    "trans": ["sphere-ball; biosphere - the whole round surface of the earth; hemisphere - half the earth spherically shaped like a ball."]
  },
  {
    "name": "inspire transpire spirit",
    "trans": ["spir-breathe; inspire - to stimulate or animate; transpire - to give of vapor with waste product through the skin or a membrane; spirit - invisible life force."]
  },
  {
    "name": "stable stagnant stationary",
    "trans": ["sta-stand; stable - standing steady and firm; stagnant - standing still, not moving; stationary - at a standstill, fixed."]
  },
  {
    "name": "constellation interstellar stellar",
    "trans": ["stell-star; constellation - a group of stars that forms a pattern; interstellar - between the stars; stellar - relating to stars."]
  },
  {
    "name": "construct destruction structure infrastructure",
    "trans": ["struct-build; construct - to build; destruction - the act of destroying something that was built; structure - something built; infrastructure - underlying framework of a system."]
  },
  {
    "name": "submarine submerge substandard",
    "trans": ["sub-under, lower than, ; submarine - an underwater boat; submerge - to put underwater; substandard - inferior to accepted standards."]
  },
  {
    "name": "sum summation summit",
    "trans": ["sum-highest; sum - the combined total of everything; summation - the total, highest amount; summit the highest point or top."]
  },
  {
    "name": "Super bowl superior supersonic",
    "trans": ["super-higher in quality ; Super bowl - the final annual football game; superior - above average, better in quality; supersonic - faster than the speed of sound."]
  },
  {
    "name": "symmetry synergy synchronize",
    "trans": ["sy/m-together, with, same; symmetry -similarity in size, form or arrangement; synergy - the combined effect; synchronize - to cause to occur at the same time."]
  },
  {
    "name": "contact tactile tangible intact",
    "trans": ["tact, tang-touch; contact - a state in which two things touch; tactile - relating to the sense of touch; tangible - able to be touched; intact - with nothing missing."]
  },
  {
    "name": "syntax taxonomy ataxia",
    "trans": ["tax/o-arrangement; syntax - the systematic arrangement of words; taxonomy - the science of classification; ataxia - loss of the ability to coordinate muscle action."]
  },
  {
    "name": "technology technocracy technologically",
    "trans": ["techno-technique, skill; technology - the practical application of knowledge; technocracy - rule of technology; technologically - characterized by technology."]
  },
  {
    "name": "telephone telescope television telecommuting",
    "trans": ["tel/e/o-far, distant, complete; telephone - a device to talk to a distant person; telescope - a device to view distant objects; television - a device to receive pictures from afar; telecommuting - working remotely, bridging the distance via virtual devices."]
  },
  {
    "name": "contemporary temporal temporary",
    "trans": ["temp/or-time; contemporary- existing at the same time; temporal - relating to time; temporary - lasting for a limited time."]
  },
  {
    "name": "continent detention",
    "trans": ["ten, tin, tent-hold; continent- serving to restrain or limit; detention-  the act or fact of detaining, tenacious- having parts or elements strongly adhering to each other"]
  },
  {
    "name": "attrition detritus trite",
    "trans": ["ter, trit-rub; attrition-  the act of rubbing together or wearing down; detritus- a product of disintegration or wearing away; trite- used or occurring so often as to have lost interest, freshness, or force"]
  },
  {
    "name": "determine terminate exterminate",
    "trans": ["term/ina-end, limit; determine - to find something out at the end of an investigation; terminate - to end; exterminate - to destroy or get rid of completely."]
  },
  {
    "name": "extraterrestrial terrain territory",
    "trans": ["terr/a/i-land, earth; extraterrestrial - existing outside the earth; terrain - ground or land; territory - an area of land."]
  },
  {
    "name": "tetrapod tetrarchy tetrose",
    "trans": ["tetra-four; tetrapod - having 4 legs; tetrarchy - government by 4 rulers; tetrose - a monosaccharide with four carbon atoms."]
  },
  {
    "name": "bibliotheca theme thesis",
    "trans": ["the-put; bibliotheca-  a list or catalog of books; theme- a proposition for discussion or argument; thesis- a dissertation embodying results of original research and especially substantiating a specific view"]
  },
  {
    "name": "monotheism polytheism theology",
    "trans": ["the/o-god; monotheism - belief in one god; polytheism - worshiping more than one god; theology - the study of religion, god, etc."]
  },
  {
    "name": "thermal thermos thermostat",
    "trans": ["therm/o-heat; thermal - relating to heat; thermos - an insulated jar that keeps heat in; thermostat - a device that controls heat."]
  },
  {
    "name": "contortion distort retort",
    "trans": ["tort-twist; contortion - a twisted shape or position; distort - to alter the shape or condition of; retort - reply in a manner that is supposed to change the effect of something previously said."]
  },
  {
    "name": "detoxification toxic toxicology intoxicated",
    "trans": ["tox-poison; detoxification - the process of removing poisons; toxic - poisonous; toxicology - the study of poisons; intoxicated - influenced by drugs."]
  },
  {
    "name": "attract distract tractor",
    "trans": ["tract-pull, drag; attract - to pull objects nearer; distract - to drag attention away from something; tractor - a motor vehicle that pulls things."]
  },
  {
    "name": "transcontinental transfer transport",
    "trans": ["trans-across,beyond, through; transcontinental - across the continent; transfer - to move from one place to another; transport - to carry something across a space."]
  },
  {
    "name": "triangle triathlon tricycle",
    "trans": ["tri-three, once in every three, ; triangle - a figure with 3 sides and 3 angles; triathlon - an athletic contest with 3 events; tricycle - a 3-wheeI vehicle with pedals."]
  },
  {
    "name": "ultrahigh ultramodern ultrasonic",
    "trans": ["ultra-beyond, extreme, more than; ultrahigh - extremely high; ultramodern - more modern than anything else; ultrasonic - sound waves beyond human hearing."]
  },
  {
    "name": "unabridged unfair unfriendly",
    "trans": ["un-not,opposite of, lacking; unabridged - not shortened; unfair - opposite of fair; unfriendly - lacking friendliness."]
  },
  {
    "name": "unicycle unilateral unique unison",
    "trans": ["uni-one, single; unicycle - a vehicle with one wheel; unilateral - decided by only one person or nation; unique - the only one of its kind; unison - as one voice."]
  },
  {
    "name": "suburb urban urbanology",
    "trans": ["urb-city; suburb - residential area on the edge of a city; urban - relating to a city; urbanology - the study of city life."]
  },
  {
    "name": "evacuate vacant vacation",
    "trans": ["vac-empty; evacuate - to empty a dangerous place; vacant - empty, not occupied; vacation - a time without work."]
  },
  {
    "name": "circumvent convention intervene",
    "trans": ["ven/t-come; circumvent - to go around or bypass restrictions; convention - a gathering or assembly of people with a common interest; intervene - to come between."]
  },
  {
    "name": "veracious veracity verify",
    "trans": ["ver/I-truth; veracious - truthful, honest; veracity - the truth; verify - to make sure that something is true."]
  },
  {
    "name": "verbalize adverb proverb",
    "trans": ["verb-word; verbalize - to put into words; adverb - a word relating to a verb; proverb - a short saying that expresses a well-known truth."]
  },
  {
    "name": "reverse introvert version controversy",
    "trans": ["vers,-turn; reverse - to turn around; introvert - being turned towards the inside; version - a variation of an original; controversy - a conversation in which positions are turned against each other."]
  },
  {
    "name": "vice-acting vice-president",
    "trans": ["vice-acting in place of, ; vice-president - the person next in rank to the president"]
  },
  {
    "name": "evident clearly seen",
    "trans": ["vid-see; evident clearly seen"]
  },
  {
    "name": "convince invincible victory",
    "trans": ["vince,-conquer; convince - to win someone over; invincible - not able to be conquered; victory - the conquest of an enemy."]
  },
  {
    "name": "vision envision evident",
    "trans": ["vis, vid-see; vision - the ability to see; envision - to picture in the mind; evident - clearly visible."]
  },
  {
    "name": "revival vital vivacious",
    "trans": ["viv/i-live, life; revival - the act of bringing back to life; vital - pertaining to live; vivacious - high-spirited and full of life."]
  },
  {
    "name": "advocate equivocate vocalize",
    "trans": ["voc/i-voice, call; advocate - to speak in favor of; equivocate - to use misleading language that could be interpreted two different ways; vocalize - to produce with your voice."]
  },
  {
    "name": "benevolent volition",
    "trans": ["vol/i/u-wish, will; benevolent - showing good will and kindness; volition - the act of making a choice or decision, voluntary - resulting from your own free will."]
  },
  {
    "name": "carnivorous voracious devour",
    "trans": ["vor,-eat; carnivorous - meat-eating; voracious - desiring or eating food in great quantities; devour - to eat quickly."]
  },
  {
    "name": "xanthium xanthochromia xanthogenic",
    "trans": ["xanth-yellow; xanthium- a genus of coarse and rough or spiny herbs; xanthochromia- yellowish discoloration (as of the skin or cerebrospinal fluid); xanthogenic"]
  },
  {
    "name": "xenophobic xenogenesis xenophile",
    "trans": ["xen/o-foreign; xenophobic - afraid of foreigners; xenogenesis - the creation of offspring that is completely different from either parent; xenophile - attracted to foreigners."]
  },
  {
    "name": "xerophyte xerography xeric",
    "trans": ["xer/o/I-dry; xerophyte - a plant that grows in dry climate; xerography - a dry photocopying process; xeric - requiring small amounts of moisture."]
  },
  {
    "name": "xylocarp xyloid xylophone",
    "trans": ["xyl-wood; xylocarp; xyloid- resembling wood; xylophone-an organ percussion stop of similar tone quality"]
  },
  {
    "name": "zoology zooid zooplankton",
    "trans": ["zo/o-animal life; zoology - study of animals; zooid - resembling an animal; zooplankton - minute floating aquatic animals."]
  },
  {
    "name": "zygote zygomorphic",
    "trans": ["zyg/o-pair; zygote - a cell formed by the union of two gametes and the organism developing from that; zygomorphic - pertaining to organisms that can be divided into symmetrical halves along one axis only."]
  }
]
